solid OpenSCAD_Model
  facet normal 1 0 0
    outer loop
      vertex 43 131.5 5.3
      vertex 43 141 16.6
      vertex 43 131.5 13.3
    endloop
  endfacet
  facet normal 1 0 0
    outer loop
      vertex 43 141 16.6
      vertex 43 122.5 13.3
      vertex 43 131.5 13.3
    endloop
  endfacet
  facet normal 1 0 0
    outer loop
      vertex 43 122.5 13.3
      vertex 43 0 16.6
      vertex 43 122.5 5.3
    endloop
  endfacet
  facet normal 1 -0 0
    outer loop
      vertex 43 0 16.6
      vertex 43 122.5 13.3
      vertex 43 141 16.6
    endloop
  endfacet
  facet normal 1 0 0
    outer loop
      vertex 43 141 16.6
      vertex 43 131.5 5.3
      vertex 43 141 0
    endloop
  endfacet
  facet normal 1 -0 0
    outer loop
      vertex 43 122.5 5.3
      vertex 43 141 0
      vertex 43 131.5 5.3
    endloop
  endfacet
  facet normal 1 0 0
    outer loop
      vertex 43 0 0
      vertex 43 122.5 5.3
      vertex 43 0 16.6
    endloop
  endfacet
  facet normal 1 0 0
    outer loop
      vertex 43 122.5 5.3
      vertex 43 0 0
      vertex 43 141 0
    endloop
  endfacet
  facet normal 0 0 1
    outer loop
      vertex 5.25 4 16.6
      vertex 7 4 16.6
      vertex 6.97433 4.39158 16.6
    endloop
  endfacet
  facet normal 0 0 1
    outer loop
      vertex 5.23931 4.16316 16.6
      vertex 6.97433 4.39158 16.6
      vertex 6.89778 4.77646 16.6
    endloop
  endfacet
  facet normal 0 0 1
    outer loop
      vertex 7 4 16.6
      vertex 5.25 4 16.6
      vertex 6.97433 3.60842 16.6
    endloop
  endfacet
  facet normal 0 0 1
    outer loop
      vertex 5.23931 4.16316 16.6
      vertex 6.89778 4.77646 16.6
      vertex 6.77164 5.14805 16.6
    endloop
  endfacet
  facet normal -0 0 1
    outer loop
      vertex 5.23931 3.83684 16.6
      vertex 6.97433 3.60842 16.6
      vertex 5.25 4 16.6
    endloop
  endfacet
  facet normal 0 0 1
    outer loop
      vertex 5.23931 4.16316 16.6
      vertex 6.77164 5.14805 16.6
      vertex 6.59808 5.5 16.6
    endloop
  endfacet
  facet normal 0 0 1
    outer loop
      vertex 6.97433 3.60842 16.6
      vertex 5.23931 3.83684 16.6
      vertex 6.89778 3.22354 16.6
    endloop
  endfacet
  facet normal 0 0 1
    outer loop
      vertex 5.23931 4.16316 16.6
      vertex 6.59808 5.5 16.6
      vertex 6.38006 5.82628 16.6
    endloop
  endfacet
  facet normal -0 0 1
    outer loop
      vertex 5.20741 3.67648 16.6
      vertex 6.89778 3.22354 16.6
      vertex 5.23931 3.83684 16.6
    endloop
  endfacet
  facet normal 0 0 1
    outer loop
      vertex 6.89778 3.22354 16.6
      vertex 5.20741 3.67648 16.6
      vertex 6.77164 2.85195 16.6
    endloop
  endfacet
  facet normal 0 0 1
    outer loop
      vertex 5.23931 4.16316 16.6
      vertex 6.38006 5.82628 16.6
      vertex 6.12132 6.12132 16.6
    endloop
  endfacet
  facet normal -0 0 1
    outer loop
      vertex 36.1022 4.77646 16.6
      vertex 37.7926 4.32352 16.6
      vertex 36.2284 5.14805 16.6
    endloop
  endfacet
  facet normal 0 0 1
    outer loop
      vertex 37.7926 4.32352 16.6
      vertex 36.1022 4.77646 16.6
      vertex 37.7607 4.16316 16.6
    endloop
  endfacet
  facet normal 0 -0 1
    outer loop
      vertex 36.6199 2.17372 16.6
      vertex 37.75 4 16.6
      vertex 36.4019 2.5 16.6
    endloop
  endfacet
  facet normal 0 0 1
    outer loop
      vertex 37.75 4 16.6
      vertex 36.6199 2.17372 16.6
      vertex 36.7723 2 16.6
    endloop
  endfacet
  facet normal -0 0 1
    outer loop
      vertex 36.0257 4.39158 16.6
      vertex 37.7607 4.16316 16.6
      vertex 36.1022 4.77646 16.6
    endloop
  endfacet
  facet normal 0 0 1
    outer loop
      vertex 37.75 4 16.6
      vertex 36.2284 2.85195 16.6
      vertex 36.4019 2.5 16.6
    endloop
  endfacet
  facet normal 0 0 1
    outer loop
      vertex 37.7607 4.16316 16.6
      vertex 36.0257 4.39158 16.6
      vertex 37.75 4 16.6
    endloop
  endfacet
  facet normal 0 0 1
    outer loop
      vertex 37.75 4 16.6
      vertex 36.1022 3.22354 16.6
      vertex 36.2284 2.85195 16.6
    endloop
  endfacet
  facet normal 0 0 1
    outer loop
      vertex 36 4 16.6
      vertex 37.75 4 16.6
      vertex 36.0257 4.39158 16.6
    endloop
  endfacet
  facet normal 0 0 1
    outer loop
      vertex 37.75 4 16.6
      vertex 36.0257 3.60842 16.6
      vertex 36.1022 3.22354 16.6
    endloop
  endfacet
  facet normal 0 0 1
    outer loop
      vertex 37.75 4 16.6
      vertex 36 4 16.6
      vertex 36.0257 3.60842 16.6
    endloop
  endfacet
  facet normal -0 0 1
    outer loop
      vertex 36.1022 137.776 16.6
      vertex 37.7926 137.324 16.6
      vertex 36.2284 138.148 16.6
    endloop
  endfacet
  facet normal 0 0 1
    outer loop
      vertex 37.75 137 16.6
      vertex 36.6199 135.174 16.6
      vertex 36.8787 134.879 16.6
    endloop
  endfacet
  facet normal 0 0 1
    outer loop
      vertex 37.7926 137.324 16.6
      vertex 36.1022 137.776 16.6
      vertex 37.7607 137.163 16.6
    endloop
  endfacet
  facet normal 0 0 1
    outer loop
      vertex 37.75 137 16.6
      vertex 36.4019 135.5 16.6
      vertex 36.6199 135.174 16.6
    endloop
  endfacet
  facet normal -0 0 1
    outer loop
      vertex 36.0257 137.392 16.6
      vertex 37.7607 137.163 16.6
      vertex 36.1022 137.776 16.6
    endloop
  endfacet
  facet normal 0 0 1
    outer loop
      vertex 37.75 137 16.6
      vertex 36.2284 135.852 16.6
      vertex 36.4019 135.5 16.6
    endloop
  endfacet
  facet normal 0 0 1
    outer loop
      vertex 37.7607 137.163 16.6
      vertex 36.0257 137.392 16.6
      vertex 37.75 137 16.6
    endloop
  endfacet
  facet normal 0 0 1
    outer loop
      vertex 37.75 137 16.6
      vertex 36.1022 136.224 16.6
      vertex 36.2284 135.852 16.6
    endloop
  endfacet
  facet normal 0 0 1
    outer loop
      vertex 36 137 16.6
      vertex 37.75 137 16.6
      vertex 36.0257 137.392 16.6
    endloop
  endfacet
  facet normal 0 0 1
    outer loop
      vertex 37.75 137 16.6
      vertex 36.0257 136.608 16.6
      vertex 36.1022 136.224 16.6
    endloop
  endfacet
  facet normal 0 0 1
    outer loop
      vertex 37.75 137 16.6
      vertex 36 137 16.6
      vertex 36.0257 136.608 16.6
    endloop
  endfacet
  facet normal 0 0 1
    outer loop
      vertex 5.25 137 16.6
      vertex 7 137 16.6
      vertex 6.97433 137.392 16.6
    endloop
  endfacet
  facet normal 0 0 1
    outer loop
      vertex 5.23931 137.163 16.6
      vertex 6.97433 137.392 16.6
      vertex 6.89778 137.776 16.6
    endloop
  endfacet
  facet normal 0 0 1
    outer loop
      vertex 7 137 16.6
      vertex 5.25 137 16.6
      vertex 6.97433 136.608 16.6
    endloop
  endfacet
  facet normal 0 0 1
    outer loop
      vertex 5.20741 137.324 16.6
      vertex 6.89778 137.776 16.6
      vertex 6.77164 138.148 16.6
    endloop
  endfacet
  facet normal -0 0 1
    outer loop
      vertex 5.23931 136.837 16.6
      vertex 6.97433 136.608 16.6
      vertex 5.25 137 16.6
    endloop
  endfacet
  facet normal 0 0 1
    outer loop
      vertex 5.15485 137.478 16.6
      vertex 6.77164 138.148 16.6
      vertex 6.59808 138.5 16.6
    endloop
  endfacet
  facet normal 0 0 1
    outer loop
      vertex 6.97433 136.608 16.6
      vertex 5.23931 136.837 16.6
      vertex 6.89778 136.224 16.6
    endloop
  endfacet
  facet normal 0 0 1
    outer loop
      vertex 5.08253 137.625 16.6
      vertex 6.59808 138.5 16.6
      vertex 6.38006 138.826 16.6
    endloop
  endfacet
  facet normal -0 0 1
    outer loop
      vertex 5.20741 136.676 16.6
      vertex 6.89778 136.224 16.6
      vertex 5.23931 136.837 16.6
    endloop
  endfacet
  facet normal 0 0 1
    outer loop
      vertex 4.99169 137.761 16.6
      vertex 6.38006 138.826 16.6
      vertex 6.22771 139 16.6
    endloop
  endfacet
  facet normal 0 0 1
    outer loop
      vertex 6.89778 136.224 16.6
      vertex 5.20741 136.676 16.6
      vertex 6.77164 135.852 16.6
    endloop
  endfacet
  facet normal 0 0 1
    outer loop
      vertex 6.97433 4.39158 16.6
      vertex 5.23931 4.16316 16.6
      vertex 5.25 4 16.6
    endloop
  endfacet
  facet normal 0 0 1
    outer loop
      vertex 5.82628 6.38006 16.6
      vertex 5.20741 4.32352 16.6
      vertex 5.23931 4.16316 16.6
    endloop
  endfacet
  facet normal 0 0 1
    outer loop
      vertex 5.82628 6.38006 16.6
      vertex 5.15485 4.47835 16.6
      vertex 5.20741 4.32352 16.6
    endloop
  endfacet
  facet normal 0 0 1
    outer loop
      vertex 4.625 5.08253 16.6
      vertex 5.5 6.59808 16.6
      vertex 5.14805 6.77164 16.6
    endloop
  endfacet
  facet normal 0 0 1
    outer loop
      vertex 5.82628 6.38006 16.6
      vertex 5.08253 4.625 16.6
      vertex 5.15485 4.47835 16.6
    endloop
  endfacet
  facet normal 0 0 1
    outer loop
      vertex 5.82628 6.38006 16.6
      vertex 4.99169 4.76095 16.6
      vertex 5.08253 4.625 16.6
    endloop
  endfacet
  facet normal 0 0 1
    outer loop
      vertex 5.82628 6.38006 16.6
      vertex 4.88388 4.88388 16.6
      vertex 4.99169 4.76095 16.6
    endloop
  endfacet
  facet normal 0 0 1
    outer loop
      vertex 4.47835 5.15485 16.6
      vertex 5.14805 6.77164 16.6
      vertex 4.77646 6.89778 16.6
    endloop
  endfacet
  facet normal 0 0 1
    outer loop
      vertex 5.82628 6.38006 16.6
      vertex 4.76095 4.99169 16.6
      vertex 4.88388 4.88388 16.6
    endloop
  endfacet
  facet normal 0 0 1
    outer loop
      vertex 5.5 6.59808 16.6
      vertex 4.625 5.08253 16.6
      vertex 4.76095 4.99169 16.6
    endloop
  endfacet
  facet normal 0 0 1
    outer loop
      vertex 5.14805 6.77164 16.6
      vertex 4.47835 5.15485 16.6
      vertex 4.625 5.08253 16.6
    endloop
  endfacet
  facet normal 0 0 1
    outer loop
      vertex 4.32352 5.20741 16.6
      vertex 4.77646 6.89778 16.6
      vertex 4.39158 6.97433 16.6
    endloop
  endfacet
  facet normal 0 0 1
    outer loop
      vertex 4.77646 6.89778 16.6
      vertex 4.32352 5.20741 16.6
      vertex 4.47835 5.15485 16.6
    endloop
  endfacet
  facet normal 0 0 1
    outer loop
      vertex 4.39158 6.97433 16.6
      vertex 4.16316 5.23931 16.6
      vertex 4.32352 5.20741 16.6
    endloop
  endfacet
  facet normal 0 0 1
    outer loop
      vertex 4 7 16.6
      vertex 4.16316 5.23931 16.6
      vertex 4.39158 6.97433 16.6
    endloop
  endfacet
  facet normal 0 0 1
    outer loop
      vertex 4 7 16.6
      vertex 4 5.25 16.6
      vertex 4.16316 5.23931 16.6
    endloop
  endfacet
  facet normal 0 0 1
    outer loop
      vertex 4 7 16.6
      vertex 3.83684 5.23931 16.6
      vertex 4 5.25 16.6
    endloop
  endfacet
  facet normal -0 0 1
    outer loop
      vertex 3.60842 6.97433 16.6
      vertex 3.83684 5.23931 16.6
      vertex 4 7 16.6
    endloop
  endfacet
  facet normal 0 0 1
    outer loop
      vertex 3.83684 5.23931 16.6
      vertex 3.60842 6.97433 16.6
      vertex 3.67648 5.20741 16.6
    endloop
  endfacet
  facet normal -0 0 1
    outer loop
      vertex 3.22354 6.89778 16.6
      vertex 3.67648 5.20741 16.6
      vertex 3.60842 6.97433 16.6
    endloop
  endfacet
  facet normal 0 0 1
    outer loop
      vertex 3.67648 5.20741 16.6
      vertex 3.22354 6.89778 16.6
      vertex 3.52165 5.15485 16.6
    endloop
  endfacet
  facet normal -0 0 1
    outer loop
      vertex 2.85195 6.77164 16.6
      vertex 3.52165 5.15485 16.6
      vertex 3.22354 6.89778 16.6
    endloop
  endfacet
  facet normal 0 0 1
    outer loop
      vertex 3.52165 5.15485 16.6
      vertex 2.85195 6.77164 16.6
      vertex 3.375 5.08253 16.6
    endloop
  endfacet
  facet normal -0 0 1
    outer loop
      vertex 2.5 6.59808 16.6
      vertex 3.375 5.08253 16.6
      vertex 2.85195 6.77164 16.6
    endloop
  endfacet
  facet normal 0 0 1
    outer loop
      vertex 3.375 5.08253 16.6
      vertex 2.5 6.59808 16.6
      vertex 3.23905 4.99169 16.6
    endloop
  endfacet
  facet normal -0 0 1
    outer loop
      vertex 2.17372 6.38006 16.6
      vertex 3.23905 4.99169 16.6
      vertex 2.5 6.59808 16.6
    endloop
  endfacet
  facet normal -0 0 1
    outer loop
      vertex 2 6.22771 16.6
      vertex 3.23905 4.99169 16.6
      vertex 2.17372 6.38006 16.6
    endloop
  endfacet
  facet normal 0 0 1
    outer loop
      vertex 3.23905 4.99169 16.6
      vertex 2 6.22771 16.6
      vertex 3.11612 4.88388 16.6
    endloop
  endfacet
  facet normal 0 0 1
    outer loop
      vertex 3.11612 4.88388 16.6
      vertex 2 6.22771 16.6
      vertex 3.00831 4.76095 16.6
    endloop
  endfacet
  facet normal 0 0 1
    outer loop
      vertex 3.00831 4.76095 16.6
      vertex 2 6.22771 16.6
      vertex 2.91747 4.625 16.6
    endloop
  endfacet
  facet normal 0 0 1
    outer loop
      vertex 2.91747 4.625 16.6
      vertex 2 6.22771 16.6
      vertex 2.84515 4.47835 16.6
    endloop
  endfacet
  facet normal 0 0 1
    outer loop
      vertex 2.84515 4.47835 16.6
      vertex 2 6.22771 16.6
      vertex 2.79259 4.32352 16.6
    endloop
  endfacet
  facet normal 0 0 1
    outer loop
      vertex 6.59808 135.5 16.6
      vertex 5.08253 136.375 16.6
      vertex 6.38006 135.174 16.6
    endloop
  endfacet
  facet normal -0 0 1
    outer loop
      vertex 4.99169 136.239 16.6
      vertex 6.38006 135.174 16.6
      vertex 5.08253 136.375 16.6
    endloop
  endfacet
  facet normal 0 0 1
    outer loop
      vertex 6.38006 135.174 16.6
      vertex 4.99169 136.239 16.6
      vertex 6.12132 134.879 16.6
    endloop
  endfacet
  facet normal -0 0 1
    outer loop
      vertex 4.88388 136.116 16.6
      vertex 6.12132 134.879 16.6
      vertex 4.99169 136.239 16.6
    endloop
  endfacet
  facet normal 0 0 1
    outer loop
      vertex 6.12132 134.879 16.6
      vertex 4.88388 136.116 16.6
      vertex 5.82628 134.62 16.6
    endloop
  endfacet
  facet normal -0 0 1
    outer loop
      vertex 4.76095 136.008 16.6
      vertex 5.82628 134.62 16.6
      vertex 4.88388 136.116 16.6
    endloop
  endfacet
  facet normal 0 0 1
    outer loop
      vertex 5.82628 134.62 16.6
      vertex 4.76095 136.008 16.6
      vertex 5.5 134.402 16.6
    endloop
  endfacet
  facet normal -0 0 1
    outer loop
      vertex 4.625 135.917 16.6
      vertex 5.5 134.402 16.6
      vertex 4.76095 136.008 16.6
    endloop
  endfacet
  facet normal 0 0 1
    outer loop
      vertex 5.5 134.402 16.6
      vertex 4.625 135.917 16.6
      vertex 5.14805 134.228 16.6
    endloop
  endfacet
  facet normal -0 0 1
    outer loop
      vertex 4.47835 135.845 16.6
      vertex 5.14805 134.228 16.6
      vertex 4.625 135.917 16.6
    endloop
  endfacet
  facet normal 0 0 1
    outer loop
      vertex 5.14805 134.228 16.6
      vertex 4.47835 135.845 16.6
      vertex 4.77646 134.102 16.6
    endloop
  endfacet
  facet normal -0 0 1
    outer loop
      vertex 4.32352 135.793 16.6
      vertex 4.77646 134.102 16.6
      vertex 4.47835 135.845 16.6
    endloop
  endfacet
  facet normal 0 0 1
    outer loop
      vertex 4.77646 134.102 16.6
      vertex 4.32352 135.793 16.6
      vertex 4.39158 134.026 16.6
    endloop
  endfacet
  facet normal -0 0 1
    outer loop
      vertex 4.16316 135.761 16.6
      vertex 4.39158 134.026 16.6
      vertex 4.32352 135.793 16.6
    endloop
  endfacet
  facet normal -0 0 1
    outer loop
      vertex 4 135.75 16.6
      vertex 4.39158 134.026 16.6
      vertex 4.16316 135.761 16.6
    endloop
  endfacet
  facet normal 0 0 1
    outer loop
      vertex 4 135.75 16.6
      vertex 4 134 16.6
      vertex 4.39158 134.026 16.6
    endloop
  endfacet
  facet normal 0 0 1
    outer loop
      vertex 3.83684 135.761 16.6
      vertex 4 134 16.6
      vertex 4 135.75 16.6
    endloop
  endfacet
  facet normal 0 0 1
    outer loop
      vertex 3.60842 134.026 16.6
      vertex 3.83684 135.761 16.6
      vertex 3.67648 135.793 16.6
    endloop
  endfacet
  facet normal 0 0 1
    outer loop
      vertex 3.83684 135.761 16.6
      vertex 3.60842 134.026 16.6
      vertex 4 134 16.6
    endloop
  endfacet
  facet normal 0 0 1
    outer loop
      vertex 3.22354 134.102 16.6
      vertex 3.67648 135.793 16.6
      vertex 3.52165 135.845 16.6
    endloop
  endfacet
  facet normal 0 0 1
    outer loop
      vertex 2.85195 134.228 16.6
      vertex 3.52165 135.845 16.6
      vertex 3.375 135.917 16.6
    endloop
  endfacet
  facet normal 0 0 1
    outer loop
      vertex 2.5 134.402 16.6
      vertex 3.375 135.917 16.6
      vertex 3.23905 136.008 16.6
    endloop
  endfacet
  facet normal 0 0 1
    outer loop
      vertex 3.67648 135.793 16.6
      vertex 3.22354 134.102 16.6
      vertex 3.60842 134.026 16.6
    endloop
  endfacet
  facet normal 0 0 1
    outer loop
      vertex 2 134.772 16.6
      vertex 3.23905 136.008 16.6
      vertex 3.11612 136.116 16.6
    endloop
  endfacet
  facet normal 0 0 1
    outer loop
      vertex 2 134.772 16.6
      vertex 3.11612 136.116 16.6
      vertex 3.00831 136.239 16.6
    endloop
  endfacet
  facet normal 0 0 1
    outer loop
      vertex 2 134.772 16.6
      vertex 3.00831 136.239 16.6
      vertex 2.91747 136.375 16.6
    endloop
  endfacet
  facet normal 0 0 1
    outer loop
      vertex 3.52165 135.845 16.6
      vertex 2.85195 134.228 16.6
      vertex 3.22354 134.102 16.6
    endloop
  endfacet
  facet normal 0 0 1
    outer loop
      vertex 2 134.772 16.6
      vertex 2.91747 136.375 16.6
      vertex 2.84515 136.522 16.6
    endloop
  endfacet
  facet normal 0 0 1
    outer loop
      vertex 2 134.772 16.6
      vertex 2.84515 136.522 16.6
      vertex 2.79259 136.676 16.6
    endloop
  endfacet
  facet normal 0 0 1
    outer loop
      vertex 2 134.772 16.6
      vertex 2.79259 136.676 16.6
      vertex 2.76069 136.837 16.6
    endloop
  endfacet
  facet normal 0 0 1
    outer loop
      vertex 2 134.772 16.6
      vertex 2.76069 136.837 16.6
      vertex 2.75 137 16.6
    endloop
  endfacet
  facet normal 0 0 1
    outer loop
      vertex 3.375 135.917 16.6
      vertex 2.5 134.402 16.6
      vertex 2.85195 134.228 16.6
    endloop
  endfacet
  facet normal 0 0 1
    outer loop
      vertex 41 6.22771 16.6
      vertex 40.2393 4.16316 16.6
      vertex 40.25 4 16.6
    endloop
  endfacet
  facet normal 0 0 1
    outer loop
      vertex 40.8263 6.38006 16.6
      vertex 40.2074 4.32352 16.6
      vertex 40.2393 4.16316 16.6
    endloop
  endfacet
  facet normal 0 0 1
    outer loop
      vertex 40.8263 6.38006 16.6
      vertex 40.1549 4.47835 16.6
      vertex 40.2074 4.32352 16.6
    endloop
  endfacet
  facet normal 0 0 1
    outer loop
      vertex 39.625 5.08253 16.6
      vertex 40.5 6.59808 16.6
      vertex 40.148 6.77164 16.6
    endloop
  endfacet
  facet normal 0 0 1
    outer loop
      vertex 40.8263 6.38006 16.6
      vertex 40.0825 4.625 16.6
      vertex 40.1549 4.47835 16.6
    endloop
  endfacet
  facet normal 0 0 1
    outer loop
      vertex 40.8263 6.38006 16.6
      vertex 39.9917 4.76095 16.6
      vertex 40.0825 4.625 16.6
    endloop
  endfacet
  facet normal 0 0 1
    outer loop
      vertex 40.8263 6.38006 16.6
      vertex 39.8839 4.88388 16.6
      vertex 39.9917 4.76095 16.6
    endloop
  endfacet
  facet normal 0 0 1
    outer loop
      vertex 39.4784 5.15485 16.6
      vertex 40.148 6.77164 16.6
      vertex 39.7765 6.89778 16.6
    endloop
  endfacet
  facet normal 0 0 1
    outer loop
      vertex 40.8263 6.38006 16.6
      vertex 39.761 4.99169 16.6
      vertex 39.8839 4.88388 16.6
    endloop
  endfacet
  facet normal 0 0 1
    outer loop
      vertex 40.5 6.59808 16.6
      vertex 39.625 5.08253 16.6
      vertex 39.761 4.99169 16.6
    endloop
  endfacet
  facet normal 0 0 1
    outer loop
      vertex 40.148 6.77164 16.6
      vertex 39.4784 5.15485 16.6
      vertex 39.625 5.08253 16.6
    endloop
  endfacet
  facet normal 0 0 1
    outer loop
      vertex 39.3235 5.20741 16.6
      vertex 39.7765 6.89778 16.6
      vertex 39.3916 6.97433 16.6
    endloop
  endfacet
  facet normal 0 0 1
    outer loop
      vertex 39.7765 6.89778 16.6
      vertex 39.3235 5.20741 16.6
      vertex 39.4784 5.15485 16.6
    endloop
  endfacet
  facet normal 0 0 1
    outer loop
      vertex 39.3916 6.97433 16.6
      vertex 39.1632 5.23931 16.6
      vertex 39.3235 5.20741 16.6
    endloop
  endfacet
  facet normal 0 0 1
    outer loop
      vertex 39 7 16.6
      vertex 39.1632 5.23931 16.6
      vertex 39.3916 6.97433 16.6
    endloop
  endfacet
  facet normal 0 0 1
    outer loop
      vertex 39 7 16.6
      vertex 39 5.25 16.6
      vertex 39.1632 5.23931 16.6
    endloop
  endfacet
  facet normal 0 0 1
    outer loop
      vertex 39 7 16.6
      vertex 38.8368 5.23931 16.6
      vertex 39 5.25 16.6
    endloop
  endfacet
  facet normal -0 0 1
    outer loop
      vertex 38.6084 6.97433 16.6
      vertex 38.8368 5.23931 16.6
      vertex 39 7 16.6
    endloop
  endfacet
  facet normal 0 0 1
    outer loop
      vertex 38.8368 5.23931 16.6
      vertex 38.6084 6.97433 16.6
      vertex 38.6765 5.20741 16.6
    endloop
  endfacet
  facet normal -0 0 1
    outer loop
      vertex 38.2235 6.89778 16.6
      vertex 38.6765 5.20741 16.6
      vertex 38.6084 6.97433 16.6
    endloop
  endfacet
  facet normal 0 0 1
    outer loop
      vertex 38.6765 5.20741 16.6
      vertex 38.2235 6.89778 16.6
      vertex 38.5216 5.15485 16.6
    endloop
  endfacet
  facet normal -0 0 1
    outer loop
      vertex 37.852 6.77164 16.6
      vertex 38.5216 5.15485 16.6
      vertex 38.2235 6.89778 16.6
    endloop
  endfacet
  facet normal 0 0 1
    outer loop
      vertex 38.5216 5.15485 16.6
      vertex 37.852 6.77164 16.6
      vertex 38.375 5.08253 16.6
    endloop
  endfacet
  facet normal -0 0 1
    outer loop
      vertex 37.5 6.59808 16.6
      vertex 38.375 5.08253 16.6
      vertex 37.852 6.77164 16.6
    endloop
  endfacet
  facet normal 0 0 1
    outer loop
      vertex 38.375 5.08253 16.6
      vertex 37.5 6.59808 16.6
      vertex 38.239 4.99169 16.6
    endloop
  endfacet
  facet normal -0 0 1
    outer loop
      vertex 37.1737 6.38006 16.6
      vertex 38.239 4.99169 16.6
      vertex 37.5 6.59808 16.6
    endloop
  endfacet
  facet normal 0 0 1
    outer loop
      vertex 38.239 4.99169 16.6
      vertex 37.1737 6.38006 16.6
      vertex 38.1161 4.88388 16.6
    endloop
  endfacet
  facet normal -0 0 1
    outer loop
      vertex 36.8787 6.12132 16.6
      vertex 38.1161 4.88388 16.6
      vertex 37.1737 6.38006 16.6
    endloop
  endfacet
  facet normal 0 0 1
    outer loop
      vertex 38.1161 4.88388 16.6
      vertex 36.8787 6.12132 16.6
      vertex 38.0083 4.76095 16.6
    endloop
  endfacet
  facet normal -0 0 1
    outer loop
      vertex 36.6199 5.82628 16.6
      vertex 38.0083 4.76095 16.6
      vertex 36.8787 6.12132 16.6
    endloop
  endfacet
  facet normal 0 0 1
    outer loop
      vertex 38.0083 4.76095 16.6
      vertex 36.6199 5.82628 16.6
      vertex 37.9175 4.625 16.6
    endloop
  endfacet
  facet normal -0 0 1
    outer loop
      vertex 36.4019 5.5 16.6
      vertex 37.9175 4.625 16.6
      vertex 36.6199 5.82628 16.6
    endloop
  endfacet
  facet normal 0 0 1
    outer loop
      vertex 43 141 16.6
      vertex 41 134.772 16.6
      vertex 43 0 16.6
    endloop
  endfacet
  facet normal -0 0 1
    outer loop
      vertex 40.25 137 16.6
      vertex 41 134.772 16.6
      vertex 43 141 16.6
    endloop
  endfacet
  facet normal -0 0 1
    outer loop
      vertex 40.2393 136.837 16.6
      vertex 41 134.772 16.6
      vertex 40.25 137 16.6
    endloop
  endfacet
  facet normal -0 0 1
    outer loop
      vertex 40.2074 136.676 16.6
      vertex 41 134.772 16.6
      vertex 40.2393 136.837 16.6
    endloop
  endfacet
  facet normal 0 0 1
    outer loop
      vertex 43 141 16.6
      vertex 40.2393 137.163 16.6
      vertex 40.25 137 16.6
    endloop
  endfacet
  facet normal 0 0 1
    outer loop
      vertex 43 141 16.6
      vertex 40.2074 137.324 16.6
      vertex 40.2393 137.163 16.6
    endloop
  endfacet
  facet normal 0 0 1
    outer loop
      vertex 43 141 16.6
      vertex 40.1549 137.478 16.6
      vertex 40.2074 137.324 16.6
    endloop
  endfacet
  facet normal 0 0 1
    outer loop
      vertex 43 141 16.6
      vertex 40.0825 137.625 16.6
      vertex 40.1549 137.478 16.6
    endloop
  endfacet
  facet normal 0 0 1
    outer loop
      vertex 43 141 16.6
      vertex 39.9917 137.761 16.6
      vertex 40.0825 137.625 16.6
    endloop
  endfacet
  facet normal 0 0 1
    outer loop
      vertex 43 141 16.6
      vertex 39.8839 137.884 16.6
      vertex 39.9917 137.761 16.6
    endloop
  endfacet
  facet normal 0 0 1
    outer loop
      vertex 43 141 16.6
      vertex 39.761 137.992 16.6
      vertex 39.8839 137.884 16.6
    endloop
  endfacet
  facet normal 0 0 1
    outer loop
      vertex 43 141 16.6
      vertex 39.625 138.083 16.6
      vertex 39.761 137.992 16.6
    endloop
  endfacet
  facet normal 0 0 1
    outer loop
      vertex 43 141 16.6
      vertex 39.4784 138.155 16.6
      vertex 39.625 138.083 16.6
    endloop
  endfacet
  facet normal 0 0 1
    outer loop
      vertex 43 141 16.6
      vertex 39.3235 138.207 16.6
      vertex 39.4784 138.155 16.6
    endloop
  endfacet
  facet normal 0 0 1
    outer loop
      vertex 43 141 16.6
      vertex 39.1632 138.239 16.6
      vertex 39.3235 138.207 16.6
    endloop
  endfacet
  facet normal 0 0 1
    outer loop
      vertex 43 141 16.6
      vertex 39 138.25 16.6
      vertex 39.1632 138.239 16.6
    endloop
  endfacet
  facet normal -0 0 1
    outer loop
      vertex 36.7723 139 16.6
      vertex 39 138.25 16.6
      vertex 43 141 16.6
    endloop
  endfacet
  facet normal 0 0 1
    outer loop
      vertex 39 138.25 16.6
      vertex 36.7723 139 16.6
      vertex 38.8368 138.239 16.6
    endloop
  endfacet
  facet normal 0 0 1
    outer loop
      vertex 38.8368 138.239 16.6
      vertex 36.7723 139 16.6
      vertex 38.6765 138.207 16.6
    endloop
  endfacet
  facet normal 0 0 1
    outer loop
      vertex 38.6765 138.207 16.6
      vertex 36.7723 139 16.6
      vertex 38.5216 138.155 16.6
    endloop
  endfacet
  facet normal -0 0 1
    outer loop
      vertex 36.2284 138.148 16.6
      vertex 37.8451 137.478 16.6
      vertex 36.4019 138.5 16.6
    endloop
  endfacet
  facet normal 0 0 1
    outer loop
      vertex 37.75 137 16.6
      vertex 37.1737 134.62 16.6
      vertex 37.5 134.402 16.6
    endloop
  endfacet
  facet normal 0 0 1
    outer loop
      vertex 37.9175 137.625 16.6
      vertex 36.4019 138.5 16.6
      vertex 37.8451 137.478 16.6
    endloop
  endfacet
  facet normal 0 0 1
    outer loop
      vertex 37.75 137 16.6
      vertex 36.8787 134.879 16.6
      vertex 37.1737 134.62 16.6
    endloop
  endfacet
  facet normal -0 0 1
    outer loop
      vertex 36.4019 138.5 16.6
      vertex 37.9175 137.625 16.6
      vertex 36.6199 138.826 16.6
    endloop
  endfacet
  facet normal 0 0 1
    outer loop
      vertex 37.8451 137.478 16.6
      vertex 36.2284 138.148 16.6
      vertex 37.7926 137.324 16.6
    endloop
  endfacet
  facet normal 0 0 1
    outer loop
      vertex 38.0083 137.761 16.6
      vertex 36.6199 138.826 16.6
      vertex 37.9175 137.625 16.6
    endloop
  endfacet
  facet normal -0 0 1
    outer loop
      vertex 36.6199 138.826 16.6
      vertex 38.0083 137.761 16.6
      vertex 36.7723 139 16.6
    endloop
  endfacet
  facet normal 0 0 1
    outer loop
      vertex 38.1161 137.884 16.6
      vertex 36.7723 139 16.6
      vertex 38.0083 137.761 16.6
    endloop
  endfacet
  facet normal 0 0 1
    outer loop
      vertex 38.239 137.992 16.6
      vertex 36.7723 139 16.6
      vertex 38.1161 137.884 16.6
    endloop
  endfacet
  facet normal 0 0 1
    outer loop
      vertex 38.375 138.083 16.6
      vertex 36.7723 139 16.6
      vertex 38.239 137.992 16.6
    endloop
  endfacet
  facet normal 0 0 1
    outer loop
      vertex 38.5216 138.155 16.6
      vertex 36.7723 139 16.6
      vertex 38.375 138.083 16.6
    endloop
  endfacet
  facet normal 0 0 1
    outer loop
      vertex 43 141 16.6
      vertex 6.22771 139 16.6
      vertex 36.7723 139 16.6
    endloop
  endfacet
  facet normal -0 0 1
    outer loop
      vertex 5.15485 136.522 16.6
      vertex 6.77164 135.852 16.6
      vertex 5.20741 136.676 16.6
    endloop
  endfacet
  facet normal 0 0 1
    outer loop
      vertex 6.77164 135.852 16.6
      vertex 5.15485 136.522 16.6
      vertex 6.59808 135.5 16.6
    endloop
  endfacet
  facet normal -0 0 1
    outer loop
      vertex 5.08253 136.375 16.6
      vertex 6.59808 135.5 16.6
      vertex 5.15485 136.522 16.6
    endloop
  endfacet
  facet normal 0 0 1
    outer loop
      vertex 6.97433 137.392 16.6
      vertex 5.23931 137.163 16.6
      vertex 5.25 137 16.6
    endloop
  endfacet
  facet normal 0 0 1
    outer loop
      vertex 6.89778 137.776 16.6
      vertex 5.20741 137.324 16.6
      vertex 5.23931 137.163 16.6
    endloop
  endfacet
  facet normal 0 0 1
    outer loop
      vertex 6.77164 138.148 16.6
      vertex 5.15485 137.478 16.6
      vertex 5.20741 137.324 16.6
    endloop
  endfacet
  facet normal 0 0 1
    outer loop
      vertex 6.59808 138.5 16.6
      vertex 5.08253 137.625 16.6
      vertex 5.15485 137.478 16.6
    endloop
  endfacet
  facet normal 0 0 1
    outer loop
      vertex 6.38006 138.826 16.6
      vertex 4.99169 137.761 16.6
      vertex 5.08253 137.625 16.6
    endloop
  endfacet
  facet normal 0 0 1
    outer loop
      vertex 6.22771 139 16.6
      vertex 4.88388 137.884 16.6
      vertex 4.99169 137.761 16.6
    endloop
  endfacet
  facet normal 0 0 1
    outer loop
      vertex 6.22771 139 16.6
      vertex 4.76095 137.992 16.6
      vertex 4.88388 137.884 16.6
    endloop
  endfacet
  facet normal 0 0 1
    outer loop
      vertex 6.22771 139 16.6
      vertex 4.625 138.083 16.6
      vertex 4.76095 137.992 16.6
    endloop
  endfacet
  facet normal 0 0 1
    outer loop
      vertex 6.22771 139 16.6
      vertex 4.47835 138.155 16.6
      vertex 4.625 138.083 16.6
    endloop
  endfacet
  facet normal 0 0 1
    outer loop
      vertex 6.22771 139 16.6
      vertex 4.32352 138.207 16.6
      vertex 4.47835 138.155 16.6
    endloop
  endfacet
  facet normal 0 0 1
    outer loop
      vertex 6.22771 139 16.6
      vertex 4.16316 138.239 16.6
      vertex 4.32352 138.207 16.6
    endloop
  endfacet
  facet normal 0 0 1
    outer loop
      vertex 6.22771 139 16.6
      vertex 4 138.25 16.6
      vertex 4.16316 138.239 16.6
    endloop
  endfacet
  facet normal 0 0 1
    outer loop
      vertex 0 141 16.6
      vertex 4 138.25 16.6
      vertex 6.22771 139 16.6
    endloop
  endfacet
  facet normal 0 0 1
    outer loop
      vertex 4 138.25 16.6
      vertex 0 141 16.6
      vertex 3.83684 138.239 16.6
    endloop
  endfacet
  facet normal 0 0 1
    outer loop
      vertex 0 141 16.6
      vertex 2.75 137 16.6
      vertex 2.76069 137.163 16.6
    endloop
  endfacet
  facet normal 0 0 1
    outer loop
      vertex 3.23905 136.008 16.6
      vertex 2.17372 134.62 16.6
      vertex 2.5 134.402 16.6
    endloop
  endfacet
  facet normal 0 0 1
    outer loop
      vertex 0 141 16.6
      vertex 2.76069 137.163 16.6
      vertex 2.79259 137.324 16.6
    endloop
  endfacet
  facet normal 0 0 1
    outer loop
      vertex 3.23905 136.008 16.6
      vertex 2 134.772 16.6
      vertex 2.17372 134.62 16.6
    endloop
  endfacet
  facet normal 0 0 1
    outer loop
      vertex 2 134.772 16.6
      vertex 0 141 16.6
      vertex 2 6.22771 16.6
    endloop
  endfacet
  facet normal 0 0 1
    outer loop
      vertex 2.75 137 16.6
      vertex 0 141 16.6
      vertex 2 134.772 16.6
    endloop
  endfacet
  facet normal 0 0 1
    outer loop
      vertex 2.84515 137.478 16.6
      vertex 0 141 16.6
      vertex 2.79259 137.324 16.6
    endloop
  endfacet
  facet normal 0 0 1
    outer loop
      vertex 2.91747 137.625 16.6
      vertex 0 141 16.6
      vertex 2.84515 137.478 16.6
    endloop
  endfacet
  facet normal 0 0 1
    outer loop
      vertex 3.00831 137.761 16.6
      vertex 0 141 16.6
      vertex 2.91747 137.625 16.6
    endloop
  endfacet
  facet normal 0 0 1
    outer loop
      vertex 3.11612 137.884 16.6
      vertex 0 141 16.6
      vertex 3.00831 137.761 16.6
    endloop
  endfacet
  facet normal 0 0 1
    outer loop
      vertex 3.23905 137.992 16.6
      vertex 0 141 16.6
      vertex 3.11612 137.884 16.6
    endloop
  endfacet
  facet normal 0 0 1
    outer loop
      vertex 3.375 138.083 16.6
      vertex 0 141 16.6
      vertex 3.23905 137.992 16.6
    endloop
  endfacet
  facet normal 0 0 1
    outer loop
      vertex 3.52165 138.155 16.6
      vertex 0 141 16.6
      vertex 3.375 138.083 16.6
    endloop
  endfacet
  facet normal 0 0 1
    outer loop
      vertex 3.67648 138.207 16.6
      vertex 0 141 16.6
      vertex 3.52165 138.155 16.6
    endloop
  endfacet
  facet normal 0 0 1
    outer loop
      vertex 3.83684 138.239 16.6
      vertex 0 141 16.6
      vertex 3.67648 138.207 16.6
    endloop
  endfacet
  facet normal -0 0 1
    outer loop
      vertex 0 141 16.6
      vertex 6.22771 139 16.6
      vertex 43 141 16.6
    endloop
  endfacet
  facet normal -0 0 1
    outer loop
      vertex 41 6.22771 16.6
      vertex 43 0 16.6
      vertex 41 134.772 16.6
    endloop
  endfacet
  facet normal 0 0 1
    outer loop
      vertex 40.2393 4.16316 16.6
      vertex 41 6.22771 16.6
      vertex 40.8263 6.38006 16.6
    endloop
  endfacet
  facet normal 0 0 1
    outer loop
      vertex 39.761 4.99169 16.6
      vertex 40.8263 6.38006 16.6
      vertex 40.5 6.59808 16.6
    endloop
  endfacet
  facet normal 0 0 1
    outer loop
      vertex 41 6.22771 16.6
      vertex 40.25 4 16.6
      vertex 43 0 16.6
    endloop
  endfacet
  facet normal -0 0 1
    outer loop
      vertex 40.2393 3.83684 16.6
      vertex 43 0 16.6
      vertex 40.25 4 16.6
    endloop
  endfacet
  facet normal -0 0 1
    outer loop
      vertex 40.2074 3.67648 16.6
      vertex 43 0 16.6
      vertex 40.2393 3.83684 16.6
    endloop
  endfacet
  facet normal -0 0 1
    outer loop
      vertex 40.1549 3.52165 16.6
      vertex 43 0 16.6
      vertex 40.2074 3.67648 16.6
    endloop
  endfacet
  facet normal -0 0 1
    outer loop
      vertex 40.0825 3.375 16.6
      vertex 43 0 16.6
      vertex 40.1549 3.52165 16.6
    endloop
  endfacet
  facet normal -0 0 1
    outer loop
      vertex 39.9917 3.23905 16.6
      vertex 43 0 16.6
      vertex 40.0825 3.375 16.6
    endloop
  endfacet
  facet normal -0 0 1
    outer loop
      vertex 39.8839 3.11612 16.6
      vertex 43 0 16.6
      vertex 39.9917 3.23905 16.6
    endloop
  endfacet
  facet normal -0 0 1
    outer loop
      vertex 39.761 3.00831 16.6
      vertex 43 0 16.6
      vertex 39.8839 3.11612 16.6
    endloop
  endfacet
  facet normal -0 0 1
    outer loop
      vertex 39.625 2.91747 16.6
      vertex 43 0 16.6
      vertex 39.761 3.00831 16.6
    endloop
  endfacet
  facet normal -0 0 1
    outer loop
      vertex 39.4784 2.84515 16.6
      vertex 43 0 16.6
      vertex 39.625 2.91747 16.6
    endloop
  endfacet
  facet normal -0 0 1
    outer loop
      vertex 39.3235 2.79259 16.6
      vertex 43 0 16.6
      vertex 39.4784 2.84515 16.6
    endloop
  endfacet
  facet normal -0 0 1
    outer loop
      vertex 39.1632 2.76069 16.6
      vertex 43 0 16.6
      vertex 39.3235 2.79259 16.6
    endloop
  endfacet
  facet normal -0 0 1
    outer loop
      vertex 39 2.75 16.6
      vertex 43 0 16.6
      vertex 39.1632 2.76069 16.6
    endloop
  endfacet
  facet normal 0 0 1
    outer loop
      vertex 36.7723 2 16.6
      vertex 39 2.75 16.6
      vertex 38.8368 2.76069 16.6
    endloop
  endfacet
  facet normal 0 0 1
    outer loop
      vertex 36.7723 2 16.6
      vertex 38.8368 2.76069 16.6
      vertex 38.6765 2.79259 16.6
    endloop
  endfacet
  facet normal 0 0 1
    outer loop
      vertex 36.7723 2 16.6
      vertex 38.6765 2.79259 16.6
      vertex 38.5216 2.84515 16.6
    endloop
  endfacet
  facet normal 0 0 1
    outer loop
      vertex 36.7723 2 16.6
      vertex 38.5216 2.84515 16.6
      vertex 38.375 2.91747 16.6
    endloop
  endfacet
  facet normal 0 0 1
    outer loop
      vertex 37.9175 4.625 16.6
      vertex 36.4019 5.5 16.6
      vertex 37.8451 4.47835 16.6
    endloop
  endfacet
  facet normal -0 0 1
    outer loop
      vertex 36.2284 5.14805 16.6
      vertex 37.8451 4.47835 16.6
      vertex 36.4019 5.5 16.6
    endloop
  endfacet
  facet normal 0 0 1
    outer loop
      vertex 37.8451 4.47835 16.6
      vertex 36.2284 5.14805 16.6
      vertex 37.7926 4.32352 16.6
    endloop
  endfacet
  facet normal 0 0 1
    outer loop
      vertex 37.75 4 16.6
      vertex 36.7723 2 16.6
      vertex 37.7607 3.83684 16.6
    endloop
  endfacet
  facet normal 0 0 1
    outer loop
      vertex 37.7607 3.83684 16.6
      vertex 36.7723 2 16.6
      vertex 37.7926 3.67648 16.6
    endloop
  endfacet
  facet normal 0 0 1
    outer loop
      vertex 37.7926 3.67648 16.6
      vertex 36.7723 2 16.6
      vertex 37.8451 3.52165 16.6
    endloop
  endfacet
  facet normal 0 0 1
    outer loop
      vertex 36.7723 2 16.6
      vertex 37.9175 3.375 16.6
      vertex 37.8451 3.52165 16.6
    endloop
  endfacet
  facet normal 0 0 1
    outer loop
      vertex 36.7723 2 16.6
      vertex 38.0083 3.23905 16.6
      vertex 37.9175 3.375 16.6
    endloop
  endfacet
  facet normal 0 0 1
    outer loop
      vertex 36.7723 2 16.6
      vertex 38.1161 3.11612 16.6
      vertex 38.0083 3.23905 16.6
    endloop
  endfacet
  facet normal 0 0 1
    outer loop
      vertex 36.7723 2 16.6
      vertex 38.239 3.00831 16.6
      vertex 38.1161 3.11612 16.6
    endloop
  endfacet
  facet normal 0 0 1
    outer loop
      vertex 36.7723 2 16.6
      vertex 38.375 2.91747 16.6
      vertex 38.239 3.00831 16.6
    endloop
  endfacet
  facet normal 0 0 1
    outer loop
      vertex 39 2.75 16.6
      vertex 36.7723 2 16.6
      vertex 43 0 16.6
    endloop
  endfacet
  facet normal -0 0 1
    outer loop
      vertex 6.22771 2 16.6
      vertex 43 0 16.6
      vertex 36.7723 2 16.6
    endloop
  endfacet
  facet normal 0 0 1
    outer loop
      vertex 5.23931 4.16316 16.6
      vertex 6.12132 6.12132 16.6
      vertex 5.82628 6.38006 16.6
    endloop
  endfacet
  facet normal 0 0 1
    outer loop
      vertex 4.76095 4.99169 16.6
      vertex 5.82628 6.38006 16.6
      vertex 5.5 6.59808 16.6
    endloop
  endfacet
  facet normal -0 0 1
    outer loop
      vertex 5.15485 3.52165 16.6
      vertex 6.77164 2.85195 16.6
      vertex 5.20741 3.67648 16.6
    endloop
  endfacet
  facet normal 0 0 1
    outer loop
      vertex 6.77164 2.85195 16.6
      vertex 5.15485 3.52165 16.6
      vertex 6.59808 2.5 16.6
    endloop
  endfacet
  facet normal -0 0 1
    outer loop
      vertex 5.08253 3.375 16.6
      vertex 6.59808 2.5 16.6
      vertex 5.15485 3.52165 16.6
    endloop
  endfacet
  facet normal 0 0 1
    outer loop
      vertex 6.59808 2.5 16.6
      vertex 5.08253 3.375 16.6
      vertex 6.38006 2.17372 16.6
    endloop
  endfacet
  facet normal -0 0 1
    outer loop
      vertex 4.99169 3.23905 16.6
      vertex 6.38006 2.17372 16.6
      vertex 5.08253 3.375 16.6
    endloop
  endfacet
  facet normal 0 0 1
    outer loop
      vertex 6.38006 2.17372 16.6
      vertex 4.99169 3.23905 16.6
      vertex 6.22771 2 16.6
    endloop
  endfacet
  facet normal -0 0 1
    outer loop
      vertex 4.88388 3.11612 16.6
      vertex 6.22771 2 16.6
      vertex 4.99169 3.23905 16.6
    endloop
  endfacet
  facet normal -0 0 1
    outer loop
      vertex 4.76095 3.00831 16.6
      vertex 6.22771 2 16.6
      vertex 4.88388 3.11612 16.6
    endloop
  endfacet
  facet normal -0 0 1
    outer loop
      vertex 4.625 2.91747 16.6
      vertex 6.22771 2 16.6
      vertex 4.76095 3.00831 16.6
    endloop
  endfacet
  facet normal -0 0 1
    outer loop
      vertex 4.47835 2.84515 16.6
      vertex 6.22771 2 16.6
      vertex 4.625 2.91747 16.6
    endloop
  endfacet
  facet normal -0 0 1
    outer loop
      vertex 4.32352 2.79259 16.6
      vertex 6.22771 2 16.6
      vertex 4.47835 2.84515 16.6
    endloop
  endfacet
  facet normal -0 0 1
    outer loop
      vertex 4.16316 2.76069 16.6
      vertex 6.22771 2 16.6
      vertex 4.32352 2.79259 16.6
    endloop
  endfacet
  facet normal -0 0 1
    outer loop
      vertex 4 2.75 16.6
      vertex 6.22771 2 16.6
      vertex 4.16316 2.76069 16.6
    endloop
  endfacet
  facet normal 0 0 1
    outer loop
      vertex 0 0 16.6
      vertex 4 2.75 16.6
      vertex 3.83684 2.76069 16.6
    endloop
  endfacet
  facet normal 0 0 1
    outer loop
      vertex 0 0 16.6
      vertex 3.83684 2.76069 16.6
      vertex 3.67648 2.79259 16.6
    endloop
  endfacet
  facet normal 0 0 1
    outer loop
      vertex 2.79259 4.32352 16.6
      vertex 2 6.22771 16.6
      vertex 2.76069 4.16316 16.6
    endloop
  endfacet
  facet normal 0 0 1
    outer loop
      vertex 2.76069 4.16316 16.6
      vertex 2 6.22771 16.6
      vertex 2.75 4 16.6
    endloop
  endfacet
  facet normal 0 0 1
    outer loop
      vertex 0 0 16.6
      vertex 2.75 4 16.6
      vertex 2 6.22771 16.6
    endloop
  endfacet
  facet normal 0 0 1
    outer loop
      vertex 2.75 4 16.6
      vertex 0 0 16.6
      vertex 2.76069 3.83684 16.6
    endloop
  endfacet
  facet normal 0 0 1
    outer loop
      vertex 6.22771 2 16.6
      vertex 0 0 16.6
      vertex 43 0 16.6
    endloop
  endfacet
  facet normal 0 0 1
    outer loop
      vertex 4 2.75 16.6
      vertex 0 0 16.6
      vertex 6.22771 2 16.6
    endloop
  endfacet
  facet normal 0 0 1
    outer loop
      vertex 3.52165 2.84515 16.6
      vertex 0 0 16.6
      vertex 3.67648 2.79259 16.6
    endloop
  endfacet
  facet normal 0 0 1
    outer loop
      vertex 3.375 2.91747 16.6
      vertex 0 0 16.6
      vertex 3.52165 2.84515 16.6
    endloop
  endfacet
  facet normal 0 0 1
    outer loop
      vertex 3.23905 3.00831 16.6
      vertex 0 0 16.6
      vertex 3.375 2.91747 16.6
    endloop
  endfacet
  facet normal 0 0 1
    outer loop
      vertex 3.11612 3.11612 16.6
      vertex 0 0 16.6
      vertex 3.23905 3.00831 16.6
    endloop
  endfacet
  facet normal 0 0 1
    outer loop
      vertex 3.00831 3.23905 16.6
      vertex 0 0 16.6
      vertex 3.11612 3.11612 16.6
    endloop
  endfacet
  facet normal 0 0 1
    outer loop
      vertex 2.91747 3.375 16.6
      vertex 0 0 16.6
      vertex 3.00831 3.23905 16.6
    endloop
  endfacet
  facet normal 0 0 1
    outer loop
      vertex 2.84515 3.52165 16.6
      vertex 0 0 16.6
      vertex 2.91747 3.375 16.6
    endloop
  endfacet
  facet normal 0 0 1
    outer loop
      vertex 2.79259 3.67648 16.6
      vertex 0 0 16.6
      vertex 2.84515 3.52165 16.6
    endloop
  endfacet
  facet normal 0 0 1
    outer loop
      vertex 2.76069 3.83684 16.6
      vertex 0 0 16.6
      vertex 2.79259 3.67648 16.6
    endloop
  endfacet
  facet normal 0 0 1
    outer loop
      vertex 0 0 16.6
      vertex 2 6.22771 16.6
      vertex 0 141 16.6
    endloop
  endfacet
  facet normal -0 0 1
    outer loop
      vertex 40.1549 136.522 16.6
      vertex 41 134.772 16.6
      vertex 40.2074 136.676 16.6
    endloop
  endfacet
  facet normal -0 0 1
    outer loop
      vertex 40.0825 136.375 16.6
      vertex 41 134.772 16.6
      vertex 40.1549 136.522 16.6
    endloop
  endfacet
  facet normal -0 0 1
    outer loop
      vertex 39.9917 136.239 16.6
      vertex 41 134.772 16.6
      vertex 40.0825 136.375 16.6
    endloop
  endfacet
  facet normal -0 0 1
    outer loop
      vertex 39.8839 136.116 16.6
      vertex 41 134.772 16.6
      vertex 39.9917 136.239 16.6
    endloop
  endfacet
  facet normal -0 0 1
    outer loop
      vertex 39.761 136.008 16.6
      vertex 41 134.772 16.6
      vertex 39.8839 136.116 16.6
    endloop
  endfacet
  facet normal 0 0 1
    outer loop
      vertex 41 134.772 16.6
      vertex 39.761 136.008 16.6
      vertex 40.8263 134.62 16.6
    endloop
  endfacet
  facet normal 0 0 1
    outer loop
      vertex 40.8263 134.62 16.6
      vertex 39.761 136.008 16.6
      vertex 40.5 134.402 16.6
    endloop
  endfacet
  facet normal -0 0 1
    outer loop
      vertex 39.625 135.917 16.6
      vertex 40.5 134.402 16.6
      vertex 39.761 136.008 16.6
    endloop
  endfacet
  facet normal 0 0 1
    outer loop
      vertex 40.5 134.402 16.6
      vertex 39.625 135.917 16.6
      vertex 40.148 134.228 16.6
    endloop
  endfacet
  facet normal -0 0 1
    outer loop
      vertex 39.4784 135.845 16.6
      vertex 40.148 134.228 16.6
      vertex 39.625 135.917 16.6
    endloop
  endfacet
  facet normal 0 0 1
    outer loop
      vertex 40.148 134.228 16.6
      vertex 39.4784 135.845 16.6
      vertex 39.7765 134.102 16.6
    endloop
  endfacet
  facet normal -0 0 1
    outer loop
      vertex 39.3235 135.793 16.6
      vertex 39.7765 134.102 16.6
      vertex 39.4784 135.845 16.6
    endloop
  endfacet
  facet normal 0 0 1
    outer loop
      vertex 39.7765 134.102 16.6
      vertex 39.3235 135.793 16.6
      vertex 39.3916 134.026 16.6
    endloop
  endfacet
  facet normal -0 0 1
    outer loop
      vertex 39.1632 135.761 16.6
      vertex 39.3916 134.026 16.6
      vertex 39.3235 135.793 16.6
    endloop
  endfacet
  facet normal -0 0 1
    outer loop
      vertex 39 135.75 16.6
      vertex 39.3916 134.026 16.6
      vertex 39.1632 135.761 16.6
    endloop
  endfacet
  facet normal 0 0 1
    outer loop
      vertex 39 135.75 16.6
      vertex 39 134 16.6
      vertex 39.3916 134.026 16.6
    endloop
  endfacet
  facet normal 0 0 1
    outer loop
      vertex 38.8368 135.761 16.6
      vertex 39 134 16.6
      vertex 39 135.75 16.6
    endloop
  endfacet
  facet normal 0 0 1
    outer loop
      vertex 38.6084 134.026 16.6
      vertex 38.8368 135.761 16.6
      vertex 38.6765 135.793 16.6
    endloop
  endfacet
  facet normal 0 0 1
    outer loop
      vertex 38.8368 135.761 16.6
      vertex 38.6084 134.026 16.6
      vertex 39 134 16.6
    endloop
  endfacet
  facet normal 0 0 1
    outer loop
      vertex 38.2235 134.102 16.6
      vertex 38.6765 135.793 16.6
      vertex 38.5216 135.845 16.6
    endloop
  endfacet
  facet normal 0 0 1
    outer loop
      vertex 37.852 134.228 16.6
      vertex 38.5216 135.845 16.6
      vertex 38.375 135.917 16.6
    endloop
  endfacet
  facet normal 0 0 1
    outer loop
      vertex 37.5 134.402 16.6
      vertex 38.375 135.917 16.6
      vertex 38.239 136.008 16.6
    endloop
  endfacet
  facet normal 0 0 1
    outer loop
      vertex 38.6765 135.793 16.6
      vertex 38.2235 134.102 16.6
      vertex 38.6084 134.026 16.6
    endloop
  endfacet
  facet normal 0 0 1
    outer loop
      vertex 37.5 134.402 16.6
      vertex 38.239 136.008 16.6
      vertex 38.1161 136.116 16.6
    endloop
  endfacet
  facet normal 0 0 1
    outer loop
      vertex 37.5 134.402 16.6
      vertex 38.1161 136.116 16.6
      vertex 38.0083 136.239 16.6
    endloop
  endfacet
  facet normal 0 0 1
    outer loop
      vertex 37.5 134.402 16.6
      vertex 38.0083 136.239 16.6
      vertex 37.9175 136.375 16.6
    endloop
  endfacet
  facet normal 0 0 1
    outer loop
      vertex 38.5216 135.845 16.6
      vertex 37.852 134.228 16.6
      vertex 38.2235 134.102 16.6
    endloop
  endfacet
  facet normal 0 0 1
    outer loop
      vertex 37.5 134.402 16.6
      vertex 37.9175 136.375 16.6
      vertex 37.8451 136.522 16.6
    endloop
  endfacet
  facet normal 0 0 1
    outer loop
      vertex 37.5 134.402 16.6
      vertex 37.8451 136.522 16.6
      vertex 37.7926 136.676 16.6
    endloop
  endfacet
  facet normal 0 0 1
    outer loop
      vertex 37.5 134.402 16.6
      vertex 37.7926 136.676 16.6
      vertex 37.7607 136.837 16.6
    endloop
  endfacet
  facet normal 0 0 1
    outer loop
      vertex 37.5 134.402 16.6
      vertex 37.7607 136.837 16.6
      vertex 37.75 137 16.6
    endloop
  endfacet
  facet normal 0 0 1
    outer loop
      vertex 38.375 135.917 16.6
      vertex 37.5 134.402 16.6
      vertex 37.852 134.228 16.6
    endloop
  endfacet
  facet normal 0 0 -1
    outer loop
      vertex 0 0 0
      vertex 14.5 141 0
      vertex 14.5 0 0
    endloop
  endfacet
  facet normal -0 0 -1
    outer loop
      vertex 14.5 141 0
      vertex 0 0 0
      vertex 0 141 0
    endloop
  endfacet
  facet normal 0 0 -1
    outer loop
      vertex 23.3478 -4.23463 0
      vertex 28.5 0 0
      vertex 23.4319 -4.48236 0
    endloop
  endfacet
  facet normal 0 0 -1
    outer loop
      vertex 28.5 141 0
      vertex 23.4829 145.739 0
      vertex 23.5 146 0
    endloop
  endfacet
  facet normal 0 0 -1
    outer loop
      vertex 23.232 -4 0
      vertex 28.5 0 0
      vertex 23.3478 -4.23463 0
    endloop
  endfacet
  facet normal 0 0 -1
    outer loop
      vertex 28.5 141 0
      vertex 23.4319 145.482 0
      vertex 23.4829 145.739 0
    endloop
  endfacet
  facet normal 0 0 -1
    outer loop
      vertex 23.0867 -3.78248 0
      vertex 28.5 0 0
      vertex 23.232 -4 0
    endloop
  endfacet
  facet normal 0 0 -1
    outer loop
      vertex 28.5 141 0
      vertex 23.3478 145.235 0
      vertex 23.4319 145.482 0
    endloop
  endfacet
  facet normal 0 0 -1
    outer loop
      vertex 22.9142 -3.58579 0
      vertex 28.5 0 0
      vertex 23.0867 -3.78248 0
    endloop
  endfacet
  facet normal 0 0 -1
    outer loop
      vertex 28.5 141 0
      vertex 23.232 145 0
      vertex 23.3478 145.235 0
    endloop
  endfacet
  facet normal 0 0 -1
    outer loop
      vertex 22.7175 -3.41329 0
      vertex 28.5 0 0
      vertex 22.9142 -3.58579 0
    endloop
  endfacet
  facet normal 0 0 -1
    outer loop
      vertex 28.5 141 0
      vertex 23.0867 144.782 0
      vertex 23.232 145 0
    endloop
  endfacet
  facet normal 0 0 -1
    outer loop
      vertex 22.5 -3.26795 0
      vertex 28.5 0 0
      vertex 22.7175 -3.41329 0
    endloop
  endfacet
  facet normal 0 0 -1
    outer loop
      vertex 28.5 141 0
      vertex 22.9142 144.586 0
      vertex 23.0867 144.782 0
    endloop
  endfacet
  facet normal 0 0 -1
    outer loop
      vertex 22.2654 -3.15224 0
      vertex 28.5 0 0
      vertex 22.5 -3.26795 0
    endloop
  endfacet
  facet normal 0 0 -1
    outer loop
      vertex 28.5 141 0
      vertex 22.7175 144.413 0
      vertex 22.9142 144.586 0
    endloop
  endfacet
  facet normal 0 0 -1
    outer loop
      vertex 22.0176 -3.06815 0
      vertex 28.5 0 0
      vertex 22.2654 -3.15224 0
    endloop
  endfacet
  facet normal 0 0 -1
    outer loop
      vertex 28.5 141 0
      vertex 22.5 144.268 0
      vertex 22.7175 144.413 0
    endloop
  endfacet
  facet normal 0 0 -1
    outer loop
      vertex 21.7611 -3.01711 0
      vertex 28.5 0 0
      vertex 22.0176 -3.06815 0
    endloop
  endfacet
  facet normal 0 0 -1
    outer loop
      vertex 28.5 141 0
      vertex 22.2654 144.152 0
      vertex 22.5 144.268 0
    endloop
  endfacet
  facet normal 0 0 -1
    outer loop
      vertex 28.5 0 0
      vertex 14.5 0 0
      vertex 28.5 141 0
    endloop
  endfacet
  facet normal 0 0 -1
    outer loop
      vertex 28.5 141 0
      vertex 22.0176 144.068 0
      vertex 22.2654 144.152 0
    endloop
  endfacet
  facet normal 0 0 -1
    outer loop
      vertex 21.5 -3 0
      vertex 28.5 0 0
      vertex 21.7611 -3.01711 0
    endloop
  endfacet
  facet normal 0 0 -1
    outer loop
      vertex 14.5 141 0
      vertex 28.5 141 0
      vertex 14.5 0 0
    endloop
  endfacet
  facet normal -0 0 -1
    outer loop
      vertex 28.5 0 0
      vertex 21.5 -3 0
      vertex 14.5 0 0
    endloop
  endfacet
  facet normal 0 -0 -1
    outer loop
      vertex 21.5 144 0
      vertex 28.5 141 0
      vertex 14.5 141 0
    endloop
  endfacet
  facet normal 0 0 -1
    outer loop
      vertex 14.5 0 0
      vertex 21.5 -3 0
      vertex 21.2389 -3.01711 0
    endloop
  endfacet
  facet normal 0 0 -1
    outer loop
      vertex 28.5 141 0
      vertex 21.7611 144.017 0
      vertex 22.0176 144.068 0
    endloop
  endfacet
  facet normal 0 0 -1
    outer loop
      vertex 14.5 0 0
      vertex 21.2389 -3.01711 0
      vertex 20.9824 -3.06815 0
    endloop
  endfacet
  facet normal 0 0 -1
    outer loop
      vertex 28.5 141 0
      vertex 21.5 144 0
      vertex 21.7611 144.017 0
    endloop
  endfacet
  facet normal 0 0 -1
    outer loop
      vertex 14.5 0 0
      vertex 20.9824 -3.06815 0
      vertex 20.7346 -3.15224 0
    endloop
  endfacet
  facet normal -0 0 -1
    outer loop
      vertex 21.5 144 0
      vertex 14.5 141 0
      vertex 21.2389 144.017 0
    endloop
  endfacet
  facet normal 0 0 -1
    outer loop
      vertex 14.5 0 0
      vertex 20.7346 -3.15224 0
      vertex 20.5 -3.26795 0
    endloop
  endfacet
  facet normal -0 0 -1
    outer loop
      vertex 21.2389 144.017 0
      vertex 14.5 141 0
      vertex 20.9824 144.068 0
    endloop
  endfacet
  facet normal 0 0 -1
    outer loop
      vertex 14.5 0 0
      vertex 20.5 -3.26795 0
      vertex 20.2825 -3.41329 0
    endloop
  endfacet
  facet normal -0 0 -1
    outer loop
      vertex 20.9824 144.068 0
      vertex 14.5 141 0
      vertex 20.7346 144.152 0
    endloop
  endfacet
  facet normal 0 0 -1
    outer loop
      vertex 14.5 0 0
      vertex 20.2825 -3.41329 0
      vertex 20.0858 -3.58579 0
    endloop
  endfacet
  facet normal -0 0 -1
    outer loop
      vertex 20.7346 144.152 0
      vertex 14.5 141 0
      vertex 20.5 144.268 0
    endloop
  endfacet
  facet normal 0 0 -1
    outer loop
      vertex 14.5 0 0
      vertex 20.0858 -3.58579 0
      vertex 19.9133 -3.78248 0
    endloop
  endfacet
  facet normal -0 0 -1
    outer loop
      vertex 20.5 144.268 0
      vertex 14.5 141 0
      vertex 20.2825 144.413 0
    endloop
  endfacet
  facet normal 0 0 -1
    outer loop
      vertex 14.5 0 0
      vertex 19.9133 -3.78248 0
      vertex 19.7679 -4 0
    endloop
  endfacet
  facet normal -0 0 -1
    outer loop
      vertex 20.2825 144.413 0
      vertex 14.5 141 0
      vertex 20.0858 144.586 0
    endloop
  endfacet
  facet normal 0 0 -1
    outer loop
      vertex 14.5 0 0
      vertex 19.7679 -4 0
      vertex 19.6522 -4.23463 0
    endloop
  endfacet
  facet normal -0 0 -1
    outer loop
      vertex 20.0858 144.586 0
      vertex 14.5 141 0
      vertex 19.9133 144.782 0
    endloop
  endfacet
  facet normal 0 0 -1
    outer loop
      vertex 14.5 0 0
      vertex 19.6522 -4.23463 0
      vertex 19.5681 -4.48236 0
    endloop
  endfacet
  facet normal -0 0 -1
    outer loop
      vertex 19.9133 144.782 0
      vertex 14.5 141 0
      vertex 19.7679 145 0
    endloop
  endfacet
  facet normal 0 0 -1
    outer loop
      vertex 14.5 0 0
      vertex 19.5681 -4.48236 0
      vertex 19.5171 -4.73895 0
    endloop
  endfacet
  facet normal -0 0 -1
    outer loop
      vertex 19.7679 145 0
      vertex 14.5 141 0
      vertex 19.6522 145.235 0
    endloop
  endfacet
  facet normal 0 0 -1
    outer loop
      vertex 14.5 0 0
      vertex 19.5171 -4.73895 0
      vertex 19.5 -5 0
    endloop
  endfacet
  facet normal -0 0 -1
    outer loop
      vertex 19.6522 145.235 0
      vertex 14.5 141 0
      vertex 19.5681 145.482 0
    endloop
  endfacet
  facet normal 0 0 -1
    outer loop
      vertex 23.5 -5 0
      vertex 28.5 0 0
      vertex 28.5 -10 0
    endloop
  endfacet
  facet normal 0 0 -1
    outer loop
      vertex 23.4829 -4.73895 0
      vertex 28.5 0 0
      vertex 23.5 -5 0
    endloop
  endfacet
  facet normal 0 0 -1
    outer loop
      vertex 23.4319 -4.48236 0
      vertex 28.5 0 0
      vertex 23.4829 -4.73895 0
    endloop
  endfacet
  facet normal 0 0 -1
    outer loop
      vertex 28.5 -10 0
      vertex 23.4829 -5.26105 0
      vertex 23.5 -5 0
    endloop
  endfacet
  facet normal 0 0 -1
    outer loop
      vertex 28.5 -10 0
      vertex 23.4319 -5.51764 0
      vertex 23.4829 -5.26105 0
    endloop
  endfacet
  facet normal 0 0 -1
    outer loop
      vertex 28.5 -10 0
      vertex 23.3478 -5.76537 0
      vertex 23.4319 -5.51764 0
    endloop
  endfacet
  facet normal 0 0 -1
    outer loop
      vertex 28.5 -10 0
      vertex 23.232 -6 0
      vertex 23.3478 -5.76537 0
    endloop
  endfacet
  facet normal 0 0 -1
    outer loop
      vertex 28.5 -10 0
      vertex 23.0867 -6.21752 0
      vertex 23.232 -6 0
    endloop
  endfacet
  facet normal 0 0 -1
    outer loop
      vertex 28.5 -10 0
      vertex 22.9142 -6.41421 0
      vertex 23.0867 -6.21752 0
    endloop
  endfacet
  facet normal 0 0 -1
    outer loop
      vertex 28.5 -10 0
      vertex 22.7175 -6.58671 0
      vertex 22.9142 -6.41421 0
    endloop
  endfacet
  facet normal 0 0 -1
    outer loop
      vertex 28.5 -10 0
      vertex 22.5 -6.73205 0
      vertex 22.7175 -6.58671 0
    endloop
  endfacet
  facet normal 0 0 -1
    outer loop
      vertex 28.5 -10 0
      vertex 22.2654 -6.84776 0
      vertex 22.5 -6.73205 0
    endloop
  endfacet
  facet normal 0 0 -1
    outer loop
      vertex 28.5 -10 0
      vertex 22.0176 -6.93185 0
      vertex 22.2654 -6.84776 0
    endloop
  endfacet
  facet normal 0 0 -1
    outer loop
      vertex 28.5 -10 0
      vertex 21.7611 -6.98289 0
      vertex 22.0176 -6.93185 0
    endloop
  endfacet
  facet normal 0 0 -1
    outer loop
      vertex 28.5 -10 0
      vertex 21.5 -7 0
      vertex 21.7611 -6.98289 0
    endloop
  endfacet
  facet normal 0 0 -1
    outer loop
      vertex 14.5 -10 0
      vertex 21.5 -7 0
      vertex 28.5 -10 0
    endloop
  endfacet
  facet normal -0 0 -1
    outer loop
      vertex 21.5 -7 0
      vertex 14.5 -10 0
      vertex 21.2389 -6.98289 0
    endloop
  endfacet
  facet normal -0 0 -1
    outer loop
      vertex 21.2389 -6.98289 0
      vertex 14.5 -10 0
      vertex 20.9824 -6.93185 0
    endloop
  endfacet
  facet normal 0 0 -1
    outer loop
      vertex 14.5 0 0
      vertex 19.5 -5 0
      vertex 14.5 -10 0
    endloop
  endfacet
  facet normal -0 0 -1
    outer loop
      vertex 19.5171 -5.26105 0
      vertex 14.5 -10 0
      vertex 19.5 -5 0
    endloop
  endfacet
  facet normal -0 0 -1
    outer loop
      vertex 19.5681 -5.51764 0
      vertex 14.5 -10 0
      vertex 19.5171 -5.26105 0
    endloop
  endfacet
  facet normal -0 0 -1
    outer loop
      vertex 19.6522 -5.76537 0
      vertex 14.5 -10 0
      vertex 19.5681 -5.51764 0
    endloop
  endfacet
  facet normal -0 0 -1
    outer loop
      vertex 19.7679 -6 0
      vertex 14.5 -10 0
      vertex 19.6522 -5.76537 0
    endloop
  endfacet
  facet normal -0 0 -1
    outer loop
      vertex 19.9133 -6.21752 0
      vertex 14.5 -10 0
      vertex 19.7679 -6 0
    endloop
  endfacet
  facet normal -0 0 -1
    outer loop
      vertex 20.0858 -6.41421 0
      vertex 14.5 -10 0
      vertex 19.9133 -6.21752 0
    endloop
  endfacet
  facet normal -0 0 -1
    outer loop
      vertex 20.2825 -6.58671 0
      vertex 14.5 -10 0
      vertex 20.0858 -6.41421 0
    endloop
  endfacet
  facet normal -0 0 -1
    outer loop
      vertex 20.5 -6.73205 0
      vertex 14.5 -10 0
      vertex 20.2825 -6.58671 0
    endloop
  endfacet
  facet normal -0 0 -1
    outer loop
      vertex 20.7346 -6.84776 0
      vertex 14.5 -10 0
      vertex 20.5 -6.73205 0
    endloop
  endfacet
  facet normal -0 0 -1
    outer loop
      vertex 20.9824 -6.93185 0
      vertex 14.5 -10 0
      vertex 20.7346 -6.84776 0
    endloop
  endfacet
  facet normal 0 0 -1
    outer loop
      vertex 28.5 0 0
      vertex 43 141 0
      vertex 43 0 0
    endloop
  endfacet
  facet normal -0 0 -1
    outer loop
      vertex 43 141 0
      vertex 28.5 0 0
      vertex 28.5 141 0
    endloop
  endfacet
  facet normal 0 0 -1
    outer loop
      vertex 28.5 141 0
      vertex 23.5 146 0
      vertex 28.5 151 0
    endloop
  endfacet
  facet normal 0 0 -1
    outer loop
      vertex 23.4829 146.261 0
      vertex 28.5 151 0
      vertex 23.5 146 0
    endloop
  endfacet
  facet normal 0 0 -1
    outer loop
      vertex 23.4319 146.518 0
      vertex 28.5 151 0
      vertex 23.4829 146.261 0
    endloop
  endfacet
  facet normal 0 0 -1
    outer loop
      vertex 23.3478 146.765 0
      vertex 28.5 151 0
      vertex 23.4319 146.518 0
    endloop
  endfacet
  facet normal 0 0 -1
    outer loop
      vertex 23.232 147 0
      vertex 28.5 151 0
      vertex 23.3478 146.765 0
    endloop
  endfacet
  facet normal 0 0 -1
    outer loop
      vertex 23.0867 147.218 0
      vertex 28.5 151 0
      vertex 23.232 147 0
    endloop
  endfacet
  facet normal 0 0 -1
    outer loop
      vertex 22.9142 147.414 0
      vertex 28.5 151 0
      vertex 23.0867 147.218 0
    endloop
  endfacet
  facet normal 0 0 -1
    outer loop
      vertex 22.7175 147.587 0
      vertex 28.5 151 0
      vertex 22.9142 147.414 0
    endloop
  endfacet
  facet normal 0 0 -1
    outer loop
      vertex 22.5 147.732 0
      vertex 28.5 151 0
      vertex 22.7175 147.587 0
    endloop
  endfacet
  facet normal 0 0 -1
    outer loop
      vertex 22.2654 147.848 0
      vertex 28.5 151 0
      vertex 22.5 147.732 0
    endloop
  endfacet
  facet normal 0 0 -1
    outer loop
      vertex 22.0176 147.932 0
      vertex 28.5 151 0
      vertex 22.2654 147.848 0
    endloop
  endfacet
  facet normal 0 0 -1
    outer loop
      vertex 21.7611 147.983 0
      vertex 28.5 151 0
      vertex 22.0176 147.932 0
    endloop
  endfacet
  facet normal 0 0 -1
    outer loop
      vertex 21.5 148 0
      vertex 28.5 151 0
      vertex 21.7611 147.983 0
    endloop
  endfacet
  facet normal 0 0 -1
    outer loop
      vertex 14.5 151 0
      vertex 21.5 148 0
      vertex 21.2389 147.983 0
    endloop
  endfacet
  facet normal 0 0 -1
    outer loop
      vertex 14.5 151 0
      vertex 21.2389 147.983 0
      vertex 20.9824 147.932 0
    endloop
  endfacet
  facet normal 0 0 -1
    outer loop
      vertex 14.5 151 0
      vertex 20.9824 147.932 0
      vertex 20.7346 147.848 0
    endloop
  endfacet
  facet normal -0 0 -1
    outer loop
      vertex 19.5681 145.482 0
      vertex 14.5 141 0
      vertex 19.5171 145.739 0
    endloop
  endfacet
  facet normal -0 0 -1
    outer loop
      vertex 19.5171 145.739 0
      vertex 14.5 141 0
      vertex 19.5 146 0
    endloop
  endfacet
  facet normal 0 0 -1
    outer loop
      vertex 14.5 151 0
      vertex 19.5 146 0
      vertex 14.5 141 0
    endloop
  endfacet
  facet normal 0 0 -1
    outer loop
      vertex 19.5 146 0
      vertex 14.5 151 0
      vertex 19.5171 146.261 0
    endloop
  endfacet
  facet normal 0 0 -1
    outer loop
      vertex 19.5171 146.261 0
      vertex 14.5 151 0
      vertex 19.5681 146.518 0
    endloop
  endfacet
  facet normal 0 0 -1
    outer loop
      vertex 19.5681 146.518 0
      vertex 14.5 151 0
      vertex 19.6522 146.765 0
    endloop
  endfacet
  facet normal 0 0 -1
    outer loop
      vertex 19.6522 146.765 0
      vertex 14.5 151 0
      vertex 19.7679 147 0
    endloop
  endfacet
  facet normal 0 0 -1
    outer loop
      vertex 21.5 148 0
      vertex 14.5 151 0
      vertex 28.5 151 0
    endloop
  endfacet
  facet normal 0 0 -1
    outer loop
      vertex 20.5 147.732 0
      vertex 14.5 151 0
      vertex 20.7346 147.848 0
    endloop
  endfacet
  facet normal 0 0 -1
    outer loop
      vertex 20.2825 147.587 0
      vertex 14.5 151 0
      vertex 20.5 147.732 0
    endloop
  endfacet
  facet normal 0 0 -1
    outer loop
      vertex 20.0858 147.414 0
      vertex 14.5 151 0
      vertex 20.2825 147.587 0
    endloop
  endfacet
  facet normal 0 0 -1
    outer loop
      vertex 19.9133 147.218 0
      vertex 14.5 151 0
      vertex 20.0858 147.414 0
    endloop
  endfacet
  facet normal 0 0 -1
    outer loop
      vertex 19.7679 147 0
      vertex 14.5 151 0
      vertex 19.9133 147.218 0
    endloop
  endfacet
  facet normal -1 0 0
    outer loop
      vertex 0 141 0
      vertex 0 135.5 5.3
      vertex 0 141 16.6
    endloop
  endfacet
  facet normal -1 0 0
    outer loop
      vertex 0 141 0
      vertex 0 126.5 5.3
      vertex 0 135.5 5.3
    endloop
  endfacet
  facet normal -1 0 0
    outer loop
      vertex 0 0 16.6
      vertex 0 126.5 5.3
      vertex 0 0 0
    endloop
  endfacet
  facet normal -1 0 0
    outer loop
      vertex 0 0 0
      vertex 0 126.5 5.3
      vertex 0 141 0
    endloop
  endfacet
  facet normal -1 0 0
    outer loop
      vertex 0 135.5 13.3
      vertex 0 141 16.6
      vertex 0 135.5 5.3
    endloop
  endfacet
  facet normal -1 0 0
    outer loop
      vertex 0 126.5 13.3
      vertex 0 141 16.6
      vertex 0 135.5 13.3
    endloop
  endfacet
  facet normal -1 0 0
    outer loop
      vertex 0 126.5 5.3
      vertex 0 0 16.6
      vertex 0 126.5 13.3
    endloop
  endfacet
  facet normal -1 0 0
    outer loop
      vertex 0 126.5 13.3
      vertex 0 0 16.6
      vertex 0 141 16.6
    endloop
  endfacet
  facet normal 0 1 0
    outer loop
      vertex 43 141 16.6
      vertex 28.5 141 2
      vertex 0 141 16.6
    endloop
  endfacet
  facet normal 0 1 -0
    outer loop
      vertex 43 141 0
      vertex 28.5 141 2
      vertex 43 141 16.6
    endloop
  endfacet
  facet normal 0 1 0
    outer loop
      vertex 28.5 141 2
      vertex 43 141 0
      vertex 28.5 141 0
    endloop
  endfacet
  facet normal 0 1 -0
    outer loop
      vertex 14.5 141 2
      vertex 0 141 16.6
      vertex 28.5 141 2
    endloop
  endfacet
  facet normal 0 1 0
    outer loop
      vertex 0 141 0
      vertex 14.5 141 2
      vertex 14.5 141 0
    endloop
  endfacet
  facet normal 0 1 0
    outer loop
      vertex 14.5 141 2
      vertex 0 141 0
      vertex 0 141 16.6
    endloop
  endfacet
  facet normal 0 -1 0
    outer loop
      vertex 0 0 16.6
      vertex 14.5 0 2
      vertex 43 0 16.6
    endloop
  endfacet
  facet normal 0 -1 0
    outer loop
      vertex 0 0 0
      vertex 14.5 0 2
      vertex 0 0 16.6
    endloop
  endfacet
  facet normal 0 -1 -0
    outer loop
      vertex 14.5 0 2
      vertex 0 0 0
      vertex 14.5 0 0
    endloop
  endfacet
  facet normal 0 -1 0
    outer loop
      vertex 28.5 0 2
      vertex 43 0 16.6
      vertex 14.5 0 2
    endloop
  endfacet
  facet normal 0 -1 0
    outer loop
      vertex 43 0 0
      vertex 28.5 0 2
      vertex 28.5 0 0
    endloop
  endfacet
  facet normal 0 -1 0
    outer loop
      vertex 28.5 0 2
      vertex 43 0 0
      vertex 43 0 16.6
    endloop
  endfacet
  facet normal -1 0 0
    outer loop
      vertex 41 134.772 2
      vertex 41 131.5 5.3
      vertex 41 134.772 16.6
    endloop
  endfacet
  facet normal -1 0 0
    outer loop
      vertex 41 134.772 2
      vertex 41 122.5 5.3
      vertex 41 131.5 5.3
    endloop
  endfacet
  facet normal -1 -0 0
    outer loop
      vertex 41 122.5 5.3
      vertex 41 6.22771 2
      vertex 41 122.5 13.3
    endloop
  endfacet
  facet normal -1 0 0
    outer loop
      vertex 41 6.22771 2
      vertex 41 122.5 5.3
      vertex 41 134.772 2
    endloop
  endfacet
  facet normal -1 0 0
    outer loop
      vertex 41 131.5 13.3
      vertex 41 134.772 16.6
      vertex 41 131.5 5.3
    endloop
  endfacet
  facet normal -1 0 0
    outer loop
      vertex 41 122.5 13.3
      vertex 41 134.772 16.6
      vertex 41 131.5 13.3
    endloop
  endfacet
  facet normal -1 0 0
    outer loop
      vertex 41 6.22771 16.6
      vertex 41 122.5 13.3
      vertex 41 6.22771 2
    endloop
  endfacet
  facet normal -1 0 0
    outer loop
      vertex 41 122.5 13.3
      vertex 41 6.22771 16.6
      vertex 41 134.772 16.6
    endloop
  endfacet
  facet normal -0 0 1
    outer loop
      vertex 5.5 134.402 2
      vertex 17.5214 127.326 2
      vertex 5.82628 134.62 2
    endloop
  endfacet
  facet normal 0 0 1
    outer loop
      vertex 18.0166 125.478 2
      vertex 6.97433 4.39158 2
      vertex 7 4 2
    endloop
  endfacet
  facet normal 0 0 1
    outer loop
      vertex 17.5214 127.326 2
      vertex 5.5 134.402 2
      vertex 17.5 127 2
    endloop
  endfacet
  facet normal 0 0 1
    outer loop
      vertex 18.0166 125.478 2
      vertex 6.89778 4.77646 2
      vertex 6.97433 4.39158 2
    endloop
  endfacet
  facet normal -0 0 1
    outer loop
      vertex 5.14805 134.228 2
      vertex 17.5 127 2
      vertex 5.5 134.402 2
    endloop
  endfacet
  facet normal 0 0 1
    outer loop
      vertex 18.0166 125.478 2
      vertex 6.77164 5.14805 2
      vertex 6.89778 4.77646 2
    endloop
  endfacet
  facet normal 0 0 1
    outer loop
      vertex 17.5 127 2
      vertex 5.14805 134.228 2
      vertex 17.5214 126.674 2
    endloop
  endfacet
  facet normal 0 0 1
    outer loop
      vertex 18.0166 125.478 2
      vertex 6.59808 5.5 2
      vertex 6.77164 5.14805 2
    endloop
  endfacet
  facet normal -0 0 1
    outer loop
      vertex 4.77646 134.102 2
      vertex 17.5214 126.674 2
      vertex 5.14805 134.228 2
    endloop
  endfacet
  facet normal 0 0 1
    outer loop
      vertex 18.0166 125.478 2
      vertex 6.38006 5.82628 2
      vertex 6.59808 5.5 2
    endloop
  endfacet
  facet normal 0 0 1
    outer loop
      vertex 17.5214 126.674 2
      vertex 4.77646 134.102 2
      vertex 17.5852 126.353 2
    endloop
  endfacet
  facet normal 0 0 1
    outer loop
      vertex 18.0166 125.478 2
      vertex 6.12132 6.12132 2
      vertex 6.38006 5.82628 2
    endloop
  endfacet
  facet normal -0 0 1
    outer loop
      vertex 4.39158 134.026 2
      vertex 17.5852 126.353 2
      vertex 4.77646 134.102 2
    endloop
  endfacet
  facet normal 0 0 1
    outer loop
      vertex 18.0166 125.478 2
      vertex 5.82628 6.38006 2
      vertex 6.12132 6.12132 2
    endloop
  endfacet
  facet normal 0 0 1
    outer loop
      vertex 17.5852 126.353 2
      vertex 4.39158 134.026 2
      vertex 17.6903 126.043 2
    endloop
  endfacet
  facet normal 0 0 1
    outer loop
      vertex 18.0166 125.478 2
      vertex 5.5 6.59808 2
      vertex 5.82628 6.38006 2
    endloop
  endfacet
  facet normal -0 0 1
    outer loop
      vertex 4 134 2
      vertex 17.6903 126.043 2
      vertex 4.39158 134.026 2
    endloop
  endfacet
  facet normal 0 0 1
    outer loop
      vertex 18.0166 125.478 2
      vertex 5.14805 6.77164 2
      vertex 5.5 6.59808 2
    endloop
  endfacet
  facet normal 0 0 1
    outer loop
      vertex 17.6903 126.043 2
      vertex 4 134 2
      vertex 17.8349 125.75 2
    endloop
  endfacet
  facet normal 0 0 1
    outer loop
      vertex 18.0166 125.478 2
      vertex 4.77646 6.89778 2
      vertex 5.14805 6.77164 2
    endloop
  endfacet
  facet normal 0 0 1
    outer loop
      vertex 3.60842 134.026 2
      vertex 17.8349 125.75 2
      vertex 4 134 2
    endloop
  endfacet
  facet normal 0 0 1
    outer loop
      vertex 18.0166 125.478 2
      vertex 4.39158 6.97433 2
      vertex 4.77646 6.89778 2
    endloop
  endfacet
  facet normal 0 0 1
    outer loop
      vertex 17.8349 125.75 2
      vertex 3.60842 134.026 2
      vertex 18.0166 125.478 2
    endloop
  endfacet
  facet normal 0 0 1
    outer loop
      vertex 18.0166 125.478 2
      vertex 4 7 2
      vertex 4.39158 6.97433 2
    endloop
  endfacet
  facet normal 0 0 1
    outer loop
      vertex 3.22354 134.102 2
      vertex 18.0166 125.478 2
      vertex 3.60842 134.026 2
    endloop
  endfacet
  facet normal 0 0 1
    outer loop
      vertex 18.0166 125.478 2
      vertex 3.60842 6.97433 2
      vertex 4 7 2
    endloop
  endfacet
  facet normal 0 0 1
    outer loop
      vertex 2.85195 134.228 2
      vertex 18.0166 125.478 2
      vertex 3.22354 134.102 2
    endloop
  endfacet
  facet normal 0 0 1
    outer loop
      vertex 18.0166 125.478 2
      vertex 3.22354 6.89778 2
      vertex 3.60842 6.97433 2
    endloop
  endfacet
  facet normal 0 0 1
    outer loop
      vertex 2.85195 6.77164 2
      vertex 18.0166 125.478 2
      vertex 2.85195 134.228 2
    endloop
  endfacet
  facet normal 0 0 1
    outer loop
      vertex 18.0166 125.478 2
      vertex 2.85195 6.77164 2
      vertex 3.22354 6.89778 2
    endloop
  endfacet
  facet normal 0 0 1
    outer loop
      vertex 2.5 134.402 2
      vertex 2.85195 6.77164 2
      vertex 2.85195 134.228 2
    endloop
  endfacet
  facet normal 0 0 1
    outer loop
      vertex 2.5 134.402 2
      vertex 2.5 6.59808 2
      vertex 2.85195 6.77164 2
    endloop
  endfacet
  facet normal 0 0 1
    outer loop
      vertex 2.17372 134.62 2
      vertex 2.5 6.59808 2
      vertex 2.5 134.402 2
    endloop
  endfacet
  facet normal 0 0 1
    outer loop
      vertex 2.17372 134.62 2
      vertex 2.17372 6.38006 2
      vertex 2.5 6.59808 2
    endloop
  endfacet
  facet normal 0 0 1
    outer loop
      vertex 2 134.772 2
      vertex 2.17372 6.38006 2
      vertex 2.17372 134.62 2
    endloop
  endfacet
  facet normal 0 0 1
    outer loop
      vertex 2.17372 6.38006 2
      vertex 2 134.772 2
      vertex 2 6.22771 2
    endloop
  endfacet
  facet normal 0 0 1
    outer loop
      vertex 21.7678 125.232 2
      vertex 39.3916 134.026 2
      vertex 21.9834 125.478 2
    endloop
  endfacet
  facet normal 0 0 1
    outer loop
      vertex 39 7 2
      vertex 22.4786 10.3263 2
      vertex 22.5 10 2
    endloop
  endfacet
  facet normal -0 0 1
    outer loop
      vertex 39.3916 134.026 2
      vertex 21.7678 125.232 2
      vertex 39.7765 134.102 2
    endloop
  endfacet
  facet normal 0 0 1
    outer loop
      vertex 39 7 2
      vertex 22.4148 10.647 2
      vertex 22.4786 10.3263 2
    endloop
  endfacet
  facet normal 0 0 1
    outer loop
      vertex 21.5219 125.017 2
      vertex 39.7765 134.102 2
      vertex 21.7678 125.232 2
    endloop
  endfacet
  facet normal 0 0 1
    outer loop
      vertex 39 7 2
      vertex 22.3097 10.9567 2
      vertex 22.4148 10.647 2
    endloop
  endfacet
  facet normal 0 0 1
    outer loop
      vertex 39.7765 134.102 2
      vertex 21.5219 125.017 2
      vertex 39.7765 6.89778 2
    endloop
  endfacet
  facet normal 0 0 1
    outer loop
      vertex 39 7 2
      vertex 22.1651 11.25 2
      vertex 22.3097 10.9567 2
    endloop
  endfacet
  facet normal -0 0 1
    outer loop
      vertex 21.25 124.835 2
      vertex 39.7765 6.89778 2
      vertex 21.5219 125.017 2
    endloop
  endfacet
  facet normal 0 0 1
    outer loop
      vertex 39 7 2
      vertex 21.9834 11.5219 2
      vertex 22.1651 11.25 2
    endloop
  endfacet
  facet normal 0 0 1
    outer loop
      vertex 39.7765 6.89778 2
      vertex 21.25 124.835 2
      vertex 39.3916 6.97433 2
    endloop
  endfacet
  facet normal 0 0 1
    outer loop
      vertex 39 7 2
      vertex 21.7678 11.7678 2
      vertex 21.9834 11.5219 2
    endloop
  endfacet
  facet normal -0 0 1
    outer loop
      vertex 20.9567 124.69 2
      vertex 39.3916 6.97433 2
      vertex 21.25 124.835 2
    endloop
  endfacet
  facet normal 0 0 1
    outer loop
      vertex 39 7 2
      vertex 21.5219 11.9834 2
      vertex 21.7678 11.7678 2
    endloop
  endfacet
  facet normal -0 0 1
    outer loop
      vertex 20.9567 12.3097 2
      vertex 39.3916 6.97433 2
      vertex 20.9567 124.69 2
    endloop
  endfacet
  facet normal 0 0 1
    outer loop
      vertex 39 7 2
      vertex 21.25 12.1651 2
      vertex 21.5219 11.9834 2
    endloop
  endfacet
  facet normal -0 -0 1
    outer loop
      vertex 21.25 12.1651 2
      vertex 39.3916 6.97433 2
      vertex 20.9567 12.3097 2
    endloop
  endfacet
  facet normal 0 0 1
    outer loop
      vertex 39.3916 6.97433 2
      vertex 21.25 12.1651 2
      vertex 39 7 2
    endloop
  endfacet
  facet normal -0 0 1
    outer loop
      vertex 20.647 124.585 2
      vertex 20.9567 12.3097 2
      vertex 20.9567 124.69 2
    endloop
  endfacet
  facet normal 0 0 1
    outer loop
      vertex 20.647 124.585 2
      vertex 20.647 12.4148 2
      vertex 20.9567 12.3097 2
    endloop
  endfacet
  facet normal -0 0 1
    outer loop
      vertex 20.3263 124.521 2
      vertex 20.647 12.4148 2
      vertex 20.647 124.585 2
    endloop
  endfacet
  facet normal 0 0 1
    outer loop
      vertex 20.3263 124.521 2
      vertex 20.3263 12.4786 2
      vertex 20.647 12.4148 2
    endloop
  endfacet
  facet normal -0 0 1
    outer loop
      vertex 20 124.5 2
      vertex 20.3263 12.4786 2
      vertex 20.3263 124.521 2
    endloop
  endfacet
  facet normal 0 0 1
    outer loop
      vertex 20 124.5 2
      vertex 20 12.5 2
      vertex 20.3263 12.4786 2
    endloop
  endfacet
  facet normal 0 0 1
    outer loop
      vertex 19.6737 124.521 2
      vertex 20 12.5 2
      vertex 20 124.5 2
    endloop
  endfacet
  facet normal 0 0 1
    outer loop
      vertex 19.6737 124.521 2
      vertex 19.6737 12.4786 2
      vertex 20 12.5 2
    endloop
  endfacet
  facet normal 0 0 1
    outer loop
      vertex 19.353 124.585 2
      vertex 19.6737 12.4786 2
      vertex 19.6737 124.521 2
    endloop
  endfacet
  facet normal 0 0 1
    outer loop
      vertex 19.353 124.585 2
      vertex 19.353 12.4148 2
      vertex 19.6737 12.4786 2
    endloop
  endfacet
  facet normal 0 0 1
    outer loop
      vertex 19.0433 124.69 2
      vertex 19.353 12.4148 2
      vertex 19.353 124.585 2
    endloop
  endfacet
  facet normal 0 0 1
    outer loop
      vertex 19.0433 124.69 2
      vertex 19.0433 12.3097 2
      vertex 19.353 12.4148 2
    endloop
  endfacet
  facet normal 0 0 1
    outer loop
      vertex 18.75 124.835 2
      vertex 19.0433 12.3097 2
      vertex 19.0433 124.69 2
    endloop
  endfacet
  facet normal 0 0 1
    outer loop
      vertex 18.75 124.835 2
      vertex 18.75 12.1651 2
      vertex 19.0433 12.3097 2
    endloop
  endfacet
  facet normal 0 0 1
    outer loop
      vertex 18.4781 125.017 2
      vertex 18.75 12.1651 2
      vertex 18.75 124.835 2
    endloop
  endfacet
  facet normal 0 0 1
    outer loop
      vertex 18.4781 125.017 2
      vertex 18.4781 11.9834 2
      vertex 18.75 12.1651 2
    endloop
  endfacet
  facet normal 0 0 1
    outer loop
      vertex 7 4 2
      vertex 18.4781 125.017 2
      vertex 18.2322 125.232 2
    endloop
  endfacet
  facet normal 0 0 1
    outer loop
      vertex 18.4781 125.017 2
      vertex 7 4 2
      vertex 18.4781 11.9834 2
    endloop
  endfacet
  facet normal 0 0 1
    outer loop
      vertex 7 4 2
      vertex 18.2322 125.232 2
      vertex 18.0166 125.478 2
    endloop
  endfacet
  facet normal 0 0 1
    outer loop
      vertex 18.4781 11.9834 2
      vertex 7 4 2
      vertex 18.2322 11.7678 2
    endloop
  endfacet
  facet normal -0 0 1
    outer loop
      vertex 5.82628 134.62 2
      vertex 17.5852 127.647 2
      vertex 6.12132 134.879 2
    endloop
  endfacet
  facet normal 0 0 1
    outer loop
      vertex 18.2322 11.7678 2
      vertex 7 4 2
      vertex 18.0166 11.5219 2
    endloop
  endfacet
  facet normal 0 0 1
    outer loop
      vertex 17.6903 127.957 2
      vertex 6.12132 134.879 2
      vertex 17.5852 127.647 2
    endloop
  endfacet
  facet normal 0 0 1
    outer loop
      vertex 18.0166 11.5219 2
      vertex 7 4 2
      vertex 17.8349 11.25 2
    endloop
  endfacet
  facet normal -0 0 1
    outer loop
      vertex 6.12132 134.879 2
      vertex 17.6903 127.957 2
      vertex 6.38006 135.174 2
    endloop
  endfacet
  facet normal 0 0 1
    outer loop
      vertex 17.8349 11.25 2
      vertex 7 4 2
      vertex 17.6903 10.9567 2
    endloop
  endfacet
  facet normal 0 0 1
    outer loop
      vertex 17.8349 128.25 2
      vertex 6.38006 135.174 2
      vertex 17.6903 127.957 2
    endloop
  endfacet
  facet normal 0 0 1
    outer loop
      vertex 17.6903 10.9567 2
      vertex 7 4 2
      vertex 17.5852 10.647 2
    endloop
  endfacet
  facet normal -0 0 1
    outer loop
      vertex 6.38006 135.174 2
      vertex 17.8349 128.25 2
      vertex 6.59808 135.5 2
    endloop
  endfacet
  facet normal 0 0 1
    outer loop
      vertex 17.5852 10.647 2
      vertex 7 4 2
      vertex 17.5214 10.3263 2
    endloop
  endfacet
  facet normal -0 0 1
    outer loop
      vertex 22.4148 9.35295 2
      vertex 36.2284 5.14805 2
      vertex 22.4786 9.67369 2
    endloop
  endfacet
  facet normal 0 0 1
    outer loop
      vertex 21.25 129.165 2
      vertex 36 137 2
      vertex 36.0257 137.392 2
    endloop
  endfacet
  facet normal 0 0 1
    outer loop
      vertex 20.9567 129.31 2
      vertex 36.0257 137.392 2
      vertex 36.1022 137.776 2
    endloop
  endfacet
  facet normal 0 0 1
    outer loop
      vertex 20.647 129.415 2
      vertex 36.1022 137.776 2
      vertex 36.2284 138.148 2
    endloop
  endfacet
  facet normal 0 0 1
    outer loop
      vertex 20.3263 129.479 2
      vertex 36.2284 138.148 2
      vertex 36.4019 138.5 2
    endloop
  endfacet
  facet normal 0 0 1
    outer loop
      vertex 6.59808 138.5 2
      vertex 36.4019 138.5 2
      vertex 36.6199 138.826 2
    endloop
  endfacet
  facet normal 0 0 1
    outer loop
      vertex 6.38006 138.826 2
      vertex 36.6199 138.826 2
      vertex 36.7723 139 2
    endloop
  endfacet
  facet normal 0 0 1
    outer loop
      vertex 36.0257 136.608 2
      vertex 22.4786 127.326 2
      vertex 22.5 127 2
    endloop
  endfacet
  facet normal 0 0 1
    outer loop
      vertex 36.0257 136.608 2
      vertex 22.4148 127.647 2
      vertex 22.4786 127.326 2
    endloop
  endfacet
  facet normal 0 0 1
    outer loop
      vertex 36.0257 136.608 2
      vertex 22.3097 127.957 2
      vertex 22.4148 127.647 2
    endloop
  endfacet
  facet normal 0 0 1
    outer loop
      vertex 36.0257 136.608 2
      vertex 22.1651 128.25 2
      vertex 22.3097 127.957 2
    endloop
  endfacet
  facet normal 0 0 1
    outer loop
      vertex 36.0257 136.608 2
      vertex 21.9834 128.522 2
      vertex 22.1651 128.25 2
    endloop
  endfacet
  facet normal 0 0 1
    outer loop
      vertex 36.0257 136.608 2
      vertex 21.7678 128.768 2
      vertex 21.9834 128.522 2
    endloop
  endfacet
  facet normal 0 0 1
    outer loop
      vertex 36.0257 136.608 2
      vertex 21.5219 128.983 2
      vertex 21.7678 128.768 2
    endloop
  endfacet
  facet normal 0 0 1
    outer loop
      vertex 36 137 2
      vertex 21.25 129.165 2
      vertex 21.5219 128.983 2
    endloop
  endfacet
  facet normal 0 0 1
    outer loop
      vertex 36.0257 137.392 2
      vertex 20.9567 129.31 2
      vertex 21.25 129.165 2
    endloop
  endfacet
  facet normal 0 0 1
    outer loop
      vertex 36.1022 137.776 2
      vertex 20.647 129.415 2
      vertex 20.9567 129.31 2
    endloop
  endfacet
  facet normal 0 0 1
    outer loop
      vertex 36.2284 138.148 2
      vertex 20.3263 129.479 2
      vertex 20.647 129.415 2
    endloop
  endfacet
  facet normal 0 0 1
    outer loop
      vertex 36.4019 138.5 2
      vertex 6.59808 138.5 2
      vertex 20.3263 129.479 2
    endloop
  endfacet
  facet normal 0 0 1
    outer loop
      vertex 20.3263 129.479 2
      vertex 6.59808 138.5 2
      vertex 20 129.5 2
    endloop
  endfacet
  facet normal -0 -0 1
    outer loop
      vertex 6.77164 138.148 2
      vertex 20 129.5 2
      vertex 6.59808 138.5 2
    endloop
  endfacet
  facet normal 0 0 1
    outer loop
      vertex 20 129.5 2
      vertex 6.77164 138.148 2
      vertex 19.6737 129.479 2
    endloop
  endfacet
  facet normal 0 0 1
    outer loop
      vertex 19.6737 129.479 2
      vertex 6.89778 137.776 2
      vertex 19.353 129.415 2
    endloop
  endfacet
  facet normal 0 0 1
    outer loop
      vertex 17.5852 127.647 2
      vertex 5.82628 134.62 2
      vertex 17.5214 127.326 2
    endloop
  endfacet
  facet normal 0 0 1
    outer loop
      vertex 18.0166 128.522 2
      vertex 6.59808 135.5 2
      vertex 17.8349 128.25 2
    endloop
  endfacet
  facet normal -0 0 1
    outer loop
      vertex 6.59808 135.5 2
      vertex 18.0166 128.522 2
      vertex 6.77164 135.852 2
    endloop
  endfacet
  facet normal 0 0 1
    outer loop
      vertex 18.2322 128.768 2
      vertex 6.77164 135.852 2
      vertex 18.0166 128.522 2
    endloop
  endfacet
  facet normal -0 0 1
    outer loop
      vertex 6.77164 135.852 2
      vertex 18.2322 128.768 2
      vertex 6.89778 136.224 2
    endloop
  endfacet
  facet normal 0 0 1
    outer loop
      vertex 18.4781 128.983 2
      vertex 6.89778 136.224 2
      vertex 18.2322 128.768 2
    endloop
  endfacet
  facet normal -0 0 1
    outer loop
      vertex 6.89778 136.224 2
      vertex 18.4781 128.983 2
      vertex 6.97433 136.608 2
    endloop
  endfacet
  facet normal 0 0 1
    outer loop
      vertex 18.75 129.165 2
      vertex 6.97433 136.608 2
      vertex 18.4781 128.983 2
    endloop
  endfacet
  facet normal -0 0 1
    outer loop
      vertex 6.97433 136.608 2
      vertex 18.75 129.165 2
      vertex 7 137 2
    endloop
  endfacet
  facet normal -0 -0 1
    outer loop
      vertex 6.97433 137.392 2
      vertex 19.353 129.415 2
      vertex 6.89778 137.776 2
    endloop
  endfacet
  facet normal 0 0 1
    outer loop
      vertex 19.0433 129.31 2
      vertex 7 137 2
      vertex 18.75 129.165 2
    endloop
  endfacet
  facet normal -0 -0 1
    outer loop
      vertex 7 137 2
      vertex 19.0433 129.31 2
      vertex 6.97433 137.392 2
    endloop
  endfacet
  facet normal 0 0 1
    outer loop
      vertex 19.353 129.415 2
      vertex 6.97433 137.392 2
      vertex 19.0433 129.31 2
    endloop
  endfacet
  facet normal -0 -0 1
    outer loop
      vertex 6.89778 137.776 2
      vertex 19.6737 129.479 2
      vertex 6.77164 138.148 2
    endloop
  endfacet
  facet normal 0 0 1
    outer loop
      vertex 36.6199 138.826 2
      vertex 6.38006 138.826 2
      vertex 6.59808 138.5 2
    endloop
  endfacet
  facet normal 0 -0 1
    outer loop
      vertex 6.38006 138.826 2
      vertex 36.7723 139 2
      vertex 6.22771 139 2
    endloop
  endfacet
  facet normal -0 0 1
    outer loop
      vertex 40.8263 134.62 2
      vertex 41 6.22771 2
      vertex 41 134.772 2
    endloop
  endfacet
  facet normal 0 0 1
    outer loop
      vertex 40.8263 134.62 2
      vertex 40.8263 6.38006 2
      vertex 41 6.22771 2
    endloop
  endfacet
  facet normal -0 0 1
    outer loop
      vertex 40.5 134.402 2
      vertex 40.8263 6.38006 2
      vertex 40.8263 134.62 2
    endloop
  endfacet
  facet normal 0 0 1
    outer loop
      vertex 40.5 134.402 2
      vertex 40.5 6.59808 2
      vertex 40.8263 6.38006 2
    endloop
  endfacet
  facet normal -0 0 1
    outer loop
      vertex 40.148 134.228 2
      vertex 40.5 6.59808 2
      vertex 40.5 134.402 2
    endloop
  endfacet
  facet normal 0 0 1
    outer loop
      vertex 40.148 134.228 2
      vertex 40.148 6.77164 2
      vertex 40.5 6.59808 2
    endloop
  endfacet
  facet normal -0 0 1
    outer loop
      vertex 39.7765 134.102 2
      vertex 40.148 6.77164 2
      vertex 40.148 134.228 2
    endloop
  endfacet
  facet normal 0 0 1
    outer loop
      vertex 39.7765 134.102 2
      vertex 39.7765 6.89778 2
      vertex 40.148 6.77164 2
    endloop
  endfacet
  facet normal 0 0 1
    outer loop
      vertex 38.2235 134.102 2
      vertex 22.3097 126.043 2
      vertex 38.6084 134.026 2
    endloop
  endfacet
  facet normal 0 0 1
    outer loop
      vertex 22.1651 125.75 2
      vertex 38.6084 134.026 2
      vertex 22.3097 126.043 2
    endloop
  endfacet
  facet normal 0 0 1
    outer loop
      vertex 22.3097 126.043 2
      vertex 38.2235 134.102 2
      vertex 22.4148 126.353 2
    endloop
  endfacet
  facet normal 0 0 1
    outer loop
      vertex 38.6084 134.026 2
      vertex 22.1651 125.75 2
      vertex 39 134 2
    endloop
  endfacet
  facet normal 0 0 1
    outer loop
      vertex 37.852 134.228 2
      vertex 22.4148 126.353 2
      vertex 38.2235 134.102 2
    endloop
  endfacet
  facet normal 0 0 1
    outer loop
      vertex 21.9834 125.478 2
      vertex 39 134 2
      vertex 22.1651 125.75 2
    endloop
  endfacet
  facet normal 0 0 1
    outer loop
      vertex 22.4148 126.353 2
      vertex 37.852 134.228 2
      vertex 22.4786 126.674 2
    endloop
  endfacet
  facet normal -0 0 1
    outer loop
      vertex 39 134 2
      vertex 21.9834 125.478 2
      vertex 39.3916 134.026 2
    endloop
  endfacet
  facet normal 0 0 1
    outer loop
      vertex 37.5 134.402 2
      vertex 22.4786 126.674 2
      vertex 37.852 134.228 2
    endloop
  endfacet
  facet normal 0 0 1
    outer loop
      vertex 39 7 2
      vertex 22.5 10 2
      vertex 38.6084 6.97433 2
    endloop
  endfacet
  facet normal 0 0 1
    outer loop
      vertex 22.4786 126.674 2
      vertex 37.5 134.402 2
      vertex 22.5 127 2
    endloop
  endfacet
  facet normal 0 0 1
    outer loop
      vertex 38.6084 6.97433 2
      vertex 22.5 10 2
      vertex 38.2235 6.89778 2
    endloop
  endfacet
  facet normal 0 0 1
    outer loop
      vertex 22.5 127 2
      vertex 37.5 134.402 2
      vertex 37.1737 134.62 2
    endloop
  endfacet
  facet normal 0 0 1
    outer loop
      vertex 38.2235 6.89778 2
      vertex 22.5 10 2
      vertex 37.852 6.77164 2
    endloop
  endfacet
  facet normal 0 0 1
    outer loop
      vertex 22.5 127 2
      vertex 37.1737 134.62 2
      vertex 36.8787 134.879 2
    endloop
  endfacet
  facet normal 0 0 1
    outer loop
      vertex 37.852 6.77164 2
      vertex 22.5 10 2
      vertex 37.5 6.59808 2
    endloop
  endfacet
  facet normal 0 0 1
    outer loop
      vertex 22.5 127 2
      vertex 36.8787 134.879 2
      vertex 36.6199 135.174 2
    endloop
  endfacet
  facet normal 0 0 1
    outer loop
      vertex 37.5 6.59808 2
      vertex 22.5 10 2
      vertex 37.1737 6.38006 2
    endloop
  endfacet
  facet normal 0 0 1
    outer loop
      vertex 22.5 127 2
      vertex 36.6199 135.174 2
      vertex 36.4019 135.5 2
    endloop
  endfacet
  facet normal 0 0 1
    outer loop
      vertex 37.1737 6.38006 2
      vertex 22.5 10 2
      vertex 36.8787 6.12132 2
    endloop
  endfacet
  facet normal 0 0 1
    outer loop
      vertex 22.5 127 2
      vertex 36.4019 135.5 2
      vertex 36.2284 135.852 2
    endloop
  endfacet
  facet normal 0 0 1
    outer loop
      vertex 36.8787 6.12132 2
      vertex 22.5 10 2
      vertex 36.6199 5.82628 2
    endloop
  endfacet
  facet normal 0 0 1
    outer loop
      vertex 22.5 127 2
      vertex 36.2284 135.852 2
      vertex 36.1022 136.224 2
    endloop
  endfacet
  facet normal 0 0 1
    outer loop
      vertex 36.6199 5.82628 2
      vertex 22.5 10 2
      vertex 36.4019 5.5 2
    endloop
  endfacet
  facet normal 0 0 1
    outer loop
      vertex 22.5 127 2
      vertex 36.1022 136.224 2
      vertex 36.0257 136.608 2
    endloop
  endfacet
  facet normal -0 0 1
    outer loop
      vertex 22.4786 9.67369 2
      vertex 36.4019 5.5 2
      vertex 22.5 10 2
    endloop
  endfacet
  facet normal 0 0 1
    outer loop
      vertex 21.5219 128.983 2
      vertex 36.0257 136.608 2
      vertex 36 137 2
    endloop
  endfacet
  facet normal 0 0 1
    outer loop
      vertex 36.4019 5.5 2
      vertex 22.4786 9.67369 2
      vertex 36.2284 5.14805 2
    endloop
  endfacet
  facet normal 0 0 1
    outer loop
      vertex 36.2284 5.14805 2
      vertex 22.4148 9.35295 2
      vertex 36.1022 4.77646 2
    endloop
  endfacet
  facet normal -0 0 1
    outer loop
      vertex 22.3097 9.04329 2
      vertex 36.1022 4.77646 2
      vertex 22.4148 9.35295 2
    endloop
  endfacet
  facet normal 0 0 1
    outer loop
      vertex 36.1022 4.77646 2
      vertex 22.3097 9.04329 2
      vertex 36.0257 4.39158 2
    endloop
  endfacet
  facet normal -0 0 1
    outer loop
      vertex 22.1651 8.75 2
      vertex 36.0257 4.39158 2
      vertex 22.3097 9.04329 2
    endloop
  endfacet
  facet normal 0 0 1
    outer loop
      vertex 36.0257 4.39158 2
      vertex 22.1651 8.75 2
      vertex 36 4 2
    endloop
  endfacet
  facet normal -0 0 1
    outer loop
      vertex 21.9834 8.4781 2
      vertex 36 4 2
      vertex 22.1651 8.75 2
    endloop
  endfacet
  facet normal 0 0 1
    outer loop
      vertex 36 4 2
      vertex 21.9834 8.4781 2
      vertex 36.0257 3.60842 2
    endloop
  endfacet
  facet normal -0 0 1
    outer loop
      vertex 21.7678 8.23223 2
      vertex 36.0257 3.60842 2
      vertex 21.9834 8.4781 2
    endloop
  endfacet
  facet normal 0 0 1
    outer loop
      vertex 36.0257 3.60842 2
      vertex 21.7678 8.23223 2
      vertex 36.1022 3.22354 2
    endloop
  endfacet
  facet normal -0 0 1
    outer loop
      vertex 21.5219 8.01662 2
      vertex 36.1022 3.22354 2
      vertex 21.7678 8.23223 2
    endloop
  endfacet
  facet normal 0 0 1
    outer loop
      vertex 36.1022 3.22354 2
      vertex 21.5219 8.01662 2
      vertex 36.2284 2.85195 2
    endloop
  endfacet
  facet normal -0 0 1
    outer loop
      vertex 21.25 7.83494 2
      vertex 36.2284 2.85195 2
      vertex 21.5219 8.01662 2
    endloop
  endfacet
  facet normal 0 0 1
    outer loop
      vertex 36.2284 2.85195 2
      vertex 21.25 7.83494 2
      vertex 36.4019 2.5 2
    endloop
  endfacet
  facet normal -0 0 1
    outer loop
      vertex 20.9567 7.6903 2
      vertex 36.4019 2.5 2
      vertex 21.25 7.83494 2
    endloop
  endfacet
  facet normal 0 0 1
    outer loop
      vertex 36.4019 2.5 2
      vertex 20.9567 7.6903 2
      vertex 36.6199 2.17372 2
    endloop
  endfacet
  facet normal -0 0 1
    outer loop
      vertex 20.647 7.58519 2
      vertex 36.6199 2.17372 2
      vertex 20.9567 7.6903 2
    endloop
  endfacet
  facet normal 0 0 1
    outer loop
      vertex 36.6199 2.17372 2
      vertex 20.647 7.58519 2
      vertex 36.7723 2 2
    endloop
  endfacet
  facet normal -0 0 1
    outer loop
      vertex 20.3263 7.52139 2
      vertex 36.7723 2 2
      vertex 20.647 7.58519 2
    endloop
  endfacet
  facet normal -0 0 1
    outer loop
      vertex 20 7.5 2
      vertex 36.7723 2 2
      vertex 20.3263 7.52139 2
    endloop
  endfacet
  facet normal 0 0 1
    outer loop
      vertex 6.22771 2 2
      vertex 20 7.5 2
      vertex 19.6737 7.52139 2
    endloop
  endfacet
  facet normal 0 0 1
    outer loop
      vertex 6.38006 2.17372 2
      vertex 19.6737 7.52139 2
      vertex 19.353 7.58519 2
    endloop
  endfacet
  facet normal 0 0 1
    outer loop
      vertex 17.5214 10.3263 2
      vertex 7 4 2
      vertex 17.5 10 2
    endloop
  endfacet
  facet normal 0 0 1
    outer loop
      vertex 17.5 10 2
      vertex 7 4 2
      vertex 17.5214 9.67369 2
    endloop
  endfacet
  facet normal 0 0 1
    outer loop
      vertex 7 4 2
      vertex 17.5852 9.35295 2
      vertex 17.5214 9.67369 2
    endloop
  endfacet
  facet normal 0 0 1
    outer loop
      vertex 7 4 2
      vertex 17.6903 9.04329 2
      vertex 17.5852 9.35295 2
    endloop
  endfacet
  facet normal 0 0 1
    outer loop
      vertex 7 4 2
      vertex 17.8349 8.75 2
      vertex 17.6903 9.04329 2
    endloop
  endfacet
  facet normal 0 0 1
    outer loop
      vertex 7 4 2
      vertex 18.0166 8.4781 2
      vertex 17.8349 8.75 2
    endloop
  endfacet
  facet normal 0 0 1
    outer loop
      vertex 7 4 2
      vertex 18.2322 8.23223 2
      vertex 18.0166 8.4781 2
    endloop
  endfacet
  facet normal 0 0 1
    outer loop
      vertex 6.97433 3.60842 2
      vertex 18.2322 8.23223 2
      vertex 7 4 2
    endloop
  endfacet
  facet normal 0 0 1
    outer loop
      vertex 18.2322 8.23223 2
      vertex 6.97433 3.60842 2
      vertex 18.4781 8.01662 2
    endloop
  endfacet
  facet normal 0 0 1
    outer loop
      vertex 6.89778 3.22354 2
      vertex 18.4781 8.01662 2
      vertex 6.97433 3.60842 2
    endloop
  endfacet
  facet normal 0 0 1
    outer loop
      vertex 18.4781 8.01662 2
      vertex 6.89778 3.22354 2
      vertex 18.75 7.83494 2
    endloop
  endfacet
  facet normal 0 0 1
    outer loop
      vertex 6.77164 2.85195 2
      vertex 18.75 7.83494 2
      vertex 6.89778 3.22354 2
    endloop
  endfacet
  facet normal 0 0 1
    outer loop
      vertex 18.75 7.83494 2
      vertex 6.77164 2.85195 2
      vertex 19.0433 7.6903 2
    endloop
  endfacet
  facet normal 0 0 1
    outer loop
      vertex 6.59808 2.5 2
      vertex 19.0433 7.6903 2
      vertex 6.77164 2.85195 2
    endloop
  endfacet
  facet normal 0 0 1
    outer loop
      vertex 19.0433 7.6903 2
      vertex 6.59808 2.5 2
      vertex 19.353 7.58519 2
    endloop
  endfacet
  facet normal 0 0 1
    outer loop
      vertex 6.38006 2.17372 2
      vertex 19.353 7.58519 2
      vertex 6.59808 2.5 2
    endloop
  endfacet
  facet normal 0 0 1
    outer loop
      vertex 19.6737 7.52139 2
      vertex 6.38006 2.17372 2
      vertex 6.22771 2 2
    endloop
  endfacet
  facet normal 0 0 1
    outer loop
      vertex 20 7.5 2
      vertex 6.22771 2 2
      vertex 36.7723 2 2
    endloop
  endfacet
  facet normal 1 0 0
    outer loop
      vertex 2 134.772 16.6
      vertex 2 126.5 13.3
      vertex 2 134.772 13.3
    endloop
  endfacet
  facet normal 1 0 0
    outer loop
      vertex 2 126.5 13.3
      vertex 2 6.22771 16.6
      vertex 2 126.5 5.3
    endloop
  endfacet
  facet normal 1 -0 0
    outer loop
      vertex 2 6.22771 16.6
      vertex 2 126.5 13.3
      vertex 2 134.772 16.6
    endloop
  endfacet
  facet normal 1 -0 0
    outer loop
      vertex 2 126.5 5.3
      vertex 2 134.772 2
      vertex 2 134.772 5.3
    endloop
  endfacet
  facet normal 1 0 0
    outer loop
      vertex 2 6.22771 2
      vertex 2 126.5 5.3
      vertex 2 6.22771 16.6
    endloop
  endfacet
  facet normal 1 0 0
    outer loop
      vertex 2 126.5 5.3
      vertex 2 6.22771 2
      vertex 2 134.772 2
    endloop
  endfacet
  facet normal 0 -1 0
    outer loop
      vertex 6.22771 139 2
      vertex 36.7723 139 16.6
      vertex 6.22771 139 16.6
    endloop
  endfacet
  facet normal 0 -1 -0
    outer loop
      vertex 36.7723 139 16.6
      vertex 6.22771 139 2
      vertex 36.7723 139 2
    endloop
  endfacet
  facet normal 0 1 -0
    outer loop
      vertex 36.7723 2 2
      vertex 6.22771 2 16.6
      vertex 36.7723 2 16.6
    endloop
  endfacet
  facet normal 0 1 0
    outer loop
      vertex 6.22771 2 16.6
      vertex 36.7723 2 2
      vertex 6.22771 2 2
    endloop
  endfacet
  facet normal 0 0 -1
    outer loop
      vertex 0 126.5 13.3
      vertex 2 134.772 13.3
      vertex 2 126.5 13.3
    endloop
  endfacet
  facet normal 0 0 -1
    outer loop
      vertex 0 135.5 13.3
      vertex 2 134.772 13.3
      vertex 0 126.5 13.3
    endloop
  endfacet
  facet normal 0 0 -1
    outer loop
      vertex 2 134.772 13.3
      vertex 0 135.5 13.3
      vertex 1.87868 134.879 13.3
    endloop
  endfacet
  facet normal 0 0 -1
    outer loop
      vertex 1.87868 134.879 13.3
      vertex 0 135.5 13.3
      vertex 1.61994 135.174 13.3
    endloop
  endfacet
  facet normal 0 0 -1
    outer loop
      vertex 1.61994 135.174 13.3
      vertex 0 135.5 13.3
      vertex 1.40192 135.5 13.3
    endloop
  endfacet
  facet normal 0 0 1
    outer loop
      vertex 0 135.5 5.3
      vertex 2 134.772 5.3
      vertex 1.87868 134.879 5.3
    endloop
  endfacet
  facet normal 0 0 1
    outer loop
      vertex 0 135.5 5.3
      vertex 1.87868 134.879 5.3
      vertex 1.61994 135.174 5.3
    endloop
  endfacet
  facet normal -0 0 1
    outer loop
      vertex 0 135.5 5.3
      vertex 1.61994 135.174 5.3
      vertex 1.40192 135.5 5.3
    endloop
  endfacet
  facet normal 0 0 1
    outer loop
      vertex 2 134.772 5.3
      vertex 0 135.5 5.3
      vertex 0 126.5 5.3
    endloop
  endfacet
  facet normal 0 0 1
    outer loop
      vertex 2 134.772 5.3
      vertex 0 126.5 5.3
      vertex 2 126.5 5.3
    endloop
  endfacet
  facet normal 0 -1 0
    outer loop
      vertex 0 135.5 5.3
      vertex 1.40192 135.5 13.3
      vertex 0 135.5 13.3
    endloop
  endfacet
  facet normal 0 -1 -0
    outer loop
      vertex 1.40192 135.5 13.3
      vertex 0 135.5 5.3
      vertex 1.40192 135.5 5.3
    endloop
  endfacet
  facet normal 0 1 -0
    outer loop
      vertex 2 126.5 5.3
      vertex 0 126.5 13.3
      vertex 2 126.5 13.3
    endloop
  endfacet
  facet normal 0 1 0
    outer loop
      vertex 0 126.5 13.3
      vertex 2 126.5 5.3
      vertex 0 126.5 5.3
    endloop
  endfacet
  facet normal 0 0 -1
    outer loop
      vertex 41 122.5 13.3
      vertex 43 131.5 13.3
      vertex 43 122.5 13.3
    endloop
  endfacet
  facet normal -0 0 -1
    outer loop
      vertex 43 131.5 13.3
      vertex 41 122.5 13.3
      vertex 41 131.5 13.3
    endloop
  endfacet
  facet normal -0 0 1
    outer loop
      vertex 41 131.5 5.3
      vertex 43 122.5 5.3
      vertex 43 131.5 5.3
    endloop
  endfacet
  facet normal 0 0 1
    outer loop
      vertex 43 122.5 5.3
      vertex 41 131.5 5.3
      vertex 41 122.5 5.3
    endloop
  endfacet
  facet normal 0 -1 0
    outer loop
      vertex 41 131.5 5.3
      vertex 43 131.5 13.3
      vertex 41 131.5 13.3
    endloop
  endfacet
  facet normal 0 -1 -0
    outer loop
      vertex 43 131.5 13.3
      vertex 41 131.5 5.3
      vertex 43 131.5 5.3
    endloop
  endfacet
  facet normal 0 1 -0
    outer loop
      vertex 43 122.5 5.3
      vertex 41 122.5 13.3
      vertex 43 122.5 13.3
    endloop
  endfacet
  facet normal 0 1 0
    outer loop
      vertex 41 122.5 13.3
      vertex 43 122.5 5.3
      vertex 41 122.5 5.3
    endloop
  endfacet
  facet normal 0.980789 0.195072 0
    outer loop
      vertex 6.97433 4.39158 16.6
      vertex 6.89778 4.77646 2
      vertex 6.89778 4.77646 16.6
    endloop
  endfacet
  facet normal 0.980789 0.195072 0
    outer loop
      vertex 6.89778 4.77646 2
      vertex 6.97433 4.39158 16.6
      vertex 6.97433 4.39158 2
    endloop
  endfacet
  facet normal 0.997858 -0.0654145 0
    outer loop
      vertex 6.97433 3.60842 16.6
      vertex 7 4 2
      vertex 7 4 16.6
    endloop
  endfacet
  facet normal 0.997858 -0.0654145 0
    outer loop
      vertex 7 4 2
      vertex 6.97433 3.60842 16.6
      vertex 6.97433 3.60842 2
    endloop
  endfacet
  facet normal 0.751836 -0.65935 0
    outer loop
      vertex 6.22771 2 16.6
      vertex 6.38006 2.17372 2
      vertex 6.38006 2.17372 16.6
    endloop
  endfacet
  facet normal 0.751836 -0.65935 0
    outer loop
      vertex 6.38006 2.17372 2
      vertex 6.22771 2 16.6
      vertex 6.22771 2 2
    endloop
  endfacet
  facet normal 0.195072 0.980789 -0
    outer loop
      vertex 4.77646 6.89778 2
      vertex 4.39158 6.97433 16.6
      vertex 4.77646 6.89778 16.6
    endloop
  endfacet
  facet normal 0.195072 0.980789 0
    outer loop
      vertex 4.39158 6.97433 16.6
      vertex 4.77646 6.89778 2
      vertex 4.39158 6.97433 2
    endloop
  endfacet
  facet normal 0.751844 0.659341 0
    outer loop
      vertex 6.38006 5.82628 16.6
      vertex 6.12132 6.12132 2
      vertex 6.12132 6.12132 16.6
    endloop
  endfacet
  facet normal 0.751844 0.659341 0
    outer loop
      vertex 6.12132 6.12132 2
      vertex 6.38006 5.82628 16.6
      vertex 6.38006 5.82628 2
    endloop
  endfacet
  facet normal 0.659341 0.751844 -0
    outer loop
      vertex 6.12132 6.12132 2
      vertex 5.82628 6.38006 16.6
      vertex 6.12132 6.12132 16.6
    endloop
  endfacet
  facet normal 0.659341 0.751844 0
    outer loop
      vertex 5.82628 6.38006 16.6
      vertex 6.12132 6.12132 2
      vertex 5.82628 6.38006 2
    endloop
  endfacet
  facet normal 0.997858 0.0654145 0
    outer loop
      vertex 7 4 16.6
      vertex 6.97433 4.39158 2
      vertex 6.97433 4.39158 16.6
    endloop
  endfacet
  facet normal 0.997858 0.0654145 0
    outer loop
      vertex 6.97433 4.39158 2
      vertex 7 4 16.6
      vertex 7 4 2
    endloop
  endfacet
  facet normal 0.896875 -0.442283 0
    outer loop
      vertex 6.59808 2.5 16.6
      vertex 6.77164 2.85195 2
      vertex 6.77164 2.85195 16.6
    endloop
  endfacet
  facet normal 0.896875 -0.442283 0
    outer loop
      vertex 6.77164 2.85195 2
      vertex 6.59808 2.5 16.6
      vertex 6.59808 2.5 2
    endloop
  endfacet
  facet normal 0.321444 0.946928 -0
    outer loop
      vertex 5.14805 6.77164 2
      vertex 4.77646 6.89778 16.6
      vertex 5.14805 6.77164 16.6
    endloop
  endfacet
  facet normal 0.321444 0.946928 0
    outer loop
      vertex 4.77646 6.89778 16.6
      vertex 5.14805 6.77164 2
      vertex 4.77646 6.89778 2
    endloop
  endfacet
  facet normal 0.896875 0.442283 0
    outer loop
      vertex 6.77164 5.14805 16.6
      vertex 6.59808 5.5 2
      vertex 6.59808 5.5 16.6
    endloop
  endfacet
  facet normal 0.896875 0.442283 0
    outer loop
      vertex 6.59808 5.5 2
      vertex 6.77164 5.14805 16.6
      vertex 6.77164 5.14805 2
    endloop
  endfacet
  facet normal 0.831462 0.555582 0
    outer loop
      vertex 6.59808 5.5 16.6
      vertex 6.38006 5.82628 2
      vertex 6.38006 5.82628 16.6
    endloop
  endfacet
  facet normal 0.831462 0.555582 0
    outer loop
      vertex 6.38006 5.82628 2
      vertex 6.59808 5.5 16.6
      vertex 6.59808 5.5 2
    endloop
  endfacet
  facet normal 0.946928 0.321444 0
    outer loop
      vertex 6.89778 4.77646 16.6
      vertex 6.77164 5.14805 2
      vertex 6.77164 5.14805 16.6
    endloop
  endfacet
  facet normal 0.946928 0.321444 0
    outer loop
      vertex 6.77164 5.14805 2
      vertex 6.89778 4.77646 16.6
      vertex 6.89778 4.77646 2
    endloop
  endfacet
  facet normal 0.555582 0.831462 -0
    outer loop
      vertex 5.82628 6.38006 2
      vertex 5.5 6.59808 16.6
      vertex 5.82628 6.38006 16.6
    endloop
  endfacet
  facet normal 0.555582 0.831462 0
    outer loop
      vertex 5.5 6.59808 16.6
      vertex 5.82628 6.38006 2
      vertex 5.5 6.59808 2
    endloop
  endfacet
  facet normal -0.195072 0.980789 0
    outer loop
      vertex 3.60842 6.97433 2
      vertex 3.22354 6.89778 16.6
      vertex 3.60842 6.97433 16.6
    endloop
  endfacet
  facet normal -0.195072 0.980789 0
    outer loop
      vertex 3.22354 6.89778 16.6
      vertex 3.60842 6.97433 2
      vertex 3.22354 6.89778 2
    endloop
  endfacet
  facet normal 0.442283 0.896875 -0
    outer loop
      vertex 5.5 6.59808 2
      vertex 5.14805 6.77164 16.6
      vertex 5.5 6.59808 16.6
    endloop
  endfacet
  facet normal 0.442283 0.896875 0
    outer loop
      vertex 5.14805 6.77164 16.6
      vertex 5.5 6.59808 2
      vertex 5.14805 6.77164 2
    endloop
  endfacet
  facet normal -0.0654145 0.997858 0
    outer loop
      vertex 4 7 2
      vertex 3.60842 6.97433 16.6
      vertex 4 7 16.6
    endloop
  endfacet
  facet normal -0.0654145 0.997858 0
    outer loop
      vertex 3.60842 6.97433 16.6
      vertex 4 7 2
      vertex 3.60842 6.97433 2
    endloop
  endfacet
  facet normal 0.980789 -0.195072 0
    outer loop
      vertex 6.89778 3.22354 16.6
      vertex 6.97433 3.60842 2
      vertex 6.97433 3.60842 16.6
    endloop
  endfacet
  facet normal 0.980789 -0.195072 0
    outer loop
      vertex 6.97433 3.60842 2
      vertex 6.89778 3.22354 16.6
      vertex 6.89778 3.22354 2
    endloop
  endfacet
  facet normal -0.442283 0.896875 0
    outer loop
      vertex 2.85195 6.77164 2
      vertex 2.5 6.59808 16.6
      vertex 2.85195 6.77164 16.6
    endloop
  endfacet
  facet normal -0.442283 0.896875 0
    outer loop
      vertex 2.5 6.59808 16.6
      vertex 2.85195 6.77164 2
      vertex 2.5 6.59808 2
    endloop
  endfacet
  facet normal -0.321444 0.946928 0
    outer loop
      vertex 3.22354 6.89778 2
      vertex 2.85195 6.77164 16.6
      vertex 3.22354 6.89778 16.6
    endloop
  endfacet
  facet normal -0.321444 0.946928 0
    outer loop
      vertex 2.85195 6.77164 16.6
      vertex 3.22354 6.89778 2
      vertex 2.85195 6.77164 2
    endloop
  endfacet
  facet normal 0.831462 -0.555582 0
    outer loop
      vertex 6.38006 2.17372 16.6
      vertex 6.59808 2.5 2
      vertex 6.59808 2.5 16.6
    endloop
  endfacet
  facet normal 0.831462 -0.555582 0
    outer loop
      vertex 6.59808 2.5 2
      vertex 6.38006 2.17372 16.6
      vertex 6.38006 2.17372 2
    endloop
  endfacet
  facet normal 0.0654145 0.997858 -0
    outer loop
      vertex 4.39158 6.97433 2
      vertex 4 7 16.6
      vertex 4.39158 6.97433 16.6
    endloop
  endfacet
  facet normal 0.0654145 0.997858 0
    outer loop
      vertex 4 7 16.6
      vertex 4.39158 6.97433 2
      vertex 4 7 2
    endloop
  endfacet
  facet normal 0.946928 -0.321444 0
    outer loop
      vertex 6.77164 2.85195 16.6
      vertex 6.89778 3.22354 2
      vertex 6.89778 3.22354 16.6
    endloop
  endfacet
  facet normal 0.946928 -0.321444 0
    outer loop
      vertex 6.89778 3.22354 2
      vertex 6.77164 2.85195 16.6
      vertex 6.77164 2.85195 2
    endloop
  endfacet
  facet normal -0.65935 0.751836 0
    outer loop
      vertex 2.17372 6.38006 2
      vertex 2 6.22771 16.6
      vertex 2.17372 6.38006 16.6
    endloop
  endfacet
  facet normal -0.65935 0.751836 0
    outer loop
      vertex 2 6.22771 16.6
      vertex 2.17372 6.38006 2
      vertex 2 6.22771 2
    endloop
  endfacet
  facet normal -0.555582 0.831462 0
    outer loop
      vertex 2.5 6.59808 2
      vertex 2.17372 6.38006 16.6
      vertex 2.5 6.59808 16.6
    endloop
  endfacet
  facet normal -0.555582 0.831462 0
    outer loop
      vertex 2.17372 6.38006 16.6
      vertex 2.5 6.59808 2
      vertex 2.17372 6.38006 2
    endloop
  endfacet
  facet normal -0.980782 -0.195105 0
    outer loop
      vertex 5.23931 4.16316 8.6
      vertex 5.20741 4.32352 16.6
      vertex 5.20741 4.32352 8.6
    endloop
  endfacet
  facet normal -0.980782 -0.195105 0
    outer loop
      vertex 5.20741 4.32352 16.6
      vertex 5.23931 4.16316 8.6
      vertex 5.23931 4.16316 16.6
    endloop
  endfacet
  facet normal -0.0653783 0.997861 0
    outer loop
      vertex 4.16316 2.76069 8.6
      vertex 4 2.75 16.6
      vertex 4.16316 2.76069 16.6
    endloop
  endfacet
  facet normal -0.0653783 0.997861 0
    outer loop
      vertex 4 2.75 16.6
      vertex 4.16316 2.76069 8.6
      vertex 4 2.75 8.6
    endloop
  endfacet
  facet normal 0.946926 -0.321452 0
    outer loop
      vertex 2.79259 4.32352 16.6
      vertex 2.84515 4.47835 8.6
      vertex 2.84515 4.47835 16.6
    endloop
  endfacet
  facet normal 0.946926 -0.321452 0
    outer loop
      vertex 2.84515 4.47835 8.6
      vertex 2.79259 4.32352 16.6
      vertex 2.79259 4.32352 8.6
    endloop
  endfacet
  facet normal -0.831466 -0.555575 0
    outer loop
      vertex 5.08253 4.625 8.6
      vertex 4.99169 4.76095 16.6
      vertex 4.99169 4.76095 8.6
    endloop
  endfacet
  facet normal -0.831466 -0.555575 0
    outer loop
      vertex 4.99169 4.76095 16.6
      vertex 5.08253 4.625 8.6
      vertex 5.08253 4.625 16.6
    endloop
  endfacet
  facet normal 0.195105 -0.980782 0
    outer loop
      vertex 3.67648 5.20741 8.6
      vertex 3.83684 5.23931 16.6
      vertex 3.67648 5.20741 16.6
    endloop
  endfacet
  facet normal 0.195105 -0.980782 0
    outer loop
      vertex 3.83684 5.23931 16.6
      vertex 3.67648 5.20741 8.6
      vertex 3.83684 5.23931 8.6
    endloop
  endfacet
  facet normal -0.659357 0.75183 0
    outer loop
      vertex 4.88388 3.11612 8.6
      vertex 4.76095 3.00831 16.6
      vertex 4.88388 3.11612 16.6
    endloop
  endfacet
  facet normal -0.659357 0.75183 0
    outer loop
      vertex 4.76095 3.00831 16.6
      vertex 4.88388 3.11612 8.6
      vertex 4.76095 3.00831 8.6
    endloop
  endfacet
  facet normal 0.44229 0.896872 -0
    outer loop
      vertex 3.52165 2.84515 8.6
      vertex 3.375 2.91747 16.6
      vertex 3.52165 2.84515 16.6
    endloop
  endfacet
  facet normal 0.44229 0.896872 0
    outer loop
      vertex 3.375 2.91747 16.6
      vertex 3.52165 2.84515 8.6
      vertex 3.375 2.91747 8.6
    endloop
  endfacet
  facet normal -0.997861 -0.0653783 0
    outer loop
      vertex 5.25 4 8.6
      vertex 5.23931 4.16316 16.6
      vertex 5.23931 4.16316 8.6
    endloop
  endfacet
  facet normal -0.997861 -0.0653783 0
    outer loop
      vertex 5.23931 4.16316 16.6
      vertex 5.25 4 8.6
      vertex 5.25 4 16.6
    endloop
  endfacet
  facet normal 0.997861 -0.0653783 0
    outer loop
      vertex 2.75 4 16.6
      vertex 2.76069 4.16316 8.6
      vertex 2.76069 4.16316 16.6
    endloop
  endfacet
  facet normal 0.997861 -0.0653783 0
    outer loop
      vertex 2.76069 4.16316 8.6
      vertex 2.75 4 16.6
      vertex 2.75 4 8.6
    endloop
  endfacet
  facet normal -0.946926 -0.321452 0
    outer loop
      vertex 5.20741 4.32352 8.6
      vertex 5.15485 4.47835 16.6
      vertex 5.15485 4.47835 8.6
    endloop
  endfacet
  facet normal -0.946926 -0.321452 0
    outer loop
      vertex 5.15485 4.47835 16.6
      vertex 5.20741 4.32352 8.6
      vertex 5.20741 4.32352 16.6
    endloop
  endfacet
  facet normal 0.321452 0.946926 -0
    outer loop
      vertex 3.67648 2.79259 8.6
      vertex 3.52165 2.84515 16.6
      vertex 3.67648 2.79259 16.6
    endloop
  endfacet
  facet normal 0.321452 0.946926 0
    outer loop
      vertex 3.52165 2.84515 16.6
      vertex 3.67648 2.79259 8.6
      vertex 3.52165 2.84515 8.6
    endloop
  endfacet
  facet normal -0.555575 -0.831466 0
    outer loop
      vertex 4.625 5.08253 8.6
      vertex 4.76095 4.99169 16.6
      vertex 4.625 5.08253 16.6
    endloop
  endfacet
  facet normal -0.555575 -0.831466 -0
    outer loop
      vertex 4.76095 4.99169 16.6
      vertex 4.625 5.08253 8.6
      vertex 4.76095 4.99169 8.6
    endloop
  endfacet
  facet normal 0.997861 0.0653783 0
    outer loop
      vertex 2.76069 3.83684 16.6
      vertex 2.75 4 8.6
      vertex 2.75 4 16.6
    endloop
  endfacet
  facet normal 0.997861 0.0653783 0
    outer loop
      vertex 2.75 4 8.6
      vertex 2.76069 3.83684 16.6
      vertex 2.76069 3.83684 8.6
    endloop
  endfacet
  facet normal -0.195105 -0.980782 0
    outer loop
      vertex 4.16316 5.23931 8.6
      vertex 4.32352 5.20741 16.6
      vertex 4.16316 5.23931 16.6
    endloop
  endfacet
  facet normal -0.195105 -0.980782 -0
    outer loop
      vertex 4.32352 5.20741 16.6
      vertex 4.16316 5.23931 8.6
      vertex 4.32352 5.20741 8.6
    endloop
  endfacet
  facet normal 0.946926 0.321452 0
    outer loop
      vertex 2.84515 3.52165 16.6
      vertex 2.79259 3.67648 8.6
      vertex 2.79259 3.67648 16.6
    endloop
  endfacet
  facet normal 0.946926 0.321452 0
    outer loop
      vertex 2.79259 3.67648 8.6
      vertex 2.84515 3.52165 16.6
      vertex 2.84515 3.52165 8.6
    endloop
  endfacet
  facet normal 0.0653783 0.997861 -0
    outer loop
      vertex 4 2.75 8.6
      vertex 3.83684 2.76069 16.6
      vertex 4 2.75 16.6
    endloop
  endfacet
  facet normal 0.0653783 0.997861 0
    outer loop
      vertex 3.83684 2.76069 16.6
      vertex 4 2.75 8.6
      vertex 3.83684 2.76069 8.6
    endloop
  endfacet
  facet normal -0.997861 0.0653783 0
    outer loop
      vertex 5.23931 3.83684 8.6
      vertex 5.25 4 16.6
      vertex 5.25 4 8.6
    endloop
  endfacet
  facet normal -0.997861 0.0653783 0
    outer loop
      vertex 5.25 4 16.6
      vertex 5.23931 3.83684 8.6
      vertex 5.23931 3.83684 16.6
    endloop
  endfacet
  facet normal -0.44229 0.896872 0
    outer loop
      vertex 4.625 2.91747 8.6
      vertex 4.47835 2.84515 16.6
      vertex 4.625 2.91747 16.6
    endloop
  endfacet
  facet normal -0.44229 0.896872 0
    outer loop
      vertex 4.47835 2.84515 16.6
      vertex 4.625 2.91747 8.6
      vertex 4.47835 2.84515 8.6
    endloop
  endfacet
  facet normal -0.0653783 -0.997861 0
    outer loop
      vertex 4 5.25 8.6
      vertex 4.16316 5.23931 16.6
      vertex 4 5.25 16.6
    endloop
  endfacet
  facet normal -0.0653783 -0.997861 -0
    outer loop
      vertex 4.16316 5.23931 16.6
      vertex 4 5.25 8.6
      vertex 4.16316 5.23931 8.6
    endloop
  endfacet
  facet normal 0.659357 0.75183 -0
    outer loop
      vertex 3.23905 3.00831 8.6
      vertex 3.11612 3.11612 16.6
      vertex 3.23905 3.00831 16.6
    endloop
  endfacet
  facet normal 0.659357 0.75183 0
    outer loop
      vertex 3.11612 3.11612 16.6
      vertex 3.23905 3.00831 8.6
      vertex 3.11612 3.11612 8.6
    endloop
  endfacet
  facet normal -0.980782 0.195105 0
    outer loop
      vertex 5.20741 3.67648 8.6
      vertex 5.23931 3.83684 16.6
      vertex 5.23931 3.83684 8.6
    endloop
  endfacet
  facet normal -0.980782 0.195105 0
    outer loop
      vertex 5.23931 3.83684 16.6
      vertex 5.20741 3.67648 8.6
      vertex 5.20741 3.67648 16.6
    endloop
  endfacet
  facet normal -0.831466 0.555575 0
    outer loop
      vertex 4.99169 3.23905 8.6
      vertex 5.08253 3.375 16.6
      vertex 5.08253 3.375 8.6
    endloop
  endfacet
  facet normal -0.831466 0.555575 0
    outer loop
      vertex 5.08253 3.375 16.6
      vertex 4.99169 3.23905 8.6
      vertex 4.99169 3.23905 16.6
    endloop
  endfacet
  facet normal -0.896872 -0.44229 0
    outer loop
      vertex 5.15485 4.47835 8.6
      vertex 5.08253 4.625 16.6
      vertex 5.08253 4.625 8.6
    endloop
  endfacet
  facet normal -0.896872 -0.44229 0
    outer loop
      vertex 5.08253 4.625 16.6
      vertex 5.15485 4.47835 8.6
      vertex 5.15485 4.47835 16.6
    endloop
  endfacet
  facet normal -0.321452 0.946926 0
    outer loop
      vertex 4.47835 2.84515 8.6
      vertex 4.32352 2.79259 16.6
      vertex 4.47835 2.84515 16.6
    endloop
  endfacet
  facet normal -0.321452 0.946926 0
    outer loop
      vertex 4.32352 2.79259 16.6
      vertex 4.47835 2.84515 8.6
      vertex 4.32352 2.79259 8.6
    endloop
  endfacet
  facet normal -0.555575 0.831466 0
    outer loop
      vertex 4.76095 3.00831 8.6
      vertex 4.625 2.91747 16.6
      vertex 4.76095 3.00831 16.6
    endloop
  endfacet
  facet normal -0.555575 0.831466 0
    outer loop
      vertex 4.625 2.91747 16.6
      vertex 4.76095 3.00831 8.6
      vertex 4.625 2.91747 8.6
    endloop
  endfacet
  facet normal 0.659357 -0.75183 0
    outer loop
      vertex 3.11612 4.88388 8.6
      vertex 3.23905 4.99169 16.6
      vertex 3.11612 4.88388 16.6
    endloop
  endfacet
  facet normal 0.659357 -0.75183 0
    outer loop
      vertex 3.23905 4.99169 16.6
      vertex 3.11612 4.88388 8.6
      vertex 3.23905 4.99169 8.6
    endloop
  endfacet
  facet normal -0.44229 -0.896872 0
    outer loop
      vertex 4.47835 5.15485 8.6
      vertex 4.625 5.08253 16.6
      vertex 4.47835 5.15485 16.6
    endloop
  endfacet
  facet normal -0.44229 -0.896872 -0
    outer loop
      vertex 4.625 5.08253 16.6
      vertex 4.47835 5.15485 8.6
      vertex 4.625 5.08253 8.6
    endloop
  endfacet
  facet normal 0 0 1
    outer loop
      vertex 5.23931 4.16316 8.6
      vertex 5.23931 3.83684 8.6
      vertex 5.25 4 8.6
    endloop
  endfacet
  facet normal 0 0 1
    outer loop
      vertex 5.20741 4.32352 8.6
      vertex 5.23931 3.83684 8.6
      vertex 5.23931 4.16316 8.6
    endloop
  endfacet
  facet normal 0 0 1
    outer loop
      vertex 5.20741 4.32352 8.6
      vertex 5.20741 3.67648 8.6
      vertex 5.23931 3.83684 8.6
    endloop
  endfacet
  facet normal 0 0 1
    outer loop
      vertex 5.15485 4.47835 8.6
      vertex 5.20741 3.67648 8.6
      vertex 5.20741 4.32352 8.6
    endloop
  endfacet
  facet normal 0 0 1
    outer loop
      vertex 5.15485 4.47835 8.6
      vertex 5.15485 3.52165 8.6
      vertex 5.20741 3.67648 8.6
    endloop
  endfacet
  facet normal 0 0 1
    outer loop
      vertex 5.08253 4.625 8.6
      vertex 5.15485 3.52165 8.6
      vertex 5.15485 4.47835 8.6
    endloop
  endfacet
  facet normal 0 0 1
    outer loop
      vertex 5.08253 4.625 8.6
      vertex 5.08253 3.375 8.6
      vertex 5.15485 3.52165 8.6
    endloop
  endfacet
  facet normal 0 0 1
    outer loop
      vertex 4.99169 4.76095 8.6
      vertex 5.08253 3.375 8.6
      vertex 5.08253 4.625 8.6
    endloop
  endfacet
  facet normal 0 0 1
    outer loop
      vertex 4.99169 4.76095 8.6
      vertex 4.99169 3.23905 8.6
      vertex 5.08253 3.375 8.6
    endloop
  endfacet
  facet normal 0 0 1
    outer loop
      vertex 4.88388 4.88388 8.6
      vertex 4.99169 3.23905 8.6
      vertex 4.99169 4.76095 8.6
    endloop
  endfacet
  facet normal 0 0 1
    outer loop
      vertex 4.88388 4.88388 8.6
      vertex 4.88388 3.11612 8.6
      vertex 4.99169 3.23905 8.6
    endloop
  endfacet
  facet normal 0 0 1
    outer loop
      vertex 4.76095 4.99169 8.6
      vertex 4.88388 3.11612 8.6
      vertex 4.88388 4.88388 8.6
    endloop
  endfacet
  facet normal 0 0 1
    outer loop
      vertex 4.76095 4.99169 8.6
      vertex 4.76095 3.00831 8.6
      vertex 4.88388 3.11612 8.6
    endloop
  endfacet
  facet normal 0 0 1
    outer loop
      vertex 4.625 5.08253 8.6
      vertex 4.76095 3.00831 8.6
      vertex 4.76095 4.99169 8.6
    endloop
  endfacet
  facet normal 0 0 1
    outer loop
      vertex 4.625 5.08253 8.6
      vertex 4.625 2.91747 8.6
      vertex 4.76095 3.00831 8.6
    endloop
  endfacet
  facet normal 0 0 1
    outer loop
      vertex 4.47835 5.15485 8.6
      vertex 4.625 2.91747 8.6
      vertex 4.625 5.08253 8.6
    endloop
  endfacet
  facet normal 0 0 1
    outer loop
      vertex 4.47835 5.15485 8.6
      vertex 4.47835 2.84515 8.6
      vertex 4.625 2.91747 8.6
    endloop
  endfacet
  facet normal 0 0 1
    outer loop
      vertex 4.32352 5.20741 8.6
      vertex 4.47835 2.84515 8.6
      vertex 4.47835 5.15485 8.6
    endloop
  endfacet
  facet normal 0 0 1
    outer loop
      vertex 4.32352 5.20741 8.6
      vertex 4.32352 2.79259 8.6
      vertex 4.47835 2.84515 8.6
    endloop
  endfacet
  facet normal 0 0 1
    outer loop
      vertex 4.16316 5.23931 8.6
      vertex 4.32352 2.79259 8.6
      vertex 4.32352 5.20741 8.6
    endloop
  endfacet
  facet normal 0 0 1
    outer loop
      vertex 4.16316 5.23931 8.6
      vertex 4.16316 2.76069 8.6
      vertex 4.32352 2.79259 8.6
    endloop
  endfacet
  facet normal 0 0 1
    outer loop
      vertex 4 5.25 8.6
      vertex 4.16316 2.76069 8.6
      vertex 4.16316 5.23931 8.6
    endloop
  endfacet
  facet normal 0 0 1
    outer loop
      vertex 4 5.25 8.6
      vertex 4 2.75 8.6
      vertex 4.16316 2.76069 8.6
    endloop
  endfacet
  facet normal -0 0 1
    outer loop
      vertex 3.83684 5.23931 8.6
      vertex 4 2.75 8.6
      vertex 4 5.25 8.6
    endloop
  endfacet
  facet normal 0 0 1
    outer loop
      vertex 3.83684 5.23931 8.6
      vertex 3.83684 2.76069 8.6
      vertex 4 2.75 8.6
    endloop
  endfacet
  facet normal -0 0 1
    outer loop
      vertex 3.67648 5.20741 8.6
      vertex 3.83684 2.76069 8.6
      vertex 3.83684 5.23931 8.6
    endloop
  endfacet
  facet normal 0 0 1
    outer loop
      vertex 3.67648 5.20741 8.6
      vertex 3.67648 2.79259 8.6
      vertex 3.83684 2.76069 8.6
    endloop
  endfacet
  facet normal -0 0 1
    outer loop
      vertex 3.52165 5.15485 8.6
      vertex 3.67648 2.79259 8.6
      vertex 3.67648 5.20741 8.6
    endloop
  endfacet
  facet normal 0 0 1
    outer loop
      vertex 3.52165 5.15485 8.6
      vertex 3.52165 2.84515 8.6
      vertex 3.67648 2.79259 8.6
    endloop
  endfacet
  facet normal -0 0 1
    outer loop
      vertex 3.375 5.08253 8.6
      vertex 3.52165 2.84515 8.6
      vertex 3.52165 5.15485 8.6
    endloop
  endfacet
  facet normal 0 0 1
    outer loop
      vertex 3.375 5.08253 8.6
      vertex 3.375 2.91747 8.6
      vertex 3.52165 2.84515 8.6
    endloop
  endfacet
  facet normal -0 0 1
    outer loop
      vertex 3.23905 4.99169 8.6
      vertex 3.375 2.91747 8.6
      vertex 3.375 5.08253 8.6
    endloop
  endfacet
  facet normal 0 0 1
    outer loop
      vertex 3.23905 4.99169 8.6
      vertex 3.23905 3.00831 8.6
      vertex 3.375 2.91747 8.6
    endloop
  endfacet
  facet normal -0 0 1
    outer loop
      vertex 3.11612 4.88388 8.6
      vertex 3.23905 3.00831 8.6
      vertex 3.23905 4.99169 8.6
    endloop
  endfacet
  facet normal 0 0 1
    outer loop
      vertex 3.11612 4.88388 8.6
      vertex 3.11612 3.11612 8.6
      vertex 3.23905 3.00831 8.6
    endloop
  endfacet
  facet normal -0 0 1
    outer loop
      vertex 3.00831 4.76095 8.6
      vertex 3.11612 3.11612 8.6
      vertex 3.11612 4.88388 8.6
    endloop
  endfacet
  facet normal 0 0 1
    outer loop
      vertex 3.00831 4.76095 8.6
      vertex 3.00831 3.23905 8.6
      vertex 3.11612 3.11612 8.6
    endloop
  endfacet
  facet normal -0 0 1
    outer loop
      vertex 2.91747 4.625 8.6
      vertex 3.00831 3.23905 8.6
      vertex 3.00831 4.76095 8.6
    endloop
  endfacet
  facet normal 0 0 1
    outer loop
      vertex 2.91747 4.625 8.6
      vertex 2.91747 3.375 8.6
      vertex 3.00831 3.23905 8.6
    endloop
  endfacet
  facet normal -0 0 1
    outer loop
      vertex 2.84515 4.47835 8.6
      vertex 2.91747 3.375 8.6
      vertex 2.91747 4.625 8.6
    endloop
  endfacet
  facet normal 0 0 1
    outer loop
      vertex 2.84515 4.47835 8.6
      vertex 2.84515 3.52165 8.6
      vertex 2.91747 3.375 8.6
    endloop
  endfacet
  facet normal -0 0 1
    outer loop
      vertex 2.79259 4.32352 8.6
      vertex 2.84515 3.52165 8.6
      vertex 2.84515 4.47835 8.6
    endloop
  endfacet
  facet normal 0 0 1
    outer loop
      vertex 2.79259 4.32352 8.6
      vertex 2.79259 3.67648 8.6
      vertex 2.84515 3.52165 8.6
    endloop
  endfacet
  facet normal -0 0 1
    outer loop
      vertex 2.76069 4.16316 8.6
      vertex 2.79259 3.67648 8.6
      vertex 2.79259 4.32352 8.6
    endloop
  endfacet
  facet normal 0 0 1
    outer loop
      vertex 2.76069 4.16316 8.6
      vertex 2.76069 3.83684 8.6
      vertex 2.79259 3.67648 8.6
    endloop
  endfacet
  facet normal 0 -0 1
    outer loop
      vertex 2.76069 3.83684 8.6
      vertex 2.76069 4.16316 8.6
      vertex 2.75 4 8.6
    endloop
  endfacet
  facet normal -0.896872 0.44229 0
    outer loop
      vertex 5.08253 3.375 8.6
      vertex 5.15485 3.52165 16.6
      vertex 5.15485 3.52165 8.6
    endloop
  endfacet
  facet normal -0.896872 0.44229 0
    outer loop
      vertex 5.15485 3.52165 16.6
      vertex 5.08253 3.375 8.6
      vertex 5.08253 3.375 16.6
    endloop
  endfacet
  facet normal 0.555575 0.831466 -0
    outer loop
      vertex 3.375 2.91747 8.6
      vertex 3.23905 3.00831 16.6
      vertex 3.375 2.91747 16.6
    endloop
  endfacet
  facet normal 0.555575 0.831466 0
    outer loop
      vertex 3.23905 3.00831 16.6
      vertex 3.375 2.91747 8.6
      vertex 3.23905 3.00831 8.6
    endloop
  endfacet
  facet normal -0.946926 0.321452 0
    outer loop
      vertex 5.15485 3.52165 8.6
      vertex 5.20741 3.67648 16.6
      vertex 5.20741 3.67648 8.6
    endloop
  endfacet
  facet normal -0.946926 0.321452 0
    outer loop
      vertex 5.20741 3.67648 16.6
      vertex 5.15485 3.52165 8.6
      vertex 5.15485 3.52165 16.6
    endloop
  endfacet
  facet normal -0.321452 -0.946926 0
    outer loop
      vertex 4.32352 5.20741 8.6
      vertex 4.47835 5.15485 16.6
      vertex 4.32352 5.20741 16.6
    endloop
  endfacet
  facet normal -0.321452 -0.946926 -0
    outer loop
      vertex 4.47835 5.15485 16.6
      vertex 4.32352 5.20741 8.6
      vertex 4.47835 5.15485 8.6
    endloop
  endfacet
  facet normal 0.980782 -0.195105 0
    outer loop
      vertex 2.76069 4.16316 16.6
      vertex 2.79259 4.32352 8.6
      vertex 2.79259 4.32352 16.6
    endloop
  endfacet
  facet normal 0.980782 -0.195105 0
    outer loop
      vertex 2.79259 4.32352 8.6
      vertex 2.76069 4.16316 16.6
      vertex 2.76069 4.16316 8.6
    endloop
  endfacet
  facet normal 0.75183 0.659357 0
    outer loop
      vertex 3.11612 3.11612 16.6
      vertex 3.00831 3.23905 8.6
      vertex 3.00831 3.23905 16.6
    endloop
  endfacet
  facet normal 0.75183 0.659357 0
    outer loop
      vertex 3.00831 3.23905 8.6
      vertex 3.11612 3.11612 16.6
      vertex 3.11612 3.11612 8.6
    endloop
  endfacet
  facet normal 0.44229 -0.896872 0
    outer loop
      vertex 3.375 5.08253 8.6
      vertex 3.52165 5.15485 16.6
      vertex 3.375 5.08253 16.6
    endloop
  endfacet
  facet normal 0.44229 -0.896872 0
    outer loop
      vertex 3.52165 5.15485 16.6
      vertex 3.375 5.08253 8.6
      vertex 3.52165 5.15485 8.6
    endloop
  endfacet
  facet normal 0.896872 -0.44229 0
    outer loop
      vertex 2.84515 4.47835 16.6
      vertex 2.91747 4.625 8.6
      vertex 2.91747 4.625 16.6
    endloop
  endfacet
  facet normal 0.896872 -0.44229 0
    outer loop
      vertex 2.91747 4.625 8.6
      vertex 2.84515 4.47835 16.6
      vertex 2.84515 4.47835 8.6
    endloop
  endfacet
  facet normal -0.195105 0.980782 0
    outer loop
      vertex 4.32352 2.79259 8.6
      vertex 4.16316 2.76069 16.6
      vertex 4.32352 2.79259 16.6
    endloop
  endfacet
  facet normal -0.195105 0.980782 0
    outer loop
      vertex 4.16316 2.76069 16.6
      vertex 4.32352 2.79259 8.6
      vertex 4.16316 2.76069 8.6
    endloop
  endfacet
  facet normal 0.321452 -0.946926 0
    outer loop
      vertex 3.52165 5.15485 8.6
      vertex 3.67648 5.20741 16.6
      vertex 3.52165 5.15485 16.6
    endloop
  endfacet
  facet normal 0.321452 -0.946926 0
    outer loop
      vertex 3.67648 5.20741 16.6
      vertex 3.52165 5.15485 8.6
      vertex 3.67648 5.20741 8.6
    endloop
  endfacet
  facet normal 0.896872 0.44229 0
    outer loop
      vertex 2.91747 3.375 16.6
      vertex 2.84515 3.52165 8.6
      vertex 2.84515 3.52165 16.6
    endloop
  endfacet
  facet normal 0.896872 0.44229 0
    outer loop
      vertex 2.84515 3.52165 8.6
      vertex 2.91747 3.375 16.6
      vertex 2.91747 3.375 8.6
    endloop
  endfacet
  facet normal -0.75183 -0.659357 0
    outer loop
      vertex 4.99169 4.76095 8.6
      vertex 4.88388 4.88388 16.6
      vertex 4.88388 4.88388 8.6
    endloop
  endfacet
  facet normal -0.75183 -0.659357 0
    outer loop
      vertex 4.88388 4.88388 16.6
      vertex 4.99169 4.76095 8.6
      vertex 4.99169 4.76095 16.6
    endloop
  endfacet
  facet normal 0.831466 -0.555575 0
    outer loop
      vertex 2.91747 4.625 16.6
      vertex 3.00831 4.76095 8.6
      vertex 3.00831 4.76095 16.6
    endloop
  endfacet
  facet normal 0.831466 -0.555575 0
    outer loop
      vertex 3.00831 4.76095 8.6
      vertex 2.91747 4.625 16.6
      vertex 2.91747 4.625 8.6
    endloop
  endfacet
  facet normal 0.831466 0.555575 0
    outer loop
      vertex 3.00831 3.23905 16.6
      vertex 2.91747 3.375 8.6
      vertex 2.91747 3.375 16.6
    endloop
  endfacet
  facet normal 0.831466 0.555575 0
    outer loop
      vertex 2.91747 3.375 8.6
      vertex 3.00831 3.23905 16.6
      vertex 3.00831 3.23905 8.6
    endloop
  endfacet
  facet normal -0.659357 -0.75183 0
    outer loop
      vertex 4.76095 4.99169 8.6
      vertex 4.88388 4.88388 16.6
      vertex 4.76095 4.99169 16.6
    endloop
  endfacet
  facet normal -0.659357 -0.75183 -0
    outer loop
      vertex 4.88388 4.88388 16.6
      vertex 4.76095 4.99169 8.6
      vertex 4.88388 4.88388 8.6
    endloop
  endfacet
  facet normal 0.0653783 -0.997861 0
    outer loop
      vertex 3.83684 5.23931 8.6
      vertex 4 5.25 16.6
      vertex 3.83684 5.23931 16.6
    endloop
  endfacet
  facet normal 0.0653783 -0.997861 0
    outer loop
      vertex 4 5.25 16.6
      vertex 3.83684 5.23931 8.6
      vertex 4 5.25 8.6
    endloop
  endfacet
  facet normal 0.980782 0.195105 0
    outer loop
      vertex 2.79259 3.67648 16.6
      vertex 2.76069 3.83684 8.6
      vertex 2.76069 3.83684 16.6
    endloop
  endfacet
  facet normal 0.980782 0.195105 0
    outer loop
      vertex 2.76069 3.83684 8.6
      vertex 2.79259 3.67648 16.6
      vertex 2.79259 3.67648 8.6
    endloop
  endfacet
  facet normal 0.555575 -0.831466 0
    outer loop
      vertex 3.23905 4.99169 8.6
      vertex 3.375 5.08253 16.6
      vertex 3.23905 4.99169 16.6
    endloop
  endfacet
  facet normal 0.555575 -0.831466 0
    outer loop
      vertex 3.375 5.08253 16.6
      vertex 3.23905 4.99169 8.6
      vertex 3.375 5.08253 8.6
    endloop
  endfacet
  facet normal 0.75183 -0.659357 0
    outer loop
      vertex 3.00831 4.76095 16.6
      vertex 3.11612 4.88388 8.6
      vertex 3.11612 4.88388 16.6
    endloop
  endfacet
  facet normal 0.75183 -0.659357 0
    outer loop
      vertex 3.11612 4.88388 8.6
      vertex 3.00831 4.76095 16.6
      vertex 3.00831 4.76095 8.6
    endloop
  endfacet
  facet normal -0.75183 0.659357 0
    outer loop
      vertex 4.88388 3.11612 8.6
      vertex 4.99169 3.23905 16.6
      vertex 4.99169 3.23905 8.6
    endloop
  endfacet
  facet normal -0.75183 0.659357 0
    outer loop
      vertex 4.99169 3.23905 16.6
      vertex 4.88388 3.11612 8.6
      vertex 4.88388 3.11612 16.6
    endloop
  endfacet
  facet normal 0.195105 0.980782 -0
    outer loop
      vertex 3.83684 2.76069 8.6
      vertex 3.67648 2.79259 16.6
      vertex 3.83684 2.76069 16.6
    endloop
  endfacet
  facet normal 0.195105 0.980782 0
    outer loop
      vertex 3.67648 2.79259 16.6
      vertex 3.83684 2.76069 8.6
      vertex 3.67648 2.79259 8.6
    endloop
  endfacet
  facet normal -0.980813 -0.19495 0
    outer loop
      vertex 36.1022 3.22354 2
      vertex 36.0257 3.60842 16.6
      vertex 36.0257 3.60842 2
    endloop
  endfacet
  facet normal -0.980813 -0.19495 0
    outer loop
      vertex 36.0257 3.60842 16.6
      vertex 36.1022 3.22354 2
      vertex 36.1022 3.22354 16.6
    endloop
  endfacet
  facet normal -0.831485 0.555547 0
    outer loop
      vertex 36.4019 5.5 2
      vertex 36.6199 5.82628 16.6
      vertex 36.6199 5.82628 2
    endloop
  endfacet
  facet normal -0.831485 0.555547 0
    outer loop
      vertex 36.6199 5.82628 16.6
      vertex 36.4019 5.5 2
      vertex 36.4019 5.5 16.6
    endloop
  endfacet
  facet normal -0.751768 0.659428 0
    outer loop
      vertex 36.6199 5.82628 2
      vertex 36.8787 6.12132 16.6
      vertex 36.8787 6.12132 2
    endloop
  endfacet
  facet normal -0.751768 0.659428 0
    outer loop
      vertex 36.8787 6.12132 16.6
      vertex 36.6199 5.82628 2
      vertex 36.6199 5.82628 16.6
    endloop
  endfacet
  facet normal 0.195062 0.980791 -0
    outer loop
      vertex 39.7765 6.89778 2
      vertex 39.3916 6.97433 16.6
      vertex 39.7765 6.89778 16.6
    endloop
  endfacet
  facet normal 0.195062 0.980791 0
    outer loop
      vertex 39.3916 6.97433 16.6
      vertex 39.7765 6.89778 2
      vertex 39.3916 6.97433 2
    endloop
  endfacet
  facet normal -0.831485 -0.555547 0
    outer loop
      vertex 36.6199 2.17372 2
      vertex 36.4019 2.5 16.6
      vertex 36.4019 2.5 2
    endloop
  endfacet
  facet normal -0.831485 -0.555547 0
    outer loop
      vertex 36.4019 2.5 16.6
      vertex 36.6199 2.17372 2
      vertex 36.6199 2.17372 16.6
    endloop
  endfacet
  facet normal -0.946882 0.321582 0
    outer loop
      vertex 36.1022 4.77646 2
      vertex 36.2284 5.14805 16.6
      vertex 36.2284 5.14805 2
    endloop
  endfacet
  facet normal -0.946882 0.321582 0
    outer loop
      vertex 36.2284 5.14805 16.6
      vertex 36.1022 4.77646 2
      vertex 36.1022 4.77646 16.6
    endloop
  endfacet
  facet normal -0.997853 -0.0654906 0
    outer loop
      vertex 36.0257 3.60842 2
      vertex 36 4 16.6
      vertex 36 4 2
    endloop
  endfacet
  facet normal -0.997853 -0.0654906 0
    outer loop
      vertex 36 4 16.6
      vertex 36.0257 3.60842 2
      vertex 36.0257 3.60842 16.6
    endloop
  endfacet
  facet normal 0.659393 0.751799 -0
    outer loop
      vertex 41 6.22771 2
      vertex 40.8263 6.38006 16.6
      vertex 41 6.22771 16.6
    endloop
  endfacet
  facet normal 0.659393 0.751799 0
    outer loop
      vertex 40.8263 6.38006 16.6
      vertex 41 6.22771 2
      vertex 40.8263 6.38006 2
    endloop
  endfacet
  facet normal -0.946882 -0.321582 0
    outer loop
      vertex 36.2284 2.85195 2
      vertex 36.1022 3.22354 16.6
      vertex 36.1022 3.22354 2
    endloop
  endfacet
  facet normal -0.946882 -0.321582 0
    outer loop
      vertex 36.1022 3.22354 16.6
      vertex 36.2284 2.85195 2
      vertex 36.2284 2.85195 16.6
    endloop
  endfacet
  facet normal -0.896936 0.44216 0
    outer loop
      vertex 36.2284 5.14805 2
      vertex 36.4019 5.5 16.6
      vertex 36.4019 5.5 2
    endloop
  endfacet
  facet normal -0.896936 0.44216 0
    outer loop
      vertex 36.4019 5.5 16.6
      vertex 36.2284 5.14805 2
      vertex 36.2284 5.14805 16.6
    endloop
  endfacet
  facet normal 0.321514 0.946905 -0
    outer loop
      vertex 40.148 6.77164 2
      vertex 39.7765 6.89778 16.6
      vertex 40.148 6.77164 16.6
    endloop
  endfacet
  facet normal 0.321514 0.946905 0
    outer loop
      vertex 39.7765 6.89778 16.6
      vertex 40.148 6.77164 2
      vertex 39.7765 6.89778 2
    endloop
  endfacet
  facet normal 0.555558 0.831477 -0
    outer loop
      vertex 40.8263 6.38006 2
      vertex 40.5 6.59808 16.6
      vertex 40.8263 6.38006 16.6
    endloop
  endfacet
  facet normal 0.555558 0.831477 0
    outer loop
      vertex 40.5 6.59808 16.6
      vertex 40.8263 6.38006 2
      vertex 40.5 6.59808 2
    endloop
  endfacet
  facet normal -0.195062 0.980791 0
    outer loop
      vertex 38.6084 6.97433 2
      vertex 38.2235 6.89778 16.6
      vertex 38.6084 6.97433 16.6
    endloop
  endfacet
  facet normal -0.195062 0.980791 0
    outer loop
      vertex 38.2235 6.89778 16.6
      vertex 38.6084 6.97433 2
      vertex 38.2235 6.89778 2
    endloop
  endfacet
  facet normal 0.442233 0.8969 -0
    outer loop
      vertex 40.5 6.59808 2
      vertex 40.148 6.77164 16.6
      vertex 40.5 6.59808 16.6
    endloop
  endfacet
  facet normal 0.442233 0.8969 0
    outer loop
      vertex 40.148 6.77164 16.6
      vertex 40.5 6.59808 2
      vertex 40.148 6.77164 2
    endloop
  endfacet
  facet normal -0.0654112 0.997858 0
    outer loop
      vertex 39 7 2
      vertex 38.6084 6.97433 16.6
      vertex 39 7 16.6
    endloop
  endfacet
  facet normal -0.0654112 0.997858 0
    outer loop
      vertex 38.6084 6.97433 16.6
      vertex 39 7 2
      vertex 38.6084 6.97433 2
    endloop
  endfacet
  facet normal -0.442233 0.8969 0
    outer loop
      vertex 37.852 6.77164 2
      vertex 37.5 6.59808 16.6
      vertex 37.852 6.77164 16.6
    endloop
  endfacet
  facet normal -0.442233 0.8969 0
    outer loop
      vertex 37.5 6.59808 16.6
      vertex 37.852 6.77164 2
      vertex 37.5 6.59808 2
    endloop
  endfacet
  facet normal -0.321514 0.946905 0
    outer loop
      vertex 38.2235 6.89778 2
      vertex 37.852 6.77164 16.6
      vertex 38.2235 6.89778 16.6
    endloop
  endfacet
  facet normal -0.321514 0.946905 0
    outer loop
      vertex 37.852 6.77164 16.6
      vertex 38.2235 6.89778 2
      vertex 37.852 6.77164 2
    endloop
  endfacet
  facet normal -0.896936 -0.44216 0
    outer loop
      vertex 36.4019 2.5 2
      vertex 36.2284 2.85195 16.6
      vertex 36.2284 2.85195 2
    endloop
  endfacet
  facet normal -0.896936 -0.44216 0
    outer loop
      vertex 36.2284 2.85195 16.6
      vertex 36.4019 2.5 2
      vertex 36.4019 2.5 16.6
    endloop
  endfacet
  facet normal 0.0654112 0.997858 -0
    outer loop
      vertex 39.3916 6.97433 2
      vertex 39 7 16.6
      vertex 39.3916 6.97433 16.6
    endloop
  endfacet
  facet normal 0.0654112 0.997858 0
    outer loop
      vertex 39 7 16.6
      vertex 39.3916 6.97433 2
      vertex 39 7 2
    endloop
  endfacet
  facet normal -0.980813 0.19495 0
    outer loop
      vertex 36.0257 4.39158 2
      vertex 36.1022 4.77646 16.6
      vertex 36.1022 4.77646 2
    endloop
  endfacet
  facet normal -0.980813 0.19495 0
    outer loop
      vertex 36.1022 4.77646 16.6
      vertex 36.0257 4.39158 2
      vertex 36.0257 4.39158 16.6
    endloop
  endfacet
  facet normal -0.659392 0.751799 0
    outer loop
      vertex 37.1737 6.38006 2
      vertex 36.8787 6.12132 16.6
      vertex 37.1737 6.38006 16.6
    endloop
  endfacet
  facet normal -0.659392 0.751799 0
    outer loop
      vertex 36.8787 6.12132 16.6
      vertex 37.1737 6.38006 2
      vertex 36.8787 6.12132 2
    endloop
  endfacet
  facet normal -0.555558 0.831477 0
    outer loop
      vertex 37.5 6.59808 2
      vertex 37.1737 6.38006 16.6
      vertex 37.5 6.59808 16.6
    endloop
  endfacet
  facet normal -0.555558 0.831477 0
    outer loop
      vertex 37.1737 6.38006 16.6
      vertex 37.5 6.59808 2
      vertex 37.1737 6.38006 2
    endloop
  endfacet
  facet normal -0.751729 -0.659472 0
    outer loop
      vertex 36.7723 2 2
      vertex 36.6199 2.17372 16.6
      vertex 36.6199 2.17372 2
    endloop
  endfacet
  facet normal -0.751729 -0.659472 0
    outer loop
      vertex 36.6199 2.17372 16.6
      vertex 36.7723 2 2
      vertex 36.7723 2 16.6
    endloop
  endfacet
  facet normal -0.997853 0.0654906 0
    outer loop
      vertex 36 4 2
      vertex 36.0257 4.39158 16.6
      vertex 36.0257 4.39158 2
    endloop
  endfacet
  facet normal -0.997853 0.0654906 0
    outer loop
      vertex 36.0257 4.39158 16.6
      vertex 36 4 2
      vertex 36 4 16.6
    endloop
  endfacet
  facet normal -0.980782 -0.195105 0
    outer loop
      vertex 40.2393 4.16316 8.6
      vertex 40.2074 4.32352 16.6
      vertex 40.2074 4.32352 8.6
    endloop
  endfacet
  facet normal -0.980782 -0.195105 0
    outer loop
      vertex 40.2074 4.32352 16.6
      vertex 40.2393 4.16316 8.6
      vertex 40.2393 4.16316 16.6
    endloop
  endfacet
  facet normal -0.0653624 0.997862 0
    outer loop
      vertex 39.1632 2.76069 8.6
      vertex 39 2.75 16.6
      vertex 39.1632 2.76069 16.6
    endloop
  endfacet
  facet normal -0.0653624 0.997862 0
    outer loop
      vertex 39 2.75 16.6
      vertex 39.1632 2.76069 8.6
      vertex 39 2.75 8.6
    endloop
  endfacet
  facet normal 0.947038 -0.321123 0
    outer loop
      vertex 37.7926 4.32352 16.6
      vertex 37.8451 4.47835 8.6
      vertex 37.8451 4.47835 16.6
    endloop
  endfacet
  facet normal 0.947038 -0.321123 0
    outer loop
      vertex 37.8451 4.47835 8.6
      vertex 37.7926 4.32352 16.6
      vertex 37.7926 4.32352 8.6
    endloop
  endfacet
  facet normal -0.831579 -0.555406 0
    outer loop
      vertex 40.0825 4.625 8.6
      vertex 39.9917 4.76095 16.6
      vertex 39.9917 4.76095 8.6
    endloop
  endfacet
  facet normal -0.831579 -0.555406 0
    outer loop
      vertex 39.9917 4.76095 16.6
      vertex 40.0825 4.625 8.6
      vertex 40.0825 4.625 16.6
    endloop
  endfacet
  facet normal 0.195175 -0.980768 0
    outer loop
      vertex 38.6765 5.20741 8.6
      vertex 38.8368 5.23931 16.6
      vertex 38.6765 5.20741 16.6
    endloop
  endfacet
  facet normal 0.195175 -0.980768 0
    outer loop
      vertex 38.8368 5.23931 16.6
      vertex 38.6765 5.20741 8.6
      vertex 38.8368 5.23931 8.6
    endloop
  endfacet
  facet normal -0.659448 0.75175 0
    outer loop
      vertex 39.8839 3.11612 8.6
      vertex 39.761 3.00831 16.6
      vertex 39.8839 3.11612 16.6
    endloop
  endfacet
  facet normal -0.659448 0.75175 0
    outer loop
      vertex 39.761 3.00831 16.6
      vertex 39.8839 3.11612 8.6
      vertex 39.761 3.00831 8.6
    endloop
  endfacet
  facet normal 0.442411 0.896812 -0
    outer loop
      vertex 38.5216 2.84515 8.6
      vertex 38.375 2.91747 16.6
      vertex 38.5216 2.84515 16.6
    endloop
  endfacet
  facet normal 0.442411 0.896812 0
    outer loop
      vertex 38.375 2.91747 16.6
      vertex 38.5216 2.84515 8.6
      vertex 38.375 2.91747 8.6
    endloop
  endfacet
  facet normal -0.997857 -0.0654392 0
    outer loop
      vertex 40.25 4 8.6
      vertex 40.2393 4.16316 16.6
      vertex 40.2393 4.16316 8.6
    endloop
  endfacet
  facet normal -0.997857 -0.0654392 0
    outer loop
      vertex 40.2393 4.16316 16.6
      vertex 40.25 4 8.6
      vertex 40.25 4 16.6
    endloop
  endfacet
  facet normal 0.997857 -0.0654392 0
    outer loop
      vertex 37.75 4 16.6
      vertex 37.7607 4.16316 8.6
      vertex 37.7607 4.16316 16.6
    endloop
  endfacet
  facet normal 0.997857 -0.0654392 0
    outer loop
      vertex 37.7607 4.16316 8.6
      vertex 37.75 4 16.6
      vertex 37.75 4 8.6
    endloop
  endfacet
  facet normal -0.947038 -0.321123 0
    outer loop
      vertex 40.2074 4.32352 8.6
      vertex 40.1549 4.47835 16.6
      vertex 40.1549 4.47835 8.6
    endloop
  endfacet
  facet normal -0.947038 -0.321123 0
    outer loop
      vertex 40.1549 4.47835 16.6
      vertex 40.2074 4.32352 8.6
      vertex 40.2074 4.32352 16.6
    endloop
  endfacet
  facet normal 0.321322 0.94697 -0
    outer loop
      vertex 38.6765 2.79259 8.6
      vertex 38.5216 2.84515 16.6
      vertex 38.6765 2.79259 16.6
    endloop
  endfacet
  facet normal 0.321322 0.94697 0
    outer loop
      vertex 38.5216 2.84515 16.6
      vertex 38.6765 2.79259 8.6
      vertex 38.5216 2.84515 8.6
    endloop
  endfacet
  facet normal -0.555434 -0.831561 0
    outer loop
      vertex 39.625 5.08253 8.6
      vertex 39.761 4.99169 16.6
      vertex 39.625 5.08253 16.6
    endloop
  endfacet
  facet normal -0.555434 -0.831561 -0
    outer loop
      vertex 39.761 4.99169 16.6
      vertex 39.625 5.08253 8.6
      vertex 39.761 4.99169 8.6
    endloop
  endfacet
  facet normal 0.997857 0.0654392 0
    outer loop
      vertex 37.7607 3.83684 16.6
      vertex 37.75 4 8.6
      vertex 37.75 4 16.6
    endloop
  endfacet
  facet normal 0.997857 0.0654392 0
    outer loop
      vertex 37.75 4 8.6
      vertex 37.7607 3.83684 16.6
      vertex 37.7607 3.83684 8.6
    endloop
  endfacet
  facet normal -0.195175 -0.980768 0
    outer loop
      vertex 39.1632 5.23931 8.6
      vertex 39.3235 5.20741 16.6
      vertex 39.1632 5.23931 16.6
    endloop
  endfacet
  facet normal -0.195175 -0.980768 -0
    outer loop
      vertex 39.3235 5.20741 16.6
      vertex 39.1632 5.23931 8.6
      vertex 39.3235 5.20741 8.6
    endloop
  endfacet
  facet normal 0.947038 0.321123 0
    outer loop
      vertex 37.8451 3.52165 16.6
      vertex 37.7926 3.67648 8.6
      vertex 37.7926 3.67648 16.6
    endloop
  endfacet
  facet normal 0.947038 0.321123 0
    outer loop
      vertex 37.7926 3.67648 8.6
      vertex 37.8451 3.52165 16.6
      vertex 37.8451 3.52165 8.6
    endloop
  endfacet
  facet normal 0.0653624 0.997862 -0
    outer loop
      vertex 39 2.75 8.6
      vertex 38.8368 2.76069 16.6
      vertex 39 2.75 16.6
    endloop
  endfacet
  facet normal 0.0653624 0.997862 0
    outer loop
      vertex 38.8368 2.76069 16.6
      vertex 39 2.75 8.6
      vertex 38.8368 2.76069 8.6
    endloop
  endfacet
  facet normal -0.997857 0.0654392 0
    outer loop
      vertex 40.2393 3.83684 8.6
      vertex 40.25 4 16.6
      vertex 40.25 4 8.6
    endloop
  endfacet
  facet normal -0.997857 0.0654392 0
    outer loop
      vertex 40.25 4 16.6
      vertex 40.2393 3.83684 8.6
      vertex 40.2393 3.83684 16.6
    endloop
  endfacet
  facet normal -0.442411 0.896812 0
    outer loop
      vertex 39.625 2.91747 8.6
      vertex 39.4784 2.84515 16.6
      vertex 39.625 2.91747 16.6
    endloop
  endfacet
  facet normal -0.442411 0.896812 0
    outer loop
      vertex 39.4784 2.84515 16.6
      vertex 39.625 2.91747 8.6
      vertex 39.4784 2.84515 8.6
    endloop
  endfacet
  facet normal -0.0653624 -0.997862 0
    outer loop
      vertex 39 5.25 8.6
      vertex 39.1632 5.23931 16.6
      vertex 39 5.25 16.6
    endloop
  endfacet
  facet normal -0.0653624 -0.997862 -0
    outer loop
      vertex 39.1632 5.23931 16.6
      vertex 39 5.25 8.6
      vertex 39.1632 5.23931 8.6
    endloop
  endfacet
  facet normal 0.659448 0.75175 -0
    outer loop
      vertex 38.239 3.00831 8.6
      vertex 38.1161 3.11612 16.6
      vertex 38.239 3.00831 16.6
    endloop
  endfacet
  facet normal 0.659448 0.75175 0
    outer loop
      vertex 38.1161 3.11612 16.6
      vertex 38.239 3.00831 8.6
      vertex 38.1161 3.11612 8.6
    endloop
  endfacet
  facet normal -0.980782 0.195105 0
    outer loop
      vertex 40.2074 3.67648 8.6
      vertex 40.2393 3.83684 16.6
      vertex 40.2393 3.83684 8.6
    endloop
  endfacet
  facet normal -0.980782 0.195105 0
    outer loop
      vertex 40.2393 3.83684 16.6
      vertex 40.2074 3.67648 8.6
      vertex 40.2074 3.67648 16.6
    endloop
  endfacet
  facet normal -0.831579 0.555406 0
    outer loop
      vertex 39.9917 3.23905 8.6
      vertex 40.0825 3.375 16.6
      vertex 40.0825 3.375 8.6
    endloop
  endfacet
  facet normal -0.831579 0.555406 0
    outer loop
      vertex 40.0825 3.375 16.6
      vertex 39.9917 3.23905 8.6
      vertex 39.9917 3.23905 16.6
    endloop
  endfacet
  facet normal -0.896678 -0.442683 0
    outer loop
      vertex 40.1549 4.47835 8.6
      vertex 40.0825 4.625 16.6
      vertex 40.0825 4.625 8.6
    endloop
  endfacet
  facet normal -0.896678 -0.442683 0
    outer loop
      vertex 40.0825 4.625 16.6
      vertex 40.1549 4.47835 8.6
      vertex 40.1549 4.47835 16.6
    endloop
  endfacet
  facet normal -0.321322 0.94697 0
    outer loop
      vertex 39.4784 2.84515 8.6
      vertex 39.3235 2.79259 16.6
      vertex 39.4784 2.84515 16.6
    endloop
  endfacet
  facet normal -0.321322 0.94697 0
    outer loop
      vertex 39.3235 2.79259 16.6
      vertex 39.4784 2.84515 8.6
      vertex 39.3235 2.79259 8.6
    endloop
  endfacet
  facet normal -0.555434 0.831561 0
    outer loop
      vertex 39.761 3.00831 8.6
      vertex 39.625 2.91747 16.6
      vertex 39.761 3.00831 16.6
    endloop
  endfacet
  facet normal -0.555434 0.831561 0
    outer loop
      vertex 39.625 2.91747 16.6
      vertex 39.761 3.00831 8.6
      vertex 39.625 2.91747 8.6
    endloop
  endfacet
  facet normal 0.659448 -0.75175 0
    outer loop
      vertex 38.1161 4.88388 8.6
      vertex 38.239 4.99169 16.6
      vertex 38.1161 4.88388 16.6
    endloop
  endfacet
  facet normal 0.659448 -0.75175 0
    outer loop
      vertex 38.239 4.99169 16.6
      vertex 38.1161 4.88388 8.6
      vertex 38.239 4.99169 8.6
    endloop
  endfacet
  facet normal -0.442411 -0.896812 0
    outer loop
      vertex 39.4784 5.15485 8.6
      vertex 39.625 5.08253 16.6
      vertex 39.4784 5.15485 16.6
    endloop
  endfacet
  facet normal -0.442411 -0.896812 -0
    outer loop
      vertex 39.625 5.08253 16.6
      vertex 39.4784 5.15485 8.6
      vertex 39.625 5.08253 8.6
    endloop
  endfacet
  facet normal 0 0 1
    outer loop
      vertex 40.2393 4.16316 8.6
      vertex 40.2393 3.83684 8.6
      vertex 40.25 4 8.6
    endloop
  endfacet
  facet normal 0 0 1
    outer loop
      vertex 40.2074 4.32352 8.6
      vertex 40.2393 3.83684 8.6
      vertex 40.2393 4.16316 8.6
    endloop
  endfacet
  facet normal 0 0 1
    outer loop
      vertex 40.2074 4.32352 8.6
      vertex 40.2074 3.67648 8.6
      vertex 40.2393 3.83684 8.6
    endloop
  endfacet
  facet normal 0 0 1
    outer loop
      vertex 40.1549 4.47835 8.6
      vertex 40.2074 3.67648 8.6
      vertex 40.2074 4.32352 8.6
    endloop
  endfacet
  facet normal 0 0 1
    outer loop
      vertex 40.1549 4.47835 8.6
      vertex 40.1549 3.52165 8.6
      vertex 40.2074 3.67648 8.6
    endloop
  endfacet
  facet normal 0 0 1
    outer loop
      vertex 40.0825 4.625 8.6
      vertex 40.1549 3.52165 8.6
      vertex 40.1549 4.47835 8.6
    endloop
  endfacet
  facet normal 0 0 1
    outer loop
      vertex 40.0825 4.625 8.6
      vertex 40.0825 3.375 8.6
      vertex 40.1549 3.52165 8.6
    endloop
  endfacet
  facet normal 0 0 1
    outer loop
      vertex 39.9917 4.76095 8.6
      vertex 40.0825 3.375 8.6
      vertex 40.0825 4.625 8.6
    endloop
  endfacet
  facet normal 0 0 1
    outer loop
      vertex 39.9917 4.76095 8.6
      vertex 39.9917 3.23905 8.6
      vertex 40.0825 3.375 8.6
    endloop
  endfacet
  facet normal 0 0 1
    outer loop
      vertex 39.8839 4.88388 8.6
      vertex 39.9917 3.23905 8.6
      vertex 39.9917 4.76095 8.6
    endloop
  endfacet
  facet normal 0 0 1
    outer loop
      vertex 39.8839 4.88388 8.6
      vertex 39.8839 3.11612 8.6
      vertex 39.9917 3.23905 8.6
    endloop
  endfacet
  facet normal 0 0 1
    outer loop
      vertex 39.761 4.99169 8.6
      vertex 39.8839 3.11612 8.6
      vertex 39.8839 4.88388 8.6
    endloop
  endfacet
  facet normal 0 0 1
    outer loop
      vertex 39.761 4.99169 8.6
      vertex 39.761 3.00831 8.6
      vertex 39.8839 3.11612 8.6
    endloop
  endfacet
  facet normal 0 0 1
    outer loop
      vertex 39.625 5.08253 8.6
      vertex 39.761 3.00831 8.6
      vertex 39.761 4.99169 8.6
    endloop
  endfacet
  facet normal 0 0 1
    outer loop
      vertex 39.625 5.08253 8.6
      vertex 39.625 2.91747 8.6
      vertex 39.761 3.00831 8.6
    endloop
  endfacet
  facet normal 0 0 1
    outer loop
      vertex 39.4784 5.15485 8.6
      vertex 39.625 2.91747 8.6
      vertex 39.625 5.08253 8.6
    endloop
  endfacet
  facet normal 0 0 1
    outer loop
      vertex 39.4784 5.15485 8.6
      vertex 39.4784 2.84515 8.6
      vertex 39.625 2.91747 8.6
    endloop
  endfacet
  facet normal 0 0 1
    outer loop
      vertex 39.3235 5.20741 8.6
      vertex 39.4784 2.84515 8.6
      vertex 39.4784 5.15485 8.6
    endloop
  endfacet
  facet normal 0 0 1
    outer loop
      vertex 39.3235 5.20741 8.6
      vertex 39.3235 2.79259 8.6
      vertex 39.4784 2.84515 8.6
    endloop
  endfacet
  facet normal 0 0 1
    outer loop
      vertex 39.1632 5.23931 8.6
      vertex 39.3235 2.79259 8.6
      vertex 39.3235 5.20741 8.6
    endloop
  endfacet
  facet normal 0 0 1
    outer loop
      vertex 39.1632 5.23931 8.6
      vertex 39.1632 2.76069 8.6
      vertex 39.3235 2.79259 8.6
    endloop
  endfacet
  facet normal 0 0 1
    outer loop
      vertex 39 5.25 8.6
      vertex 39.1632 2.76069 8.6
      vertex 39.1632 5.23931 8.6
    endloop
  endfacet
  facet normal 0 0 1
    outer loop
      vertex 39 5.25 8.6
      vertex 39 2.75 8.6
      vertex 39.1632 2.76069 8.6
    endloop
  endfacet
  facet normal -0 0 1
    outer loop
      vertex 38.8368 5.23931 8.6
      vertex 39 2.75 8.6
      vertex 39 5.25 8.6
    endloop
  endfacet
  facet normal 0 0 1
    outer loop
      vertex 38.8368 5.23931 8.6
      vertex 38.8368 2.76069 8.6
      vertex 39 2.75 8.6
    endloop
  endfacet
  facet normal -0 0 1
    outer loop
      vertex 38.6765 5.20741 8.6
      vertex 38.8368 2.76069 8.6
      vertex 38.8368 5.23931 8.6
    endloop
  endfacet
  facet normal 0 0 1
    outer loop
      vertex 38.6765 5.20741 8.6
      vertex 38.6765 2.79259 8.6
      vertex 38.8368 2.76069 8.6
    endloop
  endfacet
  facet normal -0 0 1
    outer loop
      vertex 38.5216 5.15485 8.6
      vertex 38.6765 2.79259 8.6
      vertex 38.6765 5.20741 8.6
    endloop
  endfacet
  facet normal 0 0 1
    outer loop
      vertex 38.5216 5.15485 8.6
      vertex 38.5216 2.84515 8.6
      vertex 38.6765 2.79259 8.6
    endloop
  endfacet
  facet normal -0 0 1
    outer loop
      vertex 38.375 5.08253 8.6
      vertex 38.5216 2.84515 8.6
      vertex 38.5216 5.15485 8.6
    endloop
  endfacet
  facet normal 0 0 1
    outer loop
      vertex 38.375 5.08253 8.6
      vertex 38.375 2.91747 8.6
      vertex 38.5216 2.84515 8.6
    endloop
  endfacet
  facet normal -0 0 1
    outer loop
      vertex 38.239 4.99169 8.6
      vertex 38.375 2.91747 8.6
      vertex 38.375 5.08253 8.6
    endloop
  endfacet
  facet normal 0 0 1
    outer loop
      vertex 38.239 4.99169 8.6
      vertex 38.239 3.00831 8.6
      vertex 38.375 2.91747 8.6
    endloop
  endfacet
  facet normal -0 0 1
    outer loop
      vertex 38.1161 4.88388 8.6
      vertex 38.239 3.00831 8.6
      vertex 38.239 4.99169 8.6
    endloop
  endfacet
  facet normal 0 0 1
    outer loop
      vertex 38.1161 4.88388 8.6
      vertex 38.1161 3.11612 8.6
      vertex 38.239 3.00831 8.6
    endloop
  endfacet
  facet normal -0 0 1
    outer loop
      vertex 38.0083 4.76095 8.6
      vertex 38.1161 3.11612 8.6
      vertex 38.1161 4.88388 8.6
    endloop
  endfacet
  facet normal 0 0 1
    outer loop
      vertex 38.0083 4.76095 8.6
      vertex 38.0083 3.23905 8.6
      vertex 38.1161 3.11612 8.6
    endloop
  endfacet
  facet normal -0 0 1
    outer loop
      vertex 37.9175 4.625 8.6
      vertex 38.0083 3.23905 8.6
      vertex 38.0083 4.76095 8.6
    endloop
  endfacet
  facet normal 0 0 1
    outer loop
      vertex 37.9175 4.625 8.6
      vertex 37.9175 3.375 8.6
      vertex 38.0083 3.23905 8.6
    endloop
  endfacet
  facet normal -0 0 1
    outer loop
      vertex 37.8451 4.47835 8.6
      vertex 37.9175 3.375 8.6
      vertex 37.9175 4.625 8.6
    endloop
  endfacet
  facet normal 0 0 1
    outer loop
      vertex 37.8451 4.47835 8.6
      vertex 37.8451 3.52165 8.6
      vertex 37.9175 3.375 8.6
    endloop
  endfacet
  facet normal -0 0 1
    outer loop
      vertex 37.7926 4.32352 8.6
      vertex 37.8451 3.52165 8.6
      vertex 37.8451 4.47835 8.6
    endloop
  endfacet
  facet normal 0 0 1
    outer loop
      vertex 37.7926 4.32352 8.6
      vertex 37.7926 3.67648 8.6
      vertex 37.8451 3.52165 8.6
    endloop
  endfacet
  facet normal -0 0 1
    outer loop
      vertex 37.7607 4.16316 8.6
      vertex 37.7926 3.67648 8.6
      vertex 37.7926 4.32352 8.6
    endloop
  endfacet
  facet normal 0 0 1
    outer loop
      vertex 37.7607 4.16316 8.6
      vertex 37.7607 3.83684 8.6
      vertex 37.7926 3.67648 8.6
    endloop
  endfacet
  facet normal 0 -0 1
    outer loop
      vertex 37.7607 3.83684 8.6
      vertex 37.7607 4.16316 8.6
      vertex 37.75 4 8.6
    endloop
  endfacet
  facet normal -0.896678 0.442683 0
    outer loop
      vertex 40.0825 3.375 8.6
      vertex 40.1549 3.52165 16.6
      vertex 40.1549 3.52165 8.6
    endloop
  endfacet
  facet normal -0.896678 0.442683 0
    outer loop
      vertex 40.1549 3.52165 16.6
      vertex 40.0825 3.375 8.6
      vertex 40.0825 3.375 16.6
    endloop
  endfacet
  facet normal 0.555434 0.831561 -0
    outer loop
      vertex 38.375 2.91747 8.6
      vertex 38.239 3.00831 16.6
      vertex 38.375 2.91747 16.6
    endloop
  endfacet
  facet normal 0.555434 0.831561 0
    outer loop
      vertex 38.239 3.00831 16.6
      vertex 38.375 2.91747 8.6
      vertex 38.239 3.00831 8.6
    endloop
  endfacet
  facet normal -0.947038 0.321123 0
    outer loop
      vertex 40.1549 3.52165 8.6
      vertex 40.2074 3.67648 16.6
      vertex 40.2074 3.67648 8.6
    endloop
  endfacet
  facet normal -0.947038 0.321123 0
    outer loop
      vertex 40.2074 3.67648 16.6
      vertex 40.1549 3.52165 8.6
      vertex 40.1549 3.52165 16.6
    endloop
  endfacet
  facet normal -0.321322 -0.94697 0
    outer loop
      vertex 39.3235 5.20741 8.6
      vertex 39.4784 5.15485 16.6
      vertex 39.3235 5.20741 16.6
    endloop
  endfacet
  facet normal -0.321322 -0.94697 -0
    outer loop
      vertex 39.4784 5.15485 16.6
      vertex 39.3235 5.20741 8.6
      vertex 39.4784 5.15485 8.6
    endloop
  endfacet
  facet normal 0.980782 -0.195105 0
    outer loop
      vertex 37.7607 4.16316 16.6
      vertex 37.7926 4.32352 8.6
      vertex 37.7926 4.32352 16.6
    endloop
  endfacet
  facet normal 0.980782 -0.195105 0
    outer loop
      vertex 37.7926 4.32352 8.6
      vertex 37.7607 4.16316 16.6
      vertex 37.7607 4.16316 8.6
    endloop
  endfacet
  facet normal 0.75186 0.659323 0
    outer loop
      vertex 38.1161 3.11612 16.6
      vertex 38.0083 3.23905 8.6
      vertex 38.0083 3.23905 16.6
    endloop
  endfacet
  facet normal 0.75186 0.659323 0
    outer loop
      vertex 38.0083 3.23905 8.6
      vertex 38.1161 3.11612 16.6
      vertex 38.1161 3.11612 8.6
    endloop
  endfacet
  facet normal 0.442411 -0.896812 0
    outer loop
      vertex 38.375 5.08253 8.6
      vertex 38.5216 5.15485 16.6
      vertex 38.375 5.08253 16.6
    endloop
  endfacet
  facet normal 0.442411 -0.896812 0
    outer loop
      vertex 38.5216 5.15485 16.6
      vertex 38.375 5.08253 8.6
      vertex 38.5216 5.15485 8.6
    endloop
  endfacet
  facet normal 0.896678 -0.442683 0
    outer loop
      vertex 37.8451 4.47835 16.6
      vertex 37.9175 4.625 8.6
      vertex 37.9175 4.625 16.6
    endloop
  endfacet
  facet normal 0.896678 -0.442683 0
    outer loop
      vertex 37.9175 4.625 8.6
      vertex 37.8451 4.47835 16.6
      vertex 37.8451 4.47835 8.6
    endloop
  endfacet
  facet normal -0.195175 0.980768 0
    outer loop
      vertex 39.3235 2.79259 8.6
      vertex 39.1632 2.76069 16.6
      vertex 39.3235 2.79259 16.6
    endloop
  endfacet
  facet normal -0.195175 0.980768 0
    outer loop
      vertex 39.1632 2.76069 16.6
      vertex 39.3235 2.79259 8.6
      vertex 39.1632 2.76069 8.6
    endloop
  endfacet
  facet normal 0.321322 -0.94697 0
    outer loop
      vertex 38.5216 5.15485 8.6
      vertex 38.6765 5.20741 16.6
      vertex 38.5216 5.15485 16.6
    endloop
  endfacet
  facet normal 0.321322 -0.94697 0
    outer loop
      vertex 38.6765 5.20741 16.6
      vertex 38.5216 5.15485 8.6
      vertex 38.6765 5.20741 8.6
    endloop
  endfacet
  facet normal 0.896678 0.442683 0
    outer loop
      vertex 37.9175 3.375 16.6
      vertex 37.8451 3.52165 8.6
      vertex 37.8451 3.52165 16.6
    endloop
  endfacet
  facet normal 0.896678 0.442683 0
    outer loop
      vertex 37.8451 3.52165 8.6
      vertex 37.9175 3.375 16.6
      vertex 37.9175 3.375 8.6
    endloop
  endfacet
  facet normal -0.75186 -0.659323 0
    outer loop
      vertex 39.9917 4.76095 8.6
      vertex 39.8839 4.88388 16.6
      vertex 39.8839 4.88388 8.6
    endloop
  endfacet
  facet normal -0.75186 -0.659323 0
    outer loop
      vertex 39.8839 4.88388 16.6
      vertex 39.9917 4.76095 8.6
      vertex 39.9917 4.76095 16.6
    endloop
  endfacet
  facet normal 0.831579 -0.555406 0
    outer loop
      vertex 37.9175 4.625 16.6
      vertex 38.0083 4.76095 8.6
      vertex 38.0083 4.76095 16.6
    endloop
  endfacet
  facet normal 0.831579 -0.555406 0
    outer loop
      vertex 38.0083 4.76095 8.6
      vertex 37.9175 4.625 16.6
      vertex 37.9175 4.625 8.6
    endloop
  endfacet
  facet normal 0.831579 0.555406 0
    outer loop
      vertex 38.0083 3.23905 16.6
      vertex 37.9175 3.375 8.6
      vertex 37.9175 3.375 16.6
    endloop
  endfacet
  facet normal 0.831579 0.555406 0
    outer loop
      vertex 37.9175 3.375 8.6
      vertex 38.0083 3.23905 16.6
      vertex 38.0083 3.23905 8.6
    endloop
  endfacet
  facet normal -0.659448 -0.75175 0
    outer loop
      vertex 39.761 4.99169 8.6
      vertex 39.8839 4.88388 16.6
      vertex 39.761 4.99169 16.6
    endloop
  endfacet
  facet normal -0.659448 -0.75175 -0
    outer loop
      vertex 39.8839 4.88388 16.6
      vertex 39.761 4.99169 8.6
      vertex 39.8839 4.88388 8.6
    endloop
  endfacet
  facet normal 0.0653624 -0.997862 0
    outer loop
      vertex 38.8368 5.23931 8.6
      vertex 39 5.25 16.6
      vertex 38.8368 5.23931 16.6
    endloop
  endfacet
  facet normal 0.0653624 -0.997862 0
    outer loop
      vertex 39 5.25 16.6
      vertex 38.8368 5.23931 8.6
      vertex 39 5.25 8.6
    endloop
  endfacet
  facet normal 0.980782 0.195105 0
    outer loop
      vertex 37.7926 3.67648 16.6
      vertex 37.7607 3.83684 8.6
      vertex 37.7607 3.83684 16.6
    endloop
  endfacet
  facet normal 0.980782 0.195105 0
    outer loop
      vertex 37.7607 3.83684 8.6
      vertex 37.7926 3.67648 16.6
      vertex 37.7926 3.67648 8.6
    endloop
  endfacet
  facet normal 0.555434 -0.831561 0
    outer loop
      vertex 38.239 4.99169 8.6
      vertex 38.375 5.08253 16.6
      vertex 38.239 4.99169 16.6
    endloop
  endfacet
  facet normal 0.555434 -0.831561 0
    outer loop
      vertex 38.375 5.08253 16.6
      vertex 38.239 4.99169 8.6
      vertex 38.375 5.08253 8.6
    endloop
  endfacet
  facet normal 0.75186 -0.659323 0
    outer loop
      vertex 38.0083 4.76095 16.6
      vertex 38.1161 4.88388 8.6
      vertex 38.1161 4.88388 16.6
    endloop
  endfacet
  facet normal 0.75186 -0.659323 0
    outer loop
      vertex 38.1161 4.88388 8.6
      vertex 38.0083 4.76095 16.6
      vertex 38.0083 4.76095 8.6
    endloop
  endfacet
  facet normal -0.75186 0.659323 0
    outer loop
      vertex 39.8839 3.11612 8.6
      vertex 39.9917 3.23905 16.6
      vertex 39.9917 3.23905 8.6
    endloop
  endfacet
  facet normal -0.75186 0.659323 0
    outer loop
      vertex 39.9917 3.23905 16.6
      vertex 39.8839 3.11612 8.6
      vertex 39.8839 3.11612 16.6
    endloop
  endfacet
  facet normal 0.195175 0.980768 -0
    outer loop
      vertex 38.8368 2.76069 8.6
      vertex 38.6765 2.79259 16.6
      vertex 38.8368 2.76069 16.6
    endloop
  endfacet
  facet normal 0.195175 0.980768 0
    outer loop
      vertex 38.6765 2.79259 16.6
      vertex 38.8368 2.76069 8.6
      vertex 38.6765 2.79259 8.6
    endloop
  endfacet
  facet normal 0.980703 0.195502 0
    outer loop
      vertex 6.97433 137.392 16.6
      vertex 6.89778 137.776 2
      vertex 6.89778 137.776 16.6
    endloop
  endfacet
  facet normal 0.980703 0.195502 0
    outer loop
      vertex 6.89778 137.776 2
      vertex 6.97433 137.392 16.6
      vertex 6.97433 137.392 2
    endloop
  endfacet
  facet normal 0.997863 -0.0653447 0
    outer loop
      vertex 6.97433 136.608 16.6
      vertex 7 137 2
      vertex 7 137 16.6
    endloop
  endfacet
  facet normal 0.997863 -0.0653447 0
    outer loop
      vertex 7 137 2
      vertex 6.97433 136.608 16.6
      vertex 6.97433 136.608 2
    endloop
  endfacet
  facet normal 0.751799 -0.659392 0
    outer loop
      vertex 6.12132 134.879 16.6
      vertex 6.38006 135.174 2
      vertex 6.38006 135.174 16.6
    endloop
  endfacet
  facet normal 0.751799 -0.659392 0
    outer loop
      vertex 6.38006 135.174 2
      vertex 6.12132 134.879 16.6
      vertex 6.12132 134.879 2
    endloop
  endfacet
  facet normal 0.752362 0.658749 0
    outer loop
      vertex 6.38006 138.826 16.6
      vertex 6.22771 139 2
      vertex 6.22771 139 16.6
    endloop
  endfacet
  facet normal 0.752362 0.658749 0
    outer loop
      vertex 6.22771 139 2
      vertex 6.38006 138.826 16.6
      vertex 6.38006 138.826 2
    endloop
  endfacet
  facet normal -0.831241 -0.555912 0
    outer loop
      vertex 1.61994 135.174 5.3
      vertex 1.40192 135.5 13.3
      vertex 1.40192 135.5 5.3
    endloop
  endfacet
  facet normal -0.831241 -0.555912 0
    outer loop
      vertex 1.40192 135.5 13.3
      vertex 1.61994 135.174 5.3
      vertex 1.61994 135.174 13.3
    endloop
  endfacet
  facet normal -0.555547 -0.831485 0
    outer loop
      vertex 2.17372 134.62 2
      vertex 2.5 134.402 16.6
      vertex 2.17372 134.62 16.6
    endloop
  endfacet
  facet normal -0.555547 -0.831485 -0
    outer loop
      vertex 2.5 134.402 16.6
      vertex 2.17372 134.62 2
      vertex 2.5 134.402 2
    endloop
  endfacet
  facet normal 0.443185 -0.89643 0
    outer loop
      vertex 5.14805 134.228 2
      vertex 5.5 134.402 16.6
      vertex 5.14805 134.228 16.6
    endloop
  endfacet
  facet normal 0.443185 -0.89643 0
    outer loop
      vertex 5.5 134.402 16.6
      vertex 5.14805 134.228 2
      vertex 5.5 134.402 2
    endloop
  endfacet
  facet normal -0.443185 -0.89643 0
    outer loop
      vertex 2.5 134.402 2
      vertex 2.85195 134.228 16.6
      vertex 2.5 134.402 16.6
    endloop
  endfacet
  facet normal -0.443185 -0.89643 -0
    outer loop
      vertex 2.85195 134.228 16.6
      vertex 2.5 134.402 2
      vertex 2.85195 134.228 2
    endloop
  endfacet
  facet normal -0.321125 -0.947037 0
    outer loop
      vertex 2.85195 134.228 2
      vertex 3.22354 134.102 16.6
      vertex 2.85195 134.228 16.6
    endloop
  endfacet
  facet normal -0.321125 -0.947037 -0
    outer loop
      vertex 3.22354 134.102 16.6
      vertex 2.85195 134.228 2
      vertex 3.22354 134.102 2
    endloop
  endfacet
  facet normal 0.997863 0.0653447 0
    outer loop
      vertex 7 137 16.6
      vertex 6.97433 137.392 2
      vertex 6.97433 137.392 16.6
    endloop
  endfacet
  facet normal 0.997863 0.0653447 0
    outer loop
      vertex 6.97433 137.392 2
      vertex 7 137 16.6
      vertex 7 137 2
    endloop
  endfacet
  facet normal 0.8969 -0.442233 0
    outer loop
      vertex 6.59808 135.5 16.6
      vertex 6.77164 135.852 2
      vertex 6.77164 135.852 16.6
    endloop
  endfacet
  facet normal 0.8969 -0.442233 0
    outer loop
      vertex 6.77164 135.852 2
      vertex 6.59808 135.5 16.6
      vertex 6.59808 135.5 2
    endloop
  endfacet
  facet normal -0.0662518 -0.997803 0
    outer loop
      vertex 3.60842 134.026 2
      vertex 4 134 16.6
      vertex 3.60842 134.026 16.6
    endloop
  endfacet
  facet normal -0.0662518 -0.997803 -0
    outer loop
      vertex 4 134 16.6
      vertex 3.60842 134.026 2
      vertex 4 134 2
    endloop
  endfacet
  facet normal 0.8969 0.442233 0
    outer loop
      vertex 6.77164 138.148 16.6
      vertex 6.59808 138.5 2
      vertex 6.59808 138.5 16.6
    endloop
  endfacet
  facet normal 0.8969 0.442233 0
    outer loop
      vertex 6.59808 138.5 2
      vertex 6.77164 138.148 16.6
      vertex 6.77164 138.148 2
    endloop
  endfacet
  facet normal 0.831241 0.555912 0
    outer loop
      vertex 6.59808 138.5 16.6
      vertex 6.38006 138.826 2
      vertex 6.38006 138.826 16.6
    endloop
  endfacet
  facet normal 0.831241 0.555912 0
    outer loop
      vertex 6.38006 138.826 2
      vertex 6.59808 138.5 16.6
      vertex 6.59808 138.5 2
    endloop
  endfacet
  facet normal 0.947036 0.321127 0
    outer loop
      vertex 6.89778 137.776 16.6
      vertex 6.77164 138.148 2
      vertex 6.77164 138.148 16.6
    endloop
  endfacet
  facet normal 0.947036 0.321127 0
    outer loop
      vertex 6.77164 138.148 2
      vertex 6.89778 137.776 16.6
      vertex 6.89778 137.776 2
    endloop
  endfacet
  facet normal 0.321125 -0.947037 0
    outer loop
      vertex 4.77646 134.102 2
      vertex 5.14805 134.228 16.6
      vertex 4.77646 134.102 16.6
    endloop
  endfacet
  facet normal 0.321125 -0.947037 0
    outer loop
      vertex 5.14805 134.228 16.6
      vertex 4.77646 134.102 2
      vertex 5.14805 134.228 2
    endloop
  endfacet
  facet normal 0.0662518 -0.997803 0
    outer loop
      vertex 4 134 2
      vertex 4.39158 134.026 16.6
      vertex 4 134 16.6
    endloop
  endfacet
  facet normal 0.0662518 -0.997803 0
    outer loop
      vertex 4.39158 134.026 16.6
      vertex 4 134 2
      vertex 4.39158 134.026 2
    endloop
  endfacet
  facet normal 0.980703 -0.195502 0
    outer loop
      vertex 6.89778 136.224 16.6
      vertex 6.97433 136.608 2
      vertex 6.97433 136.608 16.6
    endloop
  endfacet
  facet normal 0.980703 -0.195502 0
    outer loop
      vertex 6.97433 136.608 2
      vertex 6.89778 136.224 16.6
      vertex 6.89778 136.224 2
    endloop
  endfacet
  facet normal 0.193723 -0.981056 0
    outer loop
      vertex 4.39158 134.026 2
      vertex 4.77646 134.102 16.6
      vertex 4.39158 134.026 16.6
    endloop
  endfacet
  facet normal 0.193723 -0.981056 0
    outer loop
      vertex 4.77646 134.102 16.6
      vertex 4.39158 134.026 2
      vertex 4.77646 134.102 2
    endloop
  endfacet
  facet normal 0.659716 -0.751515 0
    outer loop
      vertex 5.82628 134.62 2
      vertex 6.12132 134.879 16.6
      vertex 5.82628 134.62 16.6
    endloop
  endfacet
  facet normal 0.659716 -0.751515 0
    outer loop
      vertex 6.12132 134.879 16.6
      vertex 5.82628 134.62 2
      vertex 6.12132 134.879 2
    endloop
  endfacet
  facet normal 0.831241 -0.555912 0
    outer loop
      vertex 6.38006 135.174 16.6
      vertex 6.59808 135.5 2
      vertex 6.59808 135.5 16.6
    endloop
  endfacet
  facet normal 0.831241 -0.555912 0
    outer loop
      vertex 6.59808 135.5 2
      vertex 6.38006 135.174 16.6
      vertex 6.38006 135.174 2
    endloop
  endfacet
  facet normal 0.947036 -0.321127 0
    outer loop
      vertex 6.77164 135.852 16.6
      vertex 6.89778 136.224 2
      vertex 6.89778 136.224 16.6
    endloop
  endfacet
  facet normal 0.947036 -0.321127 0
    outer loop
      vertex 6.89778 136.224 2
      vertex 6.77164 135.852 16.6
      vertex 6.77164 135.852 2
    endloop
  endfacet
  facet normal -0.751799 -0.659392 0
    outer loop
      vertex 1.87868 134.879 5.3
      vertex 1.61994 135.174 13.3
      vertex 1.61994 135.174 5.3
    endloop
  endfacet
  facet normal -0.751799 -0.659392 0
    outer loop
      vertex 1.61994 135.174 13.3
      vertex 1.87868 134.879 5.3
      vertex 1.87868 134.879 13.3
    endloop
  endfacet
  facet normal 0.555547 -0.831485 0
    outer loop
      vertex 5.5 134.402 2
      vertex 5.82628 134.62 16.6
      vertex 5.5 134.402 16.6
    endloop
  endfacet
  facet normal 0.555547 -0.831485 0
    outer loop
      vertex 5.82628 134.62 16.6
      vertex 5.5 134.402 2
      vertex 5.82628 134.62 2
    endloop
  endfacet
  facet normal -0.661458 -0.749982 -0
    outer loop
      vertex 1.87868 134.879 13.3
      vertex 1.87868 134.879 5.3
      vertex 2 134.772 13.3
    endloop
  endfacet
  facet normal -0.658492 -0.752587 0
    outer loop
      vertex 2 134.772 13.3
      vertex 2.17372 134.62 16.6
      vertex 2 134.772 16.6
    endloop
  endfacet
  facet normal -0.661458 -0.749982 0
    outer loop
      vertex 2 134.772 5.3
      vertex 2 134.772 13.3
      vertex 1.87868 134.879 5.3
    endloop
  endfacet
  facet normal -0.658492 -0.752587 -0
    outer loop
      vertex 2 134.772 13.3
      vertex 2 134.772 5.3
      vertex 2.17372 134.62 16.6
    endloop
  endfacet
  facet normal -0.658492 -0.752587 0
    outer loop
      vertex 2.17372 134.62 2
      vertex 2 134.772 5.3
      vertex 2 134.772 2
    endloop
  endfacet
  facet normal -0.658492 -0.752587 0
    outer loop
      vertex 2 134.772 5.3
      vertex 2.17372 134.62 2
      vertex 2.17372 134.62 16.6
    endloop
  endfacet
  facet normal -0.193723 -0.981056 0
    outer loop
      vertex 3.22354 134.102 2
      vertex 3.60842 134.026 16.6
      vertex 3.22354 134.102 16.6
    endloop
  endfacet
  facet normal -0.193723 -0.981056 -0
    outer loop
      vertex 3.60842 134.026 16.6
      vertex 3.22354 134.102 2
      vertex 3.60842 134.026 2
    endloop
  endfacet
  facet normal -0.980931 -0.194358 0
    outer loop
      vertex 5.23931 137.163 8.6
      vertex 5.20741 137.324 16.6
      vertex 5.20741 137.324 8.6
    endloop
  endfacet
  facet normal -0.980931 -0.194358 0
    outer loop
      vertex 5.20741 137.324 16.6
      vertex 5.23931 137.163 8.6
      vertex 5.23931 137.163 16.6
    endloop
  endfacet
  facet normal -0.0672658 0.997735 0
    outer loop
      vertex 4.16316 135.761 8.6
      vertex 4 135.75 16.6
      vertex 4.16316 135.761 16.6
    endloop
  endfacet
  facet normal -0.0672658 0.997735 0
    outer loop
      vertex 4 135.75 16.6
      vertex 4.16316 135.761 8.6
      vertex 4 135.75 8.6
    endloop
  endfacet
  facet normal 0.946398 -0.323004 0
    outer loop
      vertex 2.79259 137.324 16.6
      vertex 2.84515 137.478 8.6
      vertex 2.84515 137.478 16.6
    endloop
  endfacet
  facet normal 0.946398 -0.323004 0
    outer loop
      vertex 2.84515 137.478 8.6
      vertex 2.79259 137.324 16.6
      vertex 2.79259 137.324 8.6
    endloop
  endfacet
  facet normal -0.831561 -0.555434 0
    outer loop
      vertex 5.08253 137.625 8.6
      vertex 4.99169 137.761 16.6
      vertex 4.99169 137.761 8.6
    endloop
  endfacet
  facet normal -0.831561 -0.555434 0
    outer loop
      vertex 4.99169 137.761 16.6
      vertex 5.08253 137.625 8.6
      vertex 5.08253 137.625 16.6
    endloop
  endfacet
  facet normal 0.195693 -0.980665 0
    outer loop
      vertex 3.67648 138.207 8.6
      vertex 3.83684 138.239 16.6
      vertex 3.67648 138.207 16.6
    endloop
  endfacet
  facet normal 0.195693 -0.980665 0
    outer loop
      vertex 3.83684 138.239 16.6
      vertex 3.67648 138.207 8.6
      vertex 3.83684 138.239 8.6
    endloop
  endfacet
  facet normal -0.660013 0.751254 0
    outer loop
      vertex 4.88388 136.116 8.6
      vertex 4.76095 136.008 16.6
      vertex 4.88388 136.116 16.6
    endloop
  endfacet
  facet normal -0.660013 0.751254 0
    outer loop
      vertex 4.76095 136.008 16.6
      vertex 4.88388 136.116 8.6
      vertex 4.76095 136.008 8.6
    endloop
  endfacet
  facet normal 0.440714 0.897648 -0
    outer loop
      vertex 3.52165 135.845 8.6
      vertex 3.375 135.917 16.6
      vertex 3.52165 135.845 16.6
    endloop
  endfacet
  facet normal 0.440714 0.897648 0
    outer loop
      vertex 3.375 135.917 16.6
      vertex 3.52165 135.845 8.6
      vertex 3.375 135.917 8.6
    endloop
  endfacet
  facet normal -0.997856 -0.0654422 0
    outer loop
      vertex 5.25 137 8.6
      vertex 5.23931 137.163 16.6
      vertex 5.23931 137.163 8.6
    endloop
  endfacet
  facet normal -0.997856 -0.0654422 0
    outer loop
      vertex 5.23931 137.163 16.6
      vertex 5.25 137 8.6
      vertex 5.25 137 16.6
    endloop
  endfacet
  facet normal 0.997856 -0.0654422 0
    outer loop
      vertex 2.75 137 16.6
      vertex 2.76069 137.163 8.6
      vertex 2.76069 137.163 16.6
    endloop
  endfacet
  facet normal 0.997856 -0.0654422 0
    outer loop
      vertex 2.76069 137.163 8.6
      vertex 2.75 137 16.6
      vertex 2.75 137 8.6
    endloop
  endfacet
  facet normal -0.946398 -0.323004 0
    outer loop
      vertex 5.20741 137.324 8.6
      vertex 5.15485 137.478 16.6
      vertex 5.15485 137.478 8.6
    endloop
  endfacet
  facet normal -0.946398 -0.323004 0
    outer loop
      vertex 5.15485 137.478 16.6
      vertex 5.20741 137.324 8.6
      vertex 5.20741 137.324 16.6
    endloop
  endfacet
  facet normal 0.318376 0.947965 -0
    outer loop
      vertex 3.67648 135.793 8.6
      vertex 3.52165 135.845 16.6
      vertex 3.67648 135.793 16.6
    endloop
  endfacet
  facet normal 0.318376 0.947965 0
    outer loop
      vertex 3.52165 135.845 16.6
      vertex 3.67648 135.793 8.6
      vertex 3.52165 135.845 8.6
    endloop
  endfacet
  facet normal -0.556251 -0.831014 0
    outer loop
      vertex 4.625 138.083 8.6
      vertex 4.76095 137.992 16.6
      vertex 4.625 138.083 16.6
    endloop
  endfacet
  facet normal -0.556251 -0.831014 -0
    outer loop
      vertex 4.76095 137.992 16.6
      vertex 4.625 138.083 8.6
      vertex 4.76095 137.992 8.6
    endloop
  endfacet
  facet normal 0.997856 0.0654422 0
    outer loop
      vertex 2.76069 136.837 16.6
      vertex 2.75 137 8.6
      vertex 2.75 137 16.6
    endloop
  endfacet
  facet normal 0.997856 0.0654422 0
    outer loop
      vertex 2.75 137 8.6
      vertex 2.76069 136.837 16.6
      vertex 2.76069 136.837 8.6
    endloop
  endfacet
  facet normal -0.195693 -0.980665 0
    outer loop
      vertex 4.16316 138.239 8.6
      vertex 4.32352 138.207 16.6
      vertex 4.16316 138.239 16.6
    endloop
  endfacet
  facet normal -0.195693 -0.980665 -0
    outer loop
      vertex 4.32352 138.207 16.6
      vertex 4.16316 138.239 8.6
      vertex 4.32352 138.207 8.6
    endloop
  endfacet
  facet normal 0.946398 0.323004 0
    outer loop
      vertex 2.84515 136.522 16.6
      vertex 2.79259 136.676 8.6
      vertex 2.79259 136.676 16.6
    endloop
  endfacet
  facet normal 0.946398 0.323004 0
    outer loop
      vertex 2.79259 136.676 8.6
      vertex 2.84515 136.522 16.6
      vertex 2.84515 136.522 8.6
    endloop
  endfacet
  facet normal 0.0672658 0.997735 -0
    outer loop
      vertex 4 135.75 8.6
      vertex 3.83684 135.761 16.6
      vertex 4 135.75 16.6
    endloop
  endfacet
  facet normal 0.0672658 0.997735 0
    outer loop
      vertex 3.83684 135.761 16.6
      vertex 4 135.75 8.6
      vertex 3.83684 135.761 8.6
    endloop
  endfacet
  facet normal -0.997856 0.0654422 0
    outer loop
      vertex 5.23931 136.837 8.6
      vertex 5.25 137 16.6
      vertex 5.25 137 8.6
    endloop
  endfacet
  facet normal -0.997856 0.0654422 0
    outer loop
      vertex 5.25 137 16.6
      vertex 5.23931 136.837 8.6
      vertex 5.23931 136.837 16.6
    endloop
  endfacet
  facet normal -0.440714 0.897648 0
    outer loop
      vertex 4.625 135.917 8.6
      vertex 4.47835 135.845 16.6
      vertex 4.625 135.917 16.6
    endloop
  endfacet
  facet normal -0.440714 0.897648 0
    outer loop
      vertex 4.47835 135.845 16.6
      vertex 4.625 135.917 8.6
      vertex 4.47835 135.845 8.6
    endloop
  endfacet
  facet normal -0.0672658 -0.997735 0
    outer loop
      vertex 4 138.25 8.6
      vertex 4.16316 138.239 16.6
      vertex 4 138.25 16.6
    endloop
  endfacet
  facet normal -0.0672658 -0.997735 -0
    outer loop
      vertex 4.16316 138.239 16.6
      vertex 4 138.25 8.6
      vertex 4.16316 138.239 8.6
    endloop
  endfacet
  facet normal 0.660013 0.751254 -0
    outer loop
      vertex 3.23905 136.008 8.6
      vertex 3.11612 136.116 16.6
      vertex 3.23905 136.008 16.6
    endloop
  endfacet
  facet normal 0.660013 0.751254 0
    outer loop
      vertex 3.11612 136.116 16.6
      vertex 3.23905 136.008 8.6
      vertex 3.11612 136.116 8.6
    endloop
  endfacet
  facet normal -0.980931 0.194358 0
    outer loop
      vertex 5.20741 136.676 8.6
      vertex 5.23931 136.837 16.6
      vertex 5.23931 136.837 8.6
    endloop
  endfacet
  facet normal -0.980931 0.194358 0
    outer loop
      vertex 5.23931 136.837 16.6
      vertex 5.20741 136.676 8.6
      vertex 5.20741 136.676 16.6
    endloop
  endfacet
  facet normal -0.831561 0.555434 0
    outer loop
      vertex 4.99169 136.239 8.6
      vertex 5.08253 136.375 16.6
      vertex 5.08253 136.375 8.6
    endloop
  endfacet
  facet normal -0.831561 0.555434 0
    outer loop
      vertex 5.08253 136.375 16.6
      vertex 4.99169 136.239 8.6
      vertex 4.99169 136.239 16.6
    endloop
  endfacet
  facet normal -0.89729 -0.441442 0
    outer loop
      vertex 5.15485 137.478 8.6
      vertex 5.08253 137.625 16.6
      vertex 5.08253 137.625 8.6
    endloop
  endfacet
  facet normal -0.89729 -0.441442 0
    outer loop
      vertex 5.08253 137.625 16.6
      vertex 5.15485 137.478 8.6
      vertex 5.15485 137.478 16.6
    endloop
  endfacet
  facet normal -0.318376 0.947965 0
    outer loop
      vertex 4.47835 135.845 8.6
      vertex 4.32352 135.793 16.6
      vertex 4.47835 135.845 16.6
    endloop
  endfacet
  facet normal -0.318376 0.947965 0
    outer loop
      vertex 4.32352 135.793 16.6
      vertex 4.47835 135.845 8.6
      vertex 4.32352 135.793 8.6
    endloop
  endfacet
  facet normal -0.556251 0.831014 0
    outer loop
      vertex 4.76095 136.008 8.6
      vertex 4.625 135.917 16.6
      vertex 4.76095 136.008 16.6
    endloop
  endfacet
  facet normal -0.556251 0.831014 0
    outer loop
      vertex 4.625 135.917 16.6
      vertex 4.76095 136.008 8.6
      vertex 4.625 135.917 8.6
    endloop
  endfacet
  facet normal 0.660013 -0.751254 0
    outer loop
      vertex 3.11612 137.884 8.6
      vertex 3.23905 137.992 16.6
      vertex 3.11612 137.884 16.6
    endloop
  endfacet
  facet normal 0.660013 -0.751254 0
    outer loop
      vertex 3.23905 137.992 16.6
      vertex 3.11612 137.884 8.6
      vertex 3.23905 137.992 8.6
    endloop
  endfacet
  facet normal -0.440714 -0.897648 0
    outer loop
      vertex 4.47835 138.155 8.6
      vertex 4.625 138.083 16.6
      vertex 4.47835 138.155 16.6
    endloop
  endfacet
  facet normal -0.440714 -0.897648 -0
    outer loop
      vertex 4.625 138.083 16.6
      vertex 4.47835 138.155 8.6
      vertex 4.625 138.083 8.6
    endloop
  endfacet
  facet normal 0 0 1
    outer loop
      vertex 5.23931 137.163 8.6
      vertex 5.23931 136.837 8.6
      vertex 5.25 137 8.6
    endloop
  endfacet
  facet normal 0 0 1
    outer loop
      vertex 5.20741 137.324 8.6
      vertex 5.23931 136.837 8.6
      vertex 5.23931 137.163 8.6
    endloop
  endfacet
  facet normal 0 0 1
    outer loop
      vertex 5.20741 137.324 8.6
      vertex 5.20741 136.676 8.6
      vertex 5.23931 136.837 8.6
    endloop
  endfacet
  facet normal 0 0 1
    outer loop
      vertex 5.15485 137.478 8.6
      vertex 5.20741 136.676 8.6
      vertex 5.20741 137.324 8.6
    endloop
  endfacet
  facet normal 0 0 1
    outer loop
      vertex 5.15485 137.478 8.6
      vertex 5.15485 136.522 8.6
      vertex 5.20741 136.676 8.6
    endloop
  endfacet
  facet normal 0 0 1
    outer loop
      vertex 5.08253 137.625 8.6
      vertex 5.15485 136.522 8.6
      vertex 5.15485 137.478 8.6
    endloop
  endfacet
  facet normal 0 0 1
    outer loop
      vertex 5.08253 137.625 8.6
      vertex 5.08253 136.375 8.6
      vertex 5.15485 136.522 8.6
    endloop
  endfacet
  facet normal 0 0 1
    outer loop
      vertex 4.99169 137.761 8.6
      vertex 5.08253 136.375 8.6
      vertex 5.08253 137.625 8.6
    endloop
  endfacet
  facet normal 0 0 1
    outer loop
      vertex 4.99169 137.761 8.6
      vertex 4.99169 136.239 8.6
      vertex 5.08253 136.375 8.6
    endloop
  endfacet
  facet normal 0 0 1
    outer loop
      vertex 4.88388 137.884 8.6
      vertex 4.99169 136.239 8.6
      vertex 4.99169 137.761 8.6
    endloop
  endfacet
  facet normal 0 0 1
    outer loop
      vertex 4.88388 137.884 8.6
      vertex 4.88388 136.116 8.6
      vertex 4.99169 136.239 8.6
    endloop
  endfacet
  facet normal 0 0 1
    outer loop
      vertex 4.76095 137.992 8.6
      vertex 4.88388 136.116 8.6
      vertex 4.88388 137.884 8.6
    endloop
  endfacet
  facet normal 0 0 1
    outer loop
      vertex 4.76095 137.992 8.6
      vertex 4.76095 136.008 8.6
      vertex 4.88388 136.116 8.6
    endloop
  endfacet
  facet normal 0 0 1
    outer loop
      vertex 4.625 138.083 8.6
      vertex 4.76095 136.008 8.6
      vertex 4.76095 137.992 8.6
    endloop
  endfacet
  facet normal 0 0 1
    outer loop
      vertex 4.625 138.083 8.6
      vertex 4.625 135.917 8.6
      vertex 4.76095 136.008 8.6
    endloop
  endfacet
  facet normal 0 0 1
    outer loop
      vertex 4.47835 138.155 8.6
      vertex 4.625 135.917 8.6
      vertex 4.625 138.083 8.6
    endloop
  endfacet
  facet normal 0 0 1
    outer loop
      vertex 4.47835 138.155 8.6
      vertex 4.47835 135.845 8.6
      vertex 4.625 135.917 8.6
    endloop
  endfacet
  facet normal 0 0 1
    outer loop
      vertex 4.32352 138.207 8.6
      vertex 4.47835 135.845 8.6
      vertex 4.47835 138.155 8.6
    endloop
  endfacet
  facet normal 0 0 1
    outer loop
      vertex 4.32352 138.207 8.6
      vertex 4.32352 135.793 8.6
      vertex 4.47835 135.845 8.6
    endloop
  endfacet
  facet normal 0 0 1
    outer loop
      vertex 4.16316 138.239 8.6
      vertex 4.32352 135.793 8.6
      vertex 4.32352 138.207 8.6
    endloop
  endfacet
  facet normal 0 0 1
    outer loop
      vertex 4.16316 138.239 8.6
      vertex 4.16316 135.761 8.6
      vertex 4.32352 135.793 8.6
    endloop
  endfacet
  facet normal 0 0 1
    outer loop
      vertex 4 138.25 8.6
      vertex 4.16316 135.761 8.6
      vertex 4.16316 138.239 8.6
    endloop
  endfacet
  facet normal 0 0 1
    outer loop
      vertex 4 138.25 8.6
      vertex 4 135.75 8.6
      vertex 4.16316 135.761 8.6
    endloop
  endfacet
  facet normal -0 0 1
    outer loop
      vertex 3.83684 138.239 8.6
      vertex 4 135.75 8.6
      vertex 4 138.25 8.6
    endloop
  endfacet
  facet normal 0 0 1
    outer loop
      vertex 3.83684 138.239 8.6
      vertex 3.83684 135.761 8.6
      vertex 4 135.75 8.6
    endloop
  endfacet
  facet normal -0 0 1
    outer loop
      vertex 3.67648 138.207 8.6
      vertex 3.83684 135.761 8.6
      vertex 3.83684 138.239 8.6
    endloop
  endfacet
  facet normal 0 0 1
    outer loop
      vertex 3.67648 138.207 8.6
      vertex 3.67648 135.793 8.6
      vertex 3.83684 135.761 8.6
    endloop
  endfacet
  facet normal -0 0 1
    outer loop
      vertex 3.52165 138.155 8.6
      vertex 3.67648 135.793 8.6
      vertex 3.67648 138.207 8.6
    endloop
  endfacet
  facet normal 0 0 1
    outer loop
      vertex 3.52165 138.155 8.6
      vertex 3.52165 135.845 8.6
      vertex 3.67648 135.793 8.6
    endloop
  endfacet
  facet normal -0 0 1
    outer loop
      vertex 3.375 138.083 8.6
      vertex 3.52165 135.845 8.6
      vertex 3.52165 138.155 8.6
    endloop
  endfacet
  facet normal 0 0 1
    outer loop
      vertex 3.375 138.083 8.6
      vertex 3.375 135.917 8.6
      vertex 3.52165 135.845 8.6
    endloop
  endfacet
  facet normal -0 0 1
    outer loop
      vertex 3.23905 137.992 8.6
      vertex 3.375 135.917 8.6
      vertex 3.375 138.083 8.6
    endloop
  endfacet
  facet normal 0 0 1
    outer loop
      vertex 3.23905 137.992 8.6
      vertex 3.23905 136.008 8.6
      vertex 3.375 135.917 8.6
    endloop
  endfacet
  facet normal -0 0 1
    outer loop
      vertex 3.11612 137.884 8.6
      vertex 3.23905 136.008 8.6
      vertex 3.23905 137.992 8.6
    endloop
  endfacet
  facet normal 0 0 1
    outer loop
      vertex 3.11612 137.884 8.6
      vertex 3.11612 136.116 8.6
      vertex 3.23905 136.008 8.6
    endloop
  endfacet
  facet normal -0 0 1
    outer loop
      vertex 3.00831 137.761 8.6
      vertex 3.11612 136.116 8.6
      vertex 3.11612 137.884 8.6
    endloop
  endfacet
  facet normal 0 0 1
    outer loop
      vertex 3.00831 137.761 8.6
      vertex 3.00831 136.239 8.6
      vertex 3.11612 136.116 8.6
    endloop
  endfacet
  facet normal -0 0 1
    outer loop
      vertex 2.91747 137.625 8.6
      vertex 3.00831 136.239 8.6
      vertex 3.00831 137.761 8.6
    endloop
  endfacet
  facet normal 0 0 1
    outer loop
      vertex 2.91747 137.625 8.6
      vertex 2.91747 136.375 8.6
      vertex 3.00831 136.239 8.6
    endloop
  endfacet
  facet normal -0 0 1
    outer loop
      vertex 2.84515 137.478 8.6
      vertex 2.91747 136.375 8.6
      vertex 2.91747 137.625 8.6
    endloop
  endfacet
  facet normal 0 0 1
    outer loop
      vertex 2.84515 137.478 8.6
      vertex 2.84515 136.522 8.6
      vertex 2.91747 136.375 8.6
    endloop
  endfacet
  facet normal -0 0 1
    outer loop
      vertex 2.79259 137.324 8.6
      vertex 2.84515 136.522 8.6
      vertex 2.84515 137.478 8.6
    endloop
  endfacet
  facet normal 0 0 1
    outer loop
      vertex 2.79259 137.324 8.6
      vertex 2.79259 136.676 8.6
      vertex 2.84515 136.522 8.6
    endloop
  endfacet
  facet normal -0 0 1
    outer loop
      vertex 2.76069 137.163 8.6
      vertex 2.79259 136.676 8.6
      vertex 2.79259 137.324 8.6
    endloop
  endfacet
  facet normal 0 0 1
    outer loop
      vertex 2.76069 137.163 8.6
      vertex 2.76069 136.837 8.6
      vertex 2.79259 136.676 8.6
    endloop
  endfacet
  facet normal 0 -0 1
    outer loop
      vertex 2.76069 136.837 8.6
      vertex 2.76069 137.163 8.6
      vertex 2.75 137 8.6
    endloop
  endfacet
  facet normal -0.89729 0.441442 0
    outer loop
      vertex 5.08253 136.375 8.6
      vertex 5.15485 136.522 16.6
      vertex 5.15485 136.522 8.6
    endloop
  endfacet
  facet normal -0.89729 0.441442 0
    outer loop
      vertex 5.15485 136.522 16.6
      vertex 5.08253 136.375 8.6
      vertex 5.08253 136.375 16.6
    endloop
  endfacet
  facet normal 0.556251 0.831014 -0
    outer loop
      vertex 3.375 135.917 8.6
      vertex 3.23905 136.008 16.6
      vertex 3.375 135.917 16.6
    endloop
  endfacet
  facet normal 0.556251 0.831014 0
    outer loop
      vertex 3.23905 136.008 16.6
      vertex 3.375 135.917 8.6
      vertex 3.23905 136.008 8.6
    endloop
  endfacet
  facet normal -0.946398 0.323004 0
    outer loop
      vertex 5.15485 136.522 8.6
      vertex 5.20741 136.676 16.6
      vertex 5.20741 136.676 8.6
    endloop
  endfacet
  facet normal -0.946398 0.323004 0
    outer loop
      vertex 5.20741 136.676 16.6
      vertex 5.15485 136.522 8.6
      vertex 5.15485 136.522 16.6
    endloop
  endfacet
  facet normal -0.318376 -0.947965 0
    outer loop
      vertex 4.32352 138.207 8.6
      vertex 4.47835 138.155 16.6
      vertex 4.32352 138.207 16.6
    endloop
  endfacet
  facet normal -0.318376 -0.947965 -0
    outer loop
      vertex 4.47835 138.155 16.6
      vertex 4.32352 138.207 8.6
      vertex 4.47835 138.155 8.6
    endloop
  endfacet
  facet normal 0.980931 -0.194358 0
    outer loop
      vertex 2.76069 137.163 16.6
      vertex 2.79259 137.324 8.6
      vertex 2.79259 137.324 16.6
    endloop
  endfacet
  facet normal 0.980931 -0.194358 0
    outer loop
      vertex 2.79259 137.324 8.6
      vertex 2.76069 137.163 16.6
      vertex 2.76069 137.163 8.6
    endloop
  endfacet
  facet normal 0.752016 0.659145 0
    outer loop
      vertex 3.11612 136.116 16.6
      vertex 3.00831 136.239 8.6
      vertex 3.00831 136.239 16.6
    endloop
  endfacet
  facet normal 0.752016 0.659145 0
    outer loop
      vertex 3.00831 136.239 8.6
      vertex 3.11612 136.116 16.6
      vertex 3.11612 136.116 8.6
    endloop
  endfacet
  facet normal 0.440714 -0.897648 0
    outer loop
      vertex 3.375 138.083 8.6
      vertex 3.52165 138.155 16.6
      vertex 3.375 138.083 16.6
    endloop
  endfacet
  facet normal 0.440714 -0.897648 0
    outer loop
      vertex 3.52165 138.155 16.6
      vertex 3.375 138.083 8.6
      vertex 3.52165 138.155 8.6
    endloop
  endfacet
  facet normal 0.89729 -0.441442 0
    outer loop
      vertex 2.84515 137.478 16.6
      vertex 2.91747 137.625 8.6
      vertex 2.91747 137.625 16.6
    endloop
  endfacet
  facet normal 0.89729 -0.441442 0
    outer loop
      vertex 2.91747 137.625 8.6
      vertex 2.84515 137.478 16.6
      vertex 2.84515 137.478 8.6
    endloop
  endfacet
  facet normal -0.195693 0.980665 0
    outer loop
      vertex 4.32352 135.793 8.6
      vertex 4.16316 135.761 16.6
      vertex 4.32352 135.793 16.6
    endloop
  endfacet
  facet normal -0.195693 0.980665 0
    outer loop
      vertex 4.16316 135.761 16.6
      vertex 4.32352 135.793 8.6
      vertex 4.16316 135.761 8.6
    endloop
  endfacet
  facet normal 0.318376 -0.947965 0
    outer loop
      vertex 3.52165 138.155 8.6
      vertex 3.67648 138.207 16.6
      vertex 3.52165 138.155 16.6
    endloop
  endfacet
  facet normal 0.318376 -0.947965 0
    outer loop
      vertex 3.67648 138.207 16.6
      vertex 3.52165 138.155 8.6
      vertex 3.67648 138.207 8.6
    endloop
  endfacet
  facet normal 0.89729 0.441442 0
    outer loop
      vertex 2.91747 136.375 16.6
      vertex 2.84515 136.522 8.6
      vertex 2.84515 136.522 16.6
    endloop
  endfacet
  facet normal 0.89729 0.441442 0
    outer loop
      vertex 2.84515 136.522 8.6
      vertex 2.91747 136.375 16.6
      vertex 2.91747 136.375 8.6
    endloop
  endfacet
  facet normal -0.752016 -0.659145 0
    outer loop
      vertex 4.99169 137.761 8.6
      vertex 4.88388 137.884 16.6
      vertex 4.88388 137.884 8.6
    endloop
  endfacet
  facet normal -0.752016 -0.659145 0
    outer loop
      vertex 4.88388 137.884 16.6
      vertex 4.99169 137.761 8.6
      vertex 4.99169 137.761 16.6
    endloop
  endfacet
  facet normal 0.831561 -0.555434 0
    outer loop
      vertex 2.91747 137.625 16.6
      vertex 3.00831 137.761 8.6
      vertex 3.00831 137.761 16.6
    endloop
  endfacet
  facet normal 0.831561 -0.555434 0
    outer loop
      vertex 3.00831 137.761 8.6
      vertex 2.91747 137.625 16.6
      vertex 2.91747 137.625 8.6
    endloop
  endfacet
  facet normal 0.831561 0.555434 0
    outer loop
      vertex 3.00831 136.239 16.6
      vertex 2.91747 136.375 8.6
      vertex 2.91747 136.375 16.6
    endloop
  endfacet
  facet normal 0.831561 0.555434 0
    outer loop
      vertex 2.91747 136.375 8.6
      vertex 3.00831 136.239 16.6
      vertex 3.00831 136.239 8.6
    endloop
  endfacet
  facet normal -0.660013 -0.751254 0
    outer loop
      vertex 4.76095 137.992 8.6
      vertex 4.88388 137.884 16.6
      vertex 4.76095 137.992 16.6
    endloop
  endfacet
  facet normal -0.660013 -0.751254 -0
    outer loop
      vertex 4.88388 137.884 16.6
      vertex 4.76095 137.992 8.6
      vertex 4.88388 137.884 8.6
    endloop
  endfacet
  facet normal 0.0672658 -0.997735 0
    outer loop
      vertex 3.83684 138.239 8.6
      vertex 4 138.25 16.6
      vertex 3.83684 138.239 16.6
    endloop
  endfacet
  facet normal 0.0672658 -0.997735 0
    outer loop
      vertex 4 138.25 16.6
      vertex 3.83684 138.239 8.6
      vertex 4 138.25 8.6
    endloop
  endfacet
  facet normal 0.980931 0.194358 0
    outer loop
      vertex 2.79259 136.676 16.6
      vertex 2.76069 136.837 8.6
      vertex 2.76069 136.837 16.6
    endloop
  endfacet
  facet normal 0.980931 0.194358 0
    outer loop
      vertex 2.76069 136.837 8.6
      vertex 2.79259 136.676 16.6
      vertex 2.79259 136.676 8.6
    endloop
  endfacet
  facet normal 0.556251 -0.831014 0
    outer loop
      vertex 3.23905 137.992 8.6
      vertex 3.375 138.083 16.6
      vertex 3.23905 137.992 16.6
    endloop
  endfacet
  facet normal 0.556251 -0.831014 0
    outer loop
      vertex 3.375 138.083 16.6
      vertex 3.23905 137.992 8.6
      vertex 3.375 138.083 8.6
    endloop
  endfacet
  facet normal 0.752016 -0.659145 0
    outer loop
      vertex 3.00831 137.761 16.6
      vertex 3.11612 137.884 8.6
      vertex 3.11612 137.884 16.6
    endloop
  endfacet
  facet normal 0.752016 -0.659145 0
    outer loop
      vertex 3.11612 137.884 8.6
      vertex 3.00831 137.761 16.6
      vertex 3.00831 137.761 8.6
    endloop
  endfacet
  facet normal -0.752016 0.659145 0
    outer loop
      vertex 4.88388 136.116 8.6
      vertex 4.99169 136.239 16.6
      vertex 4.99169 136.239 8.6
    endloop
  endfacet
  facet normal -0.752016 0.659145 0
    outer loop
      vertex 4.99169 136.239 16.6
      vertex 4.88388 136.116 8.6
      vertex 4.88388 136.116 16.6
    endloop
  endfacet
  facet normal 0.195693 0.980665 -0
    outer loop
      vertex 3.83684 135.761 8.6
      vertex 3.67648 135.793 16.6
      vertex 3.83684 135.761 16.6
    endloop
  endfacet
  facet normal 0.195693 0.980665 0
    outer loop
      vertex 3.67648 135.793 16.6
      vertex 3.83684 135.761 8.6
      vertex 3.67648 135.793 8.6
    endloop
  endfacet
  facet normal -0.980728 -0.195379 0
    outer loop
      vertex 36.1022 136.224 2
      vertex 36.0257 136.608 16.6
      vertex 36.0257 136.608 2
    endloop
  endfacet
  facet normal -0.980728 -0.195379 0
    outer loop
      vertex 36.0257 136.608 16.6
      vertex 36.1022 136.224 2
      vertex 36.1022 136.224 16.6
    endloop
  endfacet
  facet normal -0.831265 0.555877 0
    outer loop
      vertex 36.4019 138.5 2
      vertex 36.6199 138.826 16.6
      vertex 36.6199 138.826 2
    endloop
  endfacet
  facet normal -0.831265 0.555877 0
    outer loop
      vertex 36.6199 138.826 16.6
      vertex 36.4019 138.5 2
      vertex 36.4019 138.5 16.6
    endloop
  endfacet
  facet normal -0.752255 0.658872 0
    outer loop
      vertex 36.6199 138.826 2
      vertex 36.7723 139 16.6
      vertex 36.7723 139 2
    endloop
  endfacet
  facet normal -0.752255 0.658872 0
    outer loop
      vertex 36.7723 139 16.6
      vertex 36.6199 138.826 2
      vertex 36.6199 138.826 16.6
    endloop
  endfacet
  facet normal -0.831265 -0.555877 0
    outer loop
      vertex 36.6199 135.174 2
      vertex 36.4019 135.5 16.6
      vertex 36.4019 135.5 2
    endloop
  endfacet
  facet normal -0.831265 -0.555877 0
    outer loop
      vertex 36.4019 135.5 16.6
      vertex 36.6199 135.174 2
      vertex 36.6199 135.174 16.6
    endloop
  endfacet
  facet normal -0.555523 -0.831501 0
    outer loop
      vertex 37.1737 134.62 2
      vertex 37.5 134.402 16.6
      vertex 37.1737 134.62 16.6
    endloop
  endfacet
  facet normal -0.555523 -0.831501 -0
    outer loop
      vertex 37.5 134.402 16.6
      vertex 37.1737 134.62 2
      vertex 37.5 134.402 2
    endloop
  endfacet
  facet normal 0.443134 -0.896455 0
    outer loop
      vertex 40.148 134.228 2
      vertex 40.5 134.402 16.6
      vertex 40.148 134.228 16.6
    endloop
  endfacet
  facet normal 0.443134 -0.896455 0
    outer loop
      vertex 40.5 134.402 16.6
      vertex 40.148 134.228 2
      vertex 40.5 134.402 2
    endloop
  endfacet
  facet normal -0.94699 0.321264 0
    outer loop
      vertex 36.1022 137.776 2
      vertex 36.2284 138.148 16.6
      vertex 36.2284 138.148 2
    endloop
  endfacet
  facet normal -0.94699 0.321264 0
    outer loop
      vertex 36.2284 138.148 16.6
      vertex 36.1022 137.776 2
      vertex 36.1022 137.776 16.6
    endloop
  endfacet
  facet normal -0.443134 -0.896455 0
    outer loop
      vertex 37.5 134.402 2
      vertex 37.852 134.228 16.6
      vertex 37.5 134.402 16.6
    endloop
  endfacet
  facet normal -0.443134 -0.896455 -0
    outer loop
      vertex 37.852 134.228 16.6
      vertex 37.5 134.402 2
      vertex 37.852 134.228 2
    endloop
  endfacet
  facet normal -0.321194 -0.947013 0
    outer loop
      vertex 37.852 134.228 2
      vertex 38.2235 134.102 16.6
      vertex 37.852 134.228 16.6
    endloop
  endfacet
  facet normal -0.321194 -0.947013 -0
    outer loop
      vertex 38.2235 134.102 16.6
      vertex 37.852 134.228 2
      vertex 38.2235 134.102 2
    endloop
  endfacet
  facet normal -0.997858 -0.0654208 0
    outer loop
      vertex 36.0257 136.608 2
      vertex 36 137 16.6
      vertex 36 137 2
    endloop
  endfacet
  facet normal -0.997858 -0.0654208 0
    outer loop
      vertex 36 137 16.6
      vertex 36.0257 136.608 2
      vertex 36.0257 136.608 16.6
    endloop
  endfacet
  facet normal -0.94699 -0.321264 0
    outer loop
      vertex 36.2284 135.852 2
      vertex 36.1022 136.224 16.6
      vertex 36.1022 136.224 2
    endloop
  endfacet
  facet normal -0.94699 -0.321264 0
    outer loop
      vertex 36.1022 136.224 16.6
      vertex 36.2284 135.852 2
      vertex 36.2284 135.852 16.6
    endloop
  endfacet
  facet normal -0.896961 0.44211 0
    outer loop
      vertex 36.2284 138.148 2
      vertex 36.4019 138.5 16.6
      vertex 36.4019 138.5 2
    endloop
  endfacet
  facet normal -0.896961 0.44211 0
    outer loop
      vertex 36.4019 138.5 16.6
      vertex 36.2284 138.148 2
      vertex 36.2284 138.148 16.6
    endloop
  endfacet
  facet normal -0.0662484 -0.997803 0
    outer loop
      vertex 38.6084 134.026 2
      vertex 39 134 16.6
      vertex 38.6084 134.026 16.6
    endloop
  endfacet
  facet normal -0.0662484 -0.997803 -0
    outer loop
      vertex 39 134 16.6
      vertex 38.6084 134.026 2
      vertex 39 134 2
    endloop
  endfacet
  facet normal 0.321194 -0.947013 0
    outer loop
      vertex 39.7765 134.102 2
      vertex 40.148 134.228 16.6
      vertex 39.7765 134.102 16.6
    endloop
  endfacet
  facet normal 0.321194 -0.947013 0
    outer loop
      vertex 40.148 134.228 16.6
      vertex 39.7765 134.102 2
      vertex 40.148 134.228 2
    endloop
  endfacet
  facet normal 0.0662484 -0.997803 0
    outer loop
      vertex 39 134 2
      vertex 39.3916 134.026 16.6
      vertex 39 134 16.6
    endloop
  endfacet
  facet normal 0.0662484 -0.997803 0
    outer loop
      vertex 39.3916 134.026 16.6
      vertex 39 134 2
      vertex 39.3916 134.026 2
    endloop
  endfacet
  facet normal 0.193714 -0.981058 0
    outer loop
      vertex 39.3916 134.026 2
      vertex 39.7765 134.102 16.6
      vertex 39.3916 134.026 16.6
    endloop
  endfacet
  facet normal 0.193714 -0.981058 0
    outer loop
      vertex 39.7765 134.102 16.6
      vertex 39.3916 134.026 2
      vertex 39.7765 134.102 2
    endloop
  endfacet
  facet normal 0.658535 -0.75255 0
    outer loop
      vertex 40.8263 134.62 2
      vertex 41 134.772 16.6
      vertex 40.8263 134.62 16.6
    endloop
  endfacet
  facet normal 0.658535 -0.75255 0
    outer loop
      vertex 41 134.772 16.6
      vertex 40.8263 134.62 2
      vertex 41 134.772 2
    endloop
  endfacet
  facet normal -0.896961 -0.44211 0
    outer loop
      vertex 36.4019 135.5 2
      vertex 36.2284 135.852 16.6
      vertex 36.2284 135.852 2
    endloop
  endfacet
  facet normal -0.896961 -0.44211 0
    outer loop
      vertex 36.2284 135.852 16.6
      vertex 36.4019 135.5 2
      vertex 36.4019 135.5 16.6
    endloop
  endfacet
  facet normal -0.980728 0.195379 0
    outer loop
      vertex 36.0257 137.392 2
      vertex 36.1022 137.776 16.6
      vertex 36.1022 137.776 2
    endloop
  endfacet
  facet normal -0.980728 0.195379 0
    outer loop
      vertex 36.1022 137.776 16.6
      vertex 36.0257 137.392 2
      vertex 36.0257 137.392 16.6
    endloop
  endfacet
  facet normal -0.751724 -0.659478 0
    outer loop
      vertex 36.8787 134.879 2
      vertex 36.6199 135.174 16.6
      vertex 36.6199 135.174 2
    endloop
  endfacet
  facet normal -0.751724 -0.659478 0
    outer loop
      vertex 36.6199 135.174 16.6
      vertex 36.8787 134.879 2
      vertex 36.8787 134.879 16.6
    endloop
  endfacet
  facet normal -0.997858 0.0654208 0
    outer loop
      vertex 36 137 2
      vertex 36.0257 137.392 16.6
      vertex 36.0257 137.392 2
    endloop
  endfacet
  facet normal -0.997858 0.0654208 0
    outer loop
      vertex 36.0257 137.392 16.6
      vertex 36 137 2
      vertex 36 137 16.6
    endloop
  endfacet
  facet normal 0.555523 -0.831501 0
    outer loop
      vertex 40.5 134.402 2
      vertex 40.8263 134.62 16.6
      vertex 40.5 134.402 16.6
    endloop
  endfacet
  facet normal 0.555523 -0.831501 0
    outer loop
      vertex 40.8263 134.62 16.6
      vertex 40.5 134.402 2
      vertex 40.8263 134.62 2
    endloop
  endfacet
  facet normal -0.659766 -0.751471 0
    outer loop
      vertex 36.8787 134.879 2
      vertex 37.1737 134.62 16.6
      vertex 36.8787 134.879 16.6
    endloop
  endfacet
  facet normal -0.659766 -0.751471 -0
    outer loop
      vertex 37.1737 134.62 16.6
      vertex 36.8787 134.879 2
      vertex 37.1737 134.62 2
    endloop
  endfacet
  facet normal -0.193714 -0.981058 0
    outer loop
      vertex 38.2235 134.102 2
      vertex 38.6084 134.026 16.6
      vertex 38.2235 134.102 16.6
    endloop
  endfacet
  facet normal -0.193714 -0.981058 -0
    outer loop
      vertex 38.6084 134.026 16.6
      vertex 38.2235 134.102 2
      vertex 38.6084 134.026 2
    endloop
  endfacet
  facet normal -0.980931 -0.194358 0
    outer loop
      vertex 40.2393 137.163 8.6
      vertex 40.2074 137.324 16.6
      vertex 40.2074 137.324 8.6
    endloop
  endfacet
  facet normal -0.980931 -0.194358 0
    outer loop
      vertex 40.2074 137.324 16.6
      vertex 40.2393 137.163 8.6
      vertex 40.2393 137.163 16.6
    endloop
  endfacet
  facet normal -0.0672494 0.997736 0
    outer loop
      vertex 39.1632 135.761 8.6
      vertex 39 135.75 16.6
      vertex 39.1632 135.761 16.6
    endloop
  endfacet
  facet normal -0.0672494 0.997736 0
    outer loop
      vertex 39 135.75 16.6
      vertex 39.1632 135.761 8.6
      vertex 39 135.75 8.6
    endloop
  endfacet
  facet normal 0.94651 -0.322674 0
    outer loop
      vertex 37.7926 137.324 16.6
      vertex 37.8451 137.478 8.6
      vertex 37.8451 137.478 16.6
    endloop
  endfacet
  facet normal 0.94651 -0.322674 0
    outer loop
      vertex 37.8451 137.478 8.6
      vertex 37.7926 137.324 16.6
      vertex 37.7926 137.324 8.6
    endloop
  endfacet
  facet normal -0.831674 -0.555265 0
    outer loop
      vertex 40.0825 137.625 8.6
      vertex 39.9917 137.761 16.6
      vertex 39.9917 137.761 8.6
    endloop
  endfacet
  facet normal -0.831674 -0.555265 0
    outer loop
      vertex 39.9917 137.761 16.6
      vertex 40.0825 137.625 8.6
      vertex 40.0825 137.625 16.6
    endloop
  endfacet
  facet normal 0.195763 -0.980651 0
    outer loop
      vertex 38.6765 138.207 8.6
      vertex 38.8368 138.239 16.6
      vertex 38.6765 138.207 16.6
    endloop
  endfacet
  facet normal 0.195763 -0.980651 0
    outer loop
      vertex 38.8368 138.239 16.6
      vertex 38.6765 138.207 8.6
      vertex 38.8368 138.239 8.6
    endloop
  endfacet
  facet normal -0.660104 0.751174 0
    outer loop
      vertex 39.8839 136.116 8.6
      vertex 39.761 136.008 16.6
      vertex 39.8839 136.116 16.6
    endloop
  endfacet
  facet normal -0.660104 0.751174 0
    outer loop
      vertex 39.761 136.008 16.6
      vertex 39.8839 136.116 8.6
      vertex 39.761 136.008 8.6
    endloop
  endfacet
  facet normal 0.440835 0.897588 -0
    outer loop
      vertex 38.5216 135.845 8.6
      vertex 38.375 135.917 16.6
      vertex 38.5216 135.845 16.6
    endloop
  endfacet
  facet normal 0.440835 0.897588 0
    outer loop
      vertex 38.375 135.917 16.6
      vertex 38.5216 135.845 8.6
      vertex 38.375 135.917 8.6
    endloop
  endfacet
  facet normal -0.997852 -0.0655032 0
    outer loop
      vertex 40.25 137 8.6
      vertex 40.2393 137.163 16.6
      vertex 40.2393 137.163 8.6
    endloop
  endfacet
  facet normal -0.997852 -0.0655032 0
    outer loop
      vertex 40.2393 137.163 16.6
      vertex 40.25 137 8.6
      vertex 40.25 137 16.6
    endloop
  endfacet
  facet normal 0.997852 -0.0655032 0
    outer loop
      vertex 37.75 137 16.6
      vertex 37.7607 137.163 8.6
      vertex 37.7607 137.163 16.6
    endloop
  endfacet
  facet normal 0.997852 -0.0655032 0
    outer loop
      vertex 37.7607 137.163 8.6
      vertex 37.75 137 16.6
      vertex 37.75 137 8.6
    endloop
  endfacet
  facet normal -0.94651 -0.322674 0
    outer loop
      vertex 40.2074 137.324 8.6
      vertex 40.1549 137.478 16.6
      vertex 40.1549 137.478 8.6
    endloop
  endfacet
  facet normal -0.94651 -0.322674 0
    outer loop
      vertex 40.1549 137.478 16.6
      vertex 40.2074 137.324 8.6
      vertex 40.2074 137.324 16.6
    endloop
  endfacet
  facet normal 0.318247 0.948008 -0
    outer loop
      vertex 38.6765 135.793 8.6
      vertex 38.5216 135.845 16.6
      vertex 38.6765 135.793 16.6
    endloop
  endfacet
  facet normal 0.318247 0.948008 0
    outer loop
      vertex 38.5216 135.845 16.6
      vertex 38.6765 135.793 8.6
      vertex 38.5216 135.845 8.6
    endloop
  endfacet
  facet normal -0.55611 -0.831109 0
    outer loop
      vertex 39.625 138.083 8.6
      vertex 39.761 137.992 16.6
      vertex 39.625 138.083 16.6
    endloop
  endfacet
  facet normal -0.55611 -0.831109 -0
    outer loop
      vertex 39.761 137.992 16.6
      vertex 39.625 138.083 8.6
      vertex 39.761 137.992 8.6
    endloop
  endfacet
  facet normal 0.997852 0.0655032 0
    outer loop
      vertex 37.7607 136.837 16.6
      vertex 37.75 137 8.6
      vertex 37.75 137 16.6
    endloop
  endfacet
  facet normal 0.997852 0.0655032 0
    outer loop
      vertex 37.75 137 8.6
      vertex 37.7607 136.837 16.6
      vertex 37.7607 136.837 8.6
    endloop
  endfacet
  facet normal -0.195763 -0.980651 0
    outer loop
      vertex 39.1632 138.239 8.6
      vertex 39.3235 138.207 16.6
      vertex 39.1632 138.239 16.6
    endloop
  endfacet
  facet normal -0.195763 -0.980651 -0
    outer loop
      vertex 39.3235 138.207 16.6
      vertex 39.1632 138.239 8.6
      vertex 39.3235 138.207 8.6
    endloop
  endfacet
  facet normal 0.94651 0.322674 0
    outer loop
      vertex 37.8451 136.522 16.6
      vertex 37.7926 136.676 8.6
      vertex 37.7926 136.676 16.6
    endloop
  endfacet
  facet normal 0.94651 0.322674 0
    outer loop
      vertex 37.7926 136.676 8.6
      vertex 37.8451 136.522 16.6
      vertex 37.8451 136.522 8.6
    endloop
  endfacet
  facet normal 0.0672494 0.997736 -0
    outer loop
      vertex 39 135.75 8.6
      vertex 38.8368 135.761 16.6
      vertex 39 135.75 16.6
    endloop
  endfacet
  facet normal 0.0672494 0.997736 0
    outer loop
      vertex 38.8368 135.761 16.6
      vertex 39 135.75 8.6
      vertex 38.8368 135.761 8.6
    endloop
  endfacet
  facet normal -0.997852 0.0655032 0
    outer loop
      vertex 40.2393 136.837 8.6
      vertex 40.25 137 16.6
      vertex 40.25 137 8.6
    endloop
  endfacet
  facet normal -0.997852 0.0655032 0
    outer loop
      vertex 40.25 137 16.6
      vertex 40.2393 136.837 8.6
      vertex 40.2393 136.837 16.6
    endloop
  endfacet
  facet normal -0.440835 0.897588 0
    outer loop
      vertex 39.625 135.917 8.6
      vertex 39.4784 135.845 16.6
      vertex 39.625 135.917 16.6
    endloop
  endfacet
  facet normal -0.440835 0.897588 0
    outer loop
      vertex 39.4784 135.845 16.6
      vertex 39.625 135.917 8.6
      vertex 39.4784 135.845 8.6
    endloop
  endfacet
  facet normal -0.0672494 -0.997736 0
    outer loop
      vertex 39 138.25 8.6
      vertex 39.1632 138.239 16.6
      vertex 39 138.25 16.6
    endloop
  endfacet
  facet normal -0.0672494 -0.997736 -0
    outer loop
      vertex 39.1632 138.239 16.6
      vertex 39 138.25 8.6
      vertex 39.1632 138.239 8.6
    endloop
  endfacet
  facet normal 0.660104 0.751174 -0
    outer loop
      vertex 38.239 136.008 8.6
      vertex 38.1161 136.116 16.6
      vertex 38.239 136.008 16.6
    endloop
  endfacet
  facet normal 0.660104 0.751174 0
    outer loop
      vertex 38.1161 136.116 16.6
      vertex 38.239 136.008 8.6
      vertex 38.1161 136.116 8.6
    endloop
  endfacet
  facet normal -0.980931 0.194358 0
    outer loop
      vertex 40.2074 136.676 8.6
      vertex 40.2393 136.837 16.6
      vertex 40.2393 136.837 8.6
    endloop
  endfacet
  facet normal -0.980931 0.194358 0
    outer loop
      vertex 40.2393 136.837 16.6
      vertex 40.2074 136.676 8.6
      vertex 40.2074 136.676 16.6
    endloop
  endfacet
  facet normal -0.831674 0.555265 0
    outer loop
      vertex 39.9917 136.239 8.6
      vertex 40.0825 136.375 16.6
      vertex 40.0825 136.375 8.6
    endloop
  endfacet
  facet normal -0.831674 0.555265 0
    outer loop
      vertex 40.0825 136.375 16.6
      vertex 39.9917 136.239 8.6
      vertex 39.9917 136.239 16.6
    endloop
  endfacet
  facet normal -0.897096 -0.441835 0
    outer loop
      vertex 40.1549 137.478 8.6
      vertex 40.0825 137.625 16.6
      vertex 40.0825 137.625 8.6
    endloop
  endfacet
  facet normal -0.897096 -0.441835 0
    outer loop
      vertex 40.0825 137.625 16.6
      vertex 40.1549 137.478 8.6
      vertex 40.1549 137.478 16.6
    endloop
  endfacet
  facet normal -0.318247 0.948008 0
    outer loop
      vertex 39.4784 135.845 8.6
      vertex 39.3235 135.793 16.6
      vertex 39.4784 135.845 16.6
    endloop
  endfacet
  facet normal -0.318247 0.948008 0
    outer loop
      vertex 39.3235 135.793 16.6
      vertex 39.4784 135.845 8.6
      vertex 39.3235 135.793 8.6
    endloop
  endfacet
  facet normal -0.55611 0.831109 0
    outer loop
      vertex 39.761 136.008 8.6
      vertex 39.625 135.917 16.6
      vertex 39.761 136.008 16.6
    endloop
  endfacet
  facet normal -0.55611 0.831109 0
    outer loop
      vertex 39.625 135.917 16.6
      vertex 39.761 136.008 8.6
      vertex 39.625 135.917 8.6
    endloop
  endfacet
  facet normal 0.660104 -0.751174 0
    outer loop
      vertex 38.1161 137.884 8.6
      vertex 38.239 137.992 16.6
      vertex 38.1161 137.884 16.6
    endloop
  endfacet
  facet normal 0.660104 -0.751174 0
    outer loop
      vertex 38.239 137.992 16.6
      vertex 38.1161 137.884 8.6
      vertex 38.239 137.992 8.6
    endloop
  endfacet
  facet normal -0.440835 -0.897588 0
    outer loop
      vertex 39.4784 138.155 8.6
      vertex 39.625 138.083 16.6
      vertex 39.4784 138.155 16.6
    endloop
  endfacet
  facet normal -0.440835 -0.897588 -0
    outer loop
      vertex 39.625 138.083 16.6
      vertex 39.4784 138.155 8.6
      vertex 39.625 138.083 8.6
    endloop
  endfacet
  facet normal 0 0 1
    outer loop
      vertex 40.2393 137.163 8.6
      vertex 40.2393 136.837 8.6
      vertex 40.25 137 8.6
    endloop
  endfacet
  facet normal 0 0 1
    outer loop
      vertex 40.2074 137.324 8.6
      vertex 40.2393 136.837 8.6
      vertex 40.2393 137.163 8.6
    endloop
  endfacet
  facet normal 0 0 1
    outer loop
      vertex 40.2074 137.324 8.6
      vertex 40.2074 136.676 8.6
      vertex 40.2393 136.837 8.6
    endloop
  endfacet
  facet normal 0 0 1
    outer loop
      vertex 40.1549 137.478 8.6
      vertex 40.2074 136.676 8.6
      vertex 40.2074 137.324 8.6
    endloop
  endfacet
  facet normal 0 0 1
    outer loop
      vertex 40.1549 137.478 8.6
      vertex 40.1549 136.522 8.6
      vertex 40.2074 136.676 8.6
    endloop
  endfacet
  facet normal 0 0 1
    outer loop
      vertex 40.0825 137.625 8.6
      vertex 40.1549 136.522 8.6
      vertex 40.1549 137.478 8.6
    endloop
  endfacet
  facet normal 0 0 1
    outer loop
      vertex 40.0825 137.625 8.6
      vertex 40.0825 136.375 8.6
      vertex 40.1549 136.522 8.6
    endloop
  endfacet
  facet normal 0 0 1
    outer loop
      vertex 39.9917 137.761 8.6
      vertex 40.0825 136.375 8.6
      vertex 40.0825 137.625 8.6
    endloop
  endfacet
  facet normal 0 0 1
    outer loop
      vertex 39.9917 137.761 8.6
      vertex 39.9917 136.239 8.6
      vertex 40.0825 136.375 8.6
    endloop
  endfacet
  facet normal 0 0 1
    outer loop
      vertex 39.8839 137.884 8.6
      vertex 39.9917 136.239 8.6
      vertex 39.9917 137.761 8.6
    endloop
  endfacet
  facet normal 0 0 1
    outer loop
      vertex 39.8839 137.884 8.6
      vertex 39.8839 136.116 8.6
      vertex 39.9917 136.239 8.6
    endloop
  endfacet
  facet normal 0 0 1
    outer loop
      vertex 39.761 137.992 8.6
      vertex 39.8839 136.116 8.6
      vertex 39.8839 137.884 8.6
    endloop
  endfacet
  facet normal 0 0 1
    outer loop
      vertex 39.761 137.992 8.6
      vertex 39.761 136.008 8.6
      vertex 39.8839 136.116 8.6
    endloop
  endfacet
  facet normal 0 0 1
    outer loop
      vertex 39.625 138.083 8.6
      vertex 39.761 136.008 8.6
      vertex 39.761 137.992 8.6
    endloop
  endfacet
  facet normal 0 0 1
    outer loop
      vertex 39.625 138.083 8.6
      vertex 39.625 135.917 8.6
      vertex 39.761 136.008 8.6
    endloop
  endfacet
  facet normal 0 0 1
    outer loop
      vertex 39.4784 138.155 8.6
      vertex 39.625 135.917 8.6
      vertex 39.625 138.083 8.6
    endloop
  endfacet
  facet normal 0 0 1
    outer loop
      vertex 39.4784 138.155 8.6
      vertex 39.4784 135.845 8.6
      vertex 39.625 135.917 8.6
    endloop
  endfacet
  facet normal 0 0 1
    outer loop
      vertex 39.3235 138.207 8.6
      vertex 39.4784 135.845 8.6
      vertex 39.4784 138.155 8.6
    endloop
  endfacet
  facet normal 0 0 1
    outer loop
      vertex 39.3235 138.207 8.6
      vertex 39.3235 135.793 8.6
      vertex 39.4784 135.845 8.6
    endloop
  endfacet
  facet normal 0 0 1
    outer loop
      vertex 39.1632 138.239 8.6
      vertex 39.3235 135.793 8.6
      vertex 39.3235 138.207 8.6
    endloop
  endfacet
  facet normal 0 0 1
    outer loop
      vertex 39.1632 138.239 8.6
      vertex 39.1632 135.761 8.6
      vertex 39.3235 135.793 8.6
    endloop
  endfacet
  facet normal 0 0 1
    outer loop
      vertex 39 138.25 8.6
      vertex 39.1632 135.761 8.6
      vertex 39.1632 138.239 8.6
    endloop
  endfacet
  facet normal 0 0 1
    outer loop
      vertex 39 138.25 8.6
      vertex 39 135.75 8.6
      vertex 39.1632 135.761 8.6
    endloop
  endfacet
  facet normal -0 0 1
    outer loop
      vertex 38.8368 138.239 8.6
      vertex 39 135.75 8.6
      vertex 39 138.25 8.6
    endloop
  endfacet
  facet normal 0 0 1
    outer loop
      vertex 38.8368 138.239 8.6
      vertex 38.8368 135.761 8.6
      vertex 39 135.75 8.6
    endloop
  endfacet
  facet normal -0 0 1
    outer loop
      vertex 38.6765 138.207 8.6
      vertex 38.8368 135.761 8.6
      vertex 38.8368 138.239 8.6
    endloop
  endfacet
  facet normal 0 0 1
    outer loop
      vertex 38.6765 138.207 8.6
      vertex 38.6765 135.793 8.6
      vertex 38.8368 135.761 8.6
    endloop
  endfacet
  facet normal -0 0 1
    outer loop
      vertex 38.5216 138.155 8.6
      vertex 38.6765 135.793 8.6
      vertex 38.6765 138.207 8.6
    endloop
  endfacet
  facet normal 0 0 1
    outer loop
      vertex 38.5216 138.155 8.6
      vertex 38.5216 135.845 8.6
      vertex 38.6765 135.793 8.6
    endloop
  endfacet
  facet normal -0 0 1
    outer loop
      vertex 38.375 138.083 8.6
      vertex 38.5216 135.845 8.6
      vertex 38.5216 138.155 8.6
    endloop
  endfacet
  facet normal 0 0 1
    outer loop
      vertex 38.375 138.083 8.6
      vertex 38.375 135.917 8.6
      vertex 38.5216 135.845 8.6
    endloop
  endfacet
  facet normal -0 0 1
    outer loop
      vertex 38.239 137.992 8.6
      vertex 38.375 135.917 8.6
      vertex 38.375 138.083 8.6
    endloop
  endfacet
  facet normal 0 0 1
    outer loop
      vertex 38.239 137.992 8.6
      vertex 38.239 136.008 8.6
      vertex 38.375 135.917 8.6
    endloop
  endfacet
  facet normal -0 0 1
    outer loop
      vertex 38.1161 137.884 8.6
      vertex 38.239 136.008 8.6
      vertex 38.239 137.992 8.6
    endloop
  endfacet
  facet normal 0 0 1
    outer loop
      vertex 38.1161 137.884 8.6
      vertex 38.1161 136.116 8.6
      vertex 38.239 136.008 8.6
    endloop
  endfacet
  facet normal -0 0 1
    outer loop
      vertex 38.0083 137.761 8.6
      vertex 38.1161 136.116 8.6
      vertex 38.1161 137.884 8.6
    endloop
  endfacet
  facet normal 0 0 1
    outer loop
      vertex 38.0083 137.761 8.6
      vertex 38.0083 136.239 8.6
      vertex 38.1161 136.116 8.6
    endloop
  endfacet
  facet normal -0 0 1
    outer loop
      vertex 37.9175 137.625 8.6
      vertex 38.0083 136.239 8.6
      vertex 38.0083 137.761 8.6
    endloop
  endfacet
  facet normal 0 0 1
    outer loop
      vertex 37.9175 137.625 8.6
      vertex 37.9175 136.375 8.6
      vertex 38.0083 136.239 8.6
    endloop
  endfacet
  facet normal -0 0 1
    outer loop
      vertex 37.8451 137.478 8.6
      vertex 37.9175 136.375 8.6
      vertex 37.9175 137.625 8.6
    endloop
  endfacet
  facet normal 0 0 1
    outer loop
      vertex 37.8451 137.478 8.6
      vertex 37.8451 136.522 8.6
      vertex 37.9175 136.375 8.6
    endloop
  endfacet
  facet normal -0 0 1
    outer loop
      vertex 37.7926 137.324 8.6
      vertex 37.8451 136.522 8.6
      vertex 37.8451 137.478 8.6
    endloop
  endfacet
  facet normal 0 0 1
    outer loop
      vertex 37.7926 137.324 8.6
      vertex 37.7926 136.676 8.6
      vertex 37.8451 136.522 8.6
    endloop
  endfacet
  facet normal -0 0 1
    outer loop
      vertex 37.7607 137.163 8.6
      vertex 37.7926 136.676 8.6
      vertex 37.7926 137.324 8.6
    endloop
  endfacet
  facet normal 0 0 1
    outer loop
      vertex 37.7607 137.163 8.6
      vertex 37.7607 136.837 8.6
      vertex 37.7926 136.676 8.6
    endloop
  endfacet
  facet normal 0 -0 1
    outer loop
      vertex 37.7607 136.837 8.6
      vertex 37.7607 137.163 8.6
      vertex 37.75 137 8.6
    endloop
  endfacet
  facet normal -0.897096 0.441835 0
    outer loop
      vertex 40.0825 136.375 8.6
      vertex 40.1549 136.522 16.6
      vertex 40.1549 136.522 8.6
    endloop
  endfacet
  facet normal -0.897096 0.441835 0
    outer loop
      vertex 40.1549 136.522 16.6
      vertex 40.0825 136.375 8.6
      vertex 40.0825 136.375 16.6
    endloop
  endfacet
  facet normal 0.55611 0.831109 -0
    outer loop
      vertex 38.375 135.917 8.6
      vertex 38.239 136.008 16.6
      vertex 38.375 135.917 16.6
    endloop
  endfacet
  facet normal 0.55611 0.831109 0
    outer loop
      vertex 38.239 136.008 16.6
      vertex 38.375 135.917 8.6
      vertex 38.239 136.008 8.6
    endloop
  endfacet
  facet normal -0.94651 0.322674 0
    outer loop
      vertex 40.1549 136.522 8.6
      vertex 40.2074 136.676 16.6
      vertex 40.2074 136.676 8.6
    endloop
  endfacet
  facet normal -0.94651 0.322674 0
    outer loop
      vertex 40.2074 136.676 16.6
      vertex 40.1549 136.522 8.6
      vertex 40.1549 136.522 16.6
    endloop
  endfacet
  facet normal -0.318247 -0.948008 0
    outer loop
      vertex 39.3235 138.207 8.6
      vertex 39.4784 138.155 16.6
      vertex 39.3235 138.207 16.6
    endloop
  endfacet
  facet normal -0.318247 -0.948008 -0
    outer loop
      vertex 39.4784 138.155 16.6
      vertex 39.3235 138.207 8.6
      vertex 39.4784 138.155 8.6
    endloop
  endfacet
  facet normal 0.980931 -0.194358 0
    outer loop
      vertex 37.7607 137.163 16.6
      vertex 37.7926 137.324 8.6
      vertex 37.7926 137.324 16.6
    endloop
  endfacet
  facet normal 0.980931 -0.194358 0
    outer loop
      vertex 37.7926 137.324 8.6
      vertex 37.7607 137.163 16.6
      vertex 37.7607 137.163 8.6
    endloop
  endfacet
  facet normal 0.752046 0.65911 0
    outer loop
      vertex 38.1161 136.116 16.6
      vertex 38.0083 136.239 8.6
      vertex 38.0083 136.239 16.6
    endloop
  endfacet
  facet normal 0.752046 0.65911 0
    outer loop
      vertex 38.0083 136.239 8.6
      vertex 38.1161 136.116 16.6
      vertex 38.1161 136.116 8.6
    endloop
  endfacet
  facet normal 0.440835 -0.897588 0
    outer loop
      vertex 38.375 138.083 8.6
      vertex 38.5216 138.155 16.6
      vertex 38.375 138.083 16.6
    endloop
  endfacet
  facet normal 0.440835 -0.897588 0
    outer loop
      vertex 38.5216 138.155 16.6
      vertex 38.375 138.083 8.6
      vertex 38.5216 138.155 8.6
    endloop
  endfacet
  facet normal 0.897096 -0.441835 0
    outer loop
      vertex 37.8451 137.478 16.6
      vertex 37.9175 137.625 8.6
      vertex 37.9175 137.625 16.6
    endloop
  endfacet
  facet normal 0.897096 -0.441835 0
    outer loop
      vertex 37.9175 137.625 8.6
      vertex 37.8451 137.478 16.6
      vertex 37.8451 137.478 8.6
    endloop
  endfacet
  facet normal -0.195763 0.980651 0
    outer loop
      vertex 39.3235 135.793 8.6
      vertex 39.1632 135.761 16.6
      vertex 39.3235 135.793 16.6
    endloop
  endfacet
  facet normal -0.195763 0.980651 0
    outer loop
      vertex 39.1632 135.761 16.6
      vertex 39.3235 135.793 8.6
      vertex 39.1632 135.761 8.6
    endloop
  endfacet
  facet normal 0.318247 -0.948008 0
    outer loop
      vertex 38.5216 138.155 8.6
      vertex 38.6765 138.207 16.6
      vertex 38.5216 138.155 16.6
    endloop
  endfacet
  facet normal 0.318247 -0.948008 0
    outer loop
      vertex 38.6765 138.207 16.6
      vertex 38.5216 138.155 8.6
      vertex 38.6765 138.207 8.6
    endloop
  endfacet
  facet normal 0.897096 0.441835 0
    outer loop
      vertex 37.9175 136.375 16.6
      vertex 37.8451 136.522 8.6
      vertex 37.8451 136.522 16.6
    endloop
  endfacet
  facet normal 0.897096 0.441835 0
    outer loop
      vertex 37.8451 136.522 8.6
      vertex 37.9175 136.375 16.6
      vertex 37.9175 136.375 8.6
    endloop
  endfacet
  facet normal -0.752046 -0.65911 0
    outer loop
      vertex 39.9917 137.761 8.6
      vertex 39.8839 137.884 16.6
      vertex 39.8839 137.884 8.6
    endloop
  endfacet
  facet normal -0.752046 -0.65911 0
    outer loop
      vertex 39.8839 137.884 16.6
      vertex 39.9917 137.761 8.6
      vertex 39.9917 137.761 16.6
    endloop
  endfacet
  facet normal 0.831674 -0.555265 0
    outer loop
      vertex 37.9175 137.625 16.6
      vertex 38.0083 137.761 8.6
      vertex 38.0083 137.761 16.6
    endloop
  endfacet
  facet normal 0.831674 -0.555265 0
    outer loop
      vertex 38.0083 137.761 8.6
      vertex 37.9175 137.625 16.6
      vertex 37.9175 137.625 8.6
    endloop
  endfacet
  facet normal 0.831674 0.555265 0
    outer loop
      vertex 38.0083 136.239 16.6
      vertex 37.9175 136.375 8.6
      vertex 37.9175 136.375 16.6
    endloop
  endfacet
  facet normal 0.831674 0.555265 0
    outer loop
      vertex 37.9175 136.375 8.6
      vertex 38.0083 136.239 16.6
      vertex 38.0083 136.239 8.6
    endloop
  endfacet
  facet normal -0.660104 -0.751174 0
    outer loop
      vertex 39.761 137.992 8.6
      vertex 39.8839 137.884 16.6
      vertex 39.761 137.992 16.6
    endloop
  endfacet
  facet normal -0.660104 -0.751174 -0
    outer loop
      vertex 39.8839 137.884 16.6
      vertex 39.761 137.992 8.6
      vertex 39.8839 137.884 8.6
    endloop
  endfacet
  facet normal 0.0672494 -0.997736 0
    outer loop
      vertex 38.8368 138.239 8.6
      vertex 39 138.25 16.6
      vertex 38.8368 138.239 16.6
    endloop
  endfacet
  facet normal 0.0672494 -0.997736 0
    outer loop
      vertex 39 138.25 16.6
      vertex 38.8368 138.239 8.6
      vertex 39 138.25 8.6
    endloop
  endfacet
  facet normal 0.980931 0.194358 0
    outer loop
      vertex 37.7926 136.676 16.6
      vertex 37.7607 136.837 8.6
      vertex 37.7607 136.837 16.6
    endloop
  endfacet
  facet normal 0.980931 0.194358 0
    outer loop
      vertex 37.7607 136.837 8.6
      vertex 37.7926 136.676 16.6
      vertex 37.7926 136.676 8.6
    endloop
  endfacet
  facet normal 0.55611 -0.831109 0
    outer loop
      vertex 38.239 137.992 8.6
      vertex 38.375 138.083 16.6
      vertex 38.239 137.992 16.6
    endloop
  endfacet
  facet normal 0.55611 -0.831109 0
    outer loop
      vertex 38.375 138.083 16.6
      vertex 38.239 137.992 8.6
      vertex 38.375 138.083 8.6
    endloop
  endfacet
  facet normal 0.752046 -0.65911 0
    outer loop
      vertex 38.0083 137.761 16.6
      vertex 38.1161 137.884 8.6
      vertex 38.1161 137.884 16.6
    endloop
  endfacet
  facet normal 0.752046 -0.65911 0
    outer loop
      vertex 38.1161 137.884 8.6
      vertex 38.0083 137.761 16.6
      vertex 38.0083 137.761 8.6
    endloop
  endfacet
  facet normal -0.752046 0.65911 0
    outer loop
      vertex 39.8839 136.116 8.6
      vertex 39.9917 136.239 16.6
      vertex 39.9917 136.239 8.6
    endloop
  endfacet
  facet normal -0.752046 0.65911 0
    outer loop
      vertex 39.9917 136.239 16.6
      vertex 39.8839 136.116 8.6
      vertex 39.8839 136.116 16.6
    endloop
  endfacet
  facet normal 0.195763 0.980651 -0
    outer loop
      vertex 38.8368 135.761 8.6
      vertex 38.6765 135.793 16.6
      vertex 38.8368 135.761 16.6
    endloop
  endfacet
  facet normal 0.195763 0.980651 0
    outer loop
      vertex 38.6765 135.793 16.6
      vertex 38.8368 135.761 8.6
      vertex 38.6765 135.793 8.6
    endloop
  endfacet
  facet normal 0.659262 0.751913 -0
    outer loop
      vertex 21.7678 11.7678 2
      vertex 21.5219 11.9834 13.6
      vertex 21.7678 11.7678 13.6
    endloop
  endfacet
  facet normal 0.659262 0.751913 0
    outer loop
      vertex 21.5219 11.9834 13.6
      vertex 21.7678 11.7678 2
      vertex 21.5219 11.9834 2
    endloop
  endfacet
  facet normal -0.0654128 -0.997858 0
    outer loop
      vertex 19.6737 7.52139 2
      vertex 20 7.5 13.6
      vertex 19.6737 7.52139 13.6
    endloop
  endfacet
  facet normal -0.0654128 -0.997858 -0
    outer loop
      vertex 20 7.5 13.6
      vertex 19.6737 7.52139 2
      vertex 20 7.5 2
    endloop
  endfacet
  facet normal -0.195116 -0.98078 0
    outer loop
      vertex 19.353 7.58519 2
      vertex 19.6737 7.52139 13.6
      vertex 19.353 7.58519 13.6
    endloop
  endfacet
  facet normal -0.195116 -0.98078 -0
    outer loop
      vertex 19.6737 7.52139 13.6
      vertex 19.353 7.58519 2
      vertex 19.6737 7.52139 2
    endloop
  endfacet
  facet normal 0.98078 0.195116 0
    outer loop
      vertex 22.4786 10.3263 13.6
      vertex 22.4148 10.647 2
      vertex 22.4148 10.647 13.6
    endloop
  endfacet
  facet normal 0.98078 0.195116 0
    outer loop
      vertex 22.4148 10.647 2
      vertex 22.4786 10.3263 13.6
      vertex 22.4786 10.3263 2
    endloop
  endfacet
  facet normal -0.98078 0.195116 0
    outer loop
      vertex 17.5214 10.3263 2
      vertex 17.5852 10.647 13.6
      vertex 17.5852 10.647 2
    endloop
  endfacet
  facet normal -0.98078 0.195116 0
    outer loop
      vertex 17.5852 10.647 13.6
      vertex 17.5214 10.3263 2
      vertex 17.5214 10.3263 13.6
    endloop
  endfacet
  facet normal 0.659279 -0.751898 0
    outer loop
      vertex 21.5219 8.01662 2
      vertex 21.7678 8.23223 13.6
      vertex 21.5219 8.01662 13.6
    endloop
  endfacet
  facet normal 0.659279 -0.751898 0
    outer loop
      vertex 21.7678 8.23223 13.6
      vertex 21.5219 8.01662 2
      vertex 21.7678 8.23223 2
    endloop
  endfacet
  facet normal -0.896921 0.442191 0
    outer loop
      vertex 17.6903 10.9567 2
      vertex 17.8349 11.25 13.6
      vertex 17.8349 11.25 2
    endloop
  endfacet
  facet normal -0.896921 0.442191 0
    outer loop
      vertex 17.8349 11.25 13.6
      vertex 17.6903 10.9567 2
      vertex 17.6903 10.9567 13.6
    endloop
  endfacet
  facet normal 0.0654128 -0.997858 0
    outer loop
      vertex 20 7.5 2
      vertex 20.3263 7.52139 13.6
      vertex 20 7.5 13.6
    endloop
  endfacet
  facet normal 0.0654128 -0.997858 0
    outer loop
      vertex 20.3263 7.52139 13.6
      vertex 20 7.5 2
      vertex 20.3263 7.52139 2
    endloop
  endfacet
  facet normal -0.659262 0.751913 0
    outer loop
      vertex 18.4781 11.9834 2
      vertex 18.2322 11.7678 13.6
      vertex 18.4781 11.9834 13.6
    endloop
  endfacet
  facet normal -0.659262 0.751913 0
    outer loop
      vertex 18.2322 11.7678 13.6
      vertex 18.4781 11.9834 2
      vertex 18.2322 11.7678 2
    endloop
  endfacet
  facet normal -0.659279 -0.751898 0
    outer loop
      vertex 18.2322 8.23223 2
      vertex 18.4781 8.01662 13.6
      vertex 18.2322 8.23223 13.6
    endloop
  endfacet
  facet normal -0.659279 -0.751898 -0
    outer loop
      vertex 18.4781 8.01662 13.6
      vertex 18.2322 8.23223 2
      vertex 18.4781 8.01662 2
    endloop
  endfacet
  facet normal 0.997856 0.0654432 0
    outer loop
      vertex 22.5 10 13.6
      vertex 22.4786 10.3263 2
      vertex 22.4786 10.3263 13.6
    endloop
  endfacet
  facet normal 0.997856 0.0654432 0
    outer loop
      vertex 22.4786 10.3263 2
      vertex 22.5 10 13.6
      vertex 22.5 10 2
    endloop
  endfacet
  facet normal 0.555617 0.831438 -0
    outer loop
      vertex 21.5219 11.9834 2
      vertex 21.25 12.1651 13.6
      vertex 21.5219 11.9834 13.6
    endloop
  endfacet
  facet normal 0.555617 0.831438 0
    outer loop
      vertex 21.25 12.1651 13.6
      vertex 21.5219 11.9834 2
      vertex 21.25 12.1651 2
    endloop
  endfacet
  facet normal 0.32136 0.946957 -0
    outer loop
      vertex 20.9567 12.3097 2
      vertex 20.647 12.4148 13.6
      vertex 20.9567 12.3097 13.6
    endloop
  endfacet
  facet normal 0.32136 0.946957 0
    outer loop
      vertex 20.647 12.4148 13.6
      vertex 20.9567 12.3097 2
      vertex 20.647 12.4148 2
    endloop
  endfacet
  facet normal 0.195116 -0.98078 0
    outer loop
      vertex 20.3263 7.52139 2
      vertex 20.647 7.58519 13.6
      vertex 20.3263 7.52139 13.6
    endloop
  endfacet
  facet normal 0.195116 -0.98078 0
    outer loop
      vertex 20.647 7.58519 13.6
      vertex 20.3263 7.52139 2
      vertex 20.647 7.58519 2
    endloop
  endfacet
  facet normal -0.195116 0.98078 0
    outer loop
      vertex 19.6737 12.4786 2
      vertex 19.353 12.4148 13.6
      vertex 19.6737 12.4786 13.6
    endloop
  endfacet
  facet normal -0.195116 0.98078 0
    outer loop
      vertex 19.353 12.4148 13.6
      vertex 19.6737 12.4786 2
      vertex 19.353 12.4148 2
    endloop
  endfacet
  facet normal 0.896921 0.442191 0
    outer loop
      vertex 22.3097 10.9567 13.6
      vertex 22.1651 11.25 2
      vertex 22.1651 11.25 13.6
    endloop
  endfacet
  facet normal 0.896921 0.442191 0
    outer loop
      vertex 22.1651 11.25 2
      vertex 22.3097 10.9567 13.6
      vertex 22.3097 10.9567 2
    endloop
  endfacet
  facet normal -0.751913 0.659262 0
    outer loop
      vertex 18.0166 11.5219 2
      vertex 18.2322 11.7678 13.6
      vertex 18.2322 11.7678 2
    endloop
  endfacet
  facet normal -0.751913 0.659262 0
    outer loop
      vertex 18.2322 11.7678 13.6
      vertex 18.0166 11.5219 2
      vertex 18.0166 11.5219 13.6
    endloop
  endfacet
  facet normal -0.997856 0.0654432 0
    outer loop
      vertex 17.5 10 2
      vertex 17.5214 10.3263 13.6
      vertex 17.5214 10.3263 2
    endloop
  endfacet
  facet normal -0.997856 0.0654432 0
    outer loop
      vertex 17.5214 10.3263 13.6
      vertex 17.5 10 2
      vertex 17.5 10 13.6
    endloop
  endfacet
  facet normal 0.751913 0.659262 0
    outer loop
      vertex 21.9834 11.5219 13.6
      vertex 21.7678 11.7678 2
      vertex 21.7678 11.7678 13.6
    endloop
  endfacet
  facet normal 0.751913 0.659262 0
    outer loop
      vertex 21.7678 11.7678 2
      vertex 21.9834 11.5219 13.6
      vertex 21.9834 11.5219 2
    endloop
  endfacet
  facet normal 0.997856 -0.0654412 0
    outer loop
      vertex 22.4786 9.67369 13.6
      vertex 22.5 10 2
      vertex 22.5 10 13.6
    endloop
  endfacet
  facet normal 0.997856 -0.0654412 0
    outer loop
      vertex 22.5 10 2
      vertex 22.4786 9.67369 13.6
      vertex 22.4786 9.67369 2
    endloop
  endfacet
  facet normal 0.946957 0.32136 0
    outer loop
      vertex 22.4148 10.647 13.6
      vertex 22.3097 10.9567 2
      vertex 22.3097 10.9567 13.6
    endloop
  endfacet
  facet normal 0.946957 0.32136 0
    outer loop
      vertex 22.3097 10.9567 2
      vertex 22.4148 10.647 13.6
      vertex 22.4148 10.647 2
    endloop
  endfacet
  facet normal 0.831438 -0.555617 0
    outer loop
      vertex 21.9834 8.4781 13.6
      vertex 22.1651 8.75 2
      vertex 22.1651 8.75 13.6
    endloop
  endfacet
  facet normal 0.831438 -0.555617 0
    outer loop
      vertex 22.1651 8.75 2
      vertex 21.9834 8.4781 13.6
      vertex 21.9834 8.4781 2
    endloop
  endfacet
  facet normal 0.831438 0.555617 0
    outer loop
      vertex 22.1651 11.25 13.6
      vertex 21.9834 11.5219 2
      vertex 21.9834 11.5219 13.6
    endloop
  endfacet
  facet normal 0.831438 0.555617 0
    outer loop
      vertex 21.9834 11.5219 2
      vertex 22.1651 11.25 13.6
      vertex 22.1651 11.25 2
    endloop
  endfacet
  facet normal 0.442191 0.896921 -0
    outer loop
      vertex 21.25 12.1651 2
      vertex 20.9567 12.3097 13.6
      vertex 21.25 12.1651 13.6
    endloop
  endfacet
  facet normal 0.442191 0.896921 0
    outer loop
      vertex 20.9567 12.3097 13.6
      vertex 21.25 12.1651 2
      vertex 20.9567 12.3097 2
    endloop
  endfacet
  facet normal -0.555617 0.831438 0
    outer loop
      vertex 18.75 12.1651 2
      vertex 18.4781 11.9834 13.6
      vertex 18.75 12.1651 13.6
    endloop
  endfacet
  facet normal -0.555617 0.831438 0
    outer loop
      vertex 18.4781 11.9834 13.6
      vertex 18.75 12.1651 2
      vertex 18.4781 11.9834 2
    endloop
  endfacet
  facet normal -0.946944 -0.321397 0
    outer loop
      vertex 17.6903 9.04329 2
      vertex 17.5852 9.35295 13.6
      vertex 17.5852 9.35295 2
    endloop
  endfacet
  facet normal -0.946944 -0.321397 0
    outer loop
      vertex 17.5852 9.35295 13.6
      vertex 17.6903 9.04329 2
      vertex 17.6903 9.04329 13.6
    endloop
  endfacet
  facet normal -0.0654432 0.997856 0
    outer loop
      vertex 20 12.5 2
      vertex 19.6737 12.4786 13.6
      vertex 20 12.5 13.6
    endloop
  endfacet
  facet normal -0.0654432 0.997856 0
    outer loop
      vertex 19.6737 12.4786 13.6
      vertex 20 12.5 2
      vertex 19.6737 12.4786 2
    endloop
  endfacet
  facet normal 0.555575 -0.831466 0
    outer loop
      vertex 21.25 7.83494 2
      vertex 21.5219 8.01662 13.6
      vertex 21.25 7.83494 13.6
    endloop
  endfacet
  facet normal 0.555575 -0.831466 0
    outer loop
      vertex 21.5219 8.01662 13.6
      vertex 21.25 7.83494 2
      vertex 21.5219 8.01662 2
    endloop
  endfacet
  facet normal 0.0654432 0.997856 -0
    outer loop
      vertex 20.3263 12.4786 2
      vertex 20 12.5 13.6
      vertex 20.3263 12.4786 13.6
    endloop
  endfacet
  facet normal 0.0654432 0.997856 0
    outer loop
      vertex 20 12.5 13.6
      vertex 20.3263 12.4786 2
      vertex 20 12.5 2
    endloop
  endfacet
  facet normal -0.32136 0.946957 0
    outer loop
      vertex 19.353 12.4148 2
      vertex 19.0433 12.3097 13.6
      vertex 19.353 12.4148 13.6
    endloop
  endfacet
  facet normal -0.32136 0.946957 0
    outer loop
      vertex 19.0433 12.3097 13.6
      vertex 19.353 12.4148 2
      vertex 19.0433 12.3097 2
    endloop
  endfacet
  facet normal -0.442191 0.896921 0
    outer loop
      vertex 19.0433 12.3097 2
      vertex 18.75 12.1651 13.6
      vertex 19.0433 12.3097 13.6
    endloop
  endfacet
  facet normal -0.442191 0.896921 0
    outer loop
      vertex 18.75 12.1651 13.6
      vertex 19.0433 12.3097 2
      vertex 18.75 12.1651 2
    endloop
  endfacet
  facet normal 0.195116 0.98078 -0
    outer loop
      vertex 20.647 12.4148 2
      vertex 20.3263 12.4786 13.6
      vertex 20.647 12.4148 13.6
    endloop
  endfacet
  facet normal 0.195116 0.98078 0
    outer loop
      vertex 20.3263 12.4786 13.6
      vertex 20.647 12.4148 2
      vertex 20.3263 12.4786 2
    endloop
  endfacet
  facet normal -0.896915 -0.442204 0
    outer loop
      vertex 17.8349 8.75 2
      vertex 17.6903 9.04329 13.6
      vertex 17.6903 9.04329 2
    endloop
  endfacet
  facet normal -0.896915 -0.442204 0
    outer loop
      vertex 17.6903 9.04329 13.6
      vertex 17.8349 8.75 2
      vertex 17.8349 8.75 13.6
    endloop
  endfacet
  facet normal -0.44229 -0.896872 0
    outer loop
      vertex 18.75 7.83494 2
      vertex 19.0433 7.6903 13.6
      vertex 18.75 7.83494 13.6
    endloop
  endfacet
  facet normal -0.44229 -0.896872 -0
    outer loop
      vertex 19.0433 7.6903 13.6
      vertex 18.75 7.83494 2
      vertex 19.0433 7.6903 2
    endloop
  endfacet
  facet normal 0.896915 -0.442204 0
    outer loop
      vertex 22.1651 8.75 13.6
      vertex 22.3097 9.04329 2
      vertex 22.3097 9.04329 13.6
    endloop
  endfacet
  facet normal 0.896915 -0.442204 0
    outer loop
      vertex 22.3097 9.04329 2
      vertex 22.1651 8.75 13.6
      vertex 22.1651 8.75 2
    endloop
  endfacet
  facet normal 0.980785 -0.195093 0
    outer loop
      vertex 22.4148 9.35295 13.6
      vertex 22.4786 9.67369 2
      vertex 22.4786 9.67369 13.6
    endloop
  endfacet
  facet normal 0.980785 -0.195093 0
    outer loop
      vertex 22.4786 9.67369 2
      vertex 22.4148 9.35295 13.6
      vertex 22.4148 9.35295 2
    endloop
  endfacet
  facet normal -0.997856 -0.0654412 0
    outer loop
      vertex 17.5214 9.67369 2
      vertex 17.5 10 13.6
      vertex 17.5 10 2
    endloop
  endfacet
  facet normal -0.997856 -0.0654412 0
    outer loop
      vertex 17.5 10 13.6
      vertex 17.5214 9.67369 2
      vertex 17.5214 9.67369 13.6
    endloop
  endfacet
  facet normal -0.831438 0.555617 0
    outer loop
      vertex 17.8349 11.25 2
      vertex 18.0166 11.5219 13.6
      vertex 18.0166 11.5219 2
    endloop
  endfacet
  facet normal -0.831438 0.555617 0
    outer loop
      vertex 18.0166 11.5219 13.6
      vertex 17.8349 11.25 2
      vertex 17.8349 11.25 13.6
    endloop
  endfacet
  facet normal -0.321387 -0.946948 0
    outer loop
      vertex 19.0433 7.6903 2
      vertex 19.353 7.58519 13.6
      vertex 19.0433 7.6903 13.6
    endloop
  endfacet
  facet normal -0.321387 -0.946948 -0
    outer loop
      vertex 19.353 7.58519 13.6
      vertex 19.0433 7.6903 2
      vertex 19.353 7.58519 2
    endloop
  endfacet
  facet normal 0.44229 -0.896872 0
    outer loop
      vertex 20.9567 7.6903 2
      vertex 21.25 7.83494 13.6
      vertex 20.9567 7.6903 13.6
    endloop
  endfacet
  facet normal 0.44229 -0.896872 0
    outer loop
      vertex 21.25 7.83494 13.6
      vertex 20.9567 7.6903 2
      vertex 21.25 7.83494 2
    endloop
  endfacet
  facet normal -0.946957 0.32136 0
    outer loop
      vertex 17.5852 10.647 2
      vertex 17.6903 10.9567 13.6
      vertex 17.6903 10.9567 2
    endloop
  endfacet
  facet normal -0.946957 0.32136 0
    outer loop
      vertex 17.6903 10.9567 13.6
      vertex 17.5852 10.647 2
      vertex 17.5852 10.647 13.6
    endloop
  endfacet
  facet normal 0.321387 -0.946948 0
    outer loop
      vertex 20.647 7.58519 2
      vertex 20.9567 7.6903 13.6
      vertex 20.647 7.58519 13.6
    endloop
  endfacet
  facet normal 0.321387 -0.946948 0
    outer loop
      vertex 20.9567 7.6903 13.6
      vertex 20.647 7.58519 2
      vertex 20.9567 7.6903 2
    endloop
  endfacet
  facet normal 0.751873 -0.659307 0
    outer loop
      vertex 21.7678 8.23223 13.6
      vertex 21.9834 8.4781 2
      vertex 21.9834 8.4781 13.6
    endloop
  endfacet
  facet normal 0.751873 -0.659307 0
    outer loop
      vertex 21.9834 8.4781 2
      vertex 21.7678 8.23223 13.6
      vertex 21.7678 8.23223 2
    endloop
  endfacet
  facet normal -0.555575 -0.831466 0
    outer loop
      vertex 18.4781 8.01662 2
      vertex 18.75 7.83494 13.6
      vertex 18.4781 8.01662 13.6
    endloop
  endfacet
  facet normal -0.555575 -0.831466 -0
    outer loop
      vertex 18.75 7.83494 13.6
      vertex 18.4781 8.01662 2
      vertex 18.75 7.83494 2
    endloop
  endfacet
  facet normal -0.831438 -0.555617 0
    outer loop
      vertex 18.0166 8.4781 2
      vertex 17.8349 8.75 13.6
      vertex 17.8349 8.75 2
    endloop
  endfacet
  facet normal -0.831438 -0.555617 0
    outer loop
      vertex 17.8349 8.75 13.6
      vertex 18.0166 8.4781 2
      vertex 18.0166 8.4781 13.6
    endloop
  endfacet
  facet normal -0.751873 -0.659307 0
    outer loop
      vertex 18.2322 8.23223 2
      vertex 18.0166 8.4781 13.6
      vertex 18.0166 8.4781 2
    endloop
  endfacet
  facet normal -0.751873 -0.659307 0
    outer loop
      vertex 18.0166 8.4781 13.6
      vertex 18.2322 8.23223 2
      vertex 18.2322 8.23223 13.6
    endloop
  endfacet
  facet normal 0.946944 -0.321397 0
    outer loop
      vertex 22.3097 9.04329 13.6
      vertex 22.4148 9.35295 2
      vertex 22.4148 9.35295 13.6
    endloop
  endfacet
  facet normal 0.946944 -0.321397 0
    outer loop
      vertex 22.4148 9.35295 2
      vertex 22.3097 9.04329 13.6
      vertex 22.3097 9.04329 2
    endloop
  endfacet
  facet normal -0.980785 -0.195093 0
    outer loop
      vertex 17.5852 9.35295 2
      vertex 17.5214 9.67369 13.6
      vertex 17.5214 9.67369 2
    endloop
  endfacet
  facet normal -0.980785 -0.195093 0
    outer loop
      vertex 17.5214 9.67369 13.6
      vertex 17.5852 9.35295 2
      vertex 17.5852 9.35295 13.6
    endloop
  endfacet
  facet normal 0 0 1
    outer loop
      vertex 20.9 10 13.6
      vertex 22.5 10 13.6
      vertex 22.4786 10.3263 13.6
    endloop
  endfacet
  facet normal 0 0 1
    outer loop
      vertex 20.8923 10.1175 13.6
      vertex 22.4786 10.3263 13.6
      vertex 22.4148 10.647 13.6
    endloop
  endfacet
  facet normal 0 0 1
    outer loop
      vertex 22.5 10 13.6
      vertex 20.9 10 13.6
      vertex 22.4786 9.67369 13.6
    endloop
  endfacet
  facet normal 0 0 1
    outer loop
      vertex 20.8693 10.2329 13.6
      vertex 22.4148 10.647 13.6
      vertex 22.3097 10.9567 13.6
    endloop
  endfacet
  facet normal -0 0 1
    outer loop
      vertex 20.8923 9.88253 13.6
      vertex 22.4786 9.67369 13.6
      vertex 20.9 10 13.6
    endloop
  endfacet
  facet normal 0 0 1
    outer loop
      vertex 20.8315 10.3444 13.6
      vertex 22.3097 10.9567 13.6
      vertex 22.1651 11.25 13.6
    endloop
  endfacet
  facet normal 0 0 1
    outer loop
      vertex 22.4786 9.67369 13.6
      vertex 20.8923 9.88253 13.6
      vertex 22.4148 9.35295 13.6
    endloop
  endfacet
  facet normal 0 0 1
    outer loop
      vertex 20.7794 10.45 13.6
      vertex 22.1651 11.25 13.6
      vertex 21.9834 11.5219 13.6
    endloop
  endfacet
  facet normal -0 0 1
    outer loop
      vertex 20.8693 9.76706 13.6
      vertex 22.4148 9.35295 13.6
      vertex 20.8923 9.88253 13.6
    endloop
  endfacet
  facet normal 0 0 1
    outer loop
      vertex 20.714 10.5479 13.6
      vertex 21.9834 11.5219 13.6
      vertex 21.7678 11.7678 13.6
    endloop
  endfacet
  facet normal 0 0 1
    outer loop
      vertex 22.4148 9.35295 13.6
      vertex 20.8693 9.76706 13.6
      vertex 22.3097 9.04329 13.6
    endloop
  endfacet
  facet normal 0 0 1
    outer loop
      vertex 20.6364 10.6364 13.6
      vertex 21.7678 11.7678 13.6
      vertex 21.5219 11.9834 13.6
    endloop
  endfacet
  facet normal -0 0 1
    outer loop
      vertex 20.8315 9.65559 13.6
      vertex 22.3097 9.04329 13.6
      vertex 20.8693 9.76706 13.6
    endloop
  endfacet
  facet normal 0 0 1
    outer loop
      vertex 20.5479 10.714 13.6
      vertex 21.5219 11.9834 13.6
      vertex 21.25 12.1651 13.6
    endloop
  endfacet
  facet normal 0 0 1
    outer loop
      vertex 22.3097 9.04329 13.6
      vertex 20.8315 9.65559 13.6
      vertex 22.1651 8.75 13.6
    endloop
  endfacet
  facet normal 0 0 1
    outer loop
      vertex 20.45 10.7794 13.6
      vertex 21.25 12.1651 13.6
      vertex 20.9567 12.3097 13.6
    endloop
  endfacet
  facet normal -0 0 1
    outer loop
      vertex 20.7794 9.55 13.6
      vertex 22.1651 8.75 13.6
      vertex 20.8315 9.65559 13.6
    endloop
  endfacet
  facet normal 0 0 1
    outer loop
      vertex 22.1651 8.75 13.6
      vertex 20.7794 9.55 13.6
      vertex 21.9834 8.4781 13.6
    endloop
  endfacet
  facet normal 0 0 1
    outer loop
      vertex 22.4786 10.3263 13.6
      vertex 20.8923 10.1175 13.6
      vertex 20.9 10 13.6
    endloop
  endfacet
  facet normal 0 0 1
    outer loop
      vertex 22.4148 10.647 13.6
      vertex 20.8693 10.2329 13.6
      vertex 20.8923 10.1175 13.6
    endloop
  endfacet
  facet normal 0 0 1
    outer loop
      vertex 22.3097 10.9567 13.6
      vertex 20.8315 10.3444 13.6
      vertex 20.8693 10.2329 13.6
    endloop
  endfacet
  facet normal 0 0 1
    outer loop
      vertex 22.1651 11.25 13.6
      vertex 20.7794 10.45 13.6
      vertex 20.8315 10.3444 13.6
    endloop
  endfacet
  facet normal 0 0 1
    outer loop
      vertex 21.9834 11.5219 13.6
      vertex 20.714 10.5479 13.6
      vertex 20.7794 10.45 13.6
    endloop
  endfacet
  facet normal 0 0 1
    outer loop
      vertex 20.3444 10.8315 13.6
      vertex 20.9567 12.3097 13.6
      vertex 20.647 12.4148 13.6
    endloop
  endfacet
  facet normal 0 0 1
    outer loop
      vertex 21.7678 11.7678 13.6
      vertex 20.6364 10.6364 13.6
      vertex 20.714 10.5479 13.6
    endloop
  endfacet
  facet normal 0 0 1
    outer loop
      vertex 21.5219 11.9834 13.6
      vertex 20.5479 10.714 13.6
      vertex 20.6364 10.6364 13.6
    endloop
  endfacet
  facet normal 0 0 1
    outer loop
      vertex 21.25 12.1651 13.6
      vertex 20.45 10.7794 13.6
      vertex 20.5479 10.714 13.6
    endloop
  endfacet
  facet normal 0 0 1
    outer loop
      vertex 20.9567 12.3097 13.6
      vertex 20.3444 10.8315 13.6
      vertex 20.45 10.7794 13.6
    endloop
  endfacet
  facet normal 0 0 1
    outer loop
      vertex 20.2329 10.8693 13.6
      vertex 20.647 12.4148 13.6
      vertex 20.3263 12.4786 13.6
    endloop
  endfacet
  facet normal 0 0 1
    outer loop
      vertex 20.647 12.4148 13.6
      vertex 20.2329 10.8693 13.6
      vertex 20.3444 10.8315 13.6
    endloop
  endfacet
  facet normal 0 0 1
    outer loop
      vertex 20.3263 12.4786 13.6
      vertex 20.1175 10.8923 13.6
      vertex 20.2329 10.8693 13.6
    endloop
  endfacet
  facet normal 0 0 1
    outer loop
      vertex 20 12.5 13.6
      vertex 20.1175 10.8923 13.6
      vertex 20.3263 12.4786 13.6
    endloop
  endfacet
  facet normal 0 0 1
    outer loop
      vertex 20 12.5 13.6
      vertex 20 10.9 13.6
      vertex 20.1175 10.8923 13.6
    endloop
  endfacet
  facet normal 0 0 1
    outer loop
      vertex 20 12.5 13.6
      vertex 19.8825 10.8923 13.6
      vertex 20 10.9 13.6
    endloop
  endfacet
  facet normal -0 0 1
    outer loop
      vertex 19.6737 12.4786 13.6
      vertex 19.8825 10.8923 13.6
      vertex 20 12.5 13.6
    endloop
  endfacet
  facet normal 0 0 1
    outer loop
      vertex 19.8825 10.8923 13.6
      vertex 19.6737 12.4786 13.6
      vertex 19.7671 10.8693 13.6
    endloop
  endfacet
  facet normal -0 0 1
    outer loop
      vertex 19.353 12.4148 13.6
      vertex 19.7671 10.8693 13.6
      vertex 19.6737 12.4786 13.6
    endloop
  endfacet
  facet normal 0 0 1
    outer loop
      vertex 19.7671 10.8693 13.6
      vertex 19.353 12.4148 13.6
      vertex 19.6556 10.8315 13.6
    endloop
  endfacet
  facet normal -0 0 1
    outer loop
      vertex 19.0433 12.3097 13.6
      vertex 19.6556 10.8315 13.6
      vertex 19.353 12.4148 13.6
    endloop
  endfacet
  facet normal 0 0 1
    outer loop
      vertex 19.6556 10.8315 13.6
      vertex 19.0433 12.3097 13.6
      vertex 19.55 10.7794 13.6
    endloop
  endfacet
  facet normal -0 0 1
    outer loop
      vertex 18.75 12.1651 13.6
      vertex 19.55 10.7794 13.6
      vertex 19.0433 12.3097 13.6
    endloop
  endfacet
  facet normal 0 0 1
    outer loop
      vertex 19.55 10.7794 13.6
      vertex 18.75 12.1651 13.6
      vertex 19.4521 10.714 13.6
    endloop
  endfacet
  facet normal -0 0 1
    outer loop
      vertex 18.4781 11.9834 13.6
      vertex 19.4521 10.714 13.6
      vertex 18.75 12.1651 13.6
    endloop
  endfacet
  facet normal 0 0 1
    outer loop
      vertex 19.4521 10.714 13.6
      vertex 18.4781 11.9834 13.6
      vertex 19.3636 10.6364 13.6
    endloop
  endfacet
  facet normal -0 0 1
    outer loop
      vertex 18.2322 11.7678 13.6
      vertex 19.3636 10.6364 13.6
      vertex 18.4781 11.9834 13.6
    endloop
  endfacet
  facet normal 0 0 1
    outer loop
      vertex 19.3636 10.6364 13.6
      vertex 18.2322 11.7678 13.6
      vertex 19.286 10.5479 13.6
    endloop
  endfacet
  facet normal 0 0 1
    outer loop
      vertex 19.286 10.5479 13.6
      vertex 18.0166 11.5219 13.6
      vertex 19.2206 10.45 13.6
    endloop
  endfacet
  facet normal -0 0 1
    outer loop
      vertex 18.0166 11.5219 13.6
      vertex 19.286 10.5479 13.6
      vertex 18.2322 11.7678 13.6
    endloop
  endfacet
  facet normal -0 0 1
    outer loop
      vertex 20.714 9.45212 13.6
      vertex 21.9834 8.4781 13.6
      vertex 20.7794 9.55 13.6
    endloop
  endfacet
  facet normal 0 0 1
    outer loop
      vertex 21.9834 8.4781 13.6
      vertex 20.714 9.45212 13.6
      vertex 21.7678 8.23223 13.6
    endloop
  endfacet
  facet normal -0 0 1
    outer loop
      vertex 20.6364 9.3636 13.6
      vertex 21.7678 8.23223 13.6
      vertex 20.714 9.45212 13.6
    endloop
  endfacet
  facet normal 0 0 1
    outer loop
      vertex 21.7678 8.23223 13.6
      vertex 20.6364 9.3636 13.6
      vertex 21.5219 8.01662 13.6
    endloop
  endfacet
  facet normal -0 0 1
    outer loop
      vertex 20.5479 9.28598 13.6
      vertex 21.5219 8.01662 13.6
      vertex 20.6364 9.3636 13.6
    endloop
  endfacet
  facet normal 0 0 1
    outer loop
      vertex 21.5219 8.01662 13.6
      vertex 20.5479 9.28598 13.6
      vertex 21.25 7.83494 13.6
    endloop
  endfacet
  facet normal -0 0 1
    outer loop
      vertex 20.45 9.22058 13.6
      vertex 21.25 7.83494 13.6
      vertex 20.5479 9.28598 13.6
    endloop
  endfacet
  facet normal 0 0 1
    outer loop
      vertex 21.25 7.83494 13.6
      vertex 20.45 9.22058 13.6
      vertex 20.9567 7.6903 13.6
    endloop
  endfacet
  facet normal -0 0 1
    outer loop
      vertex 20.3444 9.16851 13.6
      vertex 20.9567 7.6903 13.6
      vertex 20.45 9.22058 13.6
    endloop
  endfacet
  facet normal 0 0 1
    outer loop
      vertex 20.9567 7.6903 13.6
      vertex 20.3444 9.16851 13.6
      vertex 20.647 7.58519 13.6
    endloop
  endfacet
  facet normal -0 0 1
    outer loop
      vertex 20.2329 9.13067 13.6
      vertex 20.647 7.58519 13.6
      vertex 20.3444 9.16851 13.6
    endloop
  endfacet
  facet normal 0 0 1
    outer loop
      vertex 20.647 7.58519 13.6
      vertex 20.2329 9.13067 13.6
      vertex 20.3263 7.52139 13.6
    endloop
  endfacet
  facet normal -0 0 1
    outer loop
      vertex 20.1175 9.1077 13.6
      vertex 20.3263 7.52139 13.6
      vertex 20.2329 9.13067 13.6
    endloop
  endfacet
  facet normal -0 0 1
    outer loop
      vertex 20 9.1 13.6
      vertex 20.3263 7.52139 13.6
      vertex 20.1175 9.1077 13.6
    endloop
  endfacet
  facet normal 0 0 1
    outer loop
      vertex 20 9.1 13.6
      vertex 20 7.5 13.6
      vertex 20.3263 7.52139 13.6
    endloop
  endfacet
  facet normal 0 0 1
    outer loop
      vertex 19.8825 9.1077 13.6
      vertex 20 7.5 13.6
      vertex 20 9.1 13.6
    endloop
  endfacet
  facet normal 0 0 1
    outer loop
      vertex 19.6737 7.52139 13.6
      vertex 19.8825 9.1077 13.6
      vertex 19.7671 9.13067 13.6
    endloop
  endfacet
  facet normal 0 0 1
    outer loop
      vertex 19.8825 9.1077 13.6
      vertex 19.6737 7.52139 13.6
      vertex 20 7.5 13.6
    endloop
  endfacet
  facet normal 0 0 1
    outer loop
      vertex 19.353 7.58519 13.6
      vertex 19.7671 9.13067 13.6
      vertex 19.6556 9.16851 13.6
    endloop
  endfacet
  facet normal 0 0 1
    outer loop
      vertex 19.0433 7.6903 13.6
      vertex 19.6556 9.16851 13.6
      vertex 19.55 9.22058 13.6
    endloop
  endfacet
  facet normal 0 0 1
    outer loop
      vertex 18.75 7.83494 13.6
      vertex 19.55 9.22058 13.6
      vertex 19.4521 9.28598 13.6
    endloop
  endfacet
  facet normal 0 0 1
    outer loop
      vertex 18.4781 8.01662 13.6
      vertex 19.4521 9.28598 13.6
      vertex 19.3636 9.3636 13.6
    endloop
  endfacet
  facet normal 0 0 1
    outer loop
      vertex 19.7671 9.13067 13.6
      vertex 19.353 7.58519 13.6
      vertex 19.6737 7.52139 13.6
    endloop
  endfacet
  facet normal 0 0 1
    outer loop
      vertex 18.2322 8.23223 13.6
      vertex 19.3636 9.3636 13.6
      vertex 19.286 9.45212 13.6
    endloop
  endfacet
  facet normal 0 0 1
    outer loop
      vertex 18.0166 8.4781 13.6
      vertex 19.286 9.45212 13.6
      vertex 19.2206 9.55 13.6
    endloop
  endfacet
  facet normal 0 0 1
    outer loop
      vertex 17.8349 8.75 13.6
      vertex 19.2206 9.55 13.6
      vertex 19.1685 9.65559 13.6
    endloop
  endfacet
  facet normal 0 0 1
    outer loop
      vertex 17.6903 9.04329 13.6
      vertex 19.1685 9.65559 13.6
      vertex 19.1307 9.76706 13.6
    endloop
  endfacet
  facet normal 0 0 1
    outer loop
      vertex 17.5852 9.35295 13.6
      vertex 19.1307 9.76706 13.6
      vertex 19.1077 9.88253 13.6
    endloop
  endfacet
  facet normal 0 0 1
    outer loop
      vertex 19.6556 9.16851 13.6
      vertex 19.0433 7.6903 13.6
      vertex 19.353 7.58519 13.6
    endloop
  endfacet
  facet normal 0 0 1
    outer loop
      vertex 17.5214 9.67369 13.6
      vertex 19.1077 9.88253 13.6
      vertex 19.1 10 13.6
    endloop
  endfacet
  facet normal -0 0 1
    outer loop
      vertex 17.8349 11.25 13.6
      vertex 19.2206 10.45 13.6
      vertex 18.0166 11.5219 13.6
    endloop
  endfacet
  facet normal 0 0 1
    outer loop
      vertex 19.2206 10.45 13.6
      vertex 17.8349 11.25 13.6
      vertex 19.1685 10.3444 13.6
    endloop
  endfacet
  facet normal 0 0 1
    outer loop
      vertex 19.55 9.22058 13.6
      vertex 18.75 7.83494 13.6
      vertex 19.0433 7.6903 13.6
    endloop
  endfacet
  facet normal -0 0 1
    outer loop
      vertex 17.6903 10.9567 13.6
      vertex 19.1685 10.3444 13.6
      vertex 17.8349 11.25 13.6
    endloop
  endfacet
  facet normal 0 0 1
    outer loop
      vertex 19.4521 9.28598 13.6
      vertex 18.4781 8.01662 13.6
      vertex 18.75 7.83494 13.6
    endloop
  endfacet
  facet normal 0 0 1
    outer loop
      vertex 19.1685 10.3444 13.6
      vertex 17.6903 10.9567 13.6
      vertex 19.1307 10.2329 13.6
    endloop
  endfacet
  facet normal 0 0 1
    outer loop
      vertex 19.3636 9.3636 13.6
      vertex 18.2322 8.23223 13.6
      vertex 18.4781 8.01662 13.6
    endloop
  endfacet
  facet normal -0 0 1
    outer loop
      vertex 17.5852 10.647 13.6
      vertex 19.1307 10.2329 13.6
      vertex 17.6903 10.9567 13.6
    endloop
  endfacet
  facet normal 0 0 1
    outer loop
      vertex 19.286 9.45212 13.6
      vertex 18.0166 8.4781 13.6
      vertex 18.2322 8.23223 13.6
    endloop
  endfacet
  facet normal 0 0 1
    outer loop
      vertex 19.1307 10.2329 13.6
      vertex 17.5852 10.647 13.6
      vertex 19.1077 10.1175 13.6
    endloop
  endfacet
  facet normal 0 0 1
    outer loop
      vertex 19.2206 9.55 13.6
      vertex 17.8349 8.75 13.6
      vertex 18.0166 8.4781 13.6
    endloop
  endfacet
  facet normal -0 0 1
    outer loop
      vertex 17.5214 10.3263 13.6
      vertex 19.1077 10.1175 13.6
      vertex 17.5852 10.647 13.6
    endloop
  endfacet
  facet normal 0 0 1
    outer loop
      vertex 19.1685 9.65559 13.6
      vertex 17.6903 9.04329 13.6
      vertex 17.8349 8.75 13.6
    endloop
  endfacet
  facet normal 0 0 1
    outer loop
      vertex 19.1077 10.1175 13.6
      vertex 17.5214 10.3263 13.6
      vertex 19.1 10 13.6
    endloop
  endfacet
  facet normal 0 0 1
    outer loop
      vertex 19.1307 9.76706 13.6
      vertex 17.5852 9.35295 13.6
      vertex 17.6903 9.04329 13.6
    endloop
  endfacet
  facet normal 0 0 1
    outer loop
      vertex 17.5 10 13.6
      vertex 19.1 10 13.6
      vertex 17.5214 10.3263 13.6
    endloop
  endfacet
  facet normal 0 0 1
    outer loop
      vertex 19.1077 9.88253 13.6
      vertex 17.5214 9.67369 13.6
      vertex 17.5852 9.35295 13.6
    endloop
  endfacet
  facet normal 0 0 1
    outer loop
      vertex 19.1 10 13.6
      vertex 17.5 10 13.6
      vertex 17.5214 9.67369 13.6
    endloop
  endfacet
  facet normal -0.321065 -0.947057 0
    outer loop
      vertex 20.2329 10.8693 10.7
      vertex 20.3444 10.8315 13.6
      vertex 20.2329 10.8693 13.6
    endloop
  endfacet
  facet normal -0.321065 -0.947057 -0
    outer loop
      vertex 20.3444 10.8315 13.6
      vertex 20.2329 10.8693 10.7
      vertex 20.3444 10.8315 10.7
    endloop
  endfacet
  facet normal -0.980711 -0.195462 0
    outer loop
      vertex 20.8923 10.1175 10.7
      vertex 20.8693 10.2329 13.6
      vertex 20.8693 10.2329 10.7
    endloop
  endfacet
  facet normal -0.980711 -0.195462 0
    outer loop
      vertex 20.8693 10.2329 13.6
      vertex 20.8923 10.1175 10.7
      vertex 20.8923 10.1175 13.6
    endloop
  endfacet
  facet normal -0.99786 -0.0653917 0
    outer loop
      vertex 20.9 10 10.7
      vertex 20.8923 10.1175 13.6
      vertex 20.8923 10.1175 10.7
    endloop
  endfacet
  facet normal -0.99786 -0.0653917 0
    outer loop
      vertex 20.8923 10.1175 13.6
      vertex 20.9 10 10.7
      vertex 20.9 10 13.6
    endloop
  endfacet
  facet normal -0.947057 -0.321065 0
    outer loop
      vertex 20.8693 10.2329 10.7
      vertex 20.8315 10.3444 13.6
      vertex 20.8315 10.3444 10.7
    endloop
  endfacet
  facet normal -0.947057 -0.321065 0
    outer loop
      vertex 20.8315 10.3444 13.6
      vertex 20.8693 10.2329 10.7
      vertex 20.8693 10.2329 13.6
    endloop
  endfacet
  facet normal -0.442452 -0.896792 0
    outer loop
      vertex 20.3444 10.8315 10.7
      vertex 20.45 10.7794 13.6
      vertex 20.3444 10.8315 13.6
    endloop
  endfacet
  facet normal -0.442452 -0.896792 -0
    outer loop
      vertex 20.45 10.7794 13.6
      vertex 20.3444 10.8315 10.7
      vertex 20.45 10.7794 10.7
    endloop
  endfacet
  facet normal 0.997859 0.0654083 0
    outer loop
      vertex 19.1077 9.88253 13.6
      vertex 19.1 10 10.7
      vertex 19.1 10 13.6
    endloop
  endfacet
  facet normal 0.997859 0.0654083 0
    outer loop
      vertex 19.1 10 10.7
      vertex 19.1077 9.88253 13.6
      vertex 19.1077 9.88253 10.7
    endloop
  endfacet
  facet normal -0.896792 -0.442452 0
    outer loop
      vertex 20.8315 10.3444 10.7
      vertex 20.7794 10.45 13.6
      vertex 20.7794 10.45 10.7
    endloop
  endfacet
  facet normal -0.896792 -0.442452 0
    outer loop
      vertex 20.7794 10.45 13.6
      vertex 20.8315 10.3444 10.7
      vertex 20.8315 10.3444 13.6
    endloop
  endfacet
  facet normal -0.831527 -0.555484 0
    outer loop
      vertex 20.7794 10.45 10.7
      vertex 20.714 10.5479 13.6
      vertex 20.714 10.5479 10.7
    endloop
  endfacet
  facet normal -0.831527 -0.555484 0
    outer loop
      vertex 20.714 10.5479 13.6
      vertex 20.7794 10.45 10.7
      vertex 20.7794 10.45 13.6
    endloop
  endfacet
  facet normal 0.659286 -0.751892 0
    outer loop
      vertex 19.3636 10.6364 10.7
      vertex 19.4521 10.714 13.6
      vertex 19.3636 10.6364 13.6
    endloop
  endfacet
  facet normal 0.659286 -0.751892 0
    outer loop
      vertex 19.4521 10.714 13.6
      vertex 19.3636 10.6364 10.7
      vertex 19.4521 10.714 10.7
    endloop
  endfacet
  facet normal -0.751892 -0.659286 0
    outer loop
      vertex 20.714 10.5479 10.7
      vertex 20.6364 10.6364 13.6
      vertex 20.6364 10.6364 10.7
    endloop
  endfacet
  facet normal -0.751892 -0.659286 0
    outer loop
      vertex 20.6364 10.6364 13.6
      vertex 20.714 10.5479 10.7
      vertex 20.714 10.5479 13.6
    endloop
  endfacet
  facet normal 0.980711 -0.195462 0
    outer loop
      vertex 19.1077 10.1175 13.6
      vertex 19.1307 10.2329 10.7
      vertex 19.1307 10.2329 13.6
    endloop
  endfacet
  facet normal 0.980711 -0.195462 0
    outer loop
      vertex 19.1307 10.2329 10.7
      vertex 19.1077 10.1175 13.6
      vertex 19.1077 10.1175 10.7
    endloop
  endfacet
  facet normal 0.555484 0.831527 -0
    outer loop
      vertex 19.55 9.22058 10.7
      vertex 19.4521 9.28598 13.6
      vertex 19.55 9.22058 13.6
    endloop
  endfacet
  facet normal 0.555484 0.831527 0
    outer loop
      vertex 19.4521 9.28598 13.6
      vertex 19.55 9.22058 10.7
      vertex 19.4521 9.28598 10.7
    endloop
  endfacet
  facet normal 0.99786 -0.0653917 0
    outer loop
      vertex 19.1 10 13.6
      vertex 19.1077 10.1175 10.7
      vertex 19.1077 10.1175 13.6
    endloop
  endfacet
  facet normal 0.99786 -0.0653917 0
    outer loop
      vertex 19.1077 10.1175 10.7
      vertex 19.1 10 13.6
      vertex 19.1 10 10.7
    endloop
  endfacet
  facet normal 0.751966 0.659202 0
    outer loop
      vertex 19.3636 9.3636 13.6
      vertex 19.286 9.45212 10.7
      vertex 19.286 9.45212 13.6
    endloop
  endfacet
  facet normal 0.751966 0.659202 0
    outer loop
      vertex 19.286 9.45212 10.7
      vertex 19.3636 9.3636 13.6
      vertex 19.3636 9.3636 10.7
    endloop
  endfacet
  facet normal -0.195217 0.98076 0
    outer loop
      vertex 20.2329 9.13067 10.7
      vertex 20.1175 9.1077 13.6
      vertex 20.2329 9.13067 13.6
    endloop
  endfacet
  facet normal -0.195217 0.98076 0
    outer loop
      vertex 20.1175 9.1077 13.6
      vertex 20.2329 9.13067 10.7
      vertex 20.1175 9.1077 10.7
    endloop
  endfacet
  facet normal 0.442452 -0.896792 0
    outer loop
      vertex 19.55 10.7794 10.7
      vertex 19.6556 10.8315 13.6
      vertex 19.55 10.7794 13.6
    endloop
  endfacet
  facet normal 0.442452 -0.896792 0
    outer loop
      vertex 19.6556 10.8315 13.6
      vertex 19.55 10.7794 10.7
      vertex 19.6556 10.8315 10.7
    endloop
  endfacet
  facet normal 0.32137 0.946954 -0
    outer loop
      vertex 19.7671 9.13067 10.7
      vertex 19.6556 9.16851 13.6
      vertex 19.7671 9.13067 13.6
    endloop
  endfacet
  facet normal 0.32137 0.946954 0
    outer loop
      vertex 19.6556 9.16851 13.6
      vertex 19.7671 9.13067 10.7
      vertex 19.6556 9.16851 10.7
    endloop
  endfacet
  facet normal -0.980734 0.195348 0
    outer loop
      vertex 20.8693 9.76706 10.7
      vertex 20.8923 9.88253 13.6
      vertex 20.8923 9.88253 10.7
    endloop
  endfacet
  facet normal -0.980734 0.195348 0
    outer loop
      vertex 20.8923 9.88253 13.6
      vertex 20.8693 9.76706 10.7
      vertex 20.8693 9.76706 13.6
    endloop
  endfacet
  facet normal 0.751892 -0.659286 0
    outer loop
      vertex 19.286 10.5479 13.6
      vertex 19.3636 10.6364 10.7
      vertex 19.3636 10.6364 13.6
    endloop
  endfacet
  facet normal 0.751892 -0.659286 0
    outer loop
      vertex 19.3636 10.6364 10.7
      vertex 19.286 10.5479 13.6
      vertex 19.286 10.5479 10.7
    endloop
  endfacet
  facet normal -0.831475 0.555562 0
    outer loop
      vertex 20.714 9.45212 10.7
      vertex 20.7794 9.55 13.6
      vertex 20.7794 9.55 10.7
    endloop
  endfacet
  facet normal -0.831475 0.555562 0
    outer loop
      vertex 20.7794 9.55 13.6
      vertex 20.714 9.45212 10.7
      vertex 20.714 9.45212 13.6
    endloop
  endfacet
  facet normal 0.321065 -0.947057 0
    outer loop
      vertex 19.6556 10.8315 10.7
      vertex 19.7671 10.8693 13.6
      vertex 19.6556 10.8315 13.6
    endloop
  endfacet
  facet normal 0.321065 -0.947057 0
    outer loop
      vertex 19.7671 10.8693 13.6
      vertex 19.6556 10.8315 10.7
      vertex 19.7671 10.8693 10.7
    endloop
  endfacet
  facet normal 0.980734 0.195348 0
    outer loop
      vertex 19.1307 9.76706 13.6
      vertex 19.1077 9.88253 10.7
      vertex 19.1077 9.88253 13.6
    endloop
  endfacet
  facet normal 0.980734 0.195348 0
    outer loop
      vertex 19.1077 9.88253 10.7
      vertex 19.1307 9.76706 13.6
      vertex 19.1307 9.76706 10.7
    endloop
  endfacet
  facet normal 0.195217 0.98076 -0
    outer loop
      vertex 19.8825 9.1077 10.7
      vertex 19.7671 9.13067 13.6
      vertex 19.8825 9.1077 13.6
    endloop
  endfacet
  facet normal 0.195217 0.98076 0
    outer loop
      vertex 19.7671 9.13067 13.6
      vertex 19.8825 9.1077 10.7
      vertex 19.7671 9.13067 10.7
    endloop
  endfacet
  facet normal -0.555484 -0.831527 0
    outer loop
      vertex 20.45 10.7794 10.7
      vertex 20.5479 10.714 13.6
      vertex 20.45 10.7794 13.6
    endloop
  endfacet
  facet normal -0.555484 -0.831527 -0
    outer loop
      vertex 20.5479 10.714 13.6
      vertex 20.45 10.7794 10.7
      vertex 20.5479 10.714 10.7
    endloop
  endfacet
  facet normal -0.947031 0.321143 0
    outer loop
      vertex 20.8315 9.65559 10.7
      vertex 20.8693 9.76706 13.6
      vertex 20.8693 9.76706 10.7
    endloop
  endfacet
  facet normal -0.947031 0.321143 0
    outer loop
      vertex 20.8693 9.76706 13.6
      vertex 20.8315 9.65559 10.7
      vertex 20.8315 9.65559 13.6
    endloop
  endfacet
  facet normal -0.0653917 0.99786 0
    outer loop
      vertex 20.1175 9.1077 10.7
      vertex 20 9.1 13.6
      vertex 20.1175 9.1077 13.6
    endloop
  endfacet
  facet normal -0.0653917 0.99786 0
    outer loop
      vertex 20 9.1 13.6
      vertex 20.1175 9.1077 10.7
      vertex 20 9.1 10.7
    endloop
  endfacet
  facet normal -0.751966 0.659202 0
    outer loop
      vertex 20.6364 9.3636 10.7
      vertex 20.714 9.45212 13.6
      vertex 20.714 9.45212 10.7
    endloop
  endfacet
  facet normal -0.751966 0.659202 0
    outer loop
      vertex 20.714 9.45212 13.6
      vertex 20.6364 9.3636 10.7
      vertex 20.6364 9.3636 13.6
    endloop
  endfacet
  facet normal 0.0653917 -0.99786 0
    outer loop
      vertex 19.8825 10.8923 10.7
      vertex 20 10.9 13.6
      vertex 19.8825 10.8923 13.6
    endloop
  endfacet
  facet normal 0.0653917 -0.99786 0
    outer loop
      vertex 20 10.9 13.6
      vertex 19.8825 10.8923 10.7
      vertex 20 10.9 10.7
    endloop
  endfacet
  facet normal -0.555484 0.831527 0
    outer loop
      vertex 20.5479 9.28598 10.7
      vertex 20.45 9.22058 13.6
      vertex 20.5479 9.28598 13.6
    endloop
  endfacet
  facet normal -0.555484 0.831527 0
    outer loop
      vertex 20.45 9.22058 13.6
      vertex 20.5479 9.28598 10.7
      vertex 20.45 9.22058 10.7
    endloop
  endfacet
  facet normal 0.659382 0.751808 -0
    outer loop
      vertex 19.4521 9.28598 10.7
      vertex 19.3636 9.3636 13.6
      vertex 19.4521 9.28598 13.6
    endloop
  endfacet
  facet normal 0.659382 0.751808 0
    outer loop
      vertex 19.3636 9.3636 13.6
      vertex 19.4521 9.28598 10.7
      vertex 19.3636 9.3636 10.7
    endloop
  endfacet
  facet normal -0.659286 -0.751892 0
    outer loop
      vertex 20.5479 10.714 10.7
      vertex 20.6364 10.6364 13.6
      vertex 20.5479 10.714 13.6
    endloop
  endfacet
  facet normal -0.659286 -0.751892 -0
    outer loop
      vertex 20.6364 10.6364 13.6
      vertex 20.5479 10.714 10.7
      vertex 20.6364 10.6364 10.7
    endloop
  endfacet
  facet normal 0.896792 -0.442452 0
    outer loop
      vertex 19.1685 10.3444 13.6
      vertex 19.2206 10.45 10.7
      vertex 19.2206 10.45 13.6
    endloop
  endfacet
  facet normal 0.896792 -0.442452 0
    outer loop
      vertex 19.2206 10.45 10.7
      vertex 19.1685 10.3444 13.6
      vertex 19.1685 10.3444 10.7
    endloop
  endfacet
  facet normal -0.0653917 -0.99786 0
    outer loop
      vertex 20 10.9 10.7
      vertex 20.1175 10.8923 13.6
      vertex 20 10.9 13.6
    endloop
  endfacet
  facet normal -0.0653917 -0.99786 -0
    outer loop
      vertex 20.1175 10.8923 13.6
      vertex 20 10.9 10.7
      vertex 20.1175 10.8923 10.7
    endloop
  endfacet
  facet normal -0.997859 0.0654083 0
    outer loop
      vertex 20.8923 9.88253 10.7
      vertex 20.9 10 13.6
      vertex 20.9 10 10.7
    endloop
  endfacet
  facet normal -0.997859 0.0654083 0
    outer loop
      vertex 20.9 10 13.6
      vertex 20.8923 9.88253 10.7
      vertex 20.8923 9.88253 13.6
    endloop
  endfacet
  facet normal 0.195462 -0.980711 0
    outer loop
      vertex 19.7671 10.8693 10.7
      vertex 19.8825 10.8923 13.6
      vertex 19.7671 10.8693 13.6
    endloop
  endfacet
  facet normal 0.195462 -0.980711 0
    outer loop
      vertex 19.8825 10.8923 13.6
      vertex 19.7671 10.8693 10.7
      vertex 19.8825 10.8923 10.7
    endloop
  endfacet
  facet normal 0.555484 -0.831527 0
    outer loop
      vertex 19.4521 10.714 10.7
      vertex 19.55 10.7794 13.6
      vertex 19.4521 10.714 13.6
    endloop
  endfacet
  facet normal 0.555484 -0.831527 0
    outer loop
      vertex 19.55 10.7794 13.6
      vertex 19.4521 10.714 10.7
      vertex 19.55 10.7794 10.7
    endloop
  endfacet
  facet normal 0.0653917 0.99786 -0
    outer loop
      vertex 20 9.1 10.7
      vertex 19.8825 9.1077 13.6
      vertex 20 9.1 13.6
    endloop
  endfacet
  facet normal 0.0653917 0.99786 0
    outer loop
      vertex 19.8825 9.1077 13.6
      vertex 20 9.1 10.7
      vertex 19.8825 9.1077 10.7
    endloop
  endfacet
  facet normal -0.896776 0.442485 0
    outer loop
      vertex 20.7794 9.55 10.7
      vertex 20.8315 9.65559 13.6
      vertex 20.8315 9.65559 10.7
    endloop
  endfacet
  facet normal -0.896776 0.442485 0
    outer loop
      vertex 20.8315 9.65559 13.6
      vertex 20.7794 9.55 10.7
      vertex 20.7794 9.55 13.6
    endloop
  endfacet
  facet normal 0.947057 -0.321065 0
    outer loop
      vertex 19.1307 10.2329 13.6
      vertex 19.1685 10.3444 10.7
      vertex 19.1685 10.3444 13.6
    endloop
  endfacet
  facet normal 0.947057 -0.321065 0
    outer loop
      vertex 19.1685 10.3444 10.7
      vertex 19.1307 10.2329 13.6
      vertex 19.1307 10.2329 10.7
    endloop
  endfacet
  facet normal 0.947031 0.321143 0
    outer loop
      vertex 19.1685 9.65559 13.6
      vertex 19.1307 9.76706 10.7
      vertex 19.1307 9.76706 13.6
    endloop
  endfacet
  facet normal 0.947031 0.321143 0
    outer loop
      vertex 19.1307 9.76706 10.7
      vertex 19.1685 9.65559 13.6
      vertex 19.1685 9.65559 10.7
    endloop
  endfacet
  facet normal 0 0 1
    outer loop
      vertex 20.8923 10.1175 10.7
      vertex 20.8923 9.88253 10.7
      vertex 20.9 10 10.7
    endloop
  endfacet
  facet normal 0 0 1
    outer loop
      vertex 20.8693 10.2329 10.7
      vertex 20.8923 9.88253 10.7
      vertex 20.8923 10.1175 10.7
    endloop
  endfacet
  facet normal 0 0 1
    outer loop
      vertex 20.8693 10.2329 10.7
      vertex 20.8693 9.76706 10.7
      vertex 20.8923 9.88253 10.7
    endloop
  endfacet
  facet normal 0 0 1
    outer loop
      vertex 20.8315 10.3444 10.7
      vertex 20.8693 9.76706 10.7
      vertex 20.8693 10.2329 10.7
    endloop
  endfacet
  facet normal 0 0 1
    outer loop
      vertex 20.8315 10.3444 10.7
      vertex 20.8315 9.65559 10.7
      vertex 20.8693 9.76706 10.7
    endloop
  endfacet
  facet normal 0 0 1
    outer loop
      vertex 20.7794 10.45 10.7
      vertex 20.8315 9.65559 10.7
      vertex 20.8315 10.3444 10.7
    endloop
  endfacet
  facet normal 0 0 1
    outer loop
      vertex 20.7794 10.45 10.7
      vertex 20.7794 9.55 10.7
      vertex 20.8315 9.65559 10.7
    endloop
  endfacet
  facet normal 0 0 1
    outer loop
      vertex 20.714 10.5479 10.7
      vertex 20.7794 9.55 10.7
      vertex 20.7794 10.45 10.7
    endloop
  endfacet
  facet normal 0 0 1
    outer loop
      vertex 20.714 10.5479 10.7
      vertex 20.714 9.45212 10.7
      vertex 20.7794 9.55 10.7
    endloop
  endfacet
  facet normal 0 0 1
    outer loop
      vertex 20.6364 10.6364 10.7
      vertex 20.714 9.45212 10.7
      vertex 20.714 10.5479 10.7
    endloop
  endfacet
  facet normal 0 0 1
    outer loop
      vertex 20.6364 10.6364 10.7
      vertex 20.6364 9.3636 10.7
      vertex 20.714 9.45212 10.7
    endloop
  endfacet
  facet normal 0 0 1
    outer loop
      vertex 20.5479 10.714 10.7
      vertex 20.6364 9.3636 10.7
      vertex 20.6364 10.6364 10.7
    endloop
  endfacet
  facet normal 0 0 1
    outer loop
      vertex 20.5479 10.714 10.7
      vertex 20.5479 9.28598 10.7
      vertex 20.6364 9.3636 10.7
    endloop
  endfacet
  facet normal 0 0 1
    outer loop
      vertex 20.45 10.7794 10.7
      vertex 20.5479 9.28598 10.7
      vertex 20.5479 10.714 10.7
    endloop
  endfacet
  facet normal 0 0 1
    outer loop
      vertex 20.45 10.7794 10.7
      vertex 20.45 9.22058 10.7
      vertex 20.5479 9.28598 10.7
    endloop
  endfacet
  facet normal 0 0 1
    outer loop
      vertex 20.3444 10.8315 10.7
      vertex 20.45 9.22058 10.7
      vertex 20.45 10.7794 10.7
    endloop
  endfacet
  facet normal 0 0 1
    outer loop
      vertex 20.3444 10.8315 10.7
      vertex 20.3444 9.16851 10.7
      vertex 20.45 9.22058 10.7
    endloop
  endfacet
  facet normal 0 0 1
    outer loop
      vertex 20.2329 10.8693 10.7
      vertex 20.3444 9.16851 10.7
      vertex 20.3444 10.8315 10.7
    endloop
  endfacet
  facet normal 0 0 1
    outer loop
      vertex 20.2329 10.8693 10.7
      vertex 20.2329 9.13067 10.7
      vertex 20.3444 9.16851 10.7
    endloop
  endfacet
  facet normal 0 0 1
    outer loop
      vertex 20.1175 10.8923 10.7
      vertex 20.2329 9.13067 10.7
      vertex 20.2329 10.8693 10.7
    endloop
  endfacet
  facet normal 0 0 1
    outer loop
      vertex 20.1175 10.8923 10.7
      vertex 20.1175 9.1077 10.7
      vertex 20.2329 9.13067 10.7
    endloop
  endfacet
  facet normal 0 0 1
    outer loop
      vertex 20 10.9 10.7
      vertex 20.1175 9.1077 10.7
      vertex 20.1175 10.8923 10.7
    endloop
  endfacet
  facet normal 0 0 1
    outer loop
      vertex 20 10.9 10.7
      vertex 20 9.1 10.7
      vertex 20.1175 9.1077 10.7
    endloop
  endfacet
  facet normal -0 0 1
    outer loop
      vertex 19.8825 10.8923 10.7
      vertex 20 9.1 10.7
      vertex 20 10.9 10.7
    endloop
  endfacet
  facet normal 0 0 1
    outer loop
      vertex 19.8825 10.8923 10.7
      vertex 19.8825 9.1077 10.7
      vertex 20 9.1 10.7
    endloop
  endfacet
  facet normal -0 0 1
    outer loop
      vertex 19.7671 10.8693 10.7
      vertex 19.8825 9.1077 10.7
      vertex 19.8825 10.8923 10.7
    endloop
  endfacet
  facet normal 0 0 1
    outer loop
      vertex 19.7671 10.8693 10.7
      vertex 19.7671 9.13067 10.7
      vertex 19.8825 9.1077 10.7
    endloop
  endfacet
  facet normal -0 0 1
    outer loop
      vertex 19.6556 10.8315 10.7
      vertex 19.7671 9.13067 10.7
      vertex 19.7671 10.8693 10.7
    endloop
  endfacet
  facet normal 0 0 1
    outer loop
      vertex 19.6556 10.8315 10.7
      vertex 19.6556 9.16851 10.7
      vertex 19.7671 9.13067 10.7
    endloop
  endfacet
  facet normal -0 0 1
    outer loop
      vertex 19.55 10.7794 10.7
      vertex 19.6556 9.16851 10.7
      vertex 19.6556 10.8315 10.7
    endloop
  endfacet
  facet normal 0 0 1
    outer loop
      vertex 19.55 10.7794 10.7
      vertex 19.55 9.22058 10.7
      vertex 19.6556 9.16851 10.7
    endloop
  endfacet
  facet normal -0 0 1
    outer loop
      vertex 19.4521 10.714 10.7
      vertex 19.55 9.22058 10.7
      vertex 19.55 10.7794 10.7
    endloop
  endfacet
  facet normal 0 0 1
    outer loop
      vertex 19.4521 10.714 10.7
      vertex 19.4521 9.28598 10.7
      vertex 19.55 9.22058 10.7
    endloop
  endfacet
  facet normal -0 0 1
    outer loop
      vertex 19.3636 10.6364 10.7
      vertex 19.4521 9.28598 10.7
      vertex 19.4521 10.714 10.7
    endloop
  endfacet
  facet normal 0 0 1
    outer loop
      vertex 19.3636 10.6364 10.7
      vertex 19.3636 9.3636 10.7
      vertex 19.4521 9.28598 10.7
    endloop
  endfacet
  facet normal -0 0 1
    outer loop
      vertex 19.286 10.5479 10.7
      vertex 19.3636 9.3636 10.7
      vertex 19.3636 10.6364 10.7
    endloop
  endfacet
  facet normal 0 0 1
    outer loop
      vertex 19.286 10.5479 10.7
      vertex 19.286 9.45212 10.7
      vertex 19.3636 9.3636 10.7
    endloop
  endfacet
  facet normal -0 0 1
    outer loop
      vertex 19.2206 10.45 10.7
      vertex 19.286 9.45212 10.7
      vertex 19.286 10.5479 10.7
    endloop
  endfacet
  facet normal 0 0 1
    outer loop
      vertex 19.2206 10.45 10.7
      vertex 19.2206 9.55 10.7
      vertex 19.286 9.45212 10.7
    endloop
  endfacet
  facet normal -0 0 1
    outer loop
      vertex 19.1685 10.3444 10.7
      vertex 19.2206 9.55 10.7
      vertex 19.2206 10.45 10.7
    endloop
  endfacet
  facet normal 0 0 1
    outer loop
      vertex 19.1685 10.3444 10.7
      vertex 19.1685 9.65559 10.7
      vertex 19.2206 9.55 10.7
    endloop
  endfacet
  facet normal -0 0 1
    outer loop
      vertex 19.1307 10.2329 10.7
      vertex 19.1685 9.65559 10.7
      vertex 19.1685 10.3444 10.7
    endloop
  endfacet
  facet normal 0 0 1
    outer loop
      vertex 19.1307 10.2329 10.7
      vertex 19.1307 9.76706 10.7
      vertex 19.1685 9.65559 10.7
    endloop
  endfacet
  facet normal -0 0 1
    outer loop
      vertex 19.1077 10.1175 10.7
      vertex 19.1307 9.76706 10.7
      vertex 19.1307 10.2329 10.7
    endloop
  endfacet
  facet normal 0 0 1
    outer loop
      vertex 19.1077 10.1175 10.7
      vertex 19.1077 9.88253 10.7
      vertex 19.1307 9.76706 10.7
    endloop
  endfacet
  facet normal 0 -0 1
    outer loop
      vertex 19.1077 9.88253 10.7
      vertex 19.1077 10.1175 10.7
      vertex 19.1 10 10.7
    endloop
  endfacet
  facet normal 0.831527 -0.555484 0
    outer loop
      vertex 19.2206 10.45 13.6
      vertex 19.286 10.5479 10.7
      vertex 19.286 10.5479 13.6
    endloop
  endfacet
  facet normal 0.831527 -0.555484 0
    outer loop
      vertex 19.286 10.5479 10.7
      vertex 19.2206 10.45 13.6
      vertex 19.2206 10.45 10.7
    endloop
  endfacet
  facet normal -0.442247 0.896893 0
    outer loop
      vertex 20.45 9.22058 10.7
      vertex 20.3444 9.16851 13.6
      vertex 20.45 9.22058 13.6
    endloop
  endfacet
  facet normal -0.442247 0.896893 0
    outer loop
      vertex 20.3444 9.16851 13.6
      vertex 20.45 9.22058 10.7
      vertex 20.3444 9.16851 10.7
    endloop
  endfacet
  facet normal -0.32137 0.946954 0
    outer loop
      vertex 20.3444 9.16851 10.7
      vertex 20.2329 9.13067 13.6
      vertex 20.3444 9.16851 13.6
    endloop
  endfacet
  facet normal -0.32137 0.946954 0
    outer loop
      vertex 20.2329 9.13067 13.6
      vertex 20.3444 9.16851 10.7
      vertex 20.2329 9.13067 10.7
    endloop
  endfacet
  facet normal -0.659382 0.751808 0
    outer loop
      vertex 20.6364 9.3636 10.7
      vertex 20.5479 9.28598 13.6
      vertex 20.6364 9.3636 13.6
    endloop
  endfacet
  facet normal -0.659382 0.751808 0
    outer loop
      vertex 20.5479 9.28598 13.6
      vertex 20.6364 9.3636 10.7
      vertex 20.5479 9.28598 10.7
    endloop
  endfacet
  facet normal 0.896776 0.442485 0
    outer loop
      vertex 19.2206 9.55 13.6
      vertex 19.1685 9.65559 10.7
      vertex 19.1685 9.65559 13.6
    endloop
  endfacet
  facet normal 0.896776 0.442485 0
    outer loop
      vertex 19.1685 9.65559 10.7
      vertex 19.2206 9.55 13.6
      vertex 19.2206 9.55 10.7
    endloop
  endfacet
  facet normal -0.195462 -0.980711 0
    outer loop
      vertex 20.1175 10.8923 10.7
      vertex 20.2329 10.8693 13.6
      vertex 20.1175 10.8923 13.6
    endloop
  endfacet
  facet normal -0.195462 -0.980711 -0
    outer loop
      vertex 20.2329 10.8693 13.6
      vertex 20.1175 10.8923 10.7
      vertex 20.2329 10.8693 10.7
    endloop
  endfacet
  facet normal 0.442247 0.896893 -0
    outer loop
      vertex 19.6556 9.16851 10.7
      vertex 19.55 9.22058 13.6
      vertex 19.6556 9.16851 13.6
    endloop
  endfacet
  facet normal 0.442247 0.896893 0
    outer loop
      vertex 19.55 9.22058 13.6
      vertex 19.6556 9.16851 10.7
      vertex 19.55 9.22058 10.7
    endloop
  endfacet
  facet normal 0.831475 0.555562 0
    outer loop
      vertex 19.286 9.45212 13.6
      vertex 19.2206 9.55 10.7
      vertex 19.2206 9.55 13.6
    endloop
  endfacet
  facet normal 0.831475 0.555562 0
    outer loop
      vertex 19.2206 9.55 10.7
      vertex 19.286 9.45212 13.6
      vertex 19.286 9.45212 10.7
    endloop
  endfacet
  facet normal 0.658223 0.752823 -0
    outer loop
      vertex 21.7678 128.768 2
      vertex 21.5219 128.983 13.6
      vertex 21.7678 128.768 13.6
    endloop
  endfacet
  facet normal 0.658223 0.752823 0
    outer loop
      vertex 21.5219 128.983 13.6
      vertex 21.7678 128.768 2
      vertex 21.5219 128.983 2
    endloop
  endfacet
  facet normal -0.0642251 -0.997935 0
    outer loop
      vertex 19.6737 124.521 2
      vertex 20 124.5 13.6
      vertex 19.6737 124.521 13.6
    endloop
  endfacet
  facet normal -0.0642251 -0.997935 -0
    outer loop
      vertex 20 124.5 13.6
      vertex 19.6737 124.521 2
      vertex 20 124.5 2
    endloop
  endfacet
  facet normal -0.195704 -0.980663 0
    outer loop
      vertex 19.353 124.585 2
      vertex 19.6737 124.521 13.6
      vertex 19.353 124.585 13.6
    endloop
  endfacet
  facet normal -0.195704 -0.980663 -0
    outer loop
      vertex 19.6737 124.521 13.6
      vertex 19.353 124.585 2
      vertex 19.6737 124.521 2
    endloop
  endfacet
  facet normal 0.980815 0.194941 0
    outer loop
      vertex 22.4786 127.326 13.6
      vertex 22.4148 127.647 2
      vertex 22.4148 127.647 13.6
    endloop
  endfacet
  facet normal 0.980815 0.194941 0
    outer loop
      vertex 22.4148 127.647 2
      vertex 22.4786 127.326 13.6
      vertex 22.4786 127.326 2
    endloop
  endfacet
  facet normal -0.980815 0.194941 0
    outer loop
      vertex 17.5214 127.326 2
      vertex 17.5852 127.647 13.6
      vertex 17.5852 127.647 2
    endloop
  endfacet
  facet normal -0.980815 0.194941 0
    outer loop
      vertex 17.5852 127.647 13.6
      vertex 17.5214 127.326 2
      vertex 17.5214 127.326 13.6
    endloop
  endfacet
  facet normal 0.658223 -0.752823 0
    outer loop
      vertex 21.5219 125.017 2
      vertex 21.7678 125.232 13.6
      vertex 21.5219 125.017 13.6
    endloop
  endfacet
  facet normal 0.658223 -0.752823 0
    outer loop
      vertex 21.7678 125.232 13.6
      vertex 21.5219 125.017 2
      vertex 21.7678 125.232 2
    endloop
  endfacet
  facet normal -0.896741 0.442556 0
    outer loop
      vertex 17.6903 127.957 2
      vertex 17.8349 128.25 13.6
      vertex 17.8349 128.25 2
    endloop
  endfacet
  facet normal -0.896741 0.442556 0
    outer loop
      vertex 17.8349 128.25 13.6
      vertex 17.6903 127.957 2
      vertex 17.6903 127.957 13.6
    endloop
  endfacet
  facet normal 0.0642251 -0.997935 0
    outer loop
      vertex 20 124.5 2
      vertex 20.3263 124.521 13.6
      vertex 20 124.5 13.6
    endloop
  endfacet
  facet normal 0.0642251 -0.997935 0
    outer loop
      vertex 20.3263 124.521 13.6
      vertex 20 124.5 2
      vertex 20.3263 124.521 2
    endloop
  endfacet
  facet normal -0.658223 0.752823 0
    outer loop
      vertex 18.4781 128.983 2
      vertex 18.2322 128.768 13.6
      vertex 18.4781 128.983 13.6
    endloop
  endfacet
  facet normal -0.658223 0.752823 0
    outer loop
      vertex 18.2322 128.768 13.6
      vertex 18.4781 128.983 2
      vertex 18.2322 128.768 2
    endloop
  endfacet
  facet normal -0.658223 -0.752823 0
    outer loop
      vertex 18.2322 125.232 2
      vertex 18.4781 125.017 13.6
      vertex 18.2322 125.232 13.6
    endloop
  endfacet
  facet normal -0.658223 -0.752823 -0
    outer loop
      vertex 18.4781 125.017 13.6
      vertex 18.2322 125.232 2
      vertex 18.4781 125.017 2
    endloop
  endfacet
  facet normal 0.997852 0.0655032 0
    outer loop
      vertex 22.5 127 13.6
      vertex 22.4786 127.326 2
      vertex 22.4786 127.326 13.6
    endloop
  endfacet
  facet normal 0.997852 0.0655032 0
    outer loop
      vertex 22.4786 127.326 2
      vertex 22.5 127 13.6
      vertex 22.5 127 2
    endloop
  endfacet
  facet normal 0.556251 0.831014 -0
    outer loop
      vertex 21.5219 128.983 2
      vertex 21.25 129.165 13.6
      vertex 21.5219 128.983 13.6
    endloop
  endfacet
  facet normal 0.556251 0.831014 0
    outer loop
      vertex 21.25 129.165 13.6
      vertex 21.5219 128.983 2
      vertex 21.25 129.165 2
    endloop
  endfacet
  facet normal 0.321086 0.94705 -0
    outer loop
      vertex 20.9567 129.31 2
      vertex 20.647 129.415 13.6
      vertex 20.9567 129.31 13.6
    endloop
  endfacet
  facet normal 0.321086 0.94705 0
    outer loop
      vertex 20.647 129.415 13.6
      vertex 20.9567 129.31 2
      vertex 20.647 129.415 2
    endloop
  endfacet
  facet normal 0.195704 -0.980663 0
    outer loop
      vertex 20.3263 124.521 2
      vertex 20.647 124.585 13.6
      vertex 20.3263 124.521 13.6
    endloop
  endfacet
  facet normal 0.195704 -0.980663 0
    outer loop
      vertex 20.647 124.585 13.6
      vertex 20.3263 124.521 2
      vertex 20.647 124.585 2
    endloop
  endfacet
  facet normal -0.195704 0.980663 0
    outer loop
      vertex 19.6737 129.479 2
      vertex 19.353 129.415 13.6
      vertex 19.6737 129.479 13.6
    endloop
  endfacet
  facet normal -0.195704 0.980663 0
    outer loop
      vertex 19.353 129.415 13.6
      vertex 19.6737 129.479 2
      vertex 19.353 129.415 2
    endloop
  endfacet
  facet normal 0.896741 0.442556 0
    outer loop
      vertex 22.3097 127.957 13.6
      vertex 22.1651 128.25 2
      vertex 22.1651 128.25 13.6
    endloop
  endfacet
  facet normal 0.896741 0.442556 0
    outer loop
      vertex 22.1651 128.25 2
      vertex 22.3097 127.957 13.6
      vertex 22.3097 127.957 2
    endloop
  endfacet
  facet normal -0.752046 0.65911 0
    outer loop
      vertex 18.0166 128.522 2
      vertex 18.2322 128.768 13.6
      vertex 18.2322 128.768 2
    endloop
  endfacet
  facet normal -0.752046 0.65911 0
    outer loop
      vertex 18.2322 128.768 13.6
      vertex 18.0166 128.522 2
      vertex 18.0166 128.522 13.6
    endloop
  endfacet
  facet normal -0.997852 0.0655032 0
    outer loop
      vertex 17.5 127 2
      vertex 17.5214 127.326 13.6
      vertex 17.5214 127.326 2
    endloop
  endfacet
  facet normal -0.997852 0.0655032 0
    outer loop
      vertex 17.5214 127.326 13.6
      vertex 17.5 127 2
      vertex 17.5 127 13.6
    endloop
  endfacet
  facet normal 0.752046 0.65911 0
    outer loop
      vertex 21.9834 128.522 13.6
      vertex 21.7678 128.768 2
      vertex 21.7678 128.768 13.6
    endloop
  endfacet
  facet normal 0.752046 0.65911 0
    outer loop
      vertex 21.7678 128.768 2
      vertex 21.9834 128.522 13.6
      vertex 21.9834 128.522 2
    endloop
  endfacet
  facet normal 0.997852 -0.0655032 0
    outer loop
      vertex 22.4786 126.674 13.6
      vertex 22.5 127 2
      vertex 22.5 127 13.6
    endloop
  endfacet
  facet normal 0.997852 -0.0655032 0
    outer loop
      vertex 22.5 127 2
      vertex 22.4786 126.674 13.6
      vertex 22.4786 126.674 2
    endloop
  endfacet
  facet normal 0.947052 0.321081 0
    outer loop
      vertex 22.4148 127.647 13.6
      vertex 22.3097 127.957 2
      vertex 22.3097 127.957 13.6
    endloop
  endfacet
  facet normal 0.947052 0.321081 0
    outer loop
      vertex 22.3097 127.957 2
      vertex 22.4148 127.647 13.6
      vertex 22.4148 127.647 2
    endloop
  endfacet
  facet normal 0.831533 -0.555476 0
    outer loop
      vertex 21.9834 125.478 13.6
      vertex 22.1651 125.75 2
      vertex 22.1651 125.75 13.6
    endloop
  endfacet
  facet normal 0.831533 -0.555476 0
    outer loop
      vertex 22.1651 125.75 2
      vertex 21.9834 125.478 13.6
      vertex 21.9834 125.478 2
    endloop
  endfacet
  facet normal 0.831533 0.555476 0
    outer loop
      vertex 22.1651 128.25 13.6
      vertex 21.9834 128.522 2
      vertex 21.9834 128.522 13.6
    endloop
  endfacet
  facet normal 0.831533 0.555476 0
    outer loop
      vertex 21.9834 128.522 2
      vertex 22.1651 128.25 13.6
      vertex 22.1651 128.25 2
    endloop
  endfacet
  facet normal 0.443175 0.896435 -0
    outer loop
      vertex 21.25 129.165 2
      vertex 20.9567 129.31 13.6
      vertex 21.25 129.165 13.6
    endloop
  endfacet
  facet normal 0.443175 0.896435 0
    outer loop
      vertex 20.9567 129.31 13.6
      vertex 21.25 129.165 2
      vertex 20.9567 129.31 2
    endloop
  endfacet
  facet normal -0.556251 0.831014 0
    outer loop
      vertex 18.75 129.165 2
      vertex 18.4781 128.983 13.6
      vertex 18.75 129.165 13.6
    endloop
  endfacet
  facet normal -0.556251 0.831014 0
    outer loop
      vertex 18.4781 128.983 13.6
      vertex 18.75 129.165 2
      vertex 18.4781 128.983 2
    endloop
  endfacet
  facet normal -0.947052 -0.321081 0
    outer loop
      vertex 17.6903 126.043 2
      vertex 17.5852 126.353 13.6
      vertex 17.5852 126.353 2
    endloop
  endfacet
  facet normal -0.947052 -0.321081 0
    outer loop
      vertex 17.5852 126.353 13.6
      vertex 17.6903 126.043 2
      vertex 17.6903 126.043 13.6
    endloop
  endfacet
  facet normal -0.0642251 0.997935 0
    outer loop
      vertex 20 129.5 2
      vertex 19.6737 129.479 13.6
      vertex 20 129.5 13.6
    endloop
  endfacet
  facet normal -0.0642251 0.997935 0
    outer loop
      vertex 19.6737 129.479 13.6
      vertex 20 129.5 2
      vertex 19.6737 129.479 2
    endloop
  endfacet
  facet normal 0.556251 -0.831014 0
    outer loop
      vertex 21.25 124.835 2
      vertex 21.5219 125.017 13.6
      vertex 21.25 124.835 13.6
    endloop
  endfacet
  facet normal 0.556251 -0.831014 0
    outer loop
      vertex 21.5219 125.017 13.6
      vertex 21.25 124.835 2
      vertex 21.5219 125.017 2
    endloop
  endfacet
  facet normal 0.0642251 0.997935 -0
    outer loop
      vertex 20.3263 129.479 2
      vertex 20 129.5 13.6
      vertex 20.3263 129.479 13.6
    endloop
  endfacet
  facet normal 0.0642251 0.997935 0
    outer loop
      vertex 20 129.5 13.6
      vertex 20.3263 129.479 2
      vertex 20 129.5 2
    endloop
  endfacet
  facet normal -0.321086 0.94705 0
    outer loop
      vertex 19.353 129.415 2
      vertex 19.0433 129.31 13.6
      vertex 19.353 129.415 13.6
    endloop
  endfacet
  facet normal -0.321086 0.94705 0
    outer loop
      vertex 19.0433 129.31 13.6
      vertex 19.353 129.415 2
      vertex 19.0433 129.31 2
    endloop
  endfacet
  facet normal -0.443175 0.896435 0
    outer loop
      vertex 19.0433 129.31 2
      vertex 18.75 129.165 13.6
      vertex 19.0433 129.31 13.6
    endloop
  endfacet
  facet normal -0.443175 0.896435 0
    outer loop
      vertex 18.75 129.165 13.6
      vertex 19.0433 129.31 2
      vertex 18.75 129.165 2
    endloop
  endfacet
  facet normal 0.195704 0.980663 -0
    outer loop
      vertex 20.647 129.415 2
      vertex 20.3263 129.479 13.6
      vertex 20.647 129.415 13.6
    endloop
  endfacet
  facet normal 0.195704 0.980663 0
    outer loop
      vertex 20.3263 129.479 13.6
      vertex 20.647 129.415 2
      vertex 20.3263 129.479 2
    endloop
  endfacet
  facet normal -0.896741 -0.442556 0
    outer loop
      vertex 17.8349 125.75 2
      vertex 17.6903 126.043 13.6
      vertex 17.6903 126.043 2
    endloop
  endfacet
  facet normal -0.896741 -0.442556 0
    outer loop
      vertex 17.6903 126.043 13.6
      vertex 17.8349 125.75 2
      vertex 17.8349 125.75 13.6
    endloop
  endfacet
  facet normal -0.443175 -0.896435 0
    outer loop
      vertex 18.75 124.835 2
      vertex 19.0433 124.69 13.6
      vertex 18.75 124.835 13.6
    endloop
  endfacet
  facet normal -0.443175 -0.896435 -0
    outer loop
      vertex 19.0433 124.69 13.6
      vertex 18.75 124.835 2
      vertex 19.0433 124.69 2
    endloop
  endfacet
  facet normal 0.896741 -0.442556 0
    outer loop
      vertex 22.1651 125.75 13.6
      vertex 22.3097 126.043 2
      vertex 22.3097 126.043 13.6
    endloop
  endfacet
  facet normal 0.896741 -0.442556 0
    outer loop
      vertex 22.3097 126.043 2
      vertex 22.1651 125.75 13.6
      vertex 22.1651 125.75 2
    endloop
  endfacet
  facet normal 0.980815 -0.194941 0
    outer loop
      vertex 22.4148 126.353 13.6
      vertex 22.4786 126.674 2
      vertex 22.4786 126.674 13.6
    endloop
  endfacet
  facet normal 0.980815 -0.194941 0
    outer loop
      vertex 22.4786 126.674 2
      vertex 22.4148 126.353 13.6
      vertex 22.4148 126.353 2
    endloop
  endfacet
  facet normal -0.997852 -0.0655032 0
    outer loop
      vertex 17.5214 126.674 2
      vertex 17.5 127 13.6
      vertex 17.5 127 2
    endloop
  endfacet
  facet normal -0.997852 -0.0655032 0
    outer loop
      vertex 17.5 127 13.6
      vertex 17.5214 126.674 2
      vertex 17.5214 126.674 13.6
    endloop
  endfacet
  facet normal -0.831533 0.555476 0
    outer loop
      vertex 17.8349 128.25 2
      vertex 18.0166 128.522 13.6
      vertex 18.0166 128.522 2
    endloop
  endfacet
  facet normal -0.831533 0.555476 0
    outer loop
      vertex 18.0166 128.522 13.6
      vertex 17.8349 128.25 2
      vertex 17.8349 128.25 13.6
    endloop
  endfacet
  facet normal -0.321086 -0.94705 0
    outer loop
      vertex 19.0433 124.69 2
      vertex 19.353 124.585 13.6
      vertex 19.0433 124.69 13.6
    endloop
  endfacet
  facet normal -0.321086 -0.94705 -0
    outer loop
      vertex 19.353 124.585 13.6
      vertex 19.0433 124.69 2
      vertex 19.353 124.585 2
    endloop
  endfacet
  facet normal 0.443175 -0.896435 0
    outer loop
      vertex 20.9567 124.69 2
      vertex 21.25 124.835 13.6
      vertex 20.9567 124.69 13.6
    endloop
  endfacet
  facet normal 0.443175 -0.896435 0
    outer loop
      vertex 21.25 124.835 13.6
      vertex 20.9567 124.69 2
      vertex 21.25 124.835 2
    endloop
  endfacet
  facet normal -0.947052 0.321081 0
    outer loop
      vertex 17.5852 127.647 2
      vertex 17.6903 127.957 13.6
      vertex 17.6903 127.957 2
    endloop
  endfacet
  facet normal -0.947052 0.321081 0
    outer loop
      vertex 17.6903 127.957 13.6
      vertex 17.5852 127.647 2
      vertex 17.5852 127.647 13.6
    endloop
  endfacet
  facet normal 0.321086 -0.94705 0
    outer loop
      vertex 20.647 124.585 2
      vertex 20.9567 124.69 13.6
      vertex 20.647 124.585 13.6
    endloop
  endfacet
  facet normal 0.321086 -0.94705 0
    outer loop
      vertex 20.9567 124.69 13.6
      vertex 20.647 124.585 2
      vertex 20.9567 124.69 2
    endloop
  endfacet
  facet normal 0.752046 -0.65911 0
    outer loop
      vertex 21.7678 125.232 13.6
      vertex 21.9834 125.478 2
      vertex 21.9834 125.478 13.6
    endloop
  endfacet
  facet normal 0.752046 -0.65911 0
    outer loop
      vertex 21.9834 125.478 2
      vertex 21.7678 125.232 13.6
      vertex 21.7678 125.232 2
    endloop
  endfacet
  facet normal -0.556251 -0.831014 0
    outer loop
      vertex 18.4781 125.017 2
      vertex 18.75 124.835 13.6
      vertex 18.4781 125.017 13.6
    endloop
  endfacet
  facet normal -0.556251 -0.831014 -0
    outer loop
      vertex 18.75 124.835 13.6
      vertex 18.4781 125.017 2
      vertex 18.75 124.835 2
    endloop
  endfacet
  facet normal -0.831533 -0.555476 0
    outer loop
      vertex 18.0166 125.478 2
      vertex 17.8349 125.75 13.6
      vertex 17.8349 125.75 2
    endloop
  endfacet
  facet normal -0.831533 -0.555476 0
    outer loop
      vertex 17.8349 125.75 13.6
      vertex 18.0166 125.478 2
      vertex 18.0166 125.478 13.6
    endloop
  endfacet
  facet normal -0.752046 -0.65911 0
    outer loop
      vertex 18.2322 125.232 2
      vertex 18.0166 125.478 13.6
      vertex 18.0166 125.478 2
    endloop
  endfacet
  facet normal -0.752046 -0.65911 0
    outer loop
      vertex 18.0166 125.478 13.6
      vertex 18.2322 125.232 2
      vertex 18.2322 125.232 13.6
    endloop
  endfacet
  facet normal 0.947052 -0.321081 0
    outer loop
      vertex 22.3097 126.043 13.6
      vertex 22.4148 126.353 2
      vertex 22.4148 126.353 13.6
    endloop
  endfacet
  facet normal 0.947052 -0.321081 0
    outer loop
      vertex 22.4148 126.353 2
      vertex 22.3097 126.043 13.6
      vertex 22.3097 126.043 2
    endloop
  endfacet
  facet normal -0.980815 -0.194941 0
    outer loop
      vertex 17.5852 126.353 2
      vertex 17.5214 126.674 13.6
      vertex 17.5214 126.674 2
    endloop
  endfacet
  facet normal -0.980815 -0.194941 0
    outer loop
      vertex 17.5214 126.674 13.6
      vertex 17.5852 126.353 2
      vertex 17.5852 126.353 13.6
    endloop
  endfacet
  facet normal 0 0 1
    outer loop
      vertex 20.9 127 13.6
      vertex 22.5 127 13.6
      vertex 22.4786 127.326 13.6
    endloop
  endfacet
  facet normal 0 0 1
    outer loop
      vertex 20.8923 127.117 13.6
      vertex 22.4786 127.326 13.6
      vertex 22.4148 127.647 13.6
    endloop
  endfacet
  facet normal 0 0 1
    outer loop
      vertex 22.5 127 13.6
      vertex 20.9 127 13.6
      vertex 22.4786 126.674 13.6
    endloop
  endfacet
  facet normal 0 0 1
    outer loop
      vertex 20.8693 127.233 13.6
      vertex 22.4148 127.647 13.6
      vertex 22.3097 127.957 13.6
    endloop
  endfacet
  facet normal -0 0 1
    outer loop
      vertex 20.8923 126.883 13.6
      vertex 22.4786 126.674 13.6
      vertex 20.9 127 13.6
    endloop
  endfacet
  facet normal 0 0 1
    outer loop
      vertex 20.8315 127.344 13.6
      vertex 22.3097 127.957 13.6
      vertex 22.1651 128.25 13.6
    endloop
  endfacet
  facet normal 0 0 1
    outer loop
      vertex 22.4786 126.674 13.6
      vertex 20.8923 126.883 13.6
      vertex 22.4148 126.353 13.6
    endloop
  endfacet
  facet normal 0 0 1
    outer loop
      vertex 20.7794 127.45 13.6
      vertex 22.1651 128.25 13.6
      vertex 21.9834 128.522 13.6
    endloop
  endfacet
  facet normal -0 0 1
    outer loop
      vertex 20.8693 126.767 13.6
      vertex 22.4148 126.353 13.6
      vertex 20.8923 126.883 13.6
    endloop
  endfacet
  facet normal 0 0 1
    outer loop
      vertex 20.714 127.548 13.6
      vertex 21.9834 128.522 13.6
      vertex 21.7678 128.768 13.6
    endloop
  endfacet
  facet normal 0 0 1
    outer loop
      vertex 22.4148 126.353 13.6
      vertex 20.8693 126.767 13.6
      vertex 22.3097 126.043 13.6
    endloop
  endfacet
  facet normal 0 0 1
    outer loop
      vertex 20.6364 127.636 13.6
      vertex 21.7678 128.768 13.6
      vertex 21.5219 128.983 13.6
    endloop
  endfacet
  facet normal -0 0 1
    outer loop
      vertex 20.8315 126.656 13.6
      vertex 22.3097 126.043 13.6
      vertex 20.8693 126.767 13.6
    endloop
  endfacet
  facet normal 0 0 1
    outer loop
      vertex 20.5479 127.714 13.6
      vertex 21.5219 128.983 13.6
      vertex 21.25 129.165 13.6
    endloop
  endfacet
  facet normal 0 0 1
    outer loop
      vertex 22.3097 126.043 13.6
      vertex 20.8315 126.656 13.6
      vertex 22.1651 125.75 13.6
    endloop
  endfacet
  facet normal 0 0 1
    outer loop
      vertex 20.45 127.779 13.6
      vertex 21.25 129.165 13.6
      vertex 20.9567 129.31 13.6
    endloop
  endfacet
  facet normal -0 0 1
    outer loop
      vertex 20.7794 126.55 13.6
      vertex 22.1651 125.75 13.6
      vertex 20.8315 126.656 13.6
    endloop
  endfacet
  facet normal 0 0 1
    outer loop
      vertex 22.1651 125.75 13.6
      vertex 20.7794 126.55 13.6
      vertex 21.9834 125.478 13.6
    endloop
  endfacet
  facet normal 0 0 1
    outer loop
      vertex 22.4786 127.326 13.6
      vertex 20.8923 127.117 13.6
      vertex 20.9 127 13.6
    endloop
  endfacet
  facet normal 0 0 1
    outer loop
      vertex 22.4148 127.647 13.6
      vertex 20.8693 127.233 13.6
      vertex 20.8923 127.117 13.6
    endloop
  endfacet
  facet normal 0 0 1
    outer loop
      vertex 22.3097 127.957 13.6
      vertex 20.8315 127.344 13.6
      vertex 20.8693 127.233 13.6
    endloop
  endfacet
  facet normal 0 0 1
    outer loop
      vertex 22.1651 128.25 13.6
      vertex 20.7794 127.45 13.6
      vertex 20.8315 127.344 13.6
    endloop
  endfacet
  facet normal 0 0 1
    outer loop
      vertex 21.9834 128.522 13.6
      vertex 20.714 127.548 13.6
      vertex 20.7794 127.45 13.6
    endloop
  endfacet
  facet normal 0 0 1
    outer loop
      vertex 20.3444 127.831 13.6
      vertex 20.9567 129.31 13.6
      vertex 20.647 129.415 13.6
    endloop
  endfacet
  facet normal 0 0 1
    outer loop
      vertex 21.7678 128.768 13.6
      vertex 20.6364 127.636 13.6
      vertex 20.714 127.548 13.6
    endloop
  endfacet
  facet normal 0 0 1
    outer loop
      vertex 21.5219 128.983 13.6
      vertex 20.5479 127.714 13.6
      vertex 20.6364 127.636 13.6
    endloop
  endfacet
  facet normal 0 0 1
    outer loop
      vertex 21.25 129.165 13.6
      vertex 20.45 127.779 13.6
      vertex 20.5479 127.714 13.6
    endloop
  endfacet
  facet normal 0 0 1
    outer loop
      vertex 20.9567 129.31 13.6
      vertex 20.3444 127.831 13.6
      vertex 20.45 127.779 13.6
    endloop
  endfacet
  facet normal 0 0 1
    outer loop
      vertex 20.2329 127.869 13.6
      vertex 20.647 129.415 13.6
      vertex 20.3263 129.479 13.6
    endloop
  endfacet
  facet normal 0 0 1
    outer loop
      vertex 20.647 129.415 13.6
      vertex 20.2329 127.869 13.6
      vertex 20.3444 127.831 13.6
    endloop
  endfacet
  facet normal 0 0 1
    outer loop
      vertex 20.3263 129.479 13.6
      vertex 20.1175 127.892 13.6
      vertex 20.2329 127.869 13.6
    endloop
  endfacet
  facet normal 0 0 1
    outer loop
      vertex 20 129.5 13.6
      vertex 20.1175 127.892 13.6
      vertex 20.3263 129.479 13.6
    endloop
  endfacet
  facet normal 0 0 1
    outer loop
      vertex 20 129.5 13.6
      vertex 20 127.9 13.6
      vertex 20.1175 127.892 13.6
    endloop
  endfacet
  facet normal 0 0 1
    outer loop
      vertex 20 129.5 13.6
      vertex 19.8825 127.892 13.6
      vertex 20 127.9 13.6
    endloop
  endfacet
  facet normal -0 0 1
    outer loop
      vertex 19.6737 129.479 13.6
      vertex 19.8825 127.892 13.6
      vertex 20 129.5 13.6
    endloop
  endfacet
  facet normal 0 0 1
    outer loop
      vertex 19.8825 127.892 13.6
      vertex 19.6737 129.479 13.6
      vertex 19.7671 127.869 13.6
    endloop
  endfacet
  facet normal -0 0 1
    outer loop
      vertex 19.353 129.415 13.6
      vertex 19.7671 127.869 13.6
      vertex 19.6737 129.479 13.6
    endloop
  endfacet
  facet normal 0 0 1
    outer loop
      vertex 19.7671 127.869 13.6
      vertex 19.353 129.415 13.6
      vertex 19.6556 127.831 13.6
    endloop
  endfacet
  facet normal -0 0 1
    outer loop
      vertex 19.0433 129.31 13.6
      vertex 19.6556 127.831 13.6
      vertex 19.353 129.415 13.6
    endloop
  endfacet
  facet normal 0 0 1
    outer loop
      vertex 19.6556 127.831 13.6
      vertex 19.0433 129.31 13.6
      vertex 19.55 127.779 13.6
    endloop
  endfacet
  facet normal -0 0 1
    outer loop
      vertex 18.75 129.165 13.6
      vertex 19.55 127.779 13.6
      vertex 19.0433 129.31 13.6
    endloop
  endfacet
  facet normal 0 0 1
    outer loop
      vertex 19.55 127.779 13.6
      vertex 18.75 129.165 13.6
      vertex 19.4521 127.714 13.6
    endloop
  endfacet
  facet normal -0 0 1
    outer loop
      vertex 18.4781 128.983 13.6
      vertex 19.4521 127.714 13.6
      vertex 18.75 129.165 13.6
    endloop
  endfacet
  facet normal 0 0 1
    outer loop
      vertex 19.4521 127.714 13.6
      vertex 18.4781 128.983 13.6
      vertex 19.3636 127.636 13.6
    endloop
  endfacet
  facet normal -0 0 1
    outer loop
      vertex 18.2322 128.768 13.6
      vertex 19.3636 127.636 13.6
      vertex 18.4781 128.983 13.6
    endloop
  endfacet
  facet normal 0 0 1
    outer loop
      vertex 19.3636 127.636 13.6
      vertex 18.2322 128.768 13.6
      vertex 19.286 127.548 13.6
    endloop
  endfacet
  facet normal 0 0 1
    outer loop
      vertex 19.286 127.548 13.6
      vertex 18.0166 128.522 13.6
      vertex 19.2206 127.45 13.6
    endloop
  endfacet
  facet normal -0 0 1
    outer loop
      vertex 18.0166 128.522 13.6
      vertex 19.286 127.548 13.6
      vertex 18.2322 128.768 13.6
    endloop
  endfacet
  facet normal -0 0 1
    outer loop
      vertex 20.714 126.452 13.6
      vertex 21.9834 125.478 13.6
      vertex 20.7794 126.55 13.6
    endloop
  endfacet
  facet normal 0 0 1
    outer loop
      vertex 21.9834 125.478 13.6
      vertex 20.714 126.452 13.6
      vertex 21.7678 125.232 13.6
    endloop
  endfacet
  facet normal -0 0 1
    outer loop
      vertex 20.6364 126.364 13.6
      vertex 21.7678 125.232 13.6
      vertex 20.714 126.452 13.6
    endloop
  endfacet
  facet normal 0 0 1
    outer loop
      vertex 21.7678 125.232 13.6
      vertex 20.6364 126.364 13.6
      vertex 21.5219 125.017 13.6
    endloop
  endfacet
  facet normal -0 0 1
    outer loop
      vertex 20.5479 126.286 13.6
      vertex 21.5219 125.017 13.6
      vertex 20.6364 126.364 13.6
    endloop
  endfacet
  facet normal 0 0 1
    outer loop
      vertex 21.5219 125.017 13.6
      vertex 20.5479 126.286 13.6
      vertex 21.25 124.835 13.6
    endloop
  endfacet
  facet normal -0 0 1
    outer loop
      vertex 20.45 126.221 13.6
      vertex 21.25 124.835 13.6
      vertex 20.5479 126.286 13.6
    endloop
  endfacet
  facet normal 0 0 1
    outer loop
      vertex 21.25 124.835 13.6
      vertex 20.45 126.221 13.6
      vertex 20.9567 124.69 13.6
    endloop
  endfacet
  facet normal -0 0 1
    outer loop
      vertex 20.3444 126.169 13.6
      vertex 20.9567 124.69 13.6
      vertex 20.45 126.221 13.6
    endloop
  endfacet
  facet normal 0 0 1
    outer loop
      vertex 20.9567 124.69 13.6
      vertex 20.3444 126.169 13.6
      vertex 20.647 124.585 13.6
    endloop
  endfacet
  facet normal -0 0 1
    outer loop
      vertex 20.2329 126.131 13.6
      vertex 20.647 124.585 13.6
      vertex 20.3444 126.169 13.6
    endloop
  endfacet
  facet normal 0 0 1
    outer loop
      vertex 20.647 124.585 13.6
      vertex 20.2329 126.131 13.6
      vertex 20.3263 124.521 13.6
    endloop
  endfacet
  facet normal -0 0 1
    outer loop
      vertex 20.1175 126.108 13.6
      vertex 20.3263 124.521 13.6
      vertex 20.2329 126.131 13.6
    endloop
  endfacet
  facet normal -0 0 1
    outer loop
      vertex 20 126.1 13.6
      vertex 20.3263 124.521 13.6
      vertex 20.1175 126.108 13.6
    endloop
  endfacet
  facet normal 0 0 1
    outer loop
      vertex 20 126.1 13.6
      vertex 20 124.5 13.6
      vertex 20.3263 124.521 13.6
    endloop
  endfacet
  facet normal 0 0 1
    outer loop
      vertex 19.8825 126.108 13.6
      vertex 20 124.5 13.6
      vertex 20 126.1 13.6
    endloop
  endfacet
  facet normal 0 0 1
    outer loop
      vertex 19.6737 124.521 13.6
      vertex 19.8825 126.108 13.6
      vertex 19.7671 126.131 13.6
    endloop
  endfacet
  facet normal 0 0 1
    outer loop
      vertex 19.8825 126.108 13.6
      vertex 19.6737 124.521 13.6
      vertex 20 124.5 13.6
    endloop
  endfacet
  facet normal 0 0 1
    outer loop
      vertex 19.353 124.585 13.6
      vertex 19.7671 126.131 13.6
      vertex 19.6556 126.169 13.6
    endloop
  endfacet
  facet normal 0 0 1
    outer loop
      vertex 19.0433 124.69 13.6
      vertex 19.6556 126.169 13.6
      vertex 19.55 126.221 13.6
    endloop
  endfacet
  facet normal 0 0 1
    outer loop
      vertex 18.75 124.835 13.6
      vertex 19.55 126.221 13.6
      vertex 19.4521 126.286 13.6
    endloop
  endfacet
  facet normal 0 0 1
    outer loop
      vertex 18.4781 125.017 13.6
      vertex 19.4521 126.286 13.6
      vertex 19.3636 126.364 13.6
    endloop
  endfacet
  facet normal 0 0 1
    outer loop
      vertex 19.7671 126.131 13.6
      vertex 19.353 124.585 13.6
      vertex 19.6737 124.521 13.6
    endloop
  endfacet
  facet normal 0 0 1
    outer loop
      vertex 18.2322 125.232 13.6
      vertex 19.3636 126.364 13.6
      vertex 19.286 126.452 13.6
    endloop
  endfacet
  facet normal 0 0 1
    outer loop
      vertex 18.0166 125.478 13.6
      vertex 19.286 126.452 13.6
      vertex 19.2206 126.55 13.6
    endloop
  endfacet
  facet normal 0 0 1
    outer loop
      vertex 17.8349 125.75 13.6
      vertex 19.2206 126.55 13.6
      vertex 19.1685 126.656 13.6
    endloop
  endfacet
  facet normal 0 0 1
    outer loop
      vertex 17.6903 126.043 13.6
      vertex 19.1685 126.656 13.6
      vertex 19.1307 126.767 13.6
    endloop
  endfacet
  facet normal 0 0 1
    outer loop
      vertex 17.5852 126.353 13.6
      vertex 19.1307 126.767 13.6
      vertex 19.1077 126.883 13.6
    endloop
  endfacet
  facet normal 0 0 1
    outer loop
      vertex 19.6556 126.169 13.6
      vertex 19.0433 124.69 13.6
      vertex 19.353 124.585 13.6
    endloop
  endfacet
  facet normal 0 0 1
    outer loop
      vertex 17.5214 126.674 13.6
      vertex 19.1077 126.883 13.6
      vertex 19.1 127 13.6
    endloop
  endfacet
  facet normal -0 0 1
    outer loop
      vertex 17.8349 128.25 13.6
      vertex 19.2206 127.45 13.6
      vertex 18.0166 128.522 13.6
    endloop
  endfacet
  facet normal 0 0 1
    outer loop
      vertex 19.2206 127.45 13.6
      vertex 17.8349 128.25 13.6
      vertex 19.1685 127.344 13.6
    endloop
  endfacet
  facet normal 0 0 1
    outer loop
      vertex 19.55 126.221 13.6
      vertex 18.75 124.835 13.6
      vertex 19.0433 124.69 13.6
    endloop
  endfacet
  facet normal -0 0 1
    outer loop
      vertex 17.6903 127.957 13.6
      vertex 19.1685 127.344 13.6
      vertex 17.8349 128.25 13.6
    endloop
  endfacet
  facet normal 0 0 1
    outer loop
      vertex 19.4521 126.286 13.6
      vertex 18.4781 125.017 13.6
      vertex 18.75 124.835 13.6
    endloop
  endfacet
  facet normal 0 0 1
    outer loop
      vertex 19.1685 127.344 13.6
      vertex 17.6903 127.957 13.6
      vertex 19.1307 127.233 13.6
    endloop
  endfacet
  facet normal 0 0 1
    outer loop
      vertex 19.3636 126.364 13.6
      vertex 18.2322 125.232 13.6
      vertex 18.4781 125.017 13.6
    endloop
  endfacet
  facet normal -0 0 1
    outer loop
      vertex 17.5852 127.647 13.6
      vertex 19.1307 127.233 13.6
      vertex 17.6903 127.957 13.6
    endloop
  endfacet
  facet normal 0 0 1
    outer loop
      vertex 19.286 126.452 13.6
      vertex 18.0166 125.478 13.6
      vertex 18.2322 125.232 13.6
    endloop
  endfacet
  facet normal 0 0 1
    outer loop
      vertex 19.1307 127.233 13.6
      vertex 17.5852 127.647 13.6
      vertex 19.1077 127.117 13.6
    endloop
  endfacet
  facet normal 0 0 1
    outer loop
      vertex 19.2206 126.55 13.6
      vertex 17.8349 125.75 13.6
      vertex 18.0166 125.478 13.6
    endloop
  endfacet
  facet normal -0 0 1
    outer loop
      vertex 17.5214 127.326 13.6
      vertex 19.1077 127.117 13.6
      vertex 17.5852 127.647 13.6
    endloop
  endfacet
  facet normal 0 0 1
    outer loop
      vertex 19.1685 126.656 13.6
      vertex 17.6903 126.043 13.6
      vertex 17.8349 125.75 13.6
    endloop
  endfacet
  facet normal 0 0 1
    outer loop
      vertex 19.1077 127.117 13.6
      vertex 17.5214 127.326 13.6
      vertex 19.1 127 13.6
    endloop
  endfacet
  facet normal 0 0 1
    outer loop
      vertex 19.1307 126.767 13.6
      vertex 17.5852 126.353 13.6
      vertex 17.6903 126.043 13.6
    endloop
  endfacet
  facet normal 0 0 1
    outer loop
      vertex 17.5 127 13.6
      vertex 19.1 127 13.6
      vertex 17.5214 127.326 13.6
    endloop
  endfacet
  facet normal 0 0 1
    outer loop
      vertex 19.1077 126.883 13.6
      vertex 17.5214 126.674 13.6
      vertex 17.5852 126.353 13.6
    endloop
  endfacet
  facet normal 0 0 1
    outer loop
      vertex 19.1 127 13.6
      vertex 17.5 127 13.6
      vertex 17.5214 126.674 13.6
    endloop
  endfacet
  facet normal -0.322588 -0.94654 0
    outer loop
      vertex 20.2329 127.869 10.7
      vertex 20.3444 127.831 13.6
      vertex 20.2329 127.869 13.6
    endloop
  endfacet
  facet normal -0.322588 -0.94654 -0
    outer loop
      vertex 20.3444 127.831 13.6
      vertex 20.2329 127.869 10.7
      vertex 20.3444 127.831 10.7
    endloop
  endfacet
  facet normal -0.980905 -0.19449 0
    outer loop
      vertex 20.8923 127.117 10.7
      vertex 20.8693 127.233 13.6
      vertex 20.8693 127.233 10.7
    endloop
  endfacet
  facet normal -0.980905 -0.19449 0
    outer loop
      vertex 20.8693 127.233 13.6
      vertex 20.8923 127.117 10.7
      vertex 20.8923 127.117 13.6
    endloop
  endfacet
  facet normal -0.997841 -0.0656699 0
    outer loop
      vertex 20.9 127 10.7
      vertex 20.8923 127.117 13.6
      vertex 20.8923 127.117 10.7
    endloop
  endfacet
  facet normal -0.997841 -0.0656699 0
    outer loop
      vertex 20.8923 127.117 13.6
      vertex 20.9 127 10.7
      vertex 20.9 127 13.6
    endloop
  endfacet
  facet normal -0.946617 -0.322361 0
    outer loop
      vertex 20.8693 127.233 10.7
      vertex 20.8315 127.344 13.6
      vertex 20.8315 127.344 10.7
    endloop
  endfacet
  facet normal -0.946617 -0.322361 0
    outer loop
      vertex 20.8315 127.344 13.6
      vertex 20.8693 127.233 10.7
      vertex 20.8693 127.233 13.6
    endloop
  endfacet
  facet normal -0.441768 -0.897129 0
    outer loop
      vertex 20.3444 127.831 10.7
      vertex 20.45 127.779 13.6
      vertex 20.3444 127.831 13.6
    endloop
  endfacet
  facet normal -0.441768 -0.897129 -0
    outer loop
      vertex 20.45 127.779 13.6
      vertex 20.3444 127.831 10.7
      vertex 20.45 127.779 10.7
    endloop
  endfacet
  facet normal 0.997841 0.0656699 0
    outer loop
      vertex 19.1077 126.883 13.6
      vertex 19.1 127 10.7
      vertex 19.1 127 13.6
    endloop
  endfacet
  facet normal 0.997841 0.0656699 0
    outer loop
      vertex 19.1 127 10.7
      vertex 19.1077 126.883 13.6
      vertex 19.1077 126.883 10.7
    endloop
  endfacet
  facet normal -0.897454 -0.441107 0
    outer loop
      vertex 20.8315 127.344 10.7
      vertex 20.7794 127.45 13.6
      vertex 20.7794 127.45 10.7
    endloop
  endfacet
  facet normal -0.897454 -0.441107 0
    outer loop
      vertex 20.7794 127.45 13.6
      vertex 20.8315 127.344 10.7
      vertex 20.8315 127.344 13.6
    endloop
  endfacet
  facet normal -0.831789 -0.555092 0
    outer loop
      vertex 20.7794 127.45 10.7
      vertex 20.714 127.548 13.6
      vertex 20.714 127.548 10.7
    endloop
  endfacet
  facet normal -0.831789 -0.555092 0
    outer loop
      vertex 20.714 127.548 13.6
      vertex 20.7794 127.45 10.7
      vertex 20.7794 127.45 13.6
    endloop
  endfacet
  facet normal 0.661201 -0.750209 0
    outer loop
      vertex 19.3636 127.636 10.7
      vertex 19.4521 127.714 13.6
      vertex 19.3636 127.636 13.6
    endloop
  endfacet
  facet normal 0.661201 -0.750209 0
    outer loop
      vertex 19.4521 127.714 13.6
      vertex 19.3636 127.636 10.7
      vertex 19.4521 127.714 10.7
    endloop
  endfacet
  facet normal -0.750037 -0.661396 0
    outer loop
      vertex 20.714 127.548 10.7
      vertex 20.6364 127.636 13.6
      vertex 20.6364 127.636 10.7
    endloop
  endfacet
  facet normal -0.750037 -0.661396 0
    outer loop
      vertex 20.6364 127.636 13.6
      vertex 20.714 127.548 10.7
      vertex 20.714 127.548 13.6
    endloop
  endfacet
  facet normal 0.980905 -0.19449 0
    outer loop
      vertex 19.1077 127.117 13.6
      vertex 19.1307 127.233 10.7
      vertex 19.1307 127.233 13.6
    endloop
  endfacet
  facet normal 0.980905 -0.19449 0
    outer loop
      vertex 19.1307 127.233 10.7
      vertex 19.1077 127.117 13.6
      vertex 19.1077 127.117 10.7
    endloop
  endfacet
  facet normal 0.553128 0.833096 -0
    outer loop
      vertex 19.55 126.221 10.7
      vertex 19.4521 126.286 13.6
      vertex 19.55 126.221 13.6
    endloop
  endfacet
  facet normal 0.553128 0.833096 0
    outer loop
      vertex 19.4521 126.286 13.6
      vertex 19.55 126.221 10.7
      vertex 19.4521 126.286 10.7
    endloop
  endfacet
  facet normal 0.997841 -0.0656699 0
    outer loop
      vertex 19.1 127 13.6
      vertex 19.1077 127.117 10.7
      vertex 19.1077 127.117 13.6
    endloop
  endfacet
  facet normal 0.997841 -0.0656699 0
    outer loop
      vertex 19.1077 127.117 10.7
      vertex 19.1 127 13.6
      vertex 19.1 127 10.7
    endloop
  endfacet
  facet normal 0.750037 0.661396 0
    outer loop
      vertex 19.3636 126.364 13.6
      vertex 19.286 126.452 10.7
      vertex 19.286 126.452 13.6
    endloop
  endfacet
  facet normal 0.750037 0.661396 0
    outer loop
      vertex 19.286 126.452 10.7
      vertex 19.3636 126.364 13.6
      vertex 19.3636 126.364 10.7
    endloop
  endfacet
  facet normal -0.195462 0.980711 0
    outer loop
      vertex 20.2329 126.131 10.7
      vertex 20.1175 126.108 13.6
      vertex 20.2329 126.131 13.6
    endloop
  endfacet
  facet normal -0.195462 0.980711 0
    outer loop
      vertex 20.1175 126.108 13.6
      vertex 20.2329 126.131 10.7
      vertex 20.1175 126.108 10.7
    endloop
  endfacet
  facet normal 0.441768 -0.897129 0
    outer loop
      vertex 19.55 127.779 10.7
      vertex 19.6556 127.831 13.6
      vertex 19.55 127.779 13.6
    endloop
  endfacet
  facet normal 0.441768 -0.897129 0
    outer loop
      vertex 19.6556 127.831 13.6
      vertex 19.55 127.779 10.7
      vertex 19.6556 127.831 10.7
    endloop
  endfacet
  facet normal 0.322588 0.94654 -0
    outer loop
      vertex 19.7671 126.131 10.7
      vertex 19.6556 126.169 13.6
      vertex 19.7671 126.131 13.6
    endloop
  endfacet
  facet normal 0.322588 0.94654 0
    outer loop
      vertex 19.6556 126.169 13.6
      vertex 19.7671 126.131 10.7
      vertex 19.6556 126.169 10.7
    endloop
  endfacet
  facet normal -0.980905 0.19449 0
    outer loop
      vertex 20.8693 126.767 10.7
      vertex 20.8923 126.883 13.6
      vertex 20.8923 126.883 10.7
    endloop
  endfacet
  facet normal -0.980905 0.19449 0
    outer loop
      vertex 20.8923 126.883 13.6
      vertex 20.8693 126.767 10.7
      vertex 20.8693 126.767 13.6
    endloop
  endfacet
  facet normal 0.750037 -0.661396 0
    outer loop
      vertex 19.286 127.548 13.6
      vertex 19.3636 127.636 10.7
      vertex 19.3636 127.636 13.6
    endloop
  endfacet
  facet normal 0.750037 -0.661396 0
    outer loop
      vertex 19.3636 127.636 10.7
      vertex 19.286 127.548 13.6
      vertex 19.286 127.548 10.7
    endloop
  endfacet
  facet normal -0.831789 0.555092 0
    outer loop
      vertex 20.714 126.452 10.7
      vertex 20.7794 126.55 13.6
      vertex 20.7794 126.55 10.7
    endloop
  endfacet
  facet normal -0.831789 0.555092 0
    outer loop
      vertex 20.7794 126.55 13.6
      vertex 20.714 126.452 10.7
      vertex 20.714 126.452 13.6
    endloop
  endfacet
  facet normal 0.322588 -0.94654 0
    outer loop
      vertex 19.6556 127.831 10.7
      vertex 19.7671 127.869 13.6
      vertex 19.6556 127.831 13.6
    endloop
  endfacet
  facet normal 0.322588 -0.94654 0
    outer loop
      vertex 19.7671 127.869 13.6
      vertex 19.6556 127.831 10.7
      vertex 19.7671 127.869 10.7
    endloop
  endfacet
  facet normal 0.980905 0.19449 0
    outer loop
      vertex 19.1307 126.767 13.6
      vertex 19.1077 126.883 10.7
      vertex 19.1077 126.883 13.6
    endloop
  endfacet
  facet normal 0.980905 0.19449 0
    outer loop
      vertex 19.1077 126.883 10.7
      vertex 19.1307 126.767 13.6
      vertex 19.1307 126.767 10.7
    endloop
  endfacet
  facet normal 0.195462 0.980711 -0
    outer loop
      vertex 19.8825 126.108 10.7
      vertex 19.7671 126.131 13.6
      vertex 19.8825 126.108 13.6
    endloop
  endfacet
  facet normal 0.195462 0.980711 0
    outer loop
      vertex 19.7671 126.131 13.6
      vertex 19.8825 126.108 10.7
      vertex 19.7671 126.131 10.7
    endloop
  endfacet
  facet normal -0.553128 -0.833096 0
    outer loop
      vertex 20.45 127.779 10.7
      vertex 20.5479 127.714 13.6
      vertex 20.45 127.779 13.6
    endloop
  endfacet
  facet normal -0.553128 -0.833096 -0
    outer loop
      vertex 20.5479 127.714 13.6
      vertex 20.45 127.779 10.7
      vertex 20.5479 127.714 10.7
    endloop
  endfacet
  facet normal -0.946617 0.322361 0
    outer loop
      vertex 20.8315 126.656 10.7
      vertex 20.8693 126.767 13.6
      vertex 20.8693 126.767 10.7
    endloop
  endfacet
  facet normal -0.946617 0.322361 0
    outer loop
      vertex 20.8693 126.767 13.6
      vertex 20.8315 126.656 10.7
      vertex 20.8315 126.656 13.6
    endloop
  endfacet
  facet normal -0.0679278 0.99769 0
    outer loop
      vertex 20.1175 126.108 10.7
      vertex 20 126.1 13.6
      vertex 20.1175 126.108 13.6
    endloop
  endfacet
  facet normal -0.0679278 0.99769 0
    outer loop
      vertex 20 126.1 13.6
      vertex 20.1175 126.108 10.7
      vertex 20 126.1 10.7
    endloop
  endfacet
  facet normal -0.750037 0.661396 0
    outer loop
      vertex 20.6364 126.364 10.7
      vertex 20.714 126.452 13.6
      vertex 20.714 126.452 10.7
    endloop
  endfacet
  facet normal -0.750037 0.661396 0
    outer loop
      vertex 20.714 126.452 13.6
      vertex 20.6364 126.364 10.7
      vertex 20.6364 126.364 13.6
    endloop
  endfacet
  facet normal 0.0679278 -0.99769 0
    outer loop
      vertex 19.8825 127.892 10.7
      vertex 20 127.9 13.6
      vertex 19.8825 127.892 13.6
    endloop
  endfacet
  facet normal 0.0679278 -0.99769 0
    outer loop
      vertex 20 127.9 13.6
      vertex 19.8825 127.892 10.7
      vertex 20 127.9 10.7
    endloop
  endfacet
  facet normal -0.553128 0.833096 0
    outer loop
      vertex 20.5479 126.286 10.7
      vertex 20.45 126.221 13.6
      vertex 20.5479 126.286 13.6
    endloop
  endfacet
  facet normal -0.553128 0.833096 0
    outer loop
      vertex 20.45 126.221 13.6
      vertex 20.5479 126.286 10.7
      vertex 20.45 126.221 10.7
    endloop
  endfacet
  facet normal 0.661201 0.750209 -0
    outer loop
      vertex 19.4521 126.286 10.7
      vertex 19.3636 126.364 13.6
      vertex 19.4521 126.286 13.6
    endloop
  endfacet
  facet normal 0.661201 0.750209 0
    outer loop
      vertex 19.3636 126.364 13.6
      vertex 19.4521 126.286 10.7
      vertex 19.3636 126.364 10.7
    endloop
  endfacet
  facet normal -0.661201 -0.750209 0
    outer loop
      vertex 20.5479 127.714 10.7
      vertex 20.6364 127.636 13.6
      vertex 20.5479 127.714 13.6
    endloop
  endfacet
  facet normal -0.661201 -0.750209 -0
    outer loop
      vertex 20.6364 127.636 13.6
      vertex 20.5479 127.714 10.7
      vertex 20.6364 127.636 10.7
    endloop
  endfacet
  facet normal 0.897454 -0.441107 0
    outer loop
      vertex 19.1685 127.344 13.6
      vertex 19.2206 127.45 10.7
      vertex 19.2206 127.45 13.6
    endloop
  endfacet
  facet normal 0.897454 -0.441107 0
    outer loop
      vertex 19.2206 127.45 10.7
      vertex 19.1685 127.344 13.6
      vertex 19.1685 127.344 10.7
    endloop
  endfacet
  facet normal -0.0679278 -0.99769 0
    outer loop
      vertex 20 127.9 10.7
      vertex 20.1175 127.892 13.6
      vertex 20 127.9 13.6
    endloop
  endfacet
  facet normal -0.0679278 -0.99769 -0
    outer loop
      vertex 20.1175 127.892 13.6
      vertex 20 127.9 10.7
      vertex 20.1175 127.892 10.7
    endloop
  endfacet
  facet normal -0.997841 0.0656699 0
    outer loop
      vertex 20.8923 126.883 10.7
      vertex 20.9 127 13.6
      vertex 20.9 127 10.7
    endloop
  endfacet
  facet normal -0.997841 0.0656699 0
    outer loop
      vertex 20.9 127 13.6
      vertex 20.8923 126.883 10.7
      vertex 20.8923 126.883 13.6
    endloop
  endfacet
  facet normal 0.195462 -0.980711 0
    outer loop
      vertex 19.7671 127.869 10.7
      vertex 19.8825 127.892 13.6
      vertex 19.7671 127.869 13.6
    endloop
  endfacet
  facet normal 0.195462 -0.980711 0
    outer loop
      vertex 19.8825 127.892 13.6
      vertex 19.7671 127.869 10.7
      vertex 19.8825 127.892 10.7
    endloop
  endfacet
  facet normal 0.553128 -0.833096 0
    outer loop
      vertex 19.4521 127.714 10.7
      vertex 19.55 127.779 13.6
      vertex 19.4521 127.714 13.6
    endloop
  endfacet
  facet normal 0.553128 -0.833096 0
    outer loop
      vertex 19.55 127.779 13.6
      vertex 19.4521 127.714 10.7
      vertex 19.55 127.779 10.7
    endloop
  endfacet
  facet normal 0.0679278 0.99769 -0
    outer loop
      vertex 20 126.1 10.7
      vertex 19.8825 126.108 13.6
      vertex 20 126.1 13.6
    endloop
  endfacet
  facet normal 0.0679278 0.99769 0
    outer loop
      vertex 19.8825 126.108 13.6
      vertex 20 126.1 10.7
      vertex 19.8825 126.108 10.7
    endloop
  endfacet
  facet normal -0.897454 0.441107 0
    outer loop
      vertex 20.7794 126.55 10.7
      vertex 20.8315 126.656 13.6
      vertex 20.8315 126.656 10.7
    endloop
  endfacet
  facet normal -0.897454 0.441107 0
    outer loop
      vertex 20.8315 126.656 13.6
      vertex 20.7794 126.55 10.7
      vertex 20.7794 126.55 13.6
    endloop
  endfacet
  facet normal 0.946617 -0.322361 0
    outer loop
      vertex 19.1307 127.233 13.6
      vertex 19.1685 127.344 10.7
      vertex 19.1685 127.344 13.6
    endloop
  endfacet
  facet normal 0.946617 -0.322361 0
    outer loop
      vertex 19.1685 127.344 10.7
      vertex 19.1307 127.233 13.6
      vertex 19.1307 127.233 10.7
    endloop
  endfacet
  facet normal 0.946617 0.322361 0
    outer loop
      vertex 19.1685 126.656 13.6
      vertex 19.1307 126.767 10.7
      vertex 19.1307 126.767 13.6
    endloop
  endfacet
  facet normal 0.946617 0.322361 0
    outer loop
      vertex 19.1307 126.767 10.7
      vertex 19.1685 126.656 13.6
      vertex 19.1685 126.656 10.7
    endloop
  endfacet
  facet normal 0 0 1
    outer loop
      vertex 20.8923 127.117 10.7
      vertex 20.8923 126.883 10.7
      vertex 20.9 127 10.7
    endloop
  endfacet
  facet normal 0 0 1
    outer loop
      vertex 20.8693 127.233 10.7
      vertex 20.8923 126.883 10.7
      vertex 20.8923 127.117 10.7
    endloop
  endfacet
  facet normal 0 0 1
    outer loop
      vertex 20.8693 127.233 10.7
      vertex 20.8693 126.767 10.7
      vertex 20.8923 126.883 10.7
    endloop
  endfacet
  facet normal 0 0 1
    outer loop
      vertex 20.8315 127.344 10.7
      vertex 20.8693 126.767 10.7
      vertex 20.8693 127.233 10.7
    endloop
  endfacet
  facet normal 0 0 1
    outer loop
      vertex 20.8315 127.344 10.7
      vertex 20.8315 126.656 10.7
      vertex 20.8693 126.767 10.7
    endloop
  endfacet
  facet normal 0 0 1
    outer loop
      vertex 20.7794 127.45 10.7
      vertex 20.8315 126.656 10.7
      vertex 20.8315 127.344 10.7
    endloop
  endfacet
  facet normal 0 0 1
    outer loop
      vertex 20.7794 127.45 10.7
      vertex 20.7794 126.55 10.7
      vertex 20.8315 126.656 10.7
    endloop
  endfacet
  facet normal 0 0 1
    outer loop
      vertex 20.714 127.548 10.7
      vertex 20.7794 126.55 10.7
      vertex 20.7794 127.45 10.7
    endloop
  endfacet
  facet normal 0 0 1
    outer loop
      vertex 20.714 127.548 10.7
      vertex 20.714 126.452 10.7
      vertex 20.7794 126.55 10.7
    endloop
  endfacet
  facet normal 0 0 1
    outer loop
      vertex 20.6364 127.636 10.7
      vertex 20.714 126.452 10.7
      vertex 20.714 127.548 10.7
    endloop
  endfacet
  facet normal 0 0 1
    outer loop
      vertex 20.6364 127.636 10.7
      vertex 20.6364 126.364 10.7
      vertex 20.714 126.452 10.7
    endloop
  endfacet
  facet normal 0 0 1
    outer loop
      vertex 20.5479 127.714 10.7
      vertex 20.6364 126.364 10.7
      vertex 20.6364 127.636 10.7
    endloop
  endfacet
  facet normal 0 0 1
    outer loop
      vertex 20.5479 127.714 10.7
      vertex 20.5479 126.286 10.7
      vertex 20.6364 126.364 10.7
    endloop
  endfacet
  facet normal 0 0 1
    outer loop
      vertex 20.45 127.779 10.7
      vertex 20.5479 126.286 10.7
      vertex 20.5479 127.714 10.7
    endloop
  endfacet
  facet normal 0 0 1
    outer loop
      vertex 20.45 127.779 10.7
      vertex 20.45 126.221 10.7
      vertex 20.5479 126.286 10.7
    endloop
  endfacet
  facet normal 0 0 1
    outer loop
      vertex 20.3444 127.831 10.7
      vertex 20.45 126.221 10.7
      vertex 20.45 127.779 10.7
    endloop
  endfacet
  facet normal 0 0 1
    outer loop
      vertex 20.3444 127.831 10.7
      vertex 20.3444 126.169 10.7
      vertex 20.45 126.221 10.7
    endloop
  endfacet
  facet normal 0 0 1
    outer loop
      vertex 20.2329 127.869 10.7
      vertex 20.3444 126.169 10.7
      vertex 20.3444 127.831 10.7
    endloop
  endfacet
  facet normal 0 0 1
    outer loop
      vertex 20.2329 127.869 10.7
      vertex 20.2329 126.131 10.7
      vertex 20.3444 126.169 10.7
    endloop
  endfacet
  facet normal 0 0 1
    outer loop
      vertex 20.1175 127.892 10.7
      vertex 20.2329 126.131 10.7
      vertex 20.2329 127.869 10.7
    endloop
  endfacet
  facet normal 0 0 1
    outer loop
      vertex 20.1175 127.892 10.7
      vertex 20.1175 126.108 10.7
      vertex 20.2329 126.131 10.7
    endloop
  endfacet
  facet normal 0 0 1
    outer loop
      vertex 20 127.9 10.7
      vertex 20.1175 126.108 10.7
      vertex 20.1175 127.892 10.7
    endloop
  endfacet
  facet normal 0 0 1
    outer loop
      vertex 20 127.9 10.7
      vertex 20 126.1 10.7
      vertex 20.1175 126.108 10.7
    endloop
  endfacet
  facet normal -0 0 1
    outer loop
      vertex 19.8825 127.892 10.7
      vertex 20 126.1 10.7
      vertex 20 127.9 10.7
    endloop
  endfacet
  facet normal 0 0 1
    outer loop
      vertex 19.8825 127.892 10.7
      vertex 19.8825 126.108 10.7
      vertex 20 126.1 10.7
    endloop
  endfacet
  facet normal -0 0 1
    outer loop
      vertex 19.7671 127.869 10.7
      vertex 19.8825 126.108 10.7
      vertex 19.8825 127.892 10.7
    endloop
  endfacet
  facet normal 0 0 1
    outer loop
      vertex 19.7671 127.869 10.7
      vertex 19.7671 126.131 10.7
      vertex 19.8825 126.108 10.7
    endloop
  endfacet
  facet normal -0 0 1
    outer loop
      vertex 19.6556 127.831 10.7
      vertex 19.7671 126.131 10.7
      vertex 19.7671 127.869 10.7
    endloop
  endfacet
  facet normal 0 0 1
    outer loop
      vertex 19.6556 127.831 10.7
      vertex 19.6556 126.169 10.7
      vertex 19.7671 126.131 10.7
    endloop
  endfacet
  facet normal -0 0 1
    outer loop
      vertex 19.55 127.779 10.7
      vertex 19.6556 126.169 10.7
      vertex 19.6556 127.831 10.7
    endloop
  endfacet
  facet normal 0 0 1
    outer loop
      vertex 19.55 127.779 10.7
      vertex 19.55 126.221 10.7
      vertex 19.6556 126.169 10.7
    endloop
  endfacet
  facet normal -0 0 1
    outer loop
      vertex 19.4521 127.714 10.7
      vertex 19.55 126.221 10.7
      vertex 19.55 127.779 10.7
    endloop
  endfacet
  facet normal 0 0 1
    outer loop
      vertex 19.4521 127.714 10.7
      vertex 19.4521 126.286 10.7
      vertex 19.55 126.221 10.7
    endloop
  endfacet
  facet normal -0 0 1
    outer loop
      vertex 19.3636 127.636 10.7
      vertex 19.4521 126.286 10.7
      vertex 19.4521 127.714 10.7
    endloop
  endfacet
  facet normal 0 0 1
    outer loop
      vertex 19.3636 127.636 10.7
      vertex 19.3636 126.364 10.7
      vertex 19.4521 126.286 10.7
    endloop
  endfacet
  facet normal -0 0 1
    outer loop
      vertex 19.286 127.548 10.7
      vertex 19.3636 126.364 10.7
      vertex 19.3636 127.636 10.7
    endloop
  endfacet
  facet normal 0 0 1
    outer loop
      vertex 19.286 127.548 10.7
      vertex 19.286 126.452 10.7
      vertex 19.3636 126.364 10.7
    endloop
  endfacet
  facet normal -0 0 1
    outer loop
      vertex 19.2206 127.45 10.7
      vertex 19.286 126.452 10.7
      vertex 19.286 127.548 10.7
    endloop
  endfacet
  facet normal 0 0 1
    outer loop
      vertex 19.2206 127.45 10.7
      vertex 19.2206 126.55 10.7
      vertex 19.286 126.452 10.7
    endloop
  endfacet
  facet normal -0 0 1
    outer loop
      vertex 19.1685 127.344 10.7
      vertex 19.2206 126.55 10.7
      vertex 19.2206 127.45 10.7
    endloop
  endfacet
  facet normal 0 0 1
    outer loop
      vertex 19.1685 127.344 10.7
      vertex 19.1685 126.656 10.7
      vertex 19.2206 126.55 10.7
    endloop
  endfacet
  facet normal -0 0 1
    outer loop
      vertex 19.1307 127.233 10.7
      vertex 19.1685 126.656 10.7
      vertex 19.1685 127.344 10.7
    endloop
  endfacet
  facet normal 0 0 1
    outer loop
      vertex 19.1307 127.233 10.7
      vertex 19.1307 126.767 10.7
      vertex 19.1685 126.656 10.7
    endloop
  endfacet
  facet normal -0 0 1
    outer loop
      vertex 19.1077 127.117 10.7
      vertex 19.1307 126.767 10.7
      vertex 19.1307 127.233 10.7
    endloop
  endfacet
  facet normal 0 0 1
    outer loop
      vertex 19.1077 127.117 10.7
      vertex 19.1077 126.883 10.7
      vertex 19.1307 126.767 10.7
    endloop
  endfacet
  facet normal 0 -0 1
    outer loop
      vertex 19.1077 126.883 10.7
      vertex 19.1077 127.117 10.7
      vertex 19.1 127 10.7
    endloop
  endfacet
  facet normal 0.831789 -0.555092 0
    outer loop
      vertex 19.2206 127.45 13.6
      vertex 19.286 127.548 10.7
      vertex 19.286 127.548 13.6
    endloop
  endfacet
  facet normal 0.831789 -0.555092 0
    outer loop
      vertex 19.286 127.548 10.7
      vertex 19.2206 127.45 13.6
      vertex 19.2206 127.45 10.7
    endloop
  endfacet
  facet normal -0.441768 0.897129 0
    outer loop
      vertex 20.45 126.221 10.7
      vertex 20.3444 126.169 13.6
      vertex 20.45 126.221 13.6
    endloop
  endfacet
  facet normal -0.441768 0.897129 0
    outer loop
      vertex 20.3444 126.169 13.6
      vertex 20.45 126.221 10.7
      vertex 20.3444 126.169 10.7
    endloop
  endfacet
  facet normal -0.322588 0.94654 0
    outer loop
      vertex 20.3444 126.169 10.7
      vertex 20.2329 126.131 13.6
      vertex 20.3444 126.169 13.6
    endloop
  endfacet
  facet normal -0.322588 0.94654 0
    outer loop
      vertex 20.2329 126.131 13.6
      vertex 20.3444 126.169 10.7
      vertex 20.2329 126.131 10.7
    endloop
  endfacet
  facet normal -0.661201 0.750209 0
    outer loop
      vertex 20.6364 126.364 10.7
      vertex 20.5479 126.286 13.6
      vertex 20.6364 126.364 13.6
    endloop
  endfacet
  facet normal -0.661201 0.750209 0
    outer loop
      vertex 20.5479 126.286 13.6
      vertex 20.6364 126.364 10.7
      vertex 20.5479 126.286 10.7
    endloop
  endfacet
  facet normal 0.897454 0.441107 0
    outer loop
      vertex 19.2206 126.55 13.6
      vertex 19.1685 126.656 10.7
      vertex 19.1685 126.656 13.6
    endloop
  endfacet
  facet normal 0.897454 0.441107 0
    outer loop
      vertex 19.1685 126.656 10.7
      vertex 19.2206 126.55 13.6
      vertex 19.2206 126.55 10.7
    endloop
  endfacet
  facet normal -0.195462 -0.980711 0
    outer loop
      vertex 20.1175 127.892 10.7
      vertex 20.2329 127.869 13.6
      vertex 20.1175 127.892 13.6
    endloop
  endfacet
  facet normal -0.195462 -0.980711 -0
    outer loop
      vertex 20.2329 127.869 13.6
      vertex 20.1175 127.892 10.7
      vertex 20.2329 127.869 10.7
    endloop
  endfacet
  facet normal 0.441768 0.897129 -0
    outer loop
      vertex 19.6556 126.169 10.7
      vertex 19.55 126.221 13.6
      vertex 19.6556 126.169 13.6
    endloop
  endfacet
  facet normal 0.441768 0.897129 0
    outer loop
      vertex 19.55 126.221 13.6
      vertex 19.6556 126.169 10.7
      vertex 19.55 126.221 10.7
    endloop
  endfacet
  facet normal 0.831789 0.555092 0
    outer loop
      vertex 19.286 126.452 13.6
      vertex 19.2206 126.55 10.7
      vertex 19.2206 126.55 13.6
    endloop
  endfacet
  facet normal 0.831789 0.555092 0
    outer loop
      vertex 19.2206 126.55 10.7
      vertex 19.286 126.452 13.6
      vertex 19.286 126.452 10.7
    endloop
  endfacet
  facet normal 1 -0 0
    outer loop
      vertex 28.5 -10 2
      vertex 28.5 0 0
      vertex 28.5 0 2
    endloop
  endfacet
  facet normal 1 0 0
    outer loop
      vertex 28.5 0 0
      vertex 28.5 -10 2
      vertex 28.5 -10 0
    endloop
  endfacet
  facet normal 0 0 1
    outer loop
      vertex 28.5 0 2
      vertex 23.5 -5 2
      vertex 28.5 -10 2
    endloop
  endfacet
  facet normal 0 0 1
    outer loop
      vertex 28.5 0 2
      vertex 23.4829 -4.73895 2
      vertex 23.5 -5 2
    endloop
  endfacet
  facet normal 0 0 1
    outer loop
      vertex 28.5 0 2
      vertex 23.4319 -4.48236 2
      vertex 23.4829 -4.73895 2
    endloop
  endfacet
  facet normal 0 0 1
    outer loop
      vertex 28.5 0 2
      vertex 23.3478 -4.23463 2
      vertex 23.4319 -4.48236 2
    endloop
  endfacet
  facet normal 0 0 1
    outer loop
      vertex 28.5 0 2
      vertex 23.232 -4 2
      vertex 23.3478 -4.23463 2
    endloop
  endfacet
  facet normal 0 0 1
    outer loop
      vertex 28.5 0 2
      vertex 23.0867 -3.78248 2
      vertex 23.232 -4 2
    endloop
  endfacet
  facet normal 0 0 1
    outer loop
      vertex 28.5 0 2
      vertex 22.9142 -3.58579 2
      vertex 23.0867 -3.78248 2
    endloop
  endfacet
  facet normal 0 0 1
    outer loop
      vertex 28.5 0 2
      vertex 22.7175 -3.41329 2
      vertex 22.9142 -3.58579 2
    endloop
  endfacet
  facet normal 0 0 1
    outer loop
      vertex 28.5 0 2
      vertex 22.5 -3.26795 2
      vertex 22.7175 -3.41329 2
    endloop
  endfacet
  facet normal 0 0 1
    outer loop
      vertex 28.5 0 2
      vertex 22.2654 -3.15224 2
      vertex 22.5 -3.26795 2
    endloop
  endfacet
  facet normal 0 0 1
    outer loop
      vertex 28.5 0 2
      vertex 22.0176 -3.06815 2
      vertex 22.2654 -3.15224 2
    endloop
  endfacet
  facet normal 0 0 1
    outer loop
      vertex 28.5 0 2
      vertex 21.7611 -3.01711 2
      vertex 22.0176 -3.06815 2
    endloop
  endfacet
  facet normal 0 0 1
    outer loop
      vertex 28.5 0 2
      vertex 21.5 -3 2
      vertex 21.7611 -3.01711 2
    endloop
  endfacet
  facet normal -0 0 1
    outer loop
      vertex 14.5 0 2
      vertex 21.5 -3 2
      vertex 28.5 0 2
    endloop
  endfacet
  facet normal 0 0 1
    outer loop
      vertex 21.5 -3 2
      vertex 14.5 0 2
      vertex 21.2389 -3.01711 2
    endloop
  endfacet
  facet normal 0 0 1
    outer loop
      vertex 21.2389 -3.01711 2
      vertex 14.5 0 2
      vertex 20.9824 -3.06815 2
    endloop
  endfacet
  facet normal 0 0 1
    outer loop
      vertex 19.5171 -4.73895 2
      vertex 14.5 0 2
      vertex 19.5 -5 2
    endloop
  endfacet
  facet normal 0 0 1
    outer loop
      vertex 19.5681 -4.48236 2
      vertex 14.5 0 2
      vertex 19.5171 -4.73895 2
    endloop
  endfacet
  facet normal 0 0 1
    outer loop
      vertex 19.6522 -4.23463 2
      vertex 14.5 0 2
      vertex 19.5681 -4.48236 2
    endloop
  endfacet
  facet normal 0 0 1
    outer loop
      vertex 19.7679 -4 2
      vertex 14.5 0 2
      vertex 19.6522 -4.23463 2
    endloop
  endfacet
  facet normal 0 0 1
    outer loop
      vertex 19.9133 -3.78248 2
      vertex 14.5 0 2
      vertex 19.7679 -4 2
    endloop
  endfacet
  facet normal 0 0 1
    outer loop
      vertex 20.0858 -3.58579 2
      vertex 14.5 0 2
      vertex 19.9133 -3.78248 2
    endloop
  endfacet
  facet normal 0 0 1
    outer loop
      vertex 20.2825 -3.41329 2
      vertex 14.5 0 2
      vertex 20.0858 -3.58579 2
    endloop
  endfacet
  facet normal 0 0 1
    outer loop
      vertex 20.5 -3.26795 2
      vertex 14.5 0 2
      vertex 20.2825 -3.41329 2
    endloop
  endfacet
  facet normal 0 0 1
    outer loop
      vertex 20.7346 -3.15224 2
      vertex 14.5 0 2
      vertex 20.5 -3.26795 2
    endloop
  endfacet
  facet normal 0 0 1
    outer loop
      vertex 20.9824 -3.06815 2
      vertex 14.5 0 2
      vertex 20.7346 -3.15224 2
    endloop
  endfacet
  facet normal -0 0 1
    outer loop
      vertex 23.4829 -5.26105 2
      vertex 28.5 -10 2
      vertex 23.5 -5 2
    endloop
  endfacet
  facet normal -0 0 1
    outer loop
      vertex 23.4319 -5.51764 2
      vertex 28.5 -10 2
      vertex 23.4829 -5.26105 2
    endloop
  endfacet
  facet normal -0 0 1
    outer loop
      vertex 23.3478 -5.76537 2
      vertex 28.5 -10 2
      vertex 23.4319 -5.51764 2
    endloop
  endfacet
  facet normal -0 0 1
    outer loop
      vertex 23.232 -6 2
      vertex 28.5 -10 2
      vertex 23.3478 -5.76537 2
    endloop
  endfacet
  facet normal -0 0 1
    outer loop
      vertex 23.0867 -6.21752 2
      vertex 28.5 -10 2
      vertex 23.232 -6 2
    endloop
  endfacet
  facet normal -0 0 1
    outer loop
      vertex 22.9142 -6.41421 2
      vertex 28.5 -10 2
      vertex 23.0867 -6.21752 2
    endloop
  endfacet
  facet normal -0 0 1
    outer loop
      vertex 22.7175 -6.58671 2
      vertex 28.5 -10 2
      vertex 22.9142 -6.41421 2
    endloop
  endfacet
  facet normal -0 0 1
    outer loop
      vertex 22.5 -6.73205 2
      vertex 28.5 -10 2
      vertex 22.7175 -6.58671 2
    endloop
  endfacet
  facet normal -0 0 1
    outer loop
      vertex 22.2654 -6.84776 2
      vertex 28.5 -10 2
      vertex 22.5 -6.73205 2
    endloop
  endfacet
  facet normal -0 0 1
    outer loop
      vertex 22.0176 -6.93185 2
      vertex 28.5 -10 2
      vertex 22.2654 -6.84776 2
    endloop
  endfacet
  facet normal -0 0 1
    outer loop
      vertex 21.7611 -6.98289 2
      vertex 28.5 -10 2
      vertex 22.0176 -6.93185 2
    endloop
  endfacet
  facet normal -0 0 1
    outer loop
      vertex 21.5 -7 2
      vertex 28.5 -10 2
      vertex 21.7611 -6.98289 2
    endloop
  endfacet
  facet normal 0 0 1
    outer loop
      vertex 14.5 -10 2
      vertex 21.5 -7 2
      vertex 21.2389 -6.98289 2
    endloop
  endfacet
  facet normal 0 0 1
    outer loop
      vertex 14.5 -10 2
      vertex 21.2389 -6.98289 2
      vertex 20.9824 -6.93185 2
    endloop
  endfacet
  facet normal 0 0 1
    outer loop
      vertex 14.5 -10 2
      vertex 20.9824 -6.93185 2
      vertex 20.7346 -6.84776 2
    endloop
  endfacet
  facet normal 0 0 1
    outer loop
      vertex 14.5 -10 2
      vertex 19.5 -5 2
      vertex 14.5 0 2
    endloop
  endfacet
  facet normal 0 0 1
    outer loop
      vertex 19.5 -5 2
      vertex 14.5 -10 2
      vertex 19.5171 -5.26105 2
    endloop
  endfacet
  facet normal 0 0 1
    outer loop
      vertex 19.5171 -5.26105 2
      vertex 14.5 -10 2
      vertex 19.5681 -5.51764 2
    endloop
  endfacet
  facet normal 0 0 1
    outer loop
      vertex 19.5681 -5.51764 2
      vertex 14.5 -10 2
      vertex 19.6522 -5.76537 2
    endloop
  endfacet
  facet normal 0 0 1
    outer loop
      vertex 19.6522 -5.76537 2
      vertex 14.5 -10 2
      vertex 19.7679 -6 2
    endloop
  endfacet
  facet normal 0 0 1
    outer loop
      vertex 21.5 -7 2
      vertex 14.5 -10 2
      vertex 28.5 -10 2
    endloop
  endfacet
  facet normal 0 0 1
    outer loop
      vertex 20.5 -6.73205 2
      vertex 14.5 -10 2
      vertex 20.7346 -6.84776 2
    endloop
  endfacet
  facet normal 0 0 1
    outer loop
      vertex 20.2825 -6.58671 2
      vertex 14.5 -10 2
      vertex 20.5 -6.73205 2
    endloop
  endfacet
  facet normal 0 0 1
    outer loop
      vertex 20.0858 -6.41421 2
      vertex 14.5 -10 2
      vertex 20.2825 -6.58671 2
    endloop
  endfacet
  facet normal 0 0 1
    outer loop
      vertex 19.9133 -6.21752 2
      vertex 14.5 -10 2
      vertex 20.0858 -6.41421 2
    endloop
  endfacet
  facet normal 0 0 1
    outer loop
      vertex 19.7679 -6 2
      vertex 14.5 -10 2
      vertex 19.9133 -6.21752 2
    endloop
  endfacet
  facet normal -1 0 0
    outer loop
      vertex 14.5 -10 0
      vertex 14.5 0 2
      vertex 14.5 0 0
    endloop
  endfacet
  facet normal -1 -0 0
    outer loop
      vertex 14.5 0 2
      vertex 14.5 -10 0
      vertex 14.5 -10 2
    endloop
  endfacet
  facet normal 0 -1 0
    outer loop
      vertex 14.5 -10 0
      vertex 28.5 -10 2
      vertex 14.5 -10 2
    endloop
  endfacet
  facet normal 0 -1 -0
    outer loop
      vertex 28.5 -10 2
      vertex 14.5 -10 0
      vertex 28.5 -10 0
    endloop
  endfacet
  facet normal -0.980814 0.194947 0
    outer loop
      vertex 23.4319 -5.51764 0
      vertex 23.4829 -5.26105 2
      vertex 23.4829 -5.26105 0
    endloop
  endfacet
  facet normal -0.980814 0.194947 0
    outer loop
      vertex 23.4829 -5.26105 2
      vertex 23.4319 -5.51764 0
      vertex 23.4319 -5.51764 2
    endloop
  endfacet
  facet normal -0.19516 0.980771 0
    outer loop
      vertex 22.0176 -6.93185 0
      vertex 21.7611 -6.98289 2
      vertex 22.0176 -6.93185 2
    endloop
  endfacet
  facet normal -0.19516 0.980771 0
    outer loop
      vertex 21.7611 -6.98289 2
      vertex 22.0176 -6.93185 0
      vertex 21.7611 -6.98289 0
    endloop
  endfacet
  facet normal -0.980814 -0.194947 0
    outer loop
      vertex 23.4829 -4.73895 0
      vertex 23.4319 -4.48236 2
      vertex 23.4319 -4.48236 0
    endloop
  endfacet
  facet normal -0.980814 -0.194947 0
    outer loop
      vertex 23.4319 -4.48236 2
      vertex 23.4829 -4.73895 0
      vertex 23.4829 -4.73895 2
    endloop
  endfacet
  facet normal -0.997861 -0.0653646 0
    outer loop
      vertex 23.5 -5 0
      vertex 23.4829 -4.73895 2
      vertex 23.4829 -4.73895 0
    endloop
  endfacet
  facet normal -0.997861 -0.0653646 0
    outer loop
      vertex 23.4829 -4.73895 2
      vertex 23.5 -5 0
      vertex 23.5 -5 2
    endloop
  endfacet
  facet normal 0.5556 0.83145 -0
    outer loop
      vertex 20.5 -6.73205 0
      vertex 20.2825 -6.58671 2
      vertex 20.5 -6.73205 2
    endloop
  endfacet
  facet normal 0.5556 0.83145 0
    outer loop
      vertex 20.2825 -6.58671 2
      vertex 20.5 -6.73205 0
      vertex 20.2825 -6.58671 0
    endloop
  endfacet
  facet normal 0.896883 -0.442268 0
    outer loop
      vertex 19.6522 -4.23463 2
      vertex 19.7679 -4 0
      vertex 19.7679 -4 2
    endloop
  endfacet
  facet normal 0.896883 -0.442268 0
    outer loop
      vertex 19.7679 -4 0
      vertex 19.6522 -4.23463 2
      vertex 19.6522 -4.23463 0
    endloop
  endfacet
  facet normal 0.751826 0.659362 0
    outer loop
      vertex 20.0858 -6.41421 2
      vertex 19.9133 -6.21752 0
      vertex 19.9133 -6.21752 2
    endloop
  endfacet
  facet normal 0.751826 0.659362 0
    outer loop
      vertex 19.9133 -6.21752 0
      vertex 20.0858 -6.41421 2
      vertex 20.0858 -6.41421 0
    endloop
  endfacet
  facet normal 0.321348 0.946961 -0
    outer loop
      vertex 20.9824 -6.93185 0
      vertex 20.7346 -6.84776 2
      vertex 20.9824 -6.93185 2
    endloop
  endfacet
  facet normal 0.321348 0.946961 0
    outer loop
      vertex 20.7346 -6.84776 2
      vertex 20.9824 -6.93185 0
      vertex 20.7346 -6.84776 0
    endloop
  endfacet
  facet normal 0.659343 0.751842 -0
    outer loop
      vertex 20.2825 -6.58671 0
      vertex 20.0858 -6.41421 2
      vertex 20.2825 -6.58671 2
    endloop
  endfacet
  facet normal 0.659343 0.751842 0
    outer loop
      vertex 20.0858 -6.41421 2
      vertex 20.2825 -6.58671 0
      vertex 20.0858 -6.41421 0
    endloop
  endfacet
  facet normal 0.751826 -0.659362 0
    outer loop
      vertex 19.9133 -3.78248 2
      vertex 20.0858 -3.58579 0
      vertex 20.0858 -3.58579 2
    endloop
  endfacet
  facet normal 0.751826 -0.659362 0
    outer loop
      vertex 20.0858 -3.58579 0
      vertex 19.9133 -3.78248 2
      vertex 19.9133 -3.78248 0
    endloop
  endfacet
  facet normal 0.5556 -0.83145 0
    outer loop
      vertex 20.2825 -3.41329 0
      vertex 20.5 -3.26795 2
      vertex 20.2825 -3.41329 2
    endloop
  endfacet
  facet normal 0.5556 -0.83145 0
    outer loop
      vertex 20.5 -3.26795 2
      vertex 20.2825 -3.41329 0
      vertex 20.5 -3.26795 0
    endloop
  endfacet
  facet normal -0.751826 0.659362 0
    outer loop
      vertex 22.9142 -6.41421 0
      vertex 23.0867 -6.21752 2
      vertex 23.0867 -6.21752 0
    endloop
  endfacet
  facet normal -0.751826 0.659362 0
    outer loop
      vertex 23.0867 -6.21752 2
      vertex 22.9142 -6.41421 0
      vertex 22.9142 -6.41421 2
    endloop
  endfacet
  facet normal 0.896883 0.442268 0
    outer loop
      vertex 19.7679 -6 2
      vertex 19.6522 -5.76537 0
      vertex 19.6522 -5.76537 2
    endloop
  endfacet
  facet normal 0.896883 0.442268 0
    outer loop
      vertex 19.6522 -5.76537 0
      vertex 19.7679 -6 2
      vertex 19.7679 -6 0
    endloop
  endfacet
  facet normal 0.659343 -0.751842 0
    outer loop
      vertex 20.0858 -3.58579 0
      vertex 20.2825 -3.41329 2
      vertex 20.0858 -3.58579 2
    endloop
  endfacet
  facet normal 0.659343 -0.751842 0
    outer loop
      vertex 20.2825 -3.41329 2
      vertex 20.0858 -3.58579 0
      vertex 20.2825 -3.41329 0
    endloop
  endfacet
  facet normal -0.442344 -0.896845 0
    outer loop
      vertex 22.2654 -3.15224 0
      vertex 22.5 -3.26795 2
      vertex 22.2654 -3.15224 2
    endloop
  endfacet
  facet normal -0.442344 -0.896845 -0
    outer loop
      vertex 22.5 -3.26795 2
      vertex 22.2654 -3.15224 0
      vertex 22.5 -3.26795 0
    endloop
  endfacet
  facet normal -0.946922 0.321463 0
    outer loop
      vertex 23.3478 -5.76537 0
      vertex 23.4319 -5.51764 2
      vertex 23.4319 -5.51764 0
    endloop
  endfacet
  facet normal -0.946922 0.321463 0
    outer loop
      vertex 23.4319 -5.51764 2
      vertex 23.3478 -5.76537 0
      vertex 23.3478 -5.76537 2
    endloop
  endfacet
  facet normal -0.659343 0.751842 0
    outer loop
      vertex 22.9142 -6.41421 0
      vertex 22.7175 -6.58671 2
      vertex 22.9142 -6.41421 2
    endloop
  endfacet
  facet normal -0.659343 0.751842 0
    outer loop
      vertex 22.7175 -6.58671 2
      vertex 22.9142 -6.41421 0
      vertex 22.7175 -6.58671 0
    endloop
  endfacet
  facet normal -0.0653902 0.99786 0
    outer loop
      vertex 21.7611 -6.98289 0
      vertex 21.5 -7 2
      vertex 21.7611 -6.98289 2
    endloop
  endfacet
  facet normal -0.0653902 0.99786 0
    outer loop
      vertex 21.5 -7 2
      vertex 21.7611 -6.98289 0
      vertex 21.5 -7 0
    endloop
  endfacet
  facet normal -0.831544 0.555459 0
    outer loop
      vertex 23.0867 -6.21752 0
      vertex 23.232 -6 2
      vertex 23.232 -6 0
    endloop
  endfacet
  facet normal -0.831544 0.555459 0
    outer loop
      vertex 23.232 -6 2
      vertex 23.0867 -6.21752 0
      vertex 23.0867 -6.21752 2
    endloop
  endfacet
  facet normal 0.946922 -0.321463 0
    outer loop
      vertex 19.5681 -4.48236 2
      vertex 19.6522 -4.23463 0
      vertex 19.6522 -4.23463 2
    endloop
  endfacet
  facet normal 0.946922 -0.321463 0
    outer loop
      vertex 19.6522 -4.23463 0
      vertex 19.5681 -4.48236 2
      vertex 19.5681 -4.48236 0
    endloop
  endfacet
  facet normal 0.0653902 -0.99786 0
    outer loop
      vertex 21.2389 -3.01711 0
      vertex 21.5 -3 2
      vertex 21.2389 -3.01711 2
    endloop
  endfacet
  facet normal 0.0653902 -0.99786 0
    outer loop
      vertex 21.5 -3 2
      vertex 21.2389 -3.01711 0
      vertex 21.5 -3 0
    endloop
  endfacet
  facet normal 0.980814 0.194947 0
    outer loop
      vertex 19.5681 -5.51764 2
      vertex 19.5171 -5.26105 0
      vertex 19.5171 -5.26105 2
    endloop
  endfacet
  facet normal 0.980814 0.194947 0
    outer loop
      vertex 19.5171 -5.26105 0
      vertex 19.5681 -5.51764 2
      vertex 19.5681 -5.51764 0
    endloop
  endfacet
  facet normal 0.980814 -0.194947 0
    outer loop
      vertex 19.5171 -4.73895 2
      vertex 19.5681 -4.48236 0
      vertex 19.5681 -4.48236 2
    endloop
  endfacet
  facet normal 0.980814 -0.194947 0
    outer loop
      vertex 19.5681 -4.48236 0
      vertex 19.5171 -4.73895 2
      vertex 19.5171 -4.73895 0
    endloop
  endfacet
  facet normal -0.751826 -0.659362 0
    outer loop
      vertex 23.0867 -3.78248 0
      vertex 22.9142 -3.58579 2
      vertex 22.9142 -3.58579 0
    endloop
  endfacet
  facet normal -0.751826 -0.659362 0
    outer loop
      vertex 22.9142 -3.58579 2
      vertex 23.0867 -3.78248 0
      vertex 23.0867 -3.78248 2
    endloop
  endfacet
  facet normal 0.0653902 0.99786 -0
    outer loop
      vertex 21.5 -7 0
      vertex 21.2389 -6.98289 2
      vertex 21.5 -7 2
    endloop
  endfacet
  facet normal 0.0653902 0.99786 0
    outer loop
      vertex 21.2389 -6.98289 2
      vertex 21.5 -7 0
      vertex 21.2389 -6.98289 0
    endloop
  endfacet
  facet normal -0.0653902 -0.99786 0
    outer loop
      vertex 21.5 -3 0
      vertex 21.7611 -3.01711 2
      vertex 21.5 -3 2
    endloop
  endfacet
  facet normal -0.0653902 -0.99786 -0
    outer loop
      vertex 21.7611 -3.01711 2
      vertex 21.5 -3 0
      vertex 21.7611 -3.01711 0
    endloop
  endfacet
  facet normal 0.946922 0.321463 0
    outer loop
      vertex 19.6522 -5.76537 2
      vertex 19.5681 -5.51764 0
      vertex 19.5681 -5.51764 2
    endloop
  endfacet
  facet normal 0.946922 0.321463 0
    outer loop
      vertex 19.5681 -5.51764 0
      vertex 19.6522 -5.76537 2
      vertex 19.6522 -5.76537 0
    endloop
  endfacet
  facet normal -0.831544 -0.555459 0
    outer loop
      vertex 23.232 -4 0
      vertex 23.0867 -3.78248 2
      vertex 23.0867 -3.78248 0
    endloop
  endfacet
  facet normal -0.831544 -0.555459 0
    outer loop
      vertex 23.0867 -3.78248 2
      vertex 23.232 -4 0
      vertex 23.232 -4 2
    endloop
  endfacet
  facet normal -0.5556 -0.83145 0
    outer loop
      vertex 22.5 -3.26795 0
      vertex 22.7175 -3.41329 2
      vertex 22.5 -3.26795 2
    endloop
  endfacet
  facet normal -0.5556 -0.83145 -0
    outer loop
      vertex 22.7175 -3.41329 2
      vertex 22.5 -3.26795 0
      vertex 22.7175 -3.41329 0
    endloop
  endfacet
  facet normal 0.321348 -0.946961 0
    outer loop
      vertex 20.7346 -3.15224 0
      vertex 20.9824 -3.06815 2
      vertex 20.7346 -3.15224 2
    endloop
  endfacet
  facet normal 0.321348 -0.946961 0
    outer loop
      vertex 20.9824 -3.06815 2
      vertex 20.7346 -3.15224 0
      vertex 20.9824 -3.06815 0
    endloop
  endfacet
  facet normal -0.997861 0.0653646 0
    outer loop
      vertex 23.4829 -5.26105 0
      vertex 23.5 -5 2
      vertex 23.5 -5 0
    endloop
  endfacet
  facet normal -0.997861 0.0653646 0
    outer loop
      vertex 23.5 -5 2
      vertex 23.4829 -5.26105 0
      vertex 23.4829 -5.26105 2
    endloop
  endfacet
  facet normal 0.997861 -0.0653646 0
    outer loop
      vertex 19.5 -5 2
      vertex 19.5171 -4.73895 0
      vertex 19.5171 -4.73895 2
    endloop
  endfacet
  facet normal 0.997861 -0.0653646 0
    outer loop
      vertex 19.5171 -4.73895 0
      vertex 19.5 -5 2
      vertex 19.5 -5 0
    endloop
  endfacet
  facet normal -0.442344 0.896845 0
    outer loop
      vertex 22.5 -6.73205 0
      vertex 22.2654 -6.84776 2
      vertex 22.5 -6.73205 2
    endloop
  endfacet
  facet normal -0.442344 0.896845 0
    outer loop
      vertex 22.2654 -6.84776 2
      vertex 22.5 -6.73205 0
      vertex 22.2654 -6.84776 0
    endloop
  endfacet
  facet normal -0.896731 0.442575 0
    outer loop
      vertex 23.232 -6 0
      vertex 23.3478 -5.76537 2
      vertex 23.3478 -5.76537 0
    endloop
  endfacet
  facet normal -0.896731 0.442575 0
    outer loop
      vertex 23.3478 -5.76537 2
      vertex 23.232 -6 0
      vertex 23.232 -6 2
    endloop
  endfacet
  facet normal 0.19516 -0.980771 0
    outer loop
      vertex 20.9824 -3.06815 0
      vertex 21.2389 -3.01711 2
      vertex 20.9824 -3.06815 2
    endloop
  endfacet
  facet normal 0.19516 -0.980771 0
    outer loop
      vertex 21.2389 -3.01711 2
      vertex 20.9824 -3.06815 0
      vertex 21.2389 -3.01711 0
    endloop
  endfacet
  facet normal 0.442344 -0.896845 0
    outer loop
      vertex 20.5 -3.26795 0
      vertex 20.7346 -3.15224 2
      vertex 20.5 -3.26795 2
    endloop
  endfacet
  facet normal 0.442344 -0.896845 0
    outer loop
      vertex 20.7346 -3.15224 2
      vertex 20.5 -3.26795 0
      vertex 20.7346 -3.15224 0
    endloop
  endfacet
  facet normal 0.831368 0.555723 0
    outer loop
      vertex 19.9133 -6.21752 2
      vertex 19.7679 -6 0
      vertex 19.7679 -6 2
    endloop
  endfacet
  facet normal 0.831368 0.555723 0
    outer loop
      vertex 19.7679 -6 0
      vertex 19.9133 -6.21752 2
      vertex 19.9133 -6.21752 0
    endloop
  endfacet
  facet normal -0.19516 -0.980771 0
    outer loop
      vertex 21.7611 -3.01711 0
      vertex 22.0176 -3.06815 2
      vertex 21.7611 -3.01711 2
    endloop
  endfacet
  facet normal -0.19516 -0.980771 -0
    outer loop
      vertex 22.0176 -3.06815 2
      vertex 21.7611 -3.01711 0
      vertex 22.0176 -3.06815 0
    endloop
  endfacet
  facet normal -0.5556 0.83145 0
    outer loop
      vertex 22.7175 -6.58671 0
      vertex 22.5 -6.73205 2
      vertex 22.7175 -6.58671 2
    endloop
  endfacet
  facet normal -0.5556 0.83145 0
    outer loop
      vertex 22.5 -6.73205 2
      vertex 22.7175 -6.58671 0
      vertex 22.5 -6.73205 0
    endloop
  endfacet
  facet normal -0.321348 -0.946961 0
    outer loop
      vertex 22.0176 -3.06815 0
      vertex 22.2654 -3.15224 2
      vertex 22.0176 -3.06815 2
    endloop
  endfacet
  facet normal -0.321348 -0.946961 -0
    outer loop
      vertex 22.2654 -3.15224 2
      vertex 22.0176 -3.06815 0
      vertex 22.2654 -3.15224 0
    endloop
  endfacet
  facet normal 0.997861 0.0653646 0
    outer loop
      vertex 19.5171 -5.26105 2
      vertex 19.5 -5 0
      vertex 19.5 -5 2
    endloop
  endfacet
  facet normal 0.997861 0.0653646 0
    outer loop
      vertex 19.5 -5 0
      vertex 19.5171 -5.26105 2
      vertex 19.5171 -5.26105 0
    endloop
  endfacet
  facet normal -0.896731 -0.442575 0
    outer loop
      vertex 23.3478 -4.23463 0
      vertex 23.232 -4 2
      vertex 23.232 -4 0
    endloop
  endfacet
  facet normal -0.896731 -0.442575 0
    outer loop
      vertex 23.232 -4 2
      vertex 23.3478 -4.23463 0
      vertex 23.3478 -4.23463 2
    endloop
  endfacet
  facet normal 0.19516 0.980771 -0
    outer loop
      vertex 21.2389 -6.98289 0
      vertex 20.9824 -6.93185 2
      vertex 21.2389 -6.98289 2
    endloop
  endfacet
  facet normal 0.19516 0.980771 0
    outer loop
      vertex 20.9824 -6.93185 2
      vertex 21.2389 -6.98289 0
      vertex 20.9824 -6.93185 0
    endloop
  endfacet
  facet normal -0.946922 -0.321463 0
    outer loop
      vertex 23.4319 -4.48236 0
      vertex 23.3478 -4.23463 2
      vertex 23.3478 -4.23463 0
    endloop
  endfacet
  facet normal -0.946922 -0.321463 0
    outer loop
      vertex 23.3478 -4.23463 2
      vertex 23.4319 -4.48236 0
      vertex 23.4319 -4.48236 2
    endloop
  endfacet
  facet normal -0.659343 -0.751842 0
    outer loop
      vertex 22.7175 -3.41329 0
      vertex 22.9142 -3.58579 2
      vertex 22.7175 -3.41329 2
    endloop
  endfacet
  facet normal -0.659343 -0.751842 -0
    outer loop
      vertex 22.9142 -3.58579 2
      vertex 22.7175 -3.41329 0
      vertex 22.9142 -3.58579 0
    endloop
  endfacet
  facet normal -0.321348 0.946961 0
    outer loop
      vertex 22.2654 -6.84776 0
      vertex 22.0176 -6.93185 2
      vertex 22.2654 -6.84776 2
    endloop
  endfacet
  facet normal -0.321348 0.946961 0
    outer loop
      vertex 22.0176 -6.93185 2
      vertex 22.2654 -6.84776 0
      vertex 22.0176 -6.93185 0
    endloop
  endfacet
  facet normal 0.831368 -0.555723 0
    outer loop
      vertex 19.7679 -4 2
      vertex 19.9133 -3.78248 0
      vertex 19.9133 -3.78248 2
    endloop
  endfacet
  facet normal 0.831368 -0.555723 0
    outer loop
      vertex 19.9133 -3.78248 0
      vertex 19.7679 -4 2
      vertex 19.7679 -4 0
    endloop
  endfacet
  facet normal 0.442344 0.896845 -0
    outer loop
      vertex 20.7346 -6.84776 0
      vertex 20.5 -6.73205 2
      vertex 20.7346 -6.84776 2
    endloop
  endfacet
  facet normal 0.442344 0.896845 0
    outer loop
      vertex 20.5 -6.73205 2
      vertex 20.7346 -6.84776 0
      vertex 20.5 -6.73205 0
    endloop
  endfacet
  facet normal 1 -0 0
    outer loop
      vertex 28.5 141 2
      vertex 28.5 151 0
      vertex 28.5 151 2
    endloop
  endfacet
  facet normal 1 0 0
    outer loop
      vertex 28.5 151 0
      vertex 28.5 141 2
      vertex 28.5 141 0
    endloop
  endfacet
  facet normal 0 0 1
    outer loop
      vertex 28.5 151 2
      vertex 23.5 146 2
      vertex 28.5 141 2
    endloop
  endfacet
  facet normal 0 0 1
    outer loop
      vertex 28.5 151 2
      vertex 23.4829 146.261 2
      vertex 23.5 146 2
    endloop
  endfacet
  facet normal 0 0 1
    outer loop
      vertex 28.5 151 2
      vertex 23.4319 146.518 2
      vertex 23.4829 146.261 2
    endloop
  endfacet
  facet normal 0 0 1
    outer loop
      vertex 28.5 151 2
      vertex 23.3478 146.765 2
      vertex 23.4319 146.518 2
    endloop
  endfacet
  facet normal 0 0 1
    outer loop
      vertex 28.5 151 2
      vertex 23.232 147 2
      vertex 23.3478 146.765 2
    endloop
  endfacet
  facet normal 0 0 1
    outer loop
      vertex 28.5 151 2
      vertex 23.0867 147.218 2
      vertex 23.232 147 2
    endloop
  endfacet
  facet normal 0 0 1
    outer loop
      vertex 28.5 151 2
      vertex 22.9142 147.414 2
      vertex 23.0867 147.218 2
    endloop
  endfacet
  facet normal 0 0 1
    outer loop
      vertex 28.5 151 2
      vertex 22.7175 147.587 2
      vertex 22.9142 147.414 2
    endloop
  endfacet
  facet normal 0 0 1
    outer loop
      vertex 28.5 151 2
      vertex 22.5 147.732 2
      vertex 22.7175 147.587 2
    endloop
  endfacet
  facet normal 0 0 1
    outer loop
      vertex 28.5 151 2
      vertex 22.2654 147.848 2
      vertex 22.5 147.732 2
    endloop
  endfacet
  facet normal 0 0 1
    outer loop
      vertex 28.5 151 2
      vertex 22.0176 147.932 2
      vertex 22.2654 147.848 2
    endloop
  endfacet
  facet normal 0 0 1
    outer loop
      vertex 28.5 151 2
      vertex 21.7611 147.983 2
      vertex 22.0176 147.932 2
    endloop
  endfacet
  facet normal 0 0 1
    outer loop
      vertex 28.5 151 2
      vertex 21.5 148 2
      vertex 21.7611 147.983 2
    endloop
  endfacet
  facet normal -0 0 1
    outer loop
      vertex 14.5 151 2
      vertex 21.5 148 2
      vertex 28.5 151 2
    endloop
  endfacet
  facet normal 0 0 1
    outer loop
      vertex 21.5 148 2
      vertex 14.5 151 2
      vertex 21.2389 147.983 2
    endloop
  endfacet
  facet normal 0 0 1
    outer loop
      vertex 21.2389 147.983 2
      vertex 14.5 151 2
      vertex 20.9824 147.932 2
    endloop
  endfacet
  facet normal 0 0 1
    outer loop
      vertex 19.5171 146.261 2
      vertex 14.5 151 2
      vertex 19.5 146 2
    endloop
  endfacet
  facet normal 0 0 1
    outer loop
      vertex 19.5681 146.518 2
      vertex 14.5 151 2
      vertex 19.5171 146.261 2
    endloop
  endfacet
  facet normal 0 0 1
    outer loop
      vertex 19.6522 146.765 2
      vertex 14.5 151 2
      vertex 19.5681 146.518 2
    endloop
  endfacet
  facet normal 0 0 1
    outer loop
      vertex 19.7679 147 2
      vertex 14.5 151 2
      vertex 19.6522 146.765 2
    endloop
  endfacet
  facet normal 0 0 1
    outer loop
      vertex 19.9133 147.218 2
      vertex 14.5 151 2
      vertex 19.7679 147 2
    endloop
  endfacet
  facet normal 0 0 1
    outer loop
      vertex 20.0858 147.414 2
      vertex 14.5 151 2
      vertex 19.9133 147.218 2
    endloop
  endfacet
  facet normal 0 0 1
    outer loop
      vertex 20.2825 147.587 2
      vertex 14.5 151 2
      vertex 20.0858 147.414 2
    endloop
  endfacet
  facet normal 0 0 1
    outer loop
      vertex 20.5 147.732 2
      vertex 14.5 151 2
      vertex 20.2825 147.587 2
    endloop
  endfacet
  facet normal 0 0 1
    outer loop
      vertex 20.7346 147.848 2
      vertex 14.5 151 2
      vertex 20.5 147.732 2
    endloop
  endfacet
  facet normal 0 0 1
    outer loop
      vertex 20.9824 147.932 2
      vertex 14.5 151 2
      vertex 20.7346 147.848 2
    endloop
  endfacet
  facet normal -0 0 1
    outer loop
      vertex 23.4829 145.739 2
      vertex 28.5 141 2
      vertex 23.5 146 2
    endloop
  endfacet
  facet normal -0 0 1
    outer loop
      vertex 23.4319 145.482 2
      vertex 28.5 141 2
      vertex 23.4829 145.739 2
    endloop
  endfacet
  facet normal -0 0 1
    outer loop
      vertex 23.3478 145.235 2
      vertex 28.5 141 2
      vertex 23.4319 145.482 2
    endloop
  endfacet
  facet normal -0 0 1
    outer loop
      vertex 23.232 145 2
      vertex 28.5 141 2
      vertex 23.3478 145.235 2
    endloop
  endfacet
  facet normal -0 0 1
    outer loop
      vertex 23.0867 144.782 2
      vertex 28.5 141 2
      vertex 23.232 145 2
    endloop
  endfacet
  facet normal -0 0 1
    outer loop
      vertex 22.9142 144.586 2
      vertex 28.5 141 2
      vertex 23.0867 144.782 2
    endloop
  endfacet
  facet normal -0 0 1
    outer loop
      vertex 22.7175 144.413 2
      vertex 28.5 141 2
      vertex 22.9142 144.586 2
    endloop
  endfacet
  facet normal -0 0 1
    outer loop
      vertex 22.5 144.268 2
      vertex 28.5 141 2
      vertex 22.7175 144.413 2
    endloop
  endfacet
  facet normal -0 0 1
    outer loop
      vertex 22.2654 144.152 2
      vertex 28.5 141 2
      vertex 22.5 144.268 2
    endloop
  endfacet
  facet normal -0 0 1
    outer loop
      vertex 22.0176 144.068 2
      vertex 28.5 141 2
      vertex 22.2654 144.152 2
    endloop
  endfacet
  facet normal -0 0 1
    outer loop
      vertex 21.7611 144.017 2
      vertex 28.5 141 2
      vertex 22.0176 144.068 2
    endloop
  endfacet
  facet normal -0 0 1
    outer loop
      vertex 21.5 144 2
      vertex 28.5 141 2
      vertex 21.7611 144.017 2
    endloop
  endfacet
  facet normal 0 0 1
    outer loop
      vertex 14.5 141 2
      vertex 21.5 144 2
      vertex 21.2389 144.017 2
    endloop
  endfacet
  facet normal 0 0 1
    outer loop
      vertex 14.5 141 2
      vertex 21.2389 144.017 2
      vertex 20.9824 144.068 2
    endloop
  endfacet
  facet normal 0 0 1
    outer loop
      vertex 14.5 141 2
      vertex 20.9824 144.068 2
      vertex 20.7346 144.152 2
    endloop
  endfacet
  facet normal 0 0 1
    outer loop
      vertex 14.5 141 2
      vertex 19.5 146 2
      vertex 14.5 151 2
    endloop
  endfacet
  facet normal 0 0 1
    outer loop
      vertex 19.5 146 2
      vertex 14.5 141 2
      vertex 19.5171 145.739 2
    endloop
  endfacet
  facet normal 0 0 1
    outer loop
      vertex 19.5171 145.739 2
      vertex 14.5 141 2
      vertex 19.5681 145.482 2
    endloop
  endfacet
  facet normal 0 0 1
    outer loop
      vertex 19.5681 145.482 2
      vertex 14.5 141 2
      vertex 19.6522 145.235 2
    endloop
  endfacet
  facet normal 0 0 1
    outer loop
      vertex 19.6522 145.235 2
      vertex 14.5 141 2
      vertex 19.7679 145 2
    endloop
  endfacet
  facet normal 0 0 1
    outer loop
      vertex 21.5 144 2
      vertex 14.5 141 2
      vertex 28.5 141 2
    endloop
  endfacet
  facet normal 0 0 1
    outer loop
      vertex 20.5 144.268 2
      vertex 14.5 141 2
      vertex 20.7346 144.152 2
    endloop
  endfacet
  facet normal 0 0 1
    outer loop
      vertex 20.2825 144.413 2
      vertex 14.5 141 2
      vertex 20.5 144.268 2
    endloop
  endfacet
  facet normal 0 0 1
    outer loop
      vertex 20.0858 144.586 2
      vertex 14.5 141 2
      vertex 20.2825 144.413 2
    endloop
  endfacet
  facet normal 0 0 1
    outer loop
      vertex 19.9133 144.782 2
      vertex 14.5 141 2
      vertex 20.0858 144.586 2
    endloop
  endfacet
  facet normal 0 0 1
    outer loop
      vertex 19.7679 145 2
      vertex 14.5 141 2
      vertex 19.9133 144.782 2
    endloop
  endfacet
  facet normal -1 0 0
    outer loop
      vertex 14.5 141 0
      vertex 14.5 151 2
      vertex 14.5 151 0
    endloop
  endfacet
  facet normal -1 -0 0
    outer loop
      vertex 14.5 151 2
      vertex 14.5 141 0
      vertex 14.5 141 2
    endloop
  endfacet
  facet normal 0 1 -0
    outer loop
      vertex 28.5 151 0
      vertex 14.5 151 2
      vertex 28.5 151 2
    endloop
  endfacet
  facet normal 0 1 0
    outer loop
      vertex 14.5 151 2
      vertex 28.5 151 0
      vertex 14.5 151 0
    endloop
  endfacet
  facet normal -0.980873 0.194648 0
    outer loop
      vertex 23.4319 145.482 0
      vertex 23.4829 145.739 2
      vertex 23.4829 145.739 0
    endloop
  endfacet
  facet normal -0.980873 0.194648 0
    outer loop
      vertex 23.4829 145.739 2
      vertex 23.4319 145.482 0
      vertex 23.4319 145.482 2
    endloop
  endfacet
  facet normal -0.195013 0.980801 0
    outer loop
      vertex 22.0176 144.068 0
      vertex 21.7611 144.017 2
      vertex 22.0176 144.068 2
    endloop
  endfacet
  facet normal -0.195013 0.980801 0
    outer loop
      vertex 21.7611 144.017 2
      vertex 22.0176 144.068 0
      vertex 21.7611 144.017 0
    endloop
  endfacet
  facet normal -0.980873 -0.194648 0
    outer loop
      vertex 23.4829 146.261 0
      vertex 23.4319 146.518 2
      vertex 23.4319 146.518 0
    endloop
  endfacet
  facet normal -0.980873 -0.194648 0
    outer loop
      vertex 23.4319 146.518 2
      vertex 23.4829 146.261 0
      vertex 23.4829 146.261 2
    endloop
  endfacet
  facet normal -0.997861 -0.0653771 0
    outer loop
      vertex 23.5 146 0
      vertex 23.4829 146.261 2
      vertex 23.4829 146.261 0
    endloop
  endfacet
  facet normal -0.997861 -0.0653771 0
    outer loop
      vertex 23.4829 146.261 2
      vertex 23.5 146 0
      vertex 23.5 146 2
    endloop
  endfacet
  facet normal 0.5547 0.83205 -0
    outer loop
      vertex 20.5 144.268 0
      vertex 20.2825 144.413 2
      vertex 20.5 144.268 2
    endloop
  endfacet
  facet normal 0.5547 0.83205 0
    outer loop
      vertex 20.2825 144.413 2
      vertex 20.5 144.268 0
      vertex 20.2825 144.413 0
    endloop
  endfacet
  facet normal 0.897159 -0.441708 0
    outer loop
      vertex 19.6522 146.765 2
      vertex 19.7679 147 0
      vertex 19.7679 147 2
    endloop
  endfacet
  facet normal 0.897159 -0.441708 0
    outer loop
      vertex 19.7679 147 0
      vertex 19.6522 146.765 2
      vertex 19.6522 146.765 0
    endloop
  endfacet
  facet normal 0.750676 0.660671 0
    outer loop
      vertex 20.0858 144.586 2
      vertex 19.9133 144.782 0
      vertex 19.9133 144.782 2
    endloop
  endfacet
  facet normal 0.750676 0.660671 0
    outer loop
      vertex 19.9133 144.782 0
      vertex 20.0858 144.586 2
      vertex 20.0858 144.586 0
    endloop
  endfacet
  facet normal 0.321039 0.947066 -0
    outer loop
      vertex 20.9824 144.068 0
      vertex 20.7346 144.152 2
      vertex 20.9824 144.068 2
    endloop
  endfacet
  facet normal 0.321039 0.947066 0
    outer loop
      vertex 20.7346 144.152 2
      vertex 20.9824 144.068 0
      vertex 20.7346 144.152 0
    endloop
  endfacet
  facet normal 0.660421 0.750895 -0
    outer loop
      vertex 20.2825 144.413 0
      vertex 20.0858 144.586 2
      vertex 20.2825 144.413 2
    endloop
  endfacet
  facet normal 0.660421 0.750895 0
    outer loop
      vertex 20.0858 144.586 2
      vertex 20.2825 144.413 0
      vertex 20.0858 144.586 0
    endloop
  endfacet
  facet normal 0.750676 -0.660671 0
    outer loop
      vertex 19.9133 147.218 2
      vertex 20.0858 147.414 0
      vertex 20.0858 147.414 2
    endloop
  endfacet
  facet normal 0.750676 -0.660671 0
    outer loop
      vertex 20.0858 147.414 0
      vertex 19.9133 147.218 2
      vertex 19.9133 147.218 0
    endloop
  endfacet
  facet normal 0.5547 -0.83205 0
    outer loop
      vertex 20.2825 147.587 0
      vertex 20.5 147.732 2
      vertex 20.2825 147.587 2
    endloop
  endfacet
  facet normal 0.5547 -0.83205 0
    outer loop
      vertex 20.5 147.732 2
      vertex 20.2825 147.587 0
      vertex 20.5 147.732 0
    endloop
  endfacet
  facet normal -0.750676 0.660671 0
    outer loop
      vertex 22.9142 144.586 0
      vertex 23.0867 144.782 2
      vertex 23.0867 144.782 0
    endloop
  endfacet
  facet normal -0.750676 0.660671 0
    outer loop
      vertex 23.0867 144.782 2
      vertex 22.9142 144.586 0
      vertex 22.9142 144.586 2
    endloop
  endfacet
  facet normal 0.897159 0.441708 0
    outer loop
      vertex 19.7679 145 2
      vertex 19.6522 145.235 0
      vertex 19.6522 145.235 2
    endloop
  endfacet
  facet normal 0.897159 0.441708 0
    outer loop
      vertex 19.6522 145.235 0
      vertex 19.7679 145 2
      vertex 19.7679 145 0
    endloop
  endfacet
  facet normal 0.660421 -0.750895 0
    outer loop
      vertex 20.0858 147.414 0
      vertex 20.2825 147.587 2
      vertex 20.0858 147.414 2
    endloop
  endfacet
  facet normal 0.660421 -0.750895 0
    outer loop
      vertex 20.2825 147.587 2
      vertex 20.0858 147.414 0
      vertex 20.2825 147.587 0
    endloop
  endfacet
  facet normal -0.443235 -0.896405 0
    outer loop
      vertex 22.2654 147.848 0
      vertex 22.5 147.732 2
      vertex 22.2654 147.848 2
    endloop
  endfacet
  facet normal -0.443235 -0.896405 -0
    outer loop
      vertex 22.5 147.732 2
      vertex 22.2654 147.848 0
      vertex 22.5 147.732 0
    endloop
  endfacet
  facet normal -0.946632 0.322315 0
    outer loop
      vertex 23.3478 145.235 0
      vertex 23.4319 145.482 2
      vertex 23.4319 145.482 0
    endloop
  endfacet
  facet normal -0.946632 0.322315 0
    outer loop
      vertex 23.4319 145.482 2
      vertex 23.3478 145.235 0
      vertex 23.3478 145.235 2
    endloop
  endfacet
  facet normal -0.660421 0.750895 0
    outer loop
      vertex 22.9142 144.586 0
      vertex 22.7175 144.413 2
      vertex 22.9142 144.586 2
    endloop
  endfacet
  facet normal -0.660421 0.750895 0
    outer loop
      vertex 22.7175 144.413 2
      vertex 22.9142 144.586 0
      vertex 22.7175 144.413 0
    endloop
  endfacet
  facet normal -0.0649716 0.997887 0
    outer loop
      vertex 21.7611 144.017 0
      vertex 21.5 144 2
      vertex 21.7611 144.017 2
    endloop
  endfacet
  facet normal -0.0649716 0.997887 0
    outer loop
      vertex 21.5 144 2
      vertex 21.7611 144.017 0
      vertex 21.5 144 0
    endloop
  endfacet
  facet normal -0.832109 0.554612 0
    outer loop
      vertex 23.0867 144.782 0
      vertex 23.232 145 2
      vertex 23.232 145 0
    endloop
  endfacet
  facet normal -0.832109 0.554612 0
    outer loop
      vertex 23.232 145 2
      vertex 23.0867 144.782 0
      vertex 23.0867 144.782 2
    endloop
  endfacet
  facet normal 0.946632 -0.322315 0
    outer loop
      vertex 19.5681 146.518 2
      vertex 19.6522 146.765 0
      vertex 19.6522 146.765 2
    endloop
  endfacet
  facet normal 0.946632 -0.322315 0
    outer loop
      vertex 19.6522 146.765 0
      vertex 19.5681 146.518 2
      vertex 19.5681 146.518 0
    endloop
  endfacet
  facet normal 0.0649716 -0.997887 0
    outer loop
      vertex 21.2389 147.983 0
      vertex 21.5 148 2
      vertex 21.2389 147.983 2
    endloop
  endfacet
  facet normal 0.0649716 -0.997887 0
    outer loop
      vertex 21.5 148 2
      vertex 21.2389 147.983 0
      vertex 21.5 148 0
    endloop
  endfacet
  facet normal 0.980873 0.194648 0
    outer loop
      vertex 19.5681 145.482 2
      vertex 19.5171 145.739 0
      vertex 19.5171 145.739 2
    endloop
  endfacet
  facet normal 0.980873 0.194648 0
    outer loop
      vertex 19.5171 145.739 0
      vertex 19.5681 145.482 2
      vertex 19.5681 145.482 0
    endloop
  endfacet
  facet normal 0.980873 -0.194648 0
    outer loop
      vertex 19.5171 146.261 2
      vertex 19.5681 146.518 0
      vertex 19.5681 146.518 2
    endloop
  endfacet
  facet normal 0.980873 -0.194648 0
    outer loop
      vertex 19.5681 146.518 0
      vertex 19.5171 146.261 2
      vertex 19.5171 146.261 0
    endloop
  endfacet
  facet normal -0.750676 -0.660671 0
    outer loop
      vertex 23.0867 147.218 0
      vertex 22.9142 147.414 2
      vertex 22.9142 147.414 0
    endloop
  endfacet
  facet normal -0.750676 -0.660671 0
    outer loop
      vertex 22.9142 147.414 2
      vertex 23.0867 147.218 0
      vertex 23.0867 147.218 2
    endloop
  endfacet
  facet normal 0.0649716 0.997887 -0
    outer loop
      vertex 21.5 144 0
      vertex 21.2389 144.017 2
      vertex 21.5 144 2
    endloop
  endfacet
  facet normal 0.0649716 0.997887 0
    outer loop
      vertex 21.2389 144.017 2
      vertex 21.5 144 0
      vertex 21.2389 144.017 0
    endloop
  endfacet
  facet normal -0.0649716 -0.997887 0
    outer loop
      vertex 21.5 148 0
      vertex 21.7611 147.983 2
      vertex 21.5 148 2
    endloop
  endfacet
  facet normal -0.0649716 -0.997887 -0
    outer loop
      vertex 21.7611 147.983 2
      vertex 21.5 148 0
      vertex 21.7611 147.983 0
    endloop
  endfacet
  facet normal 0.946632 0.322315 0
    outer loop
      vertex 19.6522 145.235 2
      vertex 19.5681 145.482 0
      vertex 19.5681 145.482 2
    endloop
  endfacet
  facet normal 0.946632 0.322315 0
    outer loop
      vertex 19.5681 145.482 0
      vertex 19.6522 145.235 2
      vertex 19.6522 145.235 0
    endloop
  endfacet
  facet normal -0.832109 -0.554612 0
    outer loop
      vertex 23.232 147 0
      vertex 23.0867 147.218 2
      vertex 23.0867 147.218 0
    endloop
  endfacet
  facet normal -0.832109 -0.554612 0
    outer loop
      vertex 23.0867 147.218 2
      vertex 23.232 147 0
      vertex 23.232 147 2
    endloop
  endfacet
  facet normal -0.5547 -0.83205 0
    outer loop
      vertex 22.5 147.732 0
      vertex 22.7175 147.587 2
      vertex 22.5 147.732 2
    endloop
  endfacet
  facet normal -0.5547 -0.83205 -0
    outer loop
      vertex 22.7175 147.587 2
      vertex 22.5 147.732 0
      vertex 22.7175 147.587 0
    endloop
  endfacet
  facet normal 0.321039 -0.947066 0
    outer loop
      vertex 20.7346 147.848 0
      vertex 20.9824 147.932 2
      vertex 20.7346 147.848 2
    endloop
  endfacet
  facet normal 0.321039 -0.947066 0
    outer loop
      vertex 20.9824 147.932 2
      vertex 20.7346 147.848 0
      vertex 20.9824 147.932 0
    endloop
  endfacet
  facet normal -0.997861 0.0653771 0
    outer loop
      vertex 23.4829 145.739 0
      vertex 23.5 146 2
      vertex 23.5 146 0
    endloop
  endfacet
  facet normal -0.997861 0.0653771 0
    outer loop
      vertex 23.5 146 2
      vertex 23.4829 145.739 0
      vertex 23.4829 145.739 2
    endloop
  endfacet
  facet normal 0.997861 -0.0653771 0
    outer loop
      vertex 19.5 146 2
      vertex 19.5171 146.261 0
      vertex 19.5171 146.261 2
    endloop
  endfacet
  facet normal 0.997861 -0.0653771 0
    outer loop
      vertex 19.5171 146.261 0
      vertex 19.5 146 2
      vertex 19.5 146 0
    endloop
  endfacet
  facet normal -0.443235 0.896405 0
    outer loop
      vertex 22.5 144.268 0
      vertex 22.2654 144.152 2
      vertex 22.5 144.268 2
    endloop
  endfacet
  facet normal -0.443235 0.896405 0
    outer loop
      vertex 22.2654 144.152 2
      vertex 22.5 144.268 0
      vertex 22.2654 144.152 0
    endloop
  endfacet
  facet normal -0.897008 0.442015 0
    outer loop
      vertex 23.232 145 0
      vertex 23.3478 145.235 2
      vertex 23.3478 145.235 0
    endloop
  endfacet
  facet normal -0.897008 0.442015 0
    outer loop
      vertex 23.3478 145.235 2
      vertex 23.232 145 0
      vertex 23.232 145 2
    endloop
  endfacet
  facet normal 0.195013 -0.980801 0
    outer loop
      vertex 20.9824 147.932 0
      vertex 21.2389 147.983 2
      vertex 20.9824 147.932 2
    endloop
  endfacet
  facet normal 0.195013 -0.980801 0
    outer loop
      vertex 21.2389 147.983 2
      vertex 20.9824 147.932 0
      vertex 21.2389 147.983 0
    endloop
  endfacet
  facet normal 0.443235 -0.896405 0
    outer loop
      vertex 20.5 147.732 0
      vertex 20.7346 147.848 2
      vertex 20.5 147.732 2
    endloop
  endfacet
  facet normal 0.443235 -0.896405 0
    outer loop
      vertex 20.7346 147.848 2
      vertex 20.5 147.732 0
      vertex 20.7346 147.848 0
    endloop
  endfacet
  facet normal 0.831933 0.554876 0
    outer loop
      vertex 19.9133 144.782 2
      vertex 19.7679 145 0
      vertex 19.7679 145 2
    endloop
  endfacet
  facet normal 0.831933 0.554876 0
    outer loop
      vertex 19.7679 145 0
      vertex 19.9133 144.782 2
      vertex 19.9133 144.782 0
    endloop
  endfacet
  facet normal -0.195013 -0.980801 0
    outer loop
      vertex 21.7611 147.983 0
      vertex 22.0176 147.932 2
      vertex 21.7611 147.983 2
    endloop
  endfacet
  facet normal -0.195013 -0.980801 -0
    outer loop
      vertex 22.0176 147.932 2
      vertex 21.7611 147.983 0
      vertex 22.0176 147.932 0
    endloop
  endfacet
  facet normal -0.5547 0.83205 0
    outer loop
      vertex 22.7175 144.413 0
      vertex 22.5 144.268 2
      vertex 22.7175 144.413 2
    endloop
  endfacet
  facet normal -0.5547 0.83205 0
    outer loop
      vertex 22.5 144.268 2
      vertex 22.7175 144.413 0
      vertex 22.5 144.268 0
    endloop
  endfacet
  facet normal -0.321039 -0.947066 0
    outer loop
      vertex 22.0176 147.932 0
      vertex 22.2654 147.848 2
      vertex 22.0176 147.932 2
    endloop
  endfacet
  facet normal -0.321039 -0.947066 -0
    outer loop
      vertex 22.2654 147.848 2
      vertex 22.0176 147.932 0
      vertex 22.2654 147.848 0
    endloop
  endfacet
  facet normal 0.997861 0.0653771 0
    outer loop
      vertex 19.5171 145.739 2
      vertex 19.5 146 0
      vertex 19.5 146 2
    endloop
  endfacet
  facet normal 0.997861 0.0653771 0
    outer loop
      vertex 19.5 146 0
      vertex 19.5171 145.739 2
      vertex 19.5171 145.739 0
    endloop
  endfacet
  facet normal -0.897008 -0.442015 0
    outer loop
      vertex 23.3478 146.765 0
      vertex 23.232 147 2
      vertex 23.232 147 0
    endloop
  endfacet
  facet normal -0.897008 -0.442015 0
    outer loop
      vertex 23.232 147 2
      vertex 23.3478 146.765 0
      vertex 23.3478 146.765 2
    endloop
  endfacet
  facet normal 0.195013 0.980801 -0
    outer loop
      vertex 21.2389 144.017 0
      vertex 20.9824 144.068 2
      vertex 21.2389 144.017 2
    endloop
  endfacet
  facet normal 0.195013 0.980801 0
    outer loop
      vertex 20.9824 144.068 2
      vertex 21.2389 144.017 0
      vertex 20.9824 144.068 0
    endloop
  endfacet
  facet normal -0.946632 -0.322315 0
    outer loop
      vertex 23.4319 146.518 0
      vertex 23.3478 146.765 2
      vertex 23.3478 146.765 0
    endloop
  endfacet
  facet normal -0.946632 -0.322315 0
    outer loop
      vertex 23.3478 146.765 2
      vertex 23.4319 146.518 0
      vertex 23.4319 146.518 2
    endloop
  endfacet
  facet normal -0.660421 -0.750895 0
    outer loop
      vertex 22.7175 147.587 0
      vertex 22.9142 147.414 2
      vertex 22.7175 147.587 2
    endloop
  endfacet
  facet normal -0.660421 -0.750895 -0
    outer loop
      vertex 22.9142 147.414 2
      vertex 22.7175 147.587 0
      vertex 22.9142 147.414 0
    endloop
  endfacet
  facet normal -0.321039 0.947066 0
    outer loop
      vertex 22.2654 144.152 0
      vertex 22.0176 144.068 2
      vertex 22.2654 144.152 2
    endloop
  endfacet
  facet normal -0.321039 0.947066 0
    outer loop
      vertex 22.0176 144.068 2
      vertex 22.2654 144.152 0
      vertex 22.0176 144.068 0
    endloop
  endfacet
  facet normal 0.831933 -0.554876 0
    outer loop
      vertex 19.7679 147 2
      vertex 19.9133 147.218 0
      vertex 19.9133 147.218 2
    endloop
  endfacet
  facet normal 0.831933 -0.554876 0
    outer loop
      vertex 19.9133 147.218 0
      vertex 19.7679 147 2
      vertex 19.7679 147 0
    endloop
  endfacet
  facet normal 0.443235 0.896405 -0
    outer loop
      vertex 20.7346 144.152 0
      vertex 20.5 144.268 2
      vertex 20.7346 144.152 2
    endloop
  endfacet
  facet normal 0.443235 0.896405 0
    outer loop
      vertex 20.5 144.268 2
      vertex 20.7346 144.152 0
      vertex 20.5 144.268 0
    endloop
  endfacet
endsolid OpenSCAD_Model
