solid OpenSCAD_Model
  facet normal 0 0 -1
    outer loop
      vertex -3 -23.02 0
      vertex -10.01 -13.01 0
      vertex -3 -13.01 0
    endloop
  endfacet
  facet normal 0 0 -1
    outer loop
      vertex -16 -23.02 0
      vertex -10.01 -13.01 0
      vertex -3 -23.02 0
    endloop
  endfacet
  facet normal -0 0 -1
    outer loop
      vertex -10.01 -13.01 0
      vertex -16 -23.02 0
      vertex -10.304 -12.9955 0
    endloop
  endfacet
  facet normal -0 0 -1
    outer loop
      vertex -10.304 -12.9955 0
      vertex -16 -23.02 0
      vertex -10.5953 -12.9523 0
    endloop
  endfacet
  facet normal -0 0 -1
    outer loop
      vertex -10.5953 -12.9523 0
      vertex -16 -23.02 0
      vertex -10.8808 -12.8808 0
    endloop
  endfacet
  facet normal -0 0 -1
    outer loop
      vertex -10.8808 -12.8808 0
      vertex -16 -23.02 0
      vertex -11.1581 -12.7816 0
    endloop
  endfacet
  facet normal -0 0 -1
    outer loop
      vertex -11.1581 -12.7816 0
      vertex -16 -23.02 0
      vertex -11.4242 -12.6558 0
    endloop
  endfacet
  facet normal -0 0 -1
    outer loop
      vertex -11.4242 -12.6558 0
      vertex -16 -23.02 0
      vertex -11.6767 -12.5044 0
    endloop
  endfacet
  facet normal -0 0 -1
    outer loop
      vertex -11.6767 -12.5044 0
      vertex -16 -23.02 0
      vertex -11.9132 -12.329 0
    endloop
  endfacet
  facet normal 0 0 -1
    outer loop
      vertex -22 -17.02 0
      vertex -11.9132 -12.329 0
      vertex -16 -23.02 0
    endloop
  endfacet
  facet normal -0 0 -1
    outer loop
      vertex -12.9523 -10.5953 0
      vertex -22 -12.51 0
      vertex -12.9955 -10.304 0
    endloop
  endfacet
  facet normal -0 0 -1
    outer loop
      vertex -12.8808 -10.8808 0
      vertex -22 -12.51 0
      vertex -12.9523 -10.5953 0
    endloop
  endfacet
  facet normal -0 0 -1
    outer loop
      vertex -12.7816 -11.1581 0
      vertex -22 -12.51 0
      vertex -12.8808 -10.8808 0
    endloop
  endfacet
  facet normal -0 0 -1
    outer loop
      vertex -12.6558 -11.4242 0
      vertex -22 -12.51 0
      vertex -12.7816 -11.1581 0
    endloop
  endfacet
  facet normal -0 0 -1
    outer loop
      vertex -12.5044 -11.6767 0
      vertex -22 -12.51 0
      vertex -12.6558 -11.4242 0
    endloop
  endfacet
  facet normal 0 0 -1
    outer loop
      vertex -22 -12.51 0
      vertex -12.5044 -11.6767 0
      vertex -22 -17.02 0
    endloop
  endfacet
  facet normal -0 0 -1
    outer loop
      vertex -12.329 -11.9132 0
      vertex -22 -17.02 0
      vertex -12.5044 -11.6767 0
    endloop
  endfacet
  facet normal -0 0 -1
    outer loop
      vertex -12.1313 -12.1313 0
      vertex -22 -17.02 0
      vertex -12.329 -11.9132 0
    endloop
  endfacet
  facet normal -0 0 -1
    outer loop
      vertex -11.9132 -12.329 0
      vertex -22 -17.02 0
      vertex -12.1313 -12.1313 0
    endloop
  endfacet
  facet normal 0 0 -1
    outer loop
      vertex 12.5044 -11.6767 0
      vertex 22 -12.51 0
      vertex 22 -17.02 0
    endloop
  endfacet
  facet normal 0 0 -1
    outer loop
      vertex 22 -12.51 0
      vertex 13.01 -10.01 0
      vertex 22 12.51 0
    endloop
  endfacet
  facet normal 0 0 -1
    outer loop
      vertex 11.9132 -12.329 0
      vertex 22 -17.02 0
      vertex 21.9711 -17.6081 0
    endloop
  endfacet
  facet normal 0 0 -1
    outer loop
      vertex 13.01 10.01 0
      vertex 22 12.51 0
      vertex 13.01 -10.01 0
    endloop
  endfacet
  facet normal 0 0 -1
    outer loop
      vertex 11.9132 -12.329 0
      vertex 21.9711 -17.6081 0
      vertex 21.8847 -18.1905 0
    endloop
  endfacet
  facet normal 0 0 -1
    outer loop
      vertex 12.9955 10.304 0
      vertex 22 12.51 0
      vertex 13.01 10.01 0
    endloop
  endfacet
  facet normal 0 0 -1
    outer loop
      vertex 11.9132 -12.329 0
      vertex 21.8847 -18.1905 0
      vertex 21.7416 -18.7617 0
    endloop
  endfacet
  facet normal 0 0 -1
    outer loop
      vertex 12.9523 10.5953 0
      vertex 22 12.51 0
      vertex 12.9955 10.304 0
    endloop
  endfacet
  facet normal 0 0 -1
    outer loop
      vertex 11.9132 -12.329 0
      vertex 21.7416 -18.7617 0
      vertex 21.5433 -19.3161 0
    endloop
  endfacet
  facet normal 0 0 -1
    outer loop
      vertex 12.8808 10.8808 0
      vertex 22 12.51 0
      vertex 12.9523 10.5953 0
    endloop
  endfacet
  facet normal 0 0 -1
    outer loop
      vertex 11.9132 -12.329 0
      vertex 21.5433 -19.3161 0
      vertex 21.2915 -19.8484 0
    endloop
  endfacet
  facet normal 0 0 -1
    outer loop
      vertex 12.7816 11.1581 0
      vertex 22 12.51 0
      vertex 12.8808 10.8808 0
    endloop
  endfacet
  facet normal 0 0 -1
    outer loop
      vertex 11.9132 -12.329 0
      vertex 21.2915 -19.8484 0
      vertex 20.9888 -20.3534 0
    endloop
  endfacet
  facet normal 0 0 -1
    outer loop
      vertex 12.6558 11.4242 0
      vertex 22 12.51 0
      vertex 12.7816 11.1581 0
    endloop
  endfacet
  facet normal 0 0 -1
    outer loop
      vertex 11.9132 -12.329 0
      vertex 20.9888 -20.3534 0
      vertex 20.6381 -20.8264 0
    endloop
  endfacet
  facet normal 0 0 -1
    outer loop
      vertex 12.5044 11.6767 0
      vertex 22 12.51 0
      vertex 12.6558 11.4242 0
    endloop
  endfacet
  facet normal 0 0 -1
    outer loop
      vertex 11.9132 -12.329 0
      vertex 20.6381 -20.8264 0
      vertex 20.2426 -21.2626 0
    endloop
  endfacet
  facet normal -0 0 -1
    outer loop
      vertex 22 12.51 0
      vertex 12.5044 11.6767 0
      vertex 22 17.02 0
    endloop
  endfacet
  facet normal 0 0 -1
    outer loop
      vertex 11.9132 -12.329 0
      vertex 20.2426 -21.2626 0
      vertex 19.8064 -21.6581 0
    endloop
  endfacet
  facet normal 0 0 -1
    outer loop
      vertex 12.329 11.9132 0
      vertex 22 17.02 0
      vertex 12.5044 11.6767 0
    endloop
  endfacet
  facet normal 0 0 -1
    outer loop
      vertex 11.9132 -12.329 0
      vertex 19.8064 -21.6581 0
      vertex 19.3334 -22.0088 0
    endloop
  endfacet
  facet normal 0 0 -1
    outer loop
      vertex 12.1313 12.1313 0
      vertex 22 17.02 0
      vertex 12.329 11.9132 0
    endloop
  endfacet
  facet normal 0 0 -1
    outer loop
      vertex 11.9132 -12.329 0
      vertex 19.3334 -22.0088 0
      vertex 18.8284 -22.3115 0
    endloop
  endfacet
  facet normal 0 0 -1
    outer loop
      vertex 11.9132 12.329 0
      vertex 22 17.02 0
      vertex 12.1313 12.1313 0
    endloop
  endfacet
  facet normal 0 0 -1
    outer loop
      vertex 11.9132 -12.329 0
      vertex 18.8284 -22.3115 0
      vertex 18.2961 -22.5633 0
    endloop
  endfacet
  facet normal -0 0 -1
    outer loop
      vertex 22 17.02 0
      vertex 11.9132 12.329 0
      vertex 21.9711 17.6081 0
    endloop
  endfacet
  facet normal 0 0 -1
    outer loop
      vertex 11.9132 -12.329 0
      vertex 18.2961 -22.5633 0
      vertex 17.7417 -22.7616 0
    endloop
  endfacet
  facet normal -0 0 -1
    outer loop
      vertex 21.9711 17.6081 0
      vertex 11.9132 12.329 0
      vertex 21.8847 18.1905 0
    endloop
  endfacet
  facet normal 0 0 -1
    outer loop
      vertex 11.9132 -12.329 0
      vertex 17.7417 -22.7616 0
      vertex 17.1705 -22.9047 0
    endloop
  endfacet
  facet normal -0 0 -1
    outer loop
      vertex 21.8847 18.1905 0
      vertex 11.9132 12.329 0
      vertex 21.7416 18.7617 0
    endloop
  endfacet
  facet normal 0 0 -1
    outer loop
      vertex 11.9132 -12.329 0
      vertex 17.1705 -22.9047 0
      vertex 16.5881 -22.9911 0
    endloop
  endfacet
  facet normal -0 0 -1
    outer loop
      vertex 21.7416 18.7617 0
      vertex 11.9132 12.329 0
      vertex 21.5433 19.3161 0
    endloop
  endfacet
  facet normal 0 0 -1
    outer loop
      vertex 11.9132 -12.329 0
      vertex 16.5881 -22.9911 0
      vertex 16 -23.02 0
    endloop
  endfacet
  facet normal -0 0 -1
    outer loop
      vertex 21.5433 19.3161 0
      vertex 11.9132 12.329 0
      vertex 21.2915 19.8484 0
    endloop
  endfacet
  facet normal -0 0 -1
    outer loop
      vertex 21.2915 19.8484 0
      vertex 11.9132 12.329 0
      vertex 20.9888 20.3534 0
    endloop
  endfacet
  facet normal 0 0 -1
    outer loop
      vertex 22 -12.51 0
      vertex 12.9955 -10.304 0
      vertex 13.01 -10.01 0
    endloop
  endfacet
  facet normal 0 0 -1
    outer loop
      vertex 22 -12.51 0
      vertex 12.9523 -10.5953 0
      vertex 12.9955 -10.304 0
    endloop
  endfacet
  facet normal 0 0 -1
    outer loop
      vertex 22 -12.51 0
      vertex 12.8808 -10.8808 0
      vertex 12.9523 -10.5953 0
    endloop
  endfacet
  facet normal 0 0 -1
    outer loop
      vertex 22 -12.51 0
      vertex 12.7816 -11.1581 0
      vertex 12.8808 -10.8808 0
    endloop
  endfacet
  facet normal 0 0 -1
    outer loop
      vertex 22 -12.51 0
      vertex 12.6558 -11.4242 0
      vertex 12.7816 -11.1581 0
    endloop
  endfacet
  facet normal 0 0 -1
    outer loop
      vertex 22 -12.51 0
      vertex 12.5044 -11.6767 0
      vertex 12.6558 -11.4242 0
    endloop
  endfacet
  facet normal 0 0 -1
    outer loop
      vertex 22 -17.02 0
      vertex 12.329 -11.9132 0
      vertex 12.5044 -11.6767 0
    endloop
  endfacet
  facet normal 0 0 -1
    outer loop
      vertex 22 -17.02 0
      vertex 12.1313 -12.1313 0
      vertex 12.329 -11.9132 0
    endloop
  endfacet
  facet normal 0 0 -1
    outer loop
      vertex 22 -17.02 0
      vertex 11.9132 -12.329 0
      vertex 12.1313 -12.1313 0
    endloop
  endfacet
  facet normal 0 0 -1
    outer loop
      vertex 16 -23.02 0
      vertex 11.6767 -12.5044 0
      vertex 11.9132 -12.329 0
    endloop
  endfacet
  facet normal 0 0 -1
    outer loop
      vertex 16 -23.02 0
      vertex 11.4242 -12.6558 0
      vertex 11.6767 -12.5044 0
    endloop
  endfacet
  facet normal 0 0 -1
    outer loop
      vertex 16 -23.02 0
      vertex 11.1581 -12.7816 0
      vertex 11.4242 -12.6558 0
    endloop
  endfacet
  facet normal 0 0 -1
    outer loop
      vertex 16 -23.02 0
      vertex 10.8808 -12.8808 0
      vertex 11.1581 -12.7816 0
    endloop
  endfacet
  facet normal 0 0 -1
    outer loop
      vertex 16 -23.02 0
      vertex 10.5953 -12.9523 0
      vertex 10.8808 -12.8808 0
    endloop
  endfacet
  facet normal 0 0 -1
    outer loop
      vertex 16 -23.02 0
      vertex 10.304 -12.9955 0
      vertex 10.5953 -12.9523 0
    endloop
  endfacet
  facet normal 0 0 -1
    outer loop
      vertex 16 -23.02 0
      vertex 10.01 -13.01 0
      vertex 10.304 -12.9955 0
    endloop
  endfacet
  facet normal 0 0 -1
    outer loop
      vertex 3 -23.02 0
      vertex 10.01 -13.01 0
      vertex 16 -23.02 0
    endloop
  endfacet
  facet normal -0 0 -1
    outer loop
      vertex 10.01 -13.01 0
      vertex 3 -23.02 0
      vertex 3 -13.01 0
    endloop
  endfacet
  facet normal -0 0 -1
    outer loop
      vertex 20.9888 20.3534 0
      vertex 11.9132 12.329 0
      vertex 20.6381 20.8264 0
    endloop
  endfacet
  facet normal -0 0 -1
    outer loop
      vertex 20.6381 20.8264 0
      vertex 11.9132 12.329 0
      vertex 20.2426 21.2626 0
    endloop
  endfacet
  facet normal -0 0 -1
    outer loop
      vertex 20.2426 21.2626 0
      vertex 11.9132 12.329 0
      vertex 19.8064 21.6581 0
    endloop
  endfacet
  facet normal -0 0 -1
    outer loop
      vertex 19.8064 21.6581 0
      vertex 11.9132 12.329 0
      vertex 19.3334 22.0088 0
    endloop
  endfacet
  facet normal -0 0 -1
    outer loop
      vertex 19.3334 22.0088 0
      vertex 11.9132 12.329 0
      vertex 18.8284 22.3115 0
    endloop
  endfacet
  facet normal -0 0 -1
    outer loop
      vertex 18.8284 22.3115 0
      vertex 11.9132 12.329 0
      vertex 18.2961 22.5633 0
    endloop
  endfacet
  facet normal -0 0 -1
    outer loop
      vertex 18.2961 22.5633 0
      vertex 11.9132 12.329 0
      vertex 17.7417 22.7616 0
    endloop
  endfacet
  facet normal -0 0 -1
    outer loop
      vertex 17.7417 22.7616 0
      vertex 11.9132 12.329 0
      vertex 17.1705 22.9047 0
    endloop
  endfacet
  facet normal -0 0 -1
    outer loop
      vertex 17.1705 22.9047 0
      vertex 11.9132 12.329 0
      vertex 16.5881 22.9911 0
    endloop
  endfacet
  facet normal -0 0 -1
    outer loop
      vertex 16.5881 22.9911 0
      vertex 11.9132 12.329 0
      vertex 16 23.02 0
    endloop
  endfacet
  facet normal 0 0 -1
    outer loop
      vertex 11.6767 12.5044 0
      vertex 16 23.02 0
      vertex 11.9132 12.329 0
    endloop
  endfacet
  facet normal 0 0 -1
    outer loop
      vertex 11.4242 12.6558 0
      vertex 16 23.02 0
      vertex 11.6767 12.5044 0
    endloop
  endfacet
  facet normal 0 0 -1
    outer loop
      vertex 11.1581 12.7816 0
      vertex 16 23.02 0
      vertex 11.4242 12.6558 0
    endloop
  endfacet
  facet normal 0 0 -1
    outer loop
      vertex 10.8808 12.8808 0
      vertex 16 23.02 0
      vertex 11.1581 12.7816 0
    endloop
  endfacet
  facet normal 0 0 -1
    outer loop
      vertex 10.5953 12.9523 0
      vertex 16 23.02 0
      vertex 10.8808 12.8808 0
    endloop
  endfacet
  facet normal 0 0 -1
    outer loop
      vertex 10.304 12.9955 0
      vertex 16 23.02 0
      vertex 10.5953 12.9523 0
    endloop
  endfacet
  facet normal 0 0 -1
    outer loop
      vertex 10.01 13.01 0
      vertex 16 23.02 0
      vertex 10.304 12.9955 0
    endloop
  endfacet
  facet normal 0 0 -1
    outer loop
      vertex -10.01 13.01 0
      vertex 16 23.02 0
      vertex 10.01 13.01 0
    endloop
  endfacet
  facet normal 0 0 -1
    outer loop
      vertex -16 23.02 0
      vertex -10.01 13.01 0
      vertex -10.304 12.9955 0
    endloop
  endfacet
  facet normal 0 0 -1
    outer loop
      vertex -16 23.02 0
      vertex -10.304 12.9955 0
      vertex -10.5953 12.9523 0
    endloop
  endfacet
  facet normal 0 0 -1
    outer loop
      vertex -16 23.02 0
      vertex -10.5953 12.9523 0
      vertex -10.8808 12.8808 0
    endloop
  endfacet
  facet normal 0 0 -1
    outer loop
      vertex -16 23.02 0
      vertex -10.8808 12.8808 0
      vertex -11.1581 12.7816 0
    endloop
  endfacet
  facet normal 0 0 -1
    outer loop
      vertex -27.636 -0.7845 0
      vertex -13.01 -10.01 0
      vertex -22 -12.51 0
    endloop
  endfacet
  facet normal 0 0 -1
    outer loop
      vertex -10.01 13.01 0
      vertex -16 23.02 0
      vertex 16 23.02 0
    endloop
  endfacet
  facet normal 0 0 -1
    outer loop
      vertex -11.4242 12.6558 0
      vertex -16 23.02 0
      vertex -11.1581 12.7816 0
    endloop
  endfacet
  facet normal 0 0 -1
    outer loop
      vertex -11.6767 12.5044 0
      vertex -16 23.02 0
      vertex -11.4242 12.6558 0
    endloop
  endfacet
  facet normal 0 0 -1
    outer loop
      vertex -11.9132 12.329 0
      vertex -16 23.02 0
      vertex -11.6767 12.5044 0
    endloop
  endfacet
  facet normal 0 0 -1
    outer loop
      vertex -22 17.02 0
      vertex -11.9132 12.329 0
      vertex -12.1313 12.1313 0
    endloop
  endfacet
  facet normal 0 0 -1
    outer loop
      vertex -22 17.02 0
      vertex -12.1313 12.1313 0
      vertex -12.329 11.9132 0
    endloop
  endfacet
  facet normal 0 0 -1
    outer loop
      vertex -22 17.02 0
      vertex -12.329 11.9132 0
      vertex -12.5044 11.6767 0
    endloop
  endfacet
  facet normal 0 0 -1
    outer loop
      vertex -22 12.51 0
      vertex -12.5044 11.6767 0
      vertex -12.6558 11.4242 0
    endloop
  endfacet
  facet normal 0 0 -1
    outer loop
      vertex -22 12.51 0
      vertex -12.6558 11.4242 0
      vertex -12.7816 11.1581 0
    endloop
  endfacet
  facet normal 0 0 -1
    outer loop
      vertex -22 12.51 0
      vertex -12.7816 11.1581 0
      vertex -12.8808 10.8808 0
    endloop
  endfacet
  facet normal 0 0 -1
    outer loop
      vertex -22 12.51 0
      vertex -12.8808 10.8808 0
      vertex -12.9523 10.5953 0
    endloop
  endfacet
  facet normal 0 0 -1
    outer loop
      vertex -22 12.51 0
      vertex -12.9523 10.5953 0
      vertex -12.9955 10.304 0
    endloop
  endfacet
  facet normal 0 -0 -1
    outer loop
      vertex -27.48 0 0
      vertex -13.01 -10.01 0
      vertex -27.4899 -0.200934 0
    endloop
  endfacet
  facet normal 0 0 -1
    outer loop
      vertex -22 -17.02 0
      vertex -16 -23.02 0
      vertex -16.5881 -22.9911 0
    endloop
  endfacet
  facet normal 0 0 -1
    outer loop
      vertex -13.01 -10.01 0
      vertex -27.48 0 0
      vertex -13.01 10.01 0
    endloop
  endfacet
  facet normal 0 0 -1
    outer loop
      vertex -22 -17.02 0
      vertex -16.5881 -22.9911 0
      vertex -17.1705 -22.9047 0
    endloop
  endfacet
  facet normal 0 0 -1
    outer loop
      vertex -12.5044 11.6767 0
      vertex -22 12.51 0
      vertex -22 17.02 0
    endloop
  endfacet
  facet normal 0 0 -1
    outer loop
      vertex -22 -17.02 0
      vertex -17.1705 -22.9047 0
      vertex -17.7417 -22.7616 0
    endloop
  endfacet
  facet normal 0 0 -1
    outer loop
      vertex -11.9132 12.329 0
      vertex -22 17.02 0
      vertex -16 23.02 0
    endloop
  endfacet
  facet normal 0 0 -1
    outer loop
      vertex -22 -17.02 0
      vertex -17.7417 -22.7616 0
      vertex -18.2961 -22.5633 0
    endloop
  endfacet
  facet normal 0 0 -1
    outer loop
      vertex -16 23.02 0
      vertex -22 17.02 0
      vertex -16.5881 22.9911 0
    endloop
  endfacet
  facet normal 0 0 -1
    outer loop
      vertex -22 -17.02 0
      vertex -18.2961 -22.5633 0
      vertex -18.8284 -22.3115 0
    endloop
  endfacet
  facet normal 0 0 -1
    outer loop
      vertex -16.5881 22.9911 0
      vertex -22 17.02 0
      vertex -17.1705 22.9047 0
    endloop
  endfacet
  facet normal 0 0 -1
    outer loop
      vertex -22 -17.02 0
      vertex -18.8284 -22.3115 0
      vertex -19.3334 -22.0088 0
    endloop
  endfacet
  facet normal 0 0 -1
    outer loop
      vertex -17.1705 22.9047 0
      vertex -22 17.02 0
      vertex -17.7417 22.7616 0
    endloop
  endfacet
  facet normal 0 0 -1
    outer loop
      vertex -22 -17.02 0
      vertex -19.3334 -22.0088 0
      vertex -19.8064 -21.6581 0
    endloop
  endfacet
  facet normal 0 0 -1
    outer loop
      vertex -17.7417 22.7616 0
      vertex -22 17.02 0
      vertex -18.2961 22.5633 0
    endloop
  endfacet
  facet normal 0 0 -1
    outer loop
      vertex -22 -17.02 0
      vertex -19.8064 -21.6581 0
      vertex -20.2426 -21.2626 0
    endloop
  endfacet
  facet normal 0 0 -1
    outer loop
      vertex -18.2961 22.5633 0
      vertex -22 17.02 0
      vertex -18.8284 22.3115 0
    endloop
  endfacet
  facet normal 0 0 -1
    outer loop
      vertex -22 -17.02 0
      vertex -20.2426 -21.2626 0
      vertex -20.6381 -20.8264 0
    endloop
  endfacet
  facet normal 0 0 -1
    outer loop
      vertex -18.8284 22.3115 0
      vertex -22 17.02 0
      vertex -19.3334 22.0088 0
    endloop
  endfacet
  facet normal 0 0 -1
    outer loop
      vertex -22 -17.02 0
      vertex -20.6381 -20.8264 0
      vertex -20.9888 -20.3534 0
    endloop
  endfacet
  facet normal 0 0 -1
    outer loop
      vertex -19.3334 22.0088 0
      vertex -22 17.02 0
      vertex -19.8064 21.6581 0
    endloop
  endfacet
  facet normal 0 0 -1
    outer loop
      vertex -22 -17.02 0
      vertex -20.9888 -20.3534 0
      vertex -21.2915 -19.8484 0
    endloop
  endfacet
  facet normal 0 0 -1
    outer loop
      vertex -19.8064 21.6581 0
      vertex -22 17.02 0
      vertex -20.2426 21.2626 0
    endloop
  endfacet
  facet normal 0 0 -1
    outer loop
      vertex -22 -17.02 0
      vertex -21.2915 -19.8484 0
      vertex -21.5433 -19.3161 0
    endloop
  endfacet
  facet normal 0 0 -1
    outer loop
      vertex -20.2426 21.2626 0
      vertex -22 17.02 0
      vertex -20.6381 20.8264 0
    endloop
  endfacet
  facet normal 0 0 -1
    outer loop
      vertex -22 -17.02 0
      vertex -21.5433 -19.3161 0
      vertex -21.7416 -18.7617 0
    endloop
  endfacet
  facet normal 0 0 -1
    outer loop
      vertex -20.6381 20.8264 0
      vertex -22 17.02 0
      vertex -20.9888 20.3534 0
    endloop
  endfacet
  facet normal 0 0 -1
    outer loop
      vertex -22 -17.02 0
      vertex -21.7416 -18.7617 0
      vertex -21.8847 -18.1905 0
    endloop
  endfacet
  facet normal 0 0 -1
    outer loop
      vertex -20.9888 20.3534 0
      vertex -22 17.02 0
      vertex -21.2915 19.8484 0
    endloop
  endfacet
  facet normal 0 0 -1
    outer loop
      vertex -22 -17.02 0
      vertex -21.8847 -18.1905 0
      vertex -21.9711 -17.6081 0
    endloop
  endfacet
  facet normal 0 0 -1
    outer loop
      vertex -21.2915 19.8484 0
      vertex -22 17.02 0
      vertex -21.5433 19.3161 0
    endloop
  endfacet
  facet normal -0 0 -1
    outer loop
      vertex -12.9955 -10.304 0
      vertex -22 -12.51 0
      vertex -13.01 -10.01 0
    endloop
  endfacet
  facet normal 0 0 -1
    outer loop
      vertex -21.5433 19.3161 0
      vertex -22 17.02 0
      vertex -21.7416 18.7617 0
    endloop
  endfacet
  facet normal 0 0 -1
    outer loop
      vertex -21.7416 18.7617 0
      vertex -22 17.02 0
      vertex -21.8847 18.1905 0
    endloop
  endfacet
  facet normal 0 0 -1
    outer loop
      vertex -21.8847 18.1905 0
      vertex -22 17.02 0
      vertex -21.9711 17.6081 0
    endloop
  endfacet
  facet normal 0 0 -1
    outer loop
      vertex -27.5194 0.399935 0
      vertex -13.01 10.01 0
      vertex -27.4899 0.200934 0
    endloop
  endfacet
  facet normal 0 0 -1
    outer loop
      vertex -27.4899 0.200934 0
      vertex -13.01 10.01 0
      vertex -27.48 0 0
    endloop
  endfacet
  facet normal 0 0 -1
    outer loop
      vertex -13.01 -10.01 0
      vertex -27.5194 -0.399935 0
      vertex -27.4899 -0.200934 0
    endloop
  endfacet
  facet normal 0 0 -1
    outer loop
      vertex -13.01 -10.01 0
      vertex -27.5683 -0.595083 0
      vertex -27.5194 -0.399935 0
    endloop
  endfacet
  facet normal 0 0 -1
    outer loop
      vertex -13.01 -10.01 0
      vertex -27.636 -0.7845 0
      vertex -27.5683 -0.595083 0
    endloop
  endfacet
  facet normal 0 0 -1
    outer loop
      vertex -22 -12.51 0
      vertex -27.7221 -0.966363 0
      vertex -27.636 -0.7845 0
    endloop
  endfacet
  facet normal 0 0 -1
    outer loop
      vertex -22 -12.51 0
      vertex -27.8255 -1.13892 0
      vertex -27.7221 -0.966363 0
    endloop
  endfacet
  facet normal 0 0 -1
    outer loop
      vertex -22 -12.51 0
      vertex -27.9453 -1.30051 0
      vertex -27.8255 -1.13892 0
    endloop
  endfacet
  facet normal 0 0 -1
    outer loop
      vertex -22 -12.51 0
      vertex -28.0804 -1.44957 0
      vertex -27.9453 -1.30051 0
    endloop
  endfacet
  facet normal 0 0 -1
    outer loop
      vertex -22 -12.51 0
      vertex -28.2295 -1.58467 0
      vertex -28.0804 -1.44957 0
    endloop
  endfacet
  facet normal 0 0 -1
    outer loop
      vertex -22 -12.51 0
      vertex -28.3911 -1.70451 0
      vertex -28.2295 -1.58467 0
    endloop
  endfacet
  facet normal 0 0 -1
    outer loop
      vertex -22 -12.51 0
      vertex -28.5636 -1.80794 0
      vertex -28.3911 -1.70451 0
    endloop
  endfacet
  facet normal 0 0 -1
    outer loop
      vertex -22 -12.51 0
      vertex -28.7455 -1.89395 0
      vertex -28.5636 -1.80794 0
    endloop
  endfacet
  facet normal 0 0 -1
    outer loop
      vertex -22 -12.51 0
      vertex -28.9349 -1.96173 0
      vertex -28.7455 -1.89395 0
    endloop
  endfacet
  facet normal 0 0 -1
    outer loop
      vertex -32.04 -12.51 0
      vertex -28.9349 -1.96173 0
      vertex -22 -12.51 0
    endloop
  endfacet
  facet normal 0 0 -1
    outer loop
      vertex -28.9349 -1.96173 0
      vertex -32.04 -12.51 0
      vertex -29.1301 -2.01061 0
    endloop
  endfacet
  facet normal 0 0 -1
    outer loop
      vertex -29.1301 -2.01061 0
      vertex -32.04 -12.51 0
      vertex -29.3291 -2.04013 0
    endloop
  endfacet
  facet normal 0 0 -1
    outer loop
      vertex -29.3291 -2.04013 0
      vertex -32.04 -12.51 0
      vertex -29.53 -2.05 0
    endloop
  endfacet
  facet normal -0 0 -1
    outer loop
      vertex -29.53 -2.05 0
      vertex -32.04 -12.51 0
      vertex -29.7309 -2.04013 0
    endloop
  endfacet
  facet normal -0 0 -1
    outer loop
      vertex -29.7309 -2.04013 0
      vertex -32.04 -12.51 0
      vertex -29.9299 -2.01061 0
    endloop
  endfacet
  facet normal -0 0 -1
    outer loop
      vertex -29.9299 -2.01061 0
      vertex -32.04 -12.51 0
      vertex -30.1251 -1.96173 0
    endloop
  endfacet
  facet normal -0 0 -1
    outer loop
      vertex -30.1251 -1.96173 0
      vertex -32.04 -12.51 0
      vertex -30.3145 -1.89395 0
    endloop
  endfacet
  facet normal 0 0 -1
    outer loop
      vertex -32.6281 -12.4811 0
      vertex -30.3145 -1.89395 0
      vertex -32.04 -12.51 0
    endloop
  endfacet
  facet normal 0 0 -1
    outer loop
      vertex -33.2105 -12.3947 0
      vertex -30.3145 -1.89395 0
      vertex -32.6281 -12.4811 0
    endloop
  endfacet
  facet normal 0 0 -1
    outer loop
      vertex -33.7817 -12.2516 0
      vertex -30.3145 -1.89395 0
      vertex -33.2105 -12.3947 0
    endloop
  endfacet
  facet normal 0 0 -1
    outer loop
      vertex -34.3361 -12.0533 0
      vertex -30.3145 -1.89395 0
      vertex -33.7817 -12.2516 0
    endloop
  endfacet
  facet normal -0 0 -1
    outer loop
      vertex -31.5406 -0.399935 0
      vertex -38.04 -6.50999 0
      vertex -31.5701 -0.200934 0
    endloop
  endfacet
  facet normal -0 0 -1
    outer loop
      vertex -31.4917 -0.595083 0
      vertex -38.04 -6.50999 0
      vertex -31.5406 -0.399935 0
    endloop
  endfacet
  facet normal -0 0 -1
    outer loop
      vertex -31.424 -0.7845 0
      vertex -38.04 -6.50999 0
      vertex -31.4917 -0.595083 0
    endloop
  endfacet
  facet normal -0 0 -1
    outer loop
      vertex -31.3379 -0.966363 0
      vertex -38.04 -6.50999 0
      vertex -31.424 -0.7845 0
    endloop
  endfacet
  facet normal -0 0 -1
    outer loop
      vertex -31.2345 -1.13892 0
      vertex -38.04 -6.50999 0
      vertex -31.3379 -0.966363 0
    endloop
  endfacet
  facet normal -0 0 -1
    outer loop
      vertex -31.1147 -1.30051 0
      vertex -38.04 -6.50999 0
      vertex -31.2345 -1.13892 0
    endloop
  endfacet
  facet normal -0 0 -1
    outer loop
      vertex -30.9796 -1.44957 0
      vertex -38.04 -6.50999 0
      vertex -31.1147 -1.30051 0
    endloop
  endfacet
  facet normal 0 0 -1
    outer loop
      vertex -34.8684 -11.8015 0
      vertex -30.3145 -1.89395 0
      vertex -34.3361 -12.0533 0
    endloop
  endfacet
  facet normal 0 0 -1
    outer loop
      vertex -27.5683 0.595083 0
      vertex -13.01 10.01 0
      vertex -27.5194 0.399935 0
    endloop
  endfacet
  facet normal 0 0 -1
    outer loop
      vertex -27.636 0.7845 0
      vertex -13.01 10.01 0
      vertex -27.5683 0.595083 0
    endloop
  endfacet
  facet normal 0 -0 -1
    outer loop
      vertex -22 12.51 0
      vertex -13.01 10.01 0
      vertex -27.636 0.7845 0
    endloop
  endfacet
  facet normal 0 0 -1
    outer loop
      vertex -13.01 10.01 0
      vertex -22 12.51 0
      vertex -12.9955 10.304 0
    endloop
  endfacet
  facet normal 0 0 -1
    outer loop
      vertex -27.7221 0.966363 0
      vertex -22 12.51 0
      vertex -27.636 0.7845 0
    endloop
  endfacet
  facet normal 0 0 -1
    outer loop
      vertex -27.8255 1.13892 0
      vertex -22 12.51 0
      vertex -27.7221 0.966363 0
    endloop
  endfacet
  facet normal 0 0 -1
    outer loop
      vertex -27.9453 1.30051 0
      vertex -22 12.51 0
      vertex -27.8255 1.13892 0
    endloop
  endfacet
  facet normal 0 0 -1
    outer loop
      vertex -28.0804 1.44957 0
      vertex -22 12.51 0
      vertex -27.9453 1.30051 0
    endloop
  endfacet
  facet normal 0 0 -1
    outer loop
      vertex -28.2295 1.58467 0
      vertex -22 12.51 0
      vertex -28.0804 1.44957 0
    endloop
  endfacet
  facet normal 0 0 -1
    outer loop
      vertex -28.3911 1.70451 0
      vertex -22 12.51 0
      vertex -28.2295 1.58467 0
    endloop
  endfacet
  facet normal 0 0 -1
    outer loop
      vertex -28.5636 1.80794 0
      vertex -22 12.51 0
      vertex -28.3911 1.70451 0
    endloop
  endfacet
  facet normal 0 0 -1
    outer loop
      vertex -28.7455 1.89395 0
      vertex -22 12.51 0
      vertex -28.5636 1.80794 0
    endloop
  endfacet
  facet normal 0 0 -1
    outer loop
      vertex -28.9349 1.96173 0
      vertex -22 12.51 0
      vertex -28.7455 1.89395 0
    endloop
  endfacet
  facet normal 0 0 -1
    outer loop
      vertex -32.04 12.51 0
      vertex -28.9349 1.96173 0
      vertex -29.1301 2.01061 0
    endloop
  endfacet
  facet normal 0 0 -1
    outer loop
      vertex -32.04 12.51 0
      vertex -29.1301 2.01061 0
      vertex -29.3291 2.04013 0
    endloop
  endfacet
  facet normal 0 0 -1
    outer loop
      vertex -32.04 12.51 0
      vertex -29.3291 2.04013 0
      vertex -29.53 2.05 0
    endloop
  endfacet
  facet normal 0 0 -1
    outer loop
      vertex -32.04 12.51 0
      vertex -29.53 2.05 0
      vertex -29.7309 2.04013 0
    endloop
  endfacet
  facet normal 0 0 -1
    outer loop
      vertex -32.04 12.51 0
      vertex -29.7309 2.04013 0
      vertex -29.9299 2.01061 0
    endloop
  endfacet
  facet normal 0 0 -1
    outer loop
      vertex -32.04 12.51 0
      vertex -29.9299 2.01061 0
      vertex -30.1251 1.96173 0
    endloop
  endfacet
  facet normal 0 0 -1
    outer loop
      vertex -32.04 12.51 0
      vertex -30.1251 1.96173 0
      vertex -30.3145 1.89395 0
    endloop
  endfacet
  facet normal 0 0 -1
    outer loop
      vertex -37.7816 8.25171 0
      vertex -30.3145 1.89395 0
      vertex -30.4964 1.80794 0
    endloop
  endfacet
  facet normal 0 0 -1
    outer loop
      vertex -38.04 6.50999 0
      vertex -30.4964 1.80794 0
      vertex -30.6689 1.70451 0
    endloop
  endfacet
  facet normal 0 0 -1
    outer loop
      vertex -38.04 6.50999 0
      vertex -30.6689 1.70451 0
      vertex -30.8305 1.58467 0
    endloop
  endfacet
  facet normal 0 0 -1
    outer loop
      vertex -38.04 6.50999 0
      vertex -30.8305 1.58467 0
      vertex -30.9796 1.44957 0
    endloop
  endfacet
  facet normal 0 0 -1
    outer loop
      vertex -38.04 6.50999 0
      vertex -30.9796 1.44957 0
      vertex -31.1147 1.30051 0
    endloop
  endfacet
  facet normal 0 0 -1
    outer loop
      vertex -28.9349 1.96173 0
      vertex -32.04 12.51 0
      vertex -22 12.51 0
    endloop
  endfacet
  facet normal 0 0 -1
    outer loop
      vertex -38.04 6.50999 0
      vertex -31.1147 1.30051 0
      vertex -31.2345 1.13892 0
    endloop
  endfacet
  facet normal 0 0 -1
    outer loop
      vertex -38.04 6.50999 0
      vertex -31.2345 1.13892 0
      vertex -31.3379 0.966363 0
    endloop
  endfacet
  facet normal 0 0 -1
    outer loop
      vertex -38.04 6.50999 0
      vertex -31.3379 0.966363 0
      vertex -31.424 0.7845 0
    endloop
  endfacet
  facet normal 0 0 -1
    outer loop
      vertex -38.04 6.50999 0
      vertex -31.424 0.7845 0
      vertex -31.4917 0.595083 0
    endloop
  endfacet
  facet normal 0 0 -1
    outer loop
      vertex -38.04 6.50999 0
      vertex -31.4917 0.595083 0
      vertex -31.5406 0.399935 0
    endloop
  endfacet
  facet normal 0 0 -1
    outer loop
      vertex -38.04 6.50999 0
      vertex -31.5406 0.399935 0
      vertex -31.5701 0.200934 0
    endloop
  endfacet
  facet normal 0 0 -1
    outer loop
      vertex -38.04 6.50999 0
      vertex -31.5701 0.200934 0
      vertex -31.58 0 0
    endloop
  endfacet
  facet normal -0 0 -1
    outer loop
      vertex -31.5701 -0.200934 0
      vertex -38.04 -6.50999 0
      vertex -31.58 0 0
    endloop
  endfacet
  facet normal 0 0 -1
    outer loop
      vertex -35.3734 -11.4988 0
      vertex -30.3145 -1.89395 0
      vertex -34.8684 -11.8015 0
    endloop
  endfacet
  facet normal 0 0 -1
    outer loop
      vertex -38.04 6.50999 0
      vertex -31.58 0 0
      vertex -38.04 -6.50999 0
    endloop
  endfacet
  facet normal 0 0 -1
    outer loop
      vertex -35.8464 -11.1481 0
      vertex -30.3145 -1.89395 0
      vertex -35.3734 -11.4988 0
    endloop
  endfacet
  facet normal 0 0 -1
    outer loop
      vertex -30.4964 1.80794 0
      vertex -38.04 6.50999 0
      vertex -38.0111 7.0981 0
    endloop
  endfacet
  facet normal 0 0 -1
    outer loop
      vertex -36.2826 -10.7526 0
      vertex -30.3145 -1.89395 0
      vertex -35.8464 -11.1481 0
    endloop
  endfacet
  facet normal 0 0 -1
    outer loop
      vertex -30.3145 1.89395 0
      vertex -32.6281 12.4811 0
      vertex -32.04 12.51 0
    endloop
  endfacet
  facet normal 0 0 -1
    outer loop
      vertex -36.6781 -10.3164 0
      vertex -30.3145 -1.89395 0
      vertex -36.2826 -10.7526 0
    endloop
  endfacet
  facet normal 0 0 -1
    outer loop
      vertex -30.3145 1.89395 0
      vertex -33.2105 12.3947 0
      vertex -32.6281 12.4811 0
    endloop
  endfacet
  facet normal 0 0 -1
    outer loop
      vertex -37.0288 -9.84341 0
      vertex -30.3145 -1.89395 0
      vertex -36.6781 -10.3164 0
    endloop
  endfacet
  facet normal 0 0 -1
    outer loop
      vertex -30.3145 1.89395 0
      vertex -33.7817 12.2516 0
      vertex -33.2105 12.3947 0
    endloop
  endfacet
  facet normal 0 0 -1
    outer loop
      vertex -37.3315 -9.33838 0
      vertex -30.3145 -1.89395 0
      vertex -37.0288 -9.84341 0
    endloop
  endfacet
  facet normal 0 0 -1
    outer loop
      vertex -30.3145 1.89395 0
      vertex -34.3361 12.0533 0
      vertex -33.7817 12.2516 0
    endloop
  endfacet
  facet normal 0 0 -1
    outer loop
      vertex -37.5833 -8.80609 0
      vertex -30.3145 -1.89395 0
      vertex -37.3315 -9.33838 0
    endloop
  endfacet
  facet normal 0 0 -1
    outer loop
      vertex -30.3145 1.89395 0
      vertex -34.8684 11.8015 0
      vertex -34.3361 12.0533 0
    endloop
  endfacet
  facet normal 0 0 -1
    outer loop
      vertex -37.7816 -8.25171 0
      vertex -30.3145 -1.89395 0
      vertex -37.5833 -8.80609 0
    endloop
  endfacet
  facet normal 0 0 -1
    outer loop
      vertex -30.3145 1.89395 0
      vertex -35.3734 11.4988 0
      vertex -34.8684 11.8015 0
    endloop
  endfacet
  facet normal -0 0 -1
    outer loop
      vertex -30.3145 -1.89395 0
      vertex -37.7816 -8.25171 0
      vertex -30.4964 -1.80794 0
    endloop
  endfacet
  facet normal 0 0 -1
    outer loop
      vertex -30.3145 1.89395 0
      vertex -35.8464 11.1481 0
      vertex -35.3734 11.4988 0
    endloop
  endfacet
  facet normal 0 0 -1
    outer loop
      vertex -37.9247 -7.68054 0
      vertex -30.4964 -1.80794 0
      vertex -37.7816 -8.25171 0
    endloop
  endfacet
  facet normal 0 0 -1
    outer loop
      vertex -30.3145 1.89395 0
      vertex -36.2826 10.7526 0
      vertex -35.8464 11.1481 0
    endloop
  endfacet
  facet normal 0 0 -1
    outer loop
      vertex -38.0111 -7.0981 0
      vertex -30.4964 -1.80794 0
      vertex -37.9247 -7.68054 0
    endloop
  endfacet
  facet normal 0 0 -1
    outer loop
      vertex -30.3145 1.89395 0
      vertex -36.6781 10.3164 0
      vertex -36.2826 10.7526 0
    endloop
  endfacet
  facet normal 0 0 -1
    outer loop
      vertex -38.04 -6.50999 0
      vertex -30.4964 -1.80794 0
      vertex -38.0111 -7.0981 0
    endloop
  endfacet
  facet normal 0 0 -1
    outer loop
      vertex -30.3145 1.89395 0
      vertex -37.0288 9.84341 0
      vertex -36.6781 10.3164 0
    endloop
  endfacet
  facet normal -0 0 -1
    outer loop
      vertex -30.4964 -1.80794 0
      vertex -38.04 -6.50999 0
      vertex -30.6689 -1.70451 0
    endloop
  endfacet
  facet normal 0 0 -1
    outer loop
      vertex -30.3145 1.89395 0
      vertex -37.3315 9.33838 0
      vertex -37.0288 9.84341 0
    endloop
  endfacet
  facet normal -0 0 -1
    outer loop
      vertex -30.6689 -1.70451 0
      vertex -38.04 -6.50999 0
      vertex -30.8305 -1.58467 0
    endloop
  endfacet
  facet normal 0 0 -1
    outer loop
      vertex -30.3145 1.89395 0
      vertex -37.5833 8.80609 0
      vertex -37.3315 9.33838 0
    endloop
  endfacet
  facet normal -0 0 -1
    outer loop
      vertex -30.8305 -1.58467 0
      vertex -38.04 -6.50999 0
      vertex -30.9796 -1.44957 0
    endloop
  endfacet
  facet normal 0 0 -1
    outer loop
      vertex -30.3145 1.89395 0
      vertex -37.7816 8.25171 0
      vertex -37.5833 8.80609 0
    endloop
  endfacet
  facet normal 0 0 -1
    outer loop
      vertex -30.4964 1.80794 0
      vertex -37.9247 7.68054 0
      vertex -37.7816 8.25171 0
    endloop
  endfacet
  facet normal 0 0 -1
    outer loop
      vertex -30.4964 1.80794 0
      vertex -38.0111 7.0981 0
      vertex -37.9247 7.68054 0
    endloop
  endfacet
  facet normal 0 0 -1
    outer loop
      vertex 30.4964 -1.80794 0
      vertex 38.04 -6.50999 0
      vertex 38.0111 -7.0981 0
    endloop
  endfacet
  facet normal 0 0 -1
    outer loop
      vertex 38.04 -6.50999 0
      vertex 31.58 0 0
      vertex 38.04 6.50999 0
    endloop
  endfacet
  facet normal 0 0 -1
    outer loop
      vertex 30.4964 -1.80794 0
      vertex 38.0111 -7.0981 0
      vertex 37.9247 -7.68054 0
    endloop
  endfacet
  facet normal 0 0 -1
    outer loop
      vertex 31.5701 0.200934 0
      vertex 38.04 6.50999 0
      vertex 31.58 0 0
    endloop
  endfacet
  facet normal 0 0 -1
    outer loop
      vertex 30.4964 -1.80794 0
      vertex 37.9247 -7.68054 0
      vertex 37.7816 -8.25171 0
    endloop
  endfacet
  facet normal 0 0 -1
    outer loop
      vertex 31.5406 0.399935 0
      vertex 38.04 6.50999 0
      vertex 31.5701 0.200934 0
    endloop
  endfacet
  facet normal 0 0 -1
    outer loop
      vertex 30.3145 -1.89395 0
      vertex 37.7816 -8.25171 0
      vertex 37.5833 -8.80609 0
    endloop
  endfacet
  facet normal 0 0 -1
    outer loop
      vertex 31.4917 0.595083 0
      vertex 38.04 6.50999 0
      vertex 31.5406 0.399935 0
    endloop
  endfacet
  facet normal 0 0 -1
    outer loop
      vertex 30.3145 -1.89395 0
      vertex 37.5833 -8.80609 0
      vertex 37.3315 -9.33838 0
    endloop
  endfacet
  facet normal 0 0 -1
    outer loop
      vertex 31.424 0.7845 0
      vertex 38.04 6.50999 0
      vertex 31.4917 0.595083 0
    endloop
  endfacet
  facet normal 0 0 -1
    outer loop
      vertex 30.3145 -1.89395 0
      vertex 37.3315 -9.33838 0
      vertex 37.0288 -9.84341 0
    endloop
  endfacet
  facet normal 0 0 -1
    outer loop
      vertex 31.3379 0.966363 0
      vertex 38.04 6.50999 0
      vertex 31.424 0.7845 0
    endloop
  endfacet
  facet normal 0 0 -1
    outer loop
      vertex 30.3145 -1.89395 0
      vertex 37.0288 -9.84341 0
      vertex 36.6781 -10.3164 0
    endloop
  endfacet
  facet normal 0 0 -1
    outer loop
      vertex 31.2345 1.13892 0
      vertex 38.04 6.50999 0
      vertex 31.3379 0.966363 0
    endloop
  endfacet
  facet normal 0 0 -1
    outer loop
      vertex 30.3145 -1.89395 0
      vertex 36.6781 -10.3164 0
      vertex 36.2826 -10.7526 0
    endloop
  endfacet
  facet normal 0 0 -1
    outer loop
      vertex 31.1147 1.30051 0
      vertex 38.04 6.50999 0
      vertex 31.2345 1.13892 0
    endloop
  endfacet
  facet normal 0 0 -1
    outer loop
      vertex 30.3145 -1.89395 0
      vertex 36.2826 -10.7526 0
      vertex 35.8464 -11.1481 0
    endloop
  endfacet
  facet normal 0 0 -1
    outer loop
      vertex 30.9796 1.44957 0
      vertex 38.04 6.50999 0
      vertex 31.1147 1.30051 0
    endloop
  endfacet
  facet normal 0 0 -1
    outer loop
      vertex 30.3145 -1.89395 0
      vertex 35.8464 -11.1481 0
      vertex 35.3734 -11.4988 0
    endloop
  endfacet
  facet normal 0 0 -1
    outer loop
      vertex 30.8305 1.58467 0
      vertex 38.04 6.50999 0
      vertex 30.9796 1.44957 0
    endloop
  endfacet
  facet normal 0 0 -1
    outer loop
      vertex 30.3145 -1.89395 0
      vertex 35.3734 -11.4988 0
      vertex 34.8684 -11.8015 0
    endloop
  endfacet
  facet normal 0 0 -1
    outer loop
      vertex 30.6689 1.70451 0
      vertex 38.04 6.50999 0
      vertex 30.8305 1.58467 0
    endloop
  endfacet
  facet normal 0 0 -1
    outer loop
      vertex 30.3145 -1.89395 0
      vertex 34.8684 -11.8015 0
      vertex 34.3361 -12.0533 0
    endloop
  endfacet
  facet normal 0 0 -1
    outer loop
      vertex 30.4964 1.80794 0
      vertex 38.04 6.50999 0
      vertex 30.6689 1.70451 0
    endloop
  endfacet
  facet normal 0 0 -1
    outer loop
      vertex 30.3145 -1.89395 0
      vertex 34.3361 -12.0533 0
      vertex 33.7817 -12.2516 0
    endloop
  endfacet
  facet normal -0 0 -1
    outer loop
      vertex 38.04 6.50999 0
      vertex 30.4964 1.80794 0
      vertex 38.0111 7.0981 0
    endloop
  endfacet
  facet normal 0 0 -1
    outer loop
      vertex 30.3145 -1.89395 0
      vertex 33.7817 -12.2516 0
      vertex 33.2105 -12.3947 0
    endloop
  endfacet
  facet normal -0 0 -1
    outer loop
      vertex 38.0111 7.0981 0
      vertex 30.4964 1.80794 0
      vertex 37.9247 7.68054 0
    endloop
  endfacet
  facet normal 0 0 -1
    outer loop
      vertex 30.3145 -1.89395 0
      vertex 33.2105 -12.3947 0
      vertex 32.6281 -12.4811 0
    endloop
  endfacet
  facet normal -0 0 -1
    outer loop
      vertex 37.9247 7.68054 0
      vertex 30.4964 1.80794 0
      vertex 37.7816 8.25171 0
    endloop
  endfacet
  facet normal 0 0 -1
    outer loop
      vertex 30.3145 -1.89395 0
      vertex 32.6281 -12.4811 0
      vertex 32.04 -12.51 0
    endloop
  endfacet
  facet normal 0 0 -1
    outer loop
      vertex 30.3145 1.89395 0
      vertex 37.7816 8.25171 0
      vertex 30.4964 1.80794 0
    endloop
  endfacet
  facet normal -0 0 -1
    outer loop
      vertex 37.7816 8.25171 0
      vertex 30.3145 1.89395 0
      vertex 37.5833 8.80609 0
    endloop
  endfacet
  facet normal 0 0 -1
    outer loop
      vertex 38.04 -6.50999 0
      vertex 31.5701 -0.200934 0
      vertex 31.58 0 0
    endloop
  endfacet
  facet normal 0 0 -1
    outer loop
      vertex 38.04 -6.50999 0
      vertex 31.5406 -0.399935 0
      vertex 31.5701 -0.200934 0
    endloop
  endfacet
  facet normal 0 0 -1
    outer loop
      vertex 38.04 -6.50999 0
      vertex 31.4917 -0.595083 0
      vertex 31.5406 -0.399935 0
    endloop
  endfacet
  facet normal 0 0 -1
    outer loop
      vertex 38.04 -6.50999 0
      vertex 31.424 -0.7845 0
      vertex 31.4917 -0.595083 0
    endloop
  endfacet
  facet normal 0 0 -1
    outer loop
      vertex 38.04 -6.50999 0
      vertex 31.3379 -0.966363 0
      vertex 31.424 -0.7845 0
    endloop
  endfacet
  facet normal 0 0 -1
    outer loop
      vertex 38.04 -6.50999 0
      vertex 31.2345 -1.13892 0
      vertex 31.3379 -0.966363 0
    endloop
  endfacet
  facet normal 0 0 -1
    outer loop
      vertex 38.04 -6.50999 0
      vertex 31.1147 -1.30051 0
      vertex 31.2345 -1.13892 0
    endloop
  endfacet
  facet normal 0 0 -1
    outer loop
      vertex 38.04 -6.50999 0
      vertex 30.9796 -1.44957 0
      vertex 31.1147 -1.30051 0
    endloop
  endfacet
  facet normal 0 0 -1
    outer loop
      vertex 38.04 -6.50999 0
      vertex 30.8305 -1.58467 0
      vertex 30.9796 -1.44957 0
    endloop
  endfacet
  facet normal 0 0 -1
    outer loop
      vertex 38.04 -6.50999 0
      vertex 30.6689 -1.70451 0
      vertex 30.8305 -1.58467 0
    endloop
  endfacet
  facet normal 0 0 -1
    outer loop
      vertex 38.04 -6.50999 0
      vertex 30.4964 -1.80794 0
      vertex 30.6689 -1.70451 0
    endloop
  endfacet
  facet normal 0 0 -1
    outer loop
      vertex 37.7816 -8.25171 0
      vertex 30.3145 -1.89395 0
      vertex 30.4964 -1.80794 0
    endloop
  endfacet
  facet normal 0 0 -1
    outer loop
      vertex 32.04 -12.51 0
      vertex 30.1251 -1.96173 0
      vertex 30.3145 -1.89395 0
    endloop
  endfacet
  facet normal 0 0 -1
    outer loop
      vertex 32.04 -12.51 0
      vertex 29.9299 -2.01061 0
      vertex 30.1251 -1.96173 0
    endloop
  endfacet
  facet normal 0 0 -1
    outer loop
      vertex 32.04 -12.51 0
      vertex 29.7309 -2.04013 0
      vertex 29.9299 -2.01061 0
    endloop
  endfacet
  facet normal 0 0 -1
    outer loop
      vertex 32.04 -12.51 0
      vertex 29.53 -2.05 0
      vertex 29.7309 -2.04013 0
    endloop
  endfacet
  facet normal 0 0 -1
    outer loop
      vertex 32.04 -12.51 0
      vertex 29.3291 -2.04013 0
      vertex 29.53 -2.05 0
    endloop
  endfacet
  facet normal 0 0 -1
    outer loop
      vertex 32.04 -12.51 0
      vertex 29.1301 -2.01061 0
      vertex 29.3291 -2.04013 0
    endloop
  endfacet
  facet normal 0 0 -1
    outer loop
      vertex 32.04 -12.51 0
      vertex 28.9349 -1.96173 0
      vertex 29.1301 -2.01061 0
    endloop
  endfacet
  facet normal 0 0 -1
    outer loop
      vertex 22 -12.51 0
      vertex 28.9349 -1.96173 0
      vertex 32.04 -12.51 0
    endloop
  endfacet
  facet normal -0 0 -1
    outer loop
      vertex 28.9349 -1.96173 0
      vertex 22 -12.51 0
      vertex 28.7455 -1.89395 0
    endloop
  endfacet
  facet normal -0 0 -1
    outer loop
      vertex 28.7455 -1.89395 0
      vertex 22 -12.51 0
      vertex 28.5636 -1.80794 0
    endloop
  endfacet
  facet normal -0 0 -1
    outer loop
      vertex 28.5636 -1.80794 0
      vertex 22 -12.51 0
      vertex 28.3911 -1.70451 0
    endloop
  endfacet
  facet normal -0 0 -1
    outer loop
      vertex 28.3911 -1.70451 0
      vertex 22 -12.51 0
      vertex 28.2295 -1.58467 0
    endloop
  endfacet
  facet normal -0 0 -1
    outer loop
      vertex 28.2295 -1.58467 0
      vertex 22 -12.51 0
      vertex 28.0804 -1.44957 0
    endloop
  endfacet
  facet normal -0 0 -1
    outer loop
      vertex 28.0804 -1.44957 0
      vertex 22 -12.51 0
      vertex 27.9453 -1.30051 0
    endloop
  endfacet
  facet normal -0 0 -1
    outer loop
      vertex 27.9453 -1.30051 0
      vertex 22 -12.51 0
      vertex 27.8255 -1.13892 0
    endloop
  endfacet
  facet normal -0 0 -1
    outer loop
      vertex 27.8255 -1.13892 0
      vertex 22 -12.51 0
      vertex 27.7221 -0.966363 0
    endloop
  endfacet
  facet normal -0 0 -1
    outer loop
      vertex 27.4899 -0.200934 0
      vertex 22 -12.51 0
      vertex 27.48 0 0
    endloop
  endfacet
  facet normal -0 0 -1
    outer loop
      vertex 27.5194 -0.399935 0
      vertex 22 -12.51 0
      vertex 27.4899 -0.200934 0
    endloop
  endfacet
  facet normal -0 0 -1
    outer loop
      vertex 27.5683 -0.595083 0
      vertex 22 -12.51 0
      vertex 27.5194 -0.399935 0
    endloop
  endfacet
  facet normal -0 0 -1
    outer loop
      vertex 27.636 -0.7845 0
      vertex 22 -12.51 0
      vertex 27.5683 -0.595083 0
    endloop
  endfacet
  facet normal -0 0 -1
    outer loop
      vertex 27.7221 -0.966363 0
      vertex 22 -12.51 0
      vertex 27.636 -0.7845 0
    endloop
  endfacet
  facet normal -0 0 -1
    outer loop
      vertex 37.5833 8.80609 0
      vertex 30.3145 1.89395 0
      vertex 37.3315 9.33838 0
    endloop
  endfacet
  facet normal -0 0 -1
    outer loop
      vertex 37.3315 9.33838 0
      vertex 30.3145 1.89395 0
      vertex 37.0288 9.84341 0
    endloop
  endfacet
  facet normal -0 0 -1
    outer loop
      vertex 37.0288 9.84341 0
      vertex 30.3145 1.89395 0
      vertex 36.6781 10.3164 0
    endloop
  endfacet
  facet normal -0 0 -1
    outer loop
      vertex 36.6781 10.3164 0
      vertex 30.3145 1.89395 0
      vertex 36.2826 10.7526 0
    endloop
  endfacet
  facet normal -0 0 -1
    outer loop
      vertex 36.2826 10.7526 0
      vertex 30.3145 1.89395 0
      vertex 35.8464 11.1481 0
    endloop
  endfacet
  facet normal -0 0 -1
    outer loop
      vertex 35.8464 11.1481 0
      vertex 30.3145 1.89395 0
      vertex 35.3734 11.4988 0
    endloop
  endfacet
  facet normal -0 0 -1
    outer loop
      vertex 35.3734 11.4988 0
      vertex 30.3145 1.89395 0
      vertex 34.8684 11.8015 0
    endloop
  endfacet
  facet normal -0 0 -1
    outer loop
      vertex 34.8684 11.8015 0
      vertex 30.3145 1.89395 0
      vertex 34.3361 12.0533 0
    endloop
  endfacet
  facet normal -0 0 -1
    outer loop
      vertex 34.3361 12.0533 0
      vertex 30.3145 1.89395 0
      vertex 33.7817 12.2516 0
    endloop
  endfacet
  facet normal -0 0 -1
    outer loop
      vertex 33.7817 12.2516 0
      vertex 30.3145 1.89395 0
      vertex 33.2105 12.3947 0
    endloop
  endfacet
  facet normal -0 0 -1
    outer loop
      vertex 33.2105 12.3947 0
      vertex 30.3145 1.89395 0
      vertex 32.6281 12.4811 0
    endloop
  endfacet
  facet normal -0 0 -1
    outer loop
      vertex 32.6281 12.4811 0
      vertex 30.3145 1.89395 0
      vertex 32.04 12.51 0
    endloop
  endfacet
  facet normal 0 0 -1
    outer loop
      vertex 30.1251 1.96173 0
      vertex 32.04 12.51 0
      vertex 30.3145 1.89395 0
    endloop
  endfacet
  facet normal 0 0 -1
    outer loop
      vertex 29.9299 2.01061 0
      vertex 32.04 12.51 0
      vertex 30.1251 1.96173 0
    endloop
  endfacet
  facet normal 0 0 -1
    outer loop
      vertex 29.7309 2.04013 0
      vertex 32.04 12.51 0
      vertex 29.9299 2.01061 0
    endloop
  endfacet
  facet normal 0 0 -1
    outer loop
      vertex 29.53 2.05 0
      vertex 32.04 12.51 0
      vertex 29.7309 2.04013 0
    endloop
  endfacet
  facet normal 0 0 -1
    outer loop
      vertex 29.3291 2.04013 0
      vertex 32.04 12.51 0
      vertex 29.53 2.05 0
    endloop
  endfacet
  facet normal 0 0 -1
    outer loop
      vertex 29.1301 2.01061 0
      vertex 32.04 12.51 0
      vertex 29.3291 2.04013 0
    endloop
  endfacet
  facet normal 0 0 -1
    outer loop
      vertex 28.9349 1.96173 0
      vertex 32.04 12.51 0
      vertex 29.1301 2.01061 0
    endloop
  endfacet
  facet normal 0 0 -1
    outer loop
      vertex 22 12.51 0
      vertex 28.9349 1.96173 0
      vertex 28.7455 1.89395 0
    endloop
  endfacet
  facet normal 0 0 -1
    outer loop
      vertex 22 12.51 0
      vertex 28.7455 1.89395 0
      vertex 28.5636 1.80794 0
    endloop
  endfacet
  facet normal 0 0 -1
    outer loop
      vertex 22 12.51 0
      vertex 28.5636 1.80794 0
      vertex 28.3911 1.70451 0
    endloop
  endfacet
  facet normal 0 0 -1
    outer loop
      vertex 22 12.51 0
      vertex 28.3911 1.70451 0
      vertex 28.2295 1.58467 0
    endloop
  endfacet
  facet normal 0 0 -1
    outer loop
      vertex 22 12.51 0
      vertex 28.2295 1.58467 0
      vertex 28.0804 1.44957 0
    endloop
  endfacet
  facet normal 0 0 -1
    outer loop
      vertex 22 12.51 0
      vertex 28.0804 1.44957 0
      vertex 27.9453 1.30051 0
    endloop
  endfacet
  facet normal 0 0 -1
    outer loop
      vertex 22 12.51 0
      vertex 27.9453 1.30051 0
      vertex 27.8255 1.13892 0
    endloop
  endfacet
  facet normal 0 0 -1
    outer loop
      vertex 22 12.51 0
      vertex 27.8255 1.13892 0
      vertex 27.7221 0.966363 0
    endloop
  endfacet
  facet normal 0 0 -1
    outer loop
      vertex 22 12.51 0
      vertex 27.7221 0.966363 0
      vertex 27.636 0.7845 0
    endloop
  endfacet
  facet normal 0 0 -1
    outer loop
      vertex 22 12.51 0
      vertex 27.48 0 0
      vertex 22 -12.51 0
    endloop
  endfacet
  facet normal 0 0 -1
    outer loop
      vertex 27.48 0 0
      vertex 22 12.51 0
      vertex 27.4899 0.200934 0
    endloop
  endfacet
  facet normal 0 0 -1
    outer loop
      vertex 27.4899 0.200934 0
      vertex 22 12.51 0
      vertex 27.5194 0.399935 0
    endloop
  endfacet
  facet normal 0 0 -1
    outer loop
      vertex 27.5194 0.399935 0
      vertex 22 12.51 0
      vertex 27.5683 0.595083 0
    endloop
  endfacet
  facet normal 0 0 -1
    outer loop
      vertex 27.5683 0.595083 0
      vertex 22 12.51 0
      vertex 27.636 0.7845 0
    endloop
  endfacet
  facet normal 0 0 -1
    outer loop
      vertex 28.9349 1.96173 0
      vertex 22 12.51 0
      vertex 32.04 12.51 0
    endloop
  endfacet
  facet normal 0 0 1
    outer loop
      vertex -2.92 23.02 6
      vertex -10.01 15.01 6
      vertex -2.92 19.1 6
    endloop
  endfacet
  facet normal -0 0 1
    outer loop
      vertex -16 23.02 6
      vertex -10.01 15.01 6
      vertex -2.92 23.02 6
    endloop
  endfacet
  facet normal 0 0 1
    outer loop
      vertex -10.01 15.01 6
      vertex -16 23.02 6
      vertex -10.1082 15.0076 6
    endloop
  endfacet
  facet normal 0 0 1
    outer loop
      vertex -10.1082 15.0076 6
      vertex -16 23.02 6
      vertex -10.4022 14.9931 6
    endloop
  endfacet
  facet normal 0 0 1
    outer loop
      vertex -10.4022 14.9931 6
      vertex -16 23.02 6
      vertex -10.5975 14.9739 6
    endloop
  endfacet
  facet normal 0 0 1
    outer loop
      vertex -10.5975 14.9739 6
      vertex -16 23.02 6
      vertex -10.8887 14.9307 6
    endloop
  endfacet
  facet normal 0 0 1
    outer loop
      vertex -10.8887 14.9307 6
      vertex -16 23.02 6
      vertex -11.0812 14.8924 6
    endloop
  endfacet
  facet normal 0 0 1
    outer loop
      vertex -11.0812 14.8924 6
      vertex -16 23.02 6
      vertex -11.3668 14.8209 6
    endloop
  endfacet
  facet normal 0 0 1
    outer loop
      vertex -11.3668 14.8209 6
      vertex -16 23.02 6
      vertex -11.5546 14.7639 6
    endloop
  endfacet
  facet normal 0 0 1
    outer loop
      vertex -11.5546 14.7639 6
      vertex -16 23.02 6
      vertex -11.8318 14.6647 6
    endloop
  endfacet
  facet normal 0 0 1
    outer loop
      vertex -11.8318 14.6647 6
      vertex -16 23.02 6
      vertex -12.0132 14.5896 6
    endloop
  endfacet
  facet normal 0 0 1
    outer loop
      vertex -12.0132 14.5896 6
      vertex -16 23.02 6
      vertex -12.2793 14.4637 6
    endloop
  endfacet
  facet normal 0 0 1
    outer loop
      vertex -12.2793 14.4637 6
      vertex -16 23.02 6
      vertex -12.4523 14.3712 6
    endloop
  endfacet
  facet normal 0 0 1
    outer loop
      vertex -12.4523 14.3712 6
      vertex -16 23.02 6
      vertex -12.7049 14.2199 6
    endloop
  endfacet
  facet normal 0 0 1
    outer loop
      vertex -12.7049 14.2199 6
      vertex -16 23.02 6
      vertex -12.8681 14.1108 6
    endloop
  endfacet
  facet normal 0 0 1
    outer loop
      vertex -12.8681 14.1108 6
      vertex -16 23.02 6
      vertex -13.1046 13.9354 6
    endloop
  endfacet
  facet normal 0 0 1
    outer loop
      vertex -14.9931 10.4022 6
      vertex -22 12.51 6
      vertex -15.0076 10.1082 6
    endloop
  endfacet
  facet normal 0 0 1
    outer loop
      vertex -14.9739 10.5975 6
      vertex -22 12.51 6
      vertex -14.9931 10.4022 6
    endloop
  endfacet
  facet normal 0 0 1
    outer loop
      vertex -14.9307 10.8887 6
      vertex -22 12.51 6
      vertex -14.9739 10.5975 6
    endloop
  endfacet
  facet normal 0 0 1
    outer loop
      vertex -14.8924 11.0812 6
      vertex -22 12.51 6
      vertex -14.9307 10.8887 6
    endloop
  endfacet
  facet normal 0 0 1
    outer loop
      vertex -14.8209 11.3668 6
      vertex -22 12.51 6
      vertex -14.8924 11.0812 6
    endloop
  endfacet
  facet normal 0 0 1
    outer loop
      vertex -14.7639 11.5546 6
      vertex -22 12.51 6
      vertex -14.8209 11.3668 6
    endloop
  endfacet
  facet normal 0 0 1
    outer loop
      vertex -14.6647 11.8318 6
      vertex -22 12.51 6
      vertex -14.7639 11.5546 6
    endloop
  endfacet
  facet normal 0 0 1
    outer loop
      vertex -14.5896 12.0132 6
      vertex -22 12.51 6
      vertex -14.6647 11.8318 6
    endloop
  endfacet
  facet normal 0 0 1
    outer loop
      vertex -14.4637 12.2793 6
      vertex -22 12.51 6
      vertex -14.5896 12.0132 6
    endloop
  endfacet
  facet normal 0 0 1
    outer loop
      vertex -14.3712 12.4523 6
      vertex -22 12.51 6
      vertex -14.4637 12.2793 6
    endloop
  endfacet
  facet normal -0 0 1
    outer loop
      vertex -22 12.51 6
      vertex -14.3712 12.4523 6
      vertex -22 17.02 6
    endloop
  endfacet
  facet normal 0 0 1
    outer loop
      vertex -14.2199 12.7049 6
      vertex -22 17.02 6
      vertex -14.3712 12.4523 6
    endloop
  endfacet
  facet normal 0 0 1
    outer loop
      vertex -14.1108 12.8681 6
      vertex -22 17.02 6
      vertex -14.2199 12.7049 6
    endloop
  endfacet
  facet normal 0 0 1
    outer loop
      vertex -13.9354 13.1046 6
      vertex -22 17.02 6
      vertex -14.1108 12.8681 6
    endloop
  endfacet
  facet normal 0 0 1
    outer loop
      vertex -13.8109 13.2563 6
      vertex -22 17.02 6
      vertex -13.9354 13.1046 6
    endloop
  endfacet
  facet normal 0 0 1
    outer loop
      vertex -13.6132 13.4744 6
      vertex -22 17.02 6
      vertex -13.8109 13.2563 6
    endloop
  endfacet
  facet normal 0 0 1
    outer loop
      vertex -13.4744 13.6132 6
      vertex -22 17.02 6
      vertex -13.6132 13.4744 6
    endloop
  endfacet
  facet normal 0 0 1
    outer loop
      vertex -13.2563 13.8109 6
      vertex -22 17.02 6
      vertex -13.4744 13.6132 6
    endloop
  endfacet
  facet normal -0 0 1
    outer loop
      vertex -22 17.02 6
      vertex -13.2563 13.8109 6
      vertex -16 23.02 6
    endloop
  endfacet
  facet normal 0 0 1
    outer loop
      vertex -13.1046 13.9354 6
      vertex -16 23.02 6
      vertex -13.2563 13.8109 6
    endloop
  endfacet
  facet normal 0 0 1
    outer loop
      vertex 14.3712 12.4523 6
      vertex 22 12.51 6
      vertex 22 17.02 6
    endloop
  endfacet
  facet normal 0 0 1
    outer loop
      vertex 22 12.51 6
      vertex 15.01 10.01 6
      vertex 22 -12.51 6
    endloop
  endfacet
  facet normal 0 0 1
    outer loop
      vertex 13.6132 13.4744 6
      vertex 22 17.02 6
      vertex 21.9711 17.6081 6
    endloop
  endfacet
  facet normal -0 0 1
    outer loop
      vertex 15.01 -10.01 6
      vertex 22 -12.51 6
      vertex 15.01 10.01 6
    endloop
  endfacet
  facet normal 0 0 1
    outer loop
      vertex 13.4744 13.6132 6
      vertex 21.9711 17.6081 6
      vertex 21.8847 18.1905 6
    endloop
  endfacet
  facet normal -0 0 1
    outer loop
      vertex 15.0076 -10.1082 6
      vertex 22 -12.51 6
      vertex 15.01 -10.01 6
    endloop
  endfacet
  facet normal 0 0 1
    outer loop
      vertex 13.4744 13.6132 6
      vertex 21.8847 18.1905 6
      vertex 21.7416 18.7617 6
    endloop
  endfacet
  facet normal -0 0 1
    outer loop
      vertex 14.9931 -10.4022 6
      vertex 22 -12.51 6
      vertex 15.0076 -10.1082 6
    endloop
  endfacet
  facet normal 0 0 1
    outer loop
      vertex 13.4744 13.6132 6
      vertex 21.7416 18.7617 6
      vertex 21.5433 19.3161 6
    endloop
  endfacet
  facet normal -0 0 1
    outer loop
      vertex 14.9739 -10.5975 6
      vertex 22 -12.51 6
      vertex 14.9931 -10.4022 6
    endloop
  endfacet
  facet normal 0 0 1
    outer loop
      vertex 13.4744 13.6132 6
      vertex 21.5433 19.3161 6
      vertex 21.2915 19.8484 6
    endloop
  endfacet
  facet normal -0 0 1
    outer loop
      vertex 14.9307 -10.8887 6
      vertex 22 -12.51 6
      vertex 14.9739 -10.5975 6
    endloop
  endfacet
  facet normal 0 0 1
    outer loop
      vertex 13.4744 13.6132 6
      vertex 21.2915 19.8484 6
      vertex 20.9888 20.3534 6
    endloop
  endfacet
  facet normal -0 0 1
    outer loop
      vertex 14.8924 -11.0812 6
      vertex 22 -12.51 6
      vertex 14.9307 -10.8887 6
    endloop
  endfacet
  facet normal 0 0 1
    outer loop
      vertex 13.2563 13.8109 6
      vertex 20.9888 20.3534 6
      vertex 20.6381 20.8264 6
    endloop
  endfacet
  facet normal -0 0 1
    outer loop
      vertex 14.8209 -11.3668 6
      vertex 22 -12.51 6
      vertex 14.8924 -11.0812 6
    endloop
  endfacet
  facet normal 0 0 1
    outer loop
      vertex 13.2563 13.8109 6
      vertex 20.6381 20.8264 6
      vertex 20.2426 21.2626 6
    endloop
  endfacet
  facet normal -0 0 1
    outer loop
      vertex 14.7639 -11.5546 6
      vertex 22 -12.51 6
      vertex 14.8209 -11.3668 6
    endloop
  endfacet
  facet normal 0 0 1
    outer loop
      vertex 13.2563 13.8109 6
      vertex 20.2426 21.2626 6
      vertex 19.8064 21.6581 6
    endloop
  endfacet
  facet normal -0 0 1
    outer loop
      vertex 14.6647 -11.8318 6
      vertex 22 -12.51 6
      vertex 14.7639 -11.5546 6
    endloop
  endfacet
  facet normal 0 0 1
    outer loop
      vertex 13.2563 13.8109 6
      vertex 19.8064 21.6581 6
      vertex 19.3334 22.0088 6
    endloop
  endfacet
  facet normal -0 0 1
    outer loop
      vertex 14.5896 -12.0132 6
      vertex 22 -12.51 6
      vertex 14.6647 -11.8318 6
    endloop
  endfacet
  facet normal 0 0 1
    outer loop
      vertex 13.2563 13.8109 6
      vertex 19.3334 22.0088 6
      vertex 18.8284 22.3115 6
    endloop
  endfacet
  facet normal -0 0 1
    outer loop
      vertex 14.4637 -12.2793 6
      vertex 22 -12.51 6
      vertex 14.5896 -12.0132 6
    endloop
  endfacet
  facet normal 0 0 1
    outer loop
      vertex 13.2563 13.8109 6
      vertex 18.8284 22.3115 6
      vertex 18.2961 22.5633 6
    endloop
  endfacet
  facet normal -0 0 1
    outer loop
      vertex 14.3712 -12.4523 6
      vertex 22 -12.51 6
      vertex 14.4637 -12.2793 6
    endloop
  endfacet
  facet normal 0 0 1
    outer loop
      vertex 13.1046 13.9354 6
      vertex 18.2961 22.5633 6
      vertex 17.7417 22.7616 6
    endloop
  endfacet
  facet normal 0 0 1
    outer loop
      vertex 22 -12.51 6
      vertex 14.3712 -12.4523 6
      vertex 22 -17.02 6
    endloop
  endfacet
  facet normal 0 0 1
    outer loop
      vertex 13.1046 13.9354 6
      vertex 17.7417 22.7616 6
      vertex 17.1705 22.9047 6
    endloop
  endfacet
  facet normal -0 0 1
    outer loop
      vertex 14.2199 -12.7049 6
      vertex 22 -17.02 6
      vertex 14.3712 -12.4523 6
    endloop
  endfacet
  facet normal 0 0 1
    outer loop
      vertex 13.1046 13.9354 6
      vertex 17.1705 22.9047 6
      vertex 16.5881 22.9911 6
    endloop
  endfacet
  facet normal -0 0 1
    outer loop
      vertex 14.1108 -12.8681 6
      vertex 22 -17.02 6
      vertex 14.2199 -12.7049 6
    endloop
  endfacet
  facet normal 0 0 1
    outer loop
      vertex 13.1046 13.9354 6
      vertex 16.5881 22.9911 6
      vertex 16 23.02 6
    endloop
  endfacet
  facet normal -0 0 1
    outer loop
      vertex 13.9354 -13.1046 6
      vertex 22 -17.02 6
      vertex 14.1108 -12.8681 6
    endloop
  endfacet
  facet normal -0 0 1
    outer loop
      vertex 13.8109 -13.2563 6
      vertex 22 -17.02 6
      vertex 13.9354 -13.1046 6
    endloop
  endfacet
  facet normal 0 0 1
    outer loop
      vertex 22 12.51 6
      vertex 15.0076 10.1082 6
      vertex 15.01 10.01 6
    endloop
  endfacet
  facet normal 0 0 1
    outer loop
      vertex 22 12.51 6
      vertex 14.9931 10.4022 6
      vertex 15.0076 10.1082 6
    endloop
  endfacet
  facet normal 0 0 1
    outer loop
      vertex 22 12.51 6
      vertex 14.9739 10.5975 6
      vertex 14.9931 10.4022 6
    endloop
  endfacet
  facet normal 0 0 1
    outer loop
      vertex 22 12.51 6
      vertex 14.9307 10.8887 6
      vertex 14.9739 10.5975 6
    endloop
  endfacet
  facet normal 0 0 1
    outer loop
      vertex 22 12.51 6
      vertex 14.8924 11.0812 6
      vertex 14.9307 10.8887 6
    endloop
  endfacet
  facet normal 0 0 1
    outer loop
      vertex 22 12.51 6
      vertex 14.8209 11.3668 6
      vertex 14.8924 11.0812 6
    endloop
  endfacet
  facet normal 0 0 1
    outer loop
      vertex 22 12.51 6
      vertex 14.7639 11.5546 6
      vertex 14.8209 11.3668 6
    endloop
  endfacet
  facet normal 0 0 1
    outer loop
      vertex 22 12.51 6
      vertex 14.6647 11.8318 6
      vertex 14.7639 11.5546 6
    endloop
  endfacet
  facet normal 0 0 1
    outer loop
      vertex 22 12.51 6
      vertex 14.5896 12.0132 6
      vertex 14.6647 11.8318 6
    endloop
  endfacet
  facet normal 0 0 1
    outer loop
      vertex 22 12.51 6
      vertex 14.4637 12.2793 6
      vertex 14.5896 12.0132 6
    endloop
  endfacet
  facet normal 0 0 1
    outer loop
      vertex 22 12.51 6
      vertex 14.3712 12.4523 6
      vertex 14.4637 12.2793 6
    endloop
  endfacet
  facet normal 0 0 1
    outer loop
      vertex 22 17.02 6
      vertex 14.2199 12.7049 6
      vertex 14.3712 12.4523 6
    endloop
  endfacet
  facet normal 0 0 1
    outer loop
      vertex 22 17.02 6
      vertex 14.1108 12.8681 6
      vertex 14.2199 12.7049 6
    endloop
  endfacet
  facet normal 0 0 1
    outer loop
      vertex 22 17.02 6
      vertex 13.9354 13.1046 6
      vertex 14.1108 12.8681 6
    endloop
  endfacet
  facet normal 0 0 1
    outer loop
      vertex 22 17.02 6
      vertex 13.8109 13.2563 6
      vertex 13.9354 13.1046 6
    endloop
  endfacet
  facet normal 0 0 1
    outer loop
      vertex 22 17.02 6
      vertex 13.6132 13.4744 6
      vertex 13.8109 13.2563 6
    endloop
  endfacet
  facet normal 0 0 1
    outer loop
      vertex 21.9711 17.6081 6
      vertex 13.4744 13.6132 6
      vertex 13.6132 13.4744 6
    endloop
  endfacet
  facet normal 0 0 1
    outer loop
      vertex 20.9888 20.3534 6
      vertex 13.2563 13.8109 6
      vertex 13.4744 13.6132 6
    endloop
  endfacet
  facet normal 0 0 1
    outer loop
      vertex 18.2961 22.5633 6
      vertex 13.1046 13.9354 6
      vertex 13.2563 13.8109 6
    endloop
  endfacet
  facet normal 0 0 1
    outer loop
      vertex 16 23.02 6
      vertex 12.8681 14.1108 6
      vertex 13.1046 13.9354 6
    endloop
  endfacet
  facet normal 0 0 1
    outer loop
      vertex 16 23.02 6
      vertex 12.7049 14.2199 6
      vertex 12.8681 14.1108 6
    endloop
  endfacet
  facet normal 0 0 1
    outer loop
      vertex 16 23.02 6
      vertex 12.4523 14.3712 6
      vertex 12.7049 14.2199 6
    endloop
  endfacet
  facet normal 0 0 1
    outer loop
      vertex 16 23.02 6
      vertex 12.2793 14.4637 6
      vertex 12.4523 14.3712 6
    endloop
  endfacet
  facet normal 0 0 1
    outer loop
      vertex 16 23.02 6
      vertex 12.0132 14.5896 6
      vertex 12.2793 14.4637 6
    endloop
  endfacet
  facet normal 0 0 1
    outer loop
      vertex 16 23.02 6
      vertex 11.8318 14.6647 6
      vertex 12.0132 14.5896 6
    endloop
  endfacet
  facet normal 0 0 1
    outer loop
      vertex 16 23.02 6
      vertex 11.5546 14.7639 6
      vertex 11.8318 14.6647 6
    endloop
  endfacet
  facet normal 0 0 1
    outer loop
      vertex 16 23.02 6
      vertex 11.3668 14.8209 6
      vertex 11.5546 14.7639 6
    endloop
  endfacet
  facet normal 0 0 1
    outer loop
      vertex 16 23.02 6
      vertex 11.0812 14.8924 6
      vertex 11.3668 14.8209 6
    endloop
  endfacet
  facet normal 0 0 1
    outer loop
      vertex 16 23.02 6
      vertex 10.8887 14.9307 6
      vertex 11.0812 14.8924 6
    endloop
  endfacet
  facet normal 0 0 1
    outer loop
      vertex 16 23.02 6
      vertex 10.5975 14.9739 6
      vertex 10.8887 14.9307 6
    endloop
  endfacet
  facet normal 0 0 1
    outer loop
      vertex 16 23.02 6
      vertex 10.4022 14.9931 6
      vertex 10.5975 14.9739 6
    endloop
  endfacet
  facet normal 0 0 1
    outer loop
      vertex 16 23.02 6
      vertex 10.1082 15.0076 6
      vertex 10.4022 14.9931 6
    endloop
  endfacet
  facet normal 0 0 1
    outer loop
      vertex 16 23.02 6
      vertex 10.01 15.01 6
      vertex 10.1082 15.0076 6
    endloop
  endfacet
  facet normal -0 0 1
    outer loop
      vertex 2.92 23.02 6
      vertex 10.01 15.01 6
      vertex 16 23.02 6
    endloop
  endfacet
  facet normal -0 0 1
    outer loop
      vertex 2.92 19.1 6
      vertex 10.01 15.01 6
      vertex 2.92 23.02 6
    endloop
  endfacet
  facet normal -0 0 1
    outer loop
      vertex -2.92 19.1 6
      vertex 10.01 15.01 6
      vertex 2.92 19.1 6
    endloop
  endfacet
  facet normal 0 0 1
    outer loop
      vertex 10.01 15.01 6
      vertex -2.92 19.1 6
      vertex -10.01 15.01 6
    endloop
  endfacet
  facet normal -0 0 1
    outer loop
      vertex 13.6132 -13.4744 6
      vertex 22 -17.02 6
      vertex 13.8109 -13.2563 6
    endloop
  endfacet
  facet normal 0 0 1
    outer loop
      vertex 22 -17.02 6
      vertex 13.6132 -13.4744 6
      vertex 21.9711 -17.6081 6
    endloop
  endfacet
  facet normal -0 0 1
    outer loop
      vertex 13.4744 -13.6132 6
      vertex 21.9711 -17.6081 6
      vertex 13.6132 -13.4744 6
    endloop
  endfacet
  facet normal 0 0 1
    outer loop
      vertex 21.9711 -17.6081 6
      vertex 13.4744 -13.6132 6
      vertex 21.8847 -18.1905 6
    endloop
  endfacet
  facet normal 0 0 1
    outer loop
      vertex 21.8847 -18.1905 6
      vertex 13.4744 -13.6132 6
      vertex 21.7416 -18.7617 6
    endloop
  endfacet
  facet normal 0 0 1
    outer loop
      vertex 21.7416 -18.7617 6
      vertex 13.4744 -13.6132 6
      vertex 21.5433 -19.3161 6
    endloop
  endfacet
  facet normal 0 0 1
    outer loop
      vertex 21.5433 -19.3161 6
      vertex 13.4744 -13.6132 6
      vertex 21.2915 -19.8484 6
    endloop
  endfacet
  facet normal 0 0 1
    outer loop
      vertex 21.2915 -19.8484 6
      vertex 13.4744 -13.6132 6
      vertex 20.9888 -20.3534 6
    endloop
  endfacet
  facet normal -0 0 1
    outer loop
      vertex 13.2563 -13.8109 6
      vertex 20.9888 -20.3534 6
      vertex 13.4744 -13.6132 6
    endloop
  endfacet
  facet normal 0 0 1
    outer loop
      vertex 20.9888 -20.3534 6
      vertex 13.2563 -13.8109 6
      vertex 20.6381 -20.8264 6
    endloop
  endfacet
  facet normal 0 0 1
    outer loop
      vertex 20.6381 -20.8264 6
      vertex 13.2563 -13.8109 6
      vertex 20.2426 -21.2626 6
    endloop
  endfacet
  facet normal 0 0 1
    outer loop
      vertex 20.2426 -21.2626 6
      vertex 13.2563 -13.8109 6
      vertex 19.8064 -21.6581 6
    endloop
  endfacet
  facet normal 0 0 1
    outer loop
      vertex 19.8064 -21.6581 6
      vertex 13.2563 -13.8109 6
      vertex 19.3334 -22.0088 6
    endloop
  endfacet
  facet normal 0 0 1
    outer loop
      vertex 19.3334 -22.0088 6
      vertex 13.2563 -13.8109 6
      vertex 18.8284 -22.3115 6
    endloop
  endfacet
  facet normal 0 0 1
    outer loop
      vertex 18.8284 -22.3115 6
      vertex 13.2563 -13.8109 6
      vertex 18.2961 -22.5633 6
    endloop
  endfacet
  facet normal -0 0 1
    outer loop
      vertex 13.1046 -13.9354 6
      vertex 18.2961 -22.5633 6
      vertex 13.2563 -13.8109 6
    endloop
  endfacet
  facet normal 0 0 1
    outer loop
      vertex 18.2961 -22.5633 6
      vertex 13.1046 -13.9354 6
      vertex 17.7417 -22.7616 6
    endloop
  endfacet
  facet normal 0 0 1
    outer loop
      vertex 17.7417 -22.7616 6
      vertex 13.1046 -13.9354 6
      vertex 17.1705 -22.9047 6
    endloop
  endfacet
  facet normal 0 0 1
    outer loop
      vertex 17.1705 -22.9047 6
      vertex 13.1046 -13.9354 6
      vertex 16.5881 -22.9911 6
    endloop
  endfacet
  facet normal 0 0 1
    outer loop
      vertex 16.5881 -22.9911 6
      vertex 13.1046 -13.9354 6
      vertex 16 -23.02 6
    endloop
  endfacet
  facet normal -0 0 1
    outer loop
      vertex 12.8681 -14.1108 6
      vertex 16 -23.02 6
      vertex 13.1046 -13.9354 6
    endloop
  endfacet
  facet normal -0 0 1
    outer loop
      vertex 12.7049 -14.2199 6
      vertex 16 -23.02 6
      vertex 12.8681 -14.1108 6
    endloop
  endfacet
  facet normal -0 0 1
    outer loop
      vertex 12.4523 -14.3712 6
      vertex 16 -23.02 6
      vertex 12.7049 -14.2199 6
    endloop
  endfacet
  facet normal -0 0 1
    outer loop
      vertex 12.2793 -14.4637 6
      vertex 16 -23.02 6
      vertex 12.4523 -14.3712 6
    endloop
  endfacet
  facet normal -0 0 1
    outer loop
      vertex 12.0132 -14.5896 6
      vertex 16 -23.02 6
      vertex 12.2793 -14.4637 6
    endloop
  endfacet
  facet normal -0 0 1
    outer loop
      vertex 11.8318 -14.6647 6
      vertex 16 -23.02 6
      vertex 12.0132 -14.5896 6
    endloop
  endfacet
  facet normal -0 0 1
    outer loop
      vertex 11.5546 -14.7639 6
      vertex 16 -23.02 6
      vertex 11.8318 -14.6647 6
    endloop
  endfacet
  facet normal -0 0 1
    outer loop
      vertex 11.3668 -14.8209 6
      vertex 16 -23.02 6
      vertex 11.5546 -14.7639 6
    endloop
  endfacet
  facet normal -0 0 1
    outer loop
      vertex 11.0812 -14.8924 6
      vertex 16 -23.02 6
      vertex 11.3668 -14.8209 6
    endloop
  endfacet
  facet normal -0 0 1
    outer loop
      vertex 10.8887 -14.9307 6
      vertex 16 -23.02 6
      vertex 11.0812 -14.8924 6
    endloop
  endfacet
  facet normal -0 0 1
    outer loop
      vertex 10.5975 -14.9739 6
      vertex 16 -23.02 6
      vertex 10.8887 -14.9307 6
    endloop
  endfacet
  facet normal -0 0 1
    outer loop
      vertex 10.4022 -14.9931 6
      vertex 16 -23.02 6
      vertex 10.5975 -14.9739 6
    endloop
  endfacet
  facet normal -0 0 1
    outer loop
      vertex 10.1082 -15.0076 6
      vertex 16 -23.02 6
      vertex 10.4022 -14.9931 6
    endloop
  endfacet
  facet normal -0 0 1
    outer loop
      vertex 10.01 -15.01 6
      vertex 16 -23.02 6
      vertex 10.1082 -15.0076 6
    endloop
  endfacet
  facet normal 0 0 1
    outer loop
      vertex 3 -23.02 6
      vertex 10.01 -15.01 6
      vertex 3 -15.01 6
    endloop
  endfacet
  facet normal 0 0 1
    outer loop
      vertex 10.01 -15.01 6
      vertex 3 -23.02 6
      vertex 16 -23.02 6
    endloop
  endfacet
  facet normal -0 0 1
    outer loop
      vertex -10.01 -15.01 6
      vertex -3 -23.02 6
      vertex -3 -15.01 6
    endloop
  endfacet
  facet normal 0 0 1
    outer loop
      vertex -16 -23.02 6
      vertex -10.01 -15.01 6
      vertex -10.1082 -15.0076 6
    endloop
  endfacet
  facet normal 0 0 1
    outer loop
      vertex -16 -23.02 6
      vertex -10.1082 -15.0076 6
      vertex -10.4022 -14.9931 6
    endloop
  endfacet
  facet normal 0 0 1
    outer loop
      vertex -16 -23.02 6
      vertex -10.4022 -14.9931 6
      vertex -10.5975 -14.9739 6
    endloop
  endfacet
  facet normal 0 0 1
    outer loop
      vertex -16 -23.02 6
      vertex -10.5975 -14.9739 6
      vertex -10.8887 -14.9307 6
    endloop
  endfacet
  facet normal 0 0 1
    outer loop
      vertex -16 -23.02 6
      vertex -10.8887 -14.9307 6
      vertex -11.0812 -14.8924 6
    endloop
  endfacet
  facet normal 0 0 1
    outer loop
      vertex -16 -23.02 6
      vertex -11.0812 -14.8924 6
      vertex -11.3668 -14.8209 6
    endloop
  endfacet
  facet normal 0 0 1
    outer loop
      vertex -16 -23.02 6
      vertex -11.3668 -14.8209 6
      vertex -11.5546 -14.7639 6
    endloop
  endfacet
  facet normal 0 0 1
    outer loop
      vertex -16 -23.02 6
      vertex -11.5546 -14.7639 6
      vertex -11.8318 -14.6647 6
    endloop
  endfacet
  facet normal 0 0 1
    outer loop
      vertex -16 -23.02 6
      vertex -11.8318 -14.6647 6
      vertex -12.0132 -14.5896 6
    endloop
  endfacet
  facet normal 0 0 1
    outer loop
      vertex -16 -23.02 6
      vertex -12.0132 -14.5896 6
      vertex -12.2793 -14.4637 6
    endloop
  endfacet
  facet normal 0 0 1
    outer loop
      vertex -16 -23.02 6
      vertex -12.2793 -14.4637 6
      vertex -12.4523 -14.3712 6
    endloop
  endfacet
  facet normal 0 0 1
    outer loop
      vertex -16 -23.02 6
      vertex -12.4523 -14.3712 6
      vertex -12.7049 -14.2199 6
    endloop
  endfacet
  facet normal 0 0 1
    outer loop
      vertex -16 -23.02 6
      vertex -12.7049 -14.2199 6
      vertex -12.8681 -14.1108 6
    endloop
  endfacet
  facet normal 0 0 1
    outer loop
      vertex -16 -23.02 6
      vertex -12.8681 -14.1108 6
      vertex -13.1046 -13.9354 6
    endloop
  endfacet
  facet normal 0 0 1
    outer loop
      vertex -18.2961 -22.5633 6
      vertex -13.1046 -13.9354 6
      vertex -13.2563 -13.8109 6
    endloop
  endfacet
  facet normal 0 0 1
    outer loop
      vertex -27.7221 0.966363 6
      vertex -15.01 10.01 6
      vertex -22 12.51 6
    endloop
  endfacet
  facet normal 0 0 1
    outer loop
      vertex -10.01 -15.01 6
      vertex -16 -23.02 6
      vertex -3 -23.02 6
    endloop
  endfacet
  facet normal 0 0 1
    outer loop
      vertex -20.9888 -20.3534 6
      vertex -13.2563 -13.8109 6
      vertex -13.4744 -13.6132 6
    endloop
  endfacet
  facet normal 0 0 1
    outer loop
      vertex -21.9711 -17.6081 6
      vertex -13.4744 -13.6132 6
      vertex -13.6132 -13.4744 6
    endloop
  endfacet
  facet normal 0 0 1
    outer loop
      vertex -22 -17.02 6
      vertex -13.6132 -13.4744 6
      vertex -13.8109 -13.2563 6
    endloop
  endfacet
  facet normal 0 0 1
    outer loop
      vertex -22 -17.02 6
      vertex -13.8109 -13.2563 6
      vertex -13.9354 -13.1046 6
    endloop
  endfacet
  facet normal 0 0 1
    outer loop
      vertex -22 -17.02 6
      vertex -13.9354 -13.1046 6
      vertex -14.1108 -12.8681 6
    endloop
  endfacet
  facet normal 0 0 1
    outer loop
      vertex -22 -17.02 6
      vertex -14.1108 -12.8681 6
      vertex -14.2199 -12.7049 6
    endloop
  endfacet
  facet normal 0 0 1
    outer loop
      vertex -22 -17.02 6
      vertex -14.2199 -12.7049 6
      vertex -14.3712 -12.4523 6
    endloop
  endfacet
  facet normal 0 0 1
    outer loop
      vertex -22 -12.51 6
      vertex -14.3712 -12.4523 6
      vertex -14.4637 -12.2793 6
    endloop
  endfacet
  facet normal 0 0 1
    outer loop
      vertex -22 -12.51 6
      vertex -14.4637 -12.2793 6
      vertex -14.5896 -12.0132 6
    endloop
  endfacet
  facet normal 0 0 1
    outer loop
      vertex -22 -12.51 6
      vertex -14.5896 -12.0132 6
      vertex -14.6647 -11.8318 6
    endloop
  endfacet
  facet normal 0 0 1
    outer loop
      vertex -22 -12.51 6
      vertex -14.6647 -11.8318 6
      vertex -14.7639 -11.5546 6
    endloop
  endfacet
  facet normal 0 0 1
    outer loop
      vertex -22 -12.51 6
      vertex -14.7639 -11.5546 6
      vertex -14.8209 -11.3668 6
    endloop
  endfacet
  facet normal 0 0 1
    outer loop
      vertex -22 -12.51 6
      vertex -14.8209 -11.3668 6
      vertex -14.8924 -11.0812 6
    endloop
  endfacet
  facet normal 0 0 1
    outer loop
      vertex -22 -12.51 6
      vertex -14.8924 -11.0812 6
      vertex -14.9307 -10.8887 6
    endloop
  endfacet
  facet normal 0 0 1
    outer loop
      vertex -22 -12.51 6
      vertex -14.9307 -10.8887 6
      vertex -14.9739 -10.5975 6
    endloop
  endfacet
  facet normal 0 0 1
    outer loop
      vertex -22 -12.51 6
      vertex -14.9739 -10.5975 6
      vertex -14.9931 -10.4022 6
    endloop
  endfacet
  facet normal 0 0 1
    outer loop
      vertex -22 -12.51 6
      vertex -14.9931 -10.4022 6
      vertex -15.0076 -10.1082 6
    endloop
  endfacet
  facet normal 0 -0 1
    outer loop
      vertex -27.48 0 6
      vertex -15.01 10.01 6
      vertex -27.4899 0.200934 6
    endloop
  endfacet
  facet normal 0 0 1
    outer loop
      vertex -22 17.02 6
      vertex -16 23.02 6
      vertex -16.5881 22.9911 6
    endloop
  endfacet
  facet normal 0 0 1
    outer loop
      vertex -15.01 10.01 6
      vertex -27.48 0 6
      vertex -15.01 -10.01 6
    endloop
  endfacet
  facet normal 0 0 1
    outer loop
      vertex -22 17.02 6
      vertex -16.5881 22.9911 6
      vertex -17.1705 22.9047 6
    endloop
  endfacet
  facet normal 0 0 1
    outer loop
      vertex -14.3712 -12.4523 6
      vertex -22 -12.51 6
      vertex -22 -17.02 6
    endloop
  endfacet
  facet normal 0 0 1
    outer loop
      vertex -22 17.02 6
      vertex -17.1705 22.9047 6
      vertex -17.7417 22.7616 6
    endloop
  endfacet
  facet normal 0 0 1
    outer loop
      vertex -13.6132 -13.4744 6
      vertex -22 -17.02 6
      vertex -21.9711 -17.6081 6
    endloop
  endfacet
  facet normal 0 0 1
    outer loop
      vertex -22 17.02 6
      vertex -17.7417 22.7616 6
      vertex -18.2961 22.5633 6
    endloop
  endfacet
  facet normal 0 0 1
    outer loop
      vertex -13.1046 -13.9354 6
      vertex -16.5881 -22.9911 6
      vertex -16 -23.02 6
    endloop
  endfacet
  facet normal 0 0 1
    outer loop
      vertex -22 17.02 6
      vertex -18.2961 22.5633 6
      vertex -18.8284 22.3115 6
    endloop
  endfacet
  facet normal 0 0 1
    outer loop
      vertex -13.1046 -13.9354 6
      vertex -17.1705 -22.9047 6
      vertex -16.5881 -22.9911 6
    endloop
  endfacet
  facet normal 0 0 1
    outer loop
      vertex -22 17.02 6
      vertex -18.8284 22.3115 6
      vertex -19.3334 22.0088 6
    endloop
  endfacet
  facet normal 0 0 1
    outer loop
      vertex -13.1046 -13.9354 6
      vertex -17.7417 -22.7616 6
      vertex -17.1705 -22.9047 6
    endloop
  endfacet
  facet normal 0 0 1
    outer loop
      vertex -22 17.02 6
      vertex -19.3334 22.0088 6
      vertex -19.8064 21.6581 6
    endloop
  endfacet
  facet normal 0 0 1
    outer loop
      vertex -13.1046 -13.9354 6
      vertex -18.2961 -22.5633 6
      vertex -17.7417 -22.7616 6
    endloop
  endfacet
  facet normal 0 0 1
    outer loop
      vertex -22 17.02 6
      vertex -19.8064 21.6581 6
      vertex -20.2426 21.2626 6
    endloop
  endfacet
  facet normal 0 0 1
    outer loop
      vertex -13.2563 -13.8109 6
      vertex -18.8284 -22.3115 6
      vertex -18.2961 -22.5633 6
    endloop
  endfacet
  facet normal 0 0 1
    outer loop
      vertex -22 17.02 6
      vertex -20.2426 21.2626 6
      vertex -20.6381 20.8264 6
    endloop
  endfacet
  facet normal 0 0 1
    outer loop
      vertex -13.2563 -13.8109 6
      vertex -19.3334 -22.0088 6
      vertex -18.8284 -22.3115 6
    endloop
  endfacet
  facet normal 0 0 1
    outer loop
      vertex -22 17.02 6
      vertex -20.6381 20.8264 6
      vertex -20.9888 20.3534 6
    endloop
  endfacet
  facet normal 0 0 1
    outer loop
      vertex -13.2563 -13.8109 6
      vertex -19.8064 -21.6581 6
      vertex -19.3334 -22.0088 6
    endloop
  endfacet
  facet normal 0 0 1
    outer loop
      vertex -22 17.02 6
      vertex -20.9888 20.3534 6
      vertex -21.2915 19.8484 6
    endloop
  endfacet
  facet normal 0 0 1
    outer loop
      vertex -13.2563 -13.8109 6
      vertex -20.2426 -21.2626 6
      vertex -19.8064 -21.6581 6
    endloop
  endfacet
  facet normal 0 0 1
    outer loop
      vertex -22 17.02 6
      vertex -21.2915 19.8484 6
      vertex -21.5433 19.3161 6
    endloop
  endfacet
  facet normal 0 0 1
    outer loop
      vertex -13.2563 -13.8109 6
      vertex -20.6381 -20.8264 6
      vertex -20.2426 -21.2626 6
    endloop
  endfacet
  facet normal 0 0 1
    outer loop
      vertex -22 17.02 6
      vertex -21.5433 19.3161 6
      vertex -21.7416 18.7617 6
    endloop
  endfacet
  facet normal 0 0 1
    outer loop
      vertex -13.2563 -13.8109 6
      vertex -20.9888 -20.3534 6
      vertex -20.6381 -20.8264 6
    endloop
  endfacet
  facet normal 0 0 1
    outer loop
      vertex -22 17.02 6
      vertex -21.7416 18.7617 6
      vertex -21.8847 18.1905 6
    endloop
  endfacet
  facet normal 0 0 1
    outer loop
      vertex -13.4744 -13.6132 6
      vertex -21.2915 -19.8484 6
      vertex -20.9888 -20.3534 6
    endloop
  endfacet
  facet normal 0 0 1
    outer loop
      vertex -22 17.02 6
      vertex -21.8847 18.1905 6
      vertex -21.9711 17.6081 6
    endloop
  endfacet
  facet normal 0 0 1
    outer loop
      vertex -13.4744 -13.6132 6
      vertex -21.5433 -19.3161 6
      vertex -21.2915 -19.8484 6
    endloop
  endfacet
  facet normal 0 0 1
    outer loop
      vertex -15.0076 10.1082 6
      vertex -22 12.51 6
      vertex -15.01 10.01 6
    endloop
  endfacet
  facet normal 0 0 1
    outer loop
      vertex -13.4744 -13.6132 6
      vertex -21.7416 -18.7617 6
      vertex -21.5433 -19.3161 6
    endloop
  endfacet
  facet normal 0 0 1
    outer loop
      vertex -13.4744 -13.6132 6
      vertex -21.8847 -18.1905 6
      vertex -21.7416 -18.7617 6
    endloop
  endfacet
  facet normal 0 0 1
    outer loop
      vertex -13.4744 -13.6132 6
      vertex -21.9711 -17.6081 6
      vertex -21.8847 -18.1905 6
    endloop
  endfacet
  facet normal -0 0 1
    outer loop
      vertex -27.5194 -0.399935 6
      vertex -15.01 -10.01 6
      vertex -27.4899 -0.200934 6
    endloop
  endfacet
  facet normal -0 0 1
    outer loop
      vertex -27.4899 -0.200934 6
      vertex -15.01 -10.01 6
      vertex -27.48 0 6
    endloop
  endfacet
  facet normal 0 0 1
    outer loop
      vertex -15.01 10.01 6
      vertex -27.5194 0.399935 6
      vertex -27.4899 0.200934 6
    endloop
  endfacet
  facet normal 0 0 1
    outer loop
      vertex -15.01 10.01 6
      vertex -27.5683 0.595083 6
      vertex -27.5194 0.399935 6
    endloop
  endfacet
  facet normal 0 0 1
    outer loop
      vertex -15.01 10.01 6
      vertex -27.636 0.7845 6
      vertex -27.5683 0.595083 6
    endloop
  endfacet
  facet normal 0 0 1
    outer loop
      vertex -15.01 10.01 6
      vertex -27.7221 0.966363 6
      vertex -27.636 0.7845 6
    endloop
  endfacet
  facet normal 0 0 1
    outer loop
      vertex -22 12.51 6
      vertex -27.8255 1.13892 6
      vertex -27.7221 0.966363 6
    endloop
  endfacet
  facet normal 0 0 1
    outer loop
      vertex -22 12.51 6
      vertex -27.9453 1.30051 6
      vertex -27.8255 1.13892 6
    endloop
  endfacet
  facet normal 0 0 1
    outer loop
      vertex -22 12.51 6
      vertex -28.0804 1.44957 6
      vertex -27.9453 1.30051 6
    endloop
  endfacet
  facet normal 0 0 1
    outer loop
      vertex -22 12.51 6
      vertex -28.2295 1.58467 6
      vertex -28.0804 1.44957 6
    endloop
  endfacet
  facet normal 0 0 1
    outer loop
      vertex -22 12.51 6
      vertex -28.3911 1.70451 6
      vertex -28.2295 1.58467 6
    endloop
  endfacet
  facet normal 0 0 1
    outer loop
      vertex -22 12.51 6
      vertex -28.5636 1.80794 6
      vertex -28.3911 1.70451 6
    endloop
  endfacet
  facet normal 0 0 1
    outer loop
      vertex -22 12.51 6
      vertex -28.7455 1.89395 6
      vertex -28.5636 1.80794 6
    endloop
  endfacet
  facet normal 0 0 1
    outer loop
      vertex -22 12.51 6
      vertex -28.9349 1.96173 6
      vertex -28.7455 1.89395 6
    endloop
  endfacet
  facet normal -0 0 1
    outer loop
      vertex -32.04 12.51 6
      vertex -28.9349 1.96173 6
      vertex -22 12.51 6
    endloop
  endfacet
  facet normal 0 0 1
    outer loop
      vertex -28.9349 1.96173 6
      vertex -32.04 12.51 6
      vertex -29.1301 2.01061 6
    endloop
  endfacet
  facet normal 0 0 1
    outer loop
      vertex -29.1301 2.01061 6
      vertex -32.04 12.51 6
      vertex -29.3291 2.04013 6
    endloop
  endfacet
  facet normal 0 0 1
    outer loop
      vertex -29.3291 2.04013 6
      vertex -32.04 12.51 6
      vertex -29.53 2.05 6
    endloop
  endfacet
  facet normal 0 0 1
    outer loop
      vertex -29.53 2.05 6
      vertex -32.04 12.51 6
      vertex -29.7309 2.04013 6
    endloop
  endfacet
  facet normal 0 0 1
    outer loop
      vertex -29.7309 2.04013 6
      vertex -32.04 12.51 6
      vertex -29.9299 2.01061 6
    endloop
  endfacet
  facet normal 0 0 1
    outer loop
      vertex -29.9299 2.01061 6
      vertex -32.04 12.51 6
      vertex -30.1251 1.96173 6
    endloop
  endfacet
  facet normal 0 0 1
    outer loop
      vertex -30.1251 1.96173 6
      vertex -32.04 12.51 6
      vertex -30.3145 1.89395 6
    endloop
  endfacet
  facet normal -0 0 1
    outer loop
      vertex -32.6281 12.4811 6
      vertex -30.3145 1.89395 6
      vertex -32.04 12.51 6
    endloop
  endfacet
  facet normal -0 0 1
    outer loop
      vertex -33.2105 12.3947 6
      vertex -30.3145 1.89395 6
      vertex -32.6281 12.4811 6
    endloop
  endfacet
  facet normal -0 0 1
    outer loop
      vertex -33.7817 12.2516 6
      vertex -30.3145 1.89395 6
      vertex -33.2105 12.3947 6
    endloop
  endfacet
  facet normal -0 0 1
    outer loop
      vertex -34.3361 12.0533 6
      vertex -30.3145 1.89395 6
      vertex -33.7817 12.2516 6
    endloop
  endfacet
  facet normal 0 0 1
    outer loop
      vertex -31.5406 0.399935 6
      vertex -38.04 6.50999 6
      vertex -31.5701 0.200934 6
    endloop
  endfacet
  facet normal 0 0 1
    outer loop
      vertex -31.4917 0.595083 6
      vertex -38.04 6.50999 6
      vertex -31.5406 0.399935 6
    endloop
  endfacet
  facet normal 0 0 1
    outer loop
      vertex -31.424 0.7845 6
      vertex -38.04 6.50999 6
      vertex -31.4917 0.595083 6
    endloop
  endfacet
  facet normal 0 0 1
    outer loop
      vertex -31.3379 0.966363 6
      vertex -38.04 6.50999 6
      vertex -31.424 0.7845 6
    endloop
  endfacet
  facet normal 0 0 1
    outer loop
      vertex -31.2345 1.13892 6
      vertex -38.04 6.50999 6
      vertex -31.3379 0.966363 6
    endloop
  endfacet
  facet normal 0 0 1
    outer loop
      vertex -31.1147 1.30051 6
      vertex -38.04 6.50999 6
      vertex -31.2345 1.13892 6
    endloop
  endfacet
  facet normal 0 0 1
    outer loop
      vertex -30.9796 1.44957 6
      vertex -38.04 6.50999 6
      vertex -31.1147 1.30051 6
    endloop
  endfacet
  facet normal -0 0 1
    outer loop
      vertex -34.8684 11.8015 6
      vertex -30.3145 1.89395 6
      vertex -34.3361 12.0533 6
    endloop
  endfacet
  facet normal -0 0 1
    outer loop
      vertex -27.5683 -0.595083 6
      vertex -15.01 -10.01 6
      vertex -27.5194 -0.399935 6
    endloop
  endfacet
  facet normal -0 0 1
    outer loop
      vertex -27.636 -0.7845 6
      vertex -15.01 -10.01 6
      vertex -27.5683 -0.595083 6
    endloop
  endfacet
  facet normal -0 0 1
    outer loop
      vertex -27.7221 -0.966363 6
      vertex -15.01 -10.01 6
      vertex -27.636 -0.7845 6
    endloop
  endfacet
  facet normal 0 -0 1
    outer loop
      vertex -22 -12.51 6
      vertex -15.01 -10.01 6
      vertex -27.7221 -0.966363 6
    endloop
  endfacet
  facet normal 0 0 1
    outer loop
      vertex -15.01 -10.01 6
      vertex -22 -12.51 6
      vertex -15.0076 -10.1082 6
    endloop
  endfacet
  facet normal -0 0 1
    outer loop
      vertex -27.8255 -1.13892 6
      vertex -22 -12.51 6
      vertex -27.7221 -0.966363 6
    endloop
  endfacet
  facet normal -0 0 1
    outer loop
      vertex -27.9453 -1.30051 6
      vertex -22 -12.51 6
      vertex -27.8255 -1.13892 6
    endloop
  endfacet
  facet normal -0 0 1
    outer loop
      vertex -28.0804 -1.44957 6
      vertex -22 -12.51 6
      vertex -27.9453 -1.30051 6
    endloop
  endfacet
  facet normal -0 0 1
    outer loop
      vertex -28.2295 -1.58467 6
      vertex -22 -12.51 6
      vertex -28.0804 -1.44957 6
    endloop
  endfacet
  facet normal -0 0 1
    outer loop
      vertex -28.3911 -1.70451 6
      vertex -22 -12.51 6
      vertex -28.2295 -1.58467 6
    endloop
  endfacet
  facet normal -0 0 1
    outer loop
      vertex -28.5636 -1.80794 6
      vertex -22 -12.51 6
      vertex -28.3911 -1.70451 6
    endloop
  endfacet
  facet normal -0 0 1
    outer loop
      vertex -28.7455 -1.89395 6
      vertex -22 -12.51 6
      vertex -28.5636 -1.80794 6
    endloop
  endfacet
  facet normal -0 0 1
    outer loop
      vertex -28.9349 -1.96173 6
      vertex -22 -12.51 6
      vertex -28.7455 -1.89395 6
    endloop
  endfacet
  facet normal 0 0 1
    outer loop
      vertex -32.04 -12.51 6
      vertex -28.9349 -1.96173 6
      vertex -29.1301 -2.01061 6
    endloop
  endfacet
  facet normal 0 0 1
    outer loop
      vertex -32.04 -12.51 6
      vertex -29.1301 -2.01061 6
      vertex -29.3291 -2.04013 6
    endloop
  endfacet
  facet normal 0 0 1
    outer loop
      vertex -32.04 -12.51 6
      vertex -29.3291 -2.04013 6
      vertex -29.53 -2.05 6
    endloop
  endfacet
  facet normal 0 0 1
    outer loop
      vertex -32.04 -12.51 6
      vertex -29.53 -2.05 6
      vertex -29.7309 -2.04013 6
    endloop
  endfacet
  facet normal 0 0 1
    outer loop
      vertex -32.04 -12.51 6
      vertex -29.7309 -2.04013 6
      vertex -29.9299 -2.01061 6
    endloop
  endfacet
  facet normal 0 0 1
    outer loop
      vertex -32.04 -12.51 6
      vertex -29.9299 -2.01061 6
      vertex -30.1251 -1.96173 6
    endloop
  endfacet
  facet normal 0 0 1
    outer loop
      vertex -32.04 -12.51 6
      vertex -30.1251 -1.96173 6
      vertex -30.3145 -1.89395 6
    endloop
  endfacet
  facet normal 0 0 1
    outer loop
      vertex -37.7816 -8.25171 6
      vertex -30.3145 -1.89395 6
      vertex -30.4964 -1.80794 6
    endloop
  endfacet
  facet normal 0 0 1
    outer loop
      vertex -38.04 -6.50999 6
      vertex -30.4964 -1.80794 6
      vertex -30.6689 -1.70451 6
    endloop
  endfacet
  facet normal 0 0 1
    outer loop
      vertex -38.04 -6.50999 6
      vertex -30.6689 -1.70451 6
      vertex -30.8305 -1.58467 6
    endloop
  endfacet
  facet normal 0 0 1
    outer loop
      vertex -38.04 -6.50999 6
      vertex -30.8305 -1.58467 6
      vertex -30.9796 -1.44957 6
    endloop
  endfacet
  facet normal 0 0 1
    outer loop
      vertex -38.04 -6.50999 6
      vertex -30.9796 -1.44957 6
      vertex -31.1147 -1.30051 6
    endloop
  endfacet
  facet normal 0 0 1
    outer loop
      vertex -28.9349 -1.96173 6
      vertex -32.04 -12.51 6
      vertex -22 -12.51 6
    endloop
  endfacet
  facet normal 0 0 1
    outer loop
      vertex -38.04 -6.50999 6
      vertex -31.1147 -1.30051 6
      vertex -31.2345 -1.13892 6
    endloop
  endfacet
  facet normal 0 0 1
    outer loop
      vertex -38.04 -6.50999 6
      vertex -31.2345 -1.13892 6
      vertex -31.3379 -0.966363 6
    endloop
  endfacet
  facet normal 0 0 1
    outer loop
      vertex -38.04 -6.50999 6
      vertex -31.3379 -0.966363 6
      vertex -31.424 -0.7845 6
    endloop
  endfacet
  facet normal 0 0 1
    outer loop
      vertex -38.04 -6.50999 6
      vertex -31.424 -0.7845 6
      vertex -31.4917 -0.595083 6
    endloop
  endfacet
  facet normal 0 0 1
    outer loop
      vertex -38.04 -6.50999 6
      vertex -31.4917 -0.595083 6
      vertex -31.5406 -0.399935 6
    endloop
  endfacet
  facet normal 0 0 1
    outer loop
      vertex -38.04 -6.50999 6
      vertex -31.5406 -0.399935 6
      vertex -31.5701 -0.200934 6
    endloop
  endfacet
  facet normal 0 0 1
    outer loop
      vertex -38.04 -6.50999 6
      vertex -31.5701 -0.200934 6
      vertex -31.58 0 6
    endloop
  endfacet
  facet normal 0 0 1
    outer loop
      vertex -31.5701 0.200934 6
      vertex -38.04 6.50999 6
      vertex -31.58 0 6
    endloop
  endfacet
  facet normal -0 0 1
    outer loop
      vertex -35.3734 11.4988 6
      vertex -30.3145 1.89395 6
      vertex -34.8684 11.8015 6
    endloop
  endfacet
  facet normal 0 0 1
    outer loop
      vertex -38.04 -6.50999 6
      vertex -31.58 0 6
      vertex -38.04 6.50999 6
    endloop
  endfacet
  facet normal -0 0 1
    outer loop
      vertex -35.8464 11.1481 6
      vertex -30.3145 1.89395 6
      vertex -35.3734 11.4988 6
    endloop
  endfacet
  facet normal 0 0 1
    outer loop
      vertex -30.4964 -1.80794 6
      vertex -38.04 -6.50999 6
      vertex -38.0111 -7.0981 6
    endloop
  endfacet
  facet normal -0 0 1
    outer loop
      vertex -36.2826 10.7526 6
      vertex -30.3145 1.89395 6
      vertex -35.8464 11.1481 6
    endloop
  endfacet
  facet normal 0 0 1
    outer loop
      vertex -30.3145 -1.89395 6
      vertex -32.6281 -12.4811 6
      vertex -32.04 -12.51 6
    endloop
  endfacet
  facet normal -0 0 1
    outer loop
      vertex -36.6781 10.3164 6
      vertex -30.3145 1.89395 6
      vertex -36.2826 10.7526 6
    endloop
  endfacet
  facet normal 0 0 1
    outer loop
      vertex -30.3145 -1.89395 6
      vertex -33.2105 -12.3947 6
      vertex -32.6281 -12.4811 6
    endloop
  endfacet
  facet normal -0 0 1
    outer loop
      vertex -37.0288 9.84341 6
      vertex -30.3145 1.89395 6
      vertex -36.6781 10.3164 6
    endloop
  endfacet
  facet normal 0 0 1
    outer loop
      vertex -30.3145 -1.89395 6
      vertex -33.7817 -12.2516 6
      vertex -33.2105 -12.3947 6
    endloop
  endfacet
  facet normal -0 0 1
    outer loop
      vertex -37.3315 9.33838 6
      vertex -30.3145 1.89395 6
      vertex -37.0288 9.84341 6
    endloop
  endfacet
  facet normal 0 0 1
    outer loop
      vertex -30.3145 -1.89395 6
      vertex -34.3361 -12.0533 6
      vertex -33.7817 -12.2516 6
    endloop
  endfacet
  facet normal -0 0 1
    outer loop
      vertex -37.5833 8.80609 6
      vertex -30.3145 1.89395 6
      vertex -37.3315 9.33838 6
    endloop
  endfacet
  facet normal 0 0 1
    outer loop
      vertex -30.3145 -1.89395 6
      vertex -34.8684 -11.8015 6
      vertex -34.3361 -12.0533 6
    endloop
  endfacet
  facet normal -0 0 1
    outer loop
      vertex -37.7816 8.25171 6
      vertex -30.3145 1.89395 6
      vertex -37.5833 8.80609 6
    endloop
  endfacet
  facet normal 0 0 1
    outer loop
      vertex -30.3145 -1.89395 6
      vertex -35.3734 -11.4988 6
      vertex -34.8684 -11.8015 6
    endloop
  endfacet
  facet normal 0 0 1
    outer loop
      vertex -30.3145 1.89395 6
      vertex -37.7816 8.25171 6
      vertex -30.4964 1.80794 6
    endloop
  endfacet
  facet normal 0 0 1
    outer loop
      vertex -30.3145 -1.89395 6
      vertex -35.8464 -11.1481 6
      vertex -35.3734 -11.4988 6
    endloop
  endfacet
  facet normal -0 0 1
    outer loop
      vertex -37.9247 7.68054 6
      vertex -30.4964 1.80794 6
      vertex -37.7816 8.25171 6
    endloop
  endfacet
  facet normal 0 0 1
    outer loop
      vertex -30.3145 -1.89395 6
      vertex -36.2826 -10.7526 6
      vertex -35.8464 -11.1481 6
    endloop
  endfacet
  facet normal -0 0 1
    outer loop
      vertex -38.0111 7.0981 6
      vertex -30.4964 1.80794 6
      vertex -37.9247 7.68054 6
    endloop
  endfacet
  facet normal 0 0 1
    outer loop
      vertex -30.3145 -1.89395 6
      vertex -36.6781 -10.3164 6
      vertex -36.2826 -10.7526 6
    endloop
  endfacet
  facet normal -0 0 1
    outer loop
      vertex -38.04 6.50999 6
      vertex -30.4964 1.80794 6
      vertex -38.0111 7.0981 6
    endloop
  endfacet
  facet normal 0 0 1
    outer loop
      vertex -30.3145 -1.89395 6
      vertex -37.0288 -9.84341 6
      vertex -36.6781 -10.3164 6
    endloop
  endfacet
  facet normal 0 0 1
    outer loop
      vertex -30.4964 1.80794 6
      vertex -38.04 6.50999 6
      vertex -30.6689 1.70451 6
    endloop
  endfacet
  facet normal 0 0 1
    outer loop
      vertex -30.3145 -1.89395 6
      vertex -37.3315 -9.33838 6
      vertex -37.0288 -9.84341 6
    endloop
  endfacet
  facet normal 0 0 1
    outer loop
      vertex -30.6689 1.70451 6
      vertex -38.04 6.50999 6
      vertex -30.8305 1.58467 6
    endloop
  endfacet
  facet normal 0 0 1
    outer loop
      vertex -30.3145 -1.89395 6
      vertex -37.5833 -8.80609 6
      vertex -37.3315 -9.33838 6
    endloop
  endfacet
  facet normal 0 0 1
    outer loop
      vertex -30.8305 1.58467 6
      vertex -38.04 6.50999 6
      vertex -30.9796 1.44957 6
    endloop
  endfacet
  facet normal 0 0 1
    outer loop
      vertex -30.3145 -1.89395 6
      vertex -37.7816 -8.25171 6
      vertex -37.5833 -8.80609 6
    endloop
  endfacet
  facet normal 0 0 1
    outer loop
      vertex -30.4964 -1.80794 6
      vertex -37.9247 -7.68054 6
      vertex -37.7816 -8.25171 6
    endloop
  endfacet
  facet normal 0 0 1
    outer loop
      vertex -30.4964 -1.80794 6
      vertex -38.0111 -7.0981 6
      vertex -37.9247 -7.68054 6
    endloop
  endfacet
  facet normal 0 0 1
    outer loop
      vertex 30.4964 1.80794 6
      vertex 38.04 6.50999 6
      vertex 38.0111 7.0981 6
    endloop
  endfacet
  facet normal 0 0 1
    outer loop
      vertex 38.04 6.50999 6
      vertex 31.58 0 6
      vertex 38.04 -6.50999 6
    endloop
  endfacet
  facet normal 0 0 1
    outer loop
      vertex 30.4964 1.80794 6
      vertex 38.0111 7.0981 6
      vertex 37.9247 7.68054 6
    endloop
  endfacet
  facet normal -0 0 1
    outer loop
      vertex 31.5701 -0.200934 6
      vertex 38.04 -6.50999 6
      vertex 31.58 0 6
    endloop
  endfacet
  facet normal 0 0 1
    outer loop
      vertex 30.4964 1.80794 6
      vertex 37.9247 7.68054 6
      vertex 37.7816 8.25171 6
    endloop
  endfacet
  facet normal -0 0 1
    outer loop
      vertex 31.5406 -0.399935 6
      vertex 38.04 -6.50999 6
      vertex 31.5701 -0.200934 6
    endloop
  endfacet
  facet normal 0 0 1
    outer loop
      vertex 30.3145 1.89395 6
      vertex 37.7816 8.25171 6
      vertex 37.5833 8.80609 6
    endloop
  endfacet
  facet normal -0 0 1
    outer loop
      vertex 31.4917 -0.595083 6
      vertex 38.04 -6.50999 6
      vertex 31.5406 -0.399935 6
    endloop
  endfacet
  facet normal 0 0 1
    outer loop
      vertex 30.3145 1.89395 6
      vertex 37.5833 8.80609 6
      vertex 37.3315 9.33838 6
    endloop
  endfacet
  facet normal -0 0 1
    outer loop
      vertex 31.424 -0.7845 6
      vertex 38.04 -6.50999 6
      vertex 31.4917 -0.595083 6
    endloop
  endfacet
  facet normal 0 0 1
    outer loop
      vertex 30.3145 1.89395 6
      vertex 37.3315 9.33838 6
      vertex 37.0288 9.84341 6
    endloop
  endfacet
  facet normal -0 0 1
    outer loop
      vertex 31.3379 -0.966363 6
      vertex 38.04 -6.50999 6
      vertex 31.424 -0.7845 6
    endloop
  endfacet
  facet normal 0 0 1
    outer loop
      vertex 30.3145 1.89395 6
      vertex 37.0288 9.84341 6
      vertex 36.6781 10.3164 6
    endloop
  endfacet
  facet normal -0 0 1
    outer loop
      vertex 31.2345 -1.13892 6
      vertex 38.04 -6.50999 6
      vertex 31.3379 -0.966363 6
    endloop
  endfacet
  facet normal 0 0 1
    outer loop
      vertex 30.3145 1.89395 6
      vertex 36.6781 10.3164 6
      vertex 36.2826 10.7526 6
    endloop
  endfacet
  facet normal -0 0 1
    outer loop
      vertex 31.1147 -1.30051 6
      vertex 38.04 -6.50999 6
      vertex 31.2345 -1.13892 6
    endloop
  endfacet
  facet normal 0 0 1
    outer loop
      vertex 30.3145 1.89395 6
      vertex 36.2826 10.7526 6
      vertex 35.8464 11.1481 6
    endloop
  endfacet
  facet normal -0 0 1
    outer loop
      vertex 30.9796 -1.44957 6
      vertex 38.04 -6.50999 6
      vertex 31.1147 -1.30051 6
    endloop
  endfacet
  facet normal 0 0 1
    outer loop
      vertex 30.3145 1.89395 6
      vertex 35.8464 11.1481 6
      vertex 35.3734 11.4988 6
    endloop
  endfacet
  facet normal -0 0 1
    outer loop
      vertex 30.8305 -1.58467 6
      vertex 38.04 -6.50999 6
      vertex 30.9796 -1.44957 6
    endloop
  endfacet
  facet normal 0 0 1
    outer loop
      vertex 30.3145 1.89395 6
      vertex 35.3734 11.4988 6
      vertex 34.8684 11.8015 6
    endloop
  endfacet
  facet normal -0 0 1
    outer loop
      vertex 30.6689 -1.70451 6
      vertex 38.04 -6.50999 6
      vertex 30.8305 -1.58467 6
    endloop
  endfacet
  facet normal 0 0 1
    outer loop
      vertex 30.3145 1.89395 6
      vertex 34.8684 11.8015 6
      vertex 34.3361 12.0533 6
    endloop
  endfacet
  facet normal -0 0 1
    outer loop
      vertex 30.4964 -1.80794 6
      vertex 38.04 -6.50999 6
      vertex 30.6689 -1.70451 6
    endloop
  endfacet
  facet normal 0 0 1
    outer loop
      vertex 30.3145 1.89395 6
      vertex 34.3361 12.0533 6
      vertex 33.7817 12.2516 6
    endloop
  endfacet
  facet normal 0 0 1
    outer loop
      vertex 38.04 -6.50999 6
      vertex 30.4964 -1.80794 6
      vertex 38.0111 -7.0981 6
    endloop
  endfacet
  facet normal 0 0 1
    outer loop
      vertex 30.3145 1.89395 6
      vertex 33.7817 12.2516 6
      vertex 33.2105 12.3947 6
    endloop
  endfacet
  facet normal 0 0 1
    outer loop
      vertex 38.0111 -7.0981 6
      vertex 30.4964 -1.80794 6
      vertex 37.9247 -7.68054 6
    endloop
  endfacet
  facet normal 0 0 1
    outer loop
      vertex 30.3145 1.89395 6
      vertex 33.2105 12.3947 6
      vertex 32.6281 12.4811 6
    endloop
  endfacet
  facet normal 0 0 1
    outer loop
      vertex 37.9247 -7.68054 6
      vertex 30.4964 -1.80794 6
      vertex 37.7816 -8.25171 6
    endloop
  endfacet
  facet normal 0 0 1
    outer loop
      vertex 30.3145 1.89395 6
      vertex 32.6281 12.4811 6
      vertex 32.04 12.51 6
    endloop
  endfacet
  facet normal -0 0 1
    outer loop
      vertex 30.3145 -1.89395 6
      vertex 37.7816 -8.25171 6
      vertex 30.4964 -1.80794 6
    endloop
  endfacet
  facet normal 0 0 1
    outer loop
      vertex 37.7816 -8.25171 6
      vertex 30.3145 -1.89395 6
      vertex 37.5833 -8.80609 6
    endloop
  endfacet
  facet normal 0 0 1
    outer loop
      vertex 38.04 6.50999 6
      vertex 31.5701 0.200934 6
      vertex 31.58 0 6
    endloop
  endfacet
  facet normal 0 0 1
    outer loop
      vertex 38.04 6.50999 6
      vertex 31.5406 0.399935 6
      vertex 31.5701 0.200934 6
    endloop
  endfacet
  facet normal 0 0 1
    outer loop
      vertex 38.04 6.50999 6
      vertex 31.4917 0.595083 6
      vertex 31.5406 0.399935 6
    endloop
  endfacet
  facet normal 0 0 1
    outer loop
      vertex 38.04 6.50999 6
      vertex 31.424 0.7845 6
      vertex 31.4917 0.595083 6
    endloop
  endfacet
  facet normal 0 0 1
    outer loop
      vertex 38.04 6.50999 6
      vertex 31.3379 0.966363 6
      vertex 31.424 0.7845 6
    endloop
  endfacet
  facet normal 0 0 1
    outer loop
      vertex 38.04 6.50999 6
      vertex 31.2345 1.13892 6
      vertex 31.3379 0.966363 6
    endloop
  endfacet
  facet normal 0 0 1
    outer loop
      vertex 38.04 6.50999 6
      vertex 31.1147 1.30051 6
      vertex 31.2345 1.13892 6
    endloop
  endfacet
  facet normal 0 0 1
    outer loop
      vertex 38.04 6.50999 6
      vertex 30.9796 1.44957 6
      vertex 31.1147 1.30051 6
    endloop
  endfacet
  facet normal 0 0 1
    outer loop
      vertex 38.04 6.50999 6
      vertex 30.8305 1.58467 6
      vertex 30.9796 1.44957 6
    endloop
  endfacet
  facet normal 0 0 1
    outer loop
      vertex 38.04 6.50999 6
      vertex 30.6689 1.70451 6
      vertex 30.8305 1.58467 6
    endloop
  endfacet
  facet normal 0 0 1
    outer loop
      vertex 38.04 6.50999 6
      vertex 30.4964 1.80794 6
      vertex 30.6689 1.70451 6
    endloop
  endfacet
  facet normal 0 0 1
    outer loop
      vertex 37.7816 8.25171 6
      vertex 30.3145 1.89395 6
      vertex 30.4964 1.80794 6
    endloop
  endfacet
  facet normal 0 0 1
    outer loop
      vertex 32.04 12.51 6
      vertex 30.1251 1.96173 6
      vertex 30.3145 1.89395 6
    endloop
  endfacet
  facet normal 0 0 1
    outer loop
      vertex 32.04 12.51 6
      vertex 29.9299 2.01061 6
      vertex 30.1251 1.96173 6
    endloop
  endfacet
  facet normal 0 0 1
    outer loop
      vertex 32.04 12.51 6
      vertex 29.7309 2.04013 6
      vertex 29.9299 2.01061 6
    endloop
  endfacet
  facet normal 0 0 1
    outer loop
      vertex 32.04 12.51 6
      vertex 29.53 2.05 6
      vertex 29.7309 2.04013 6
    endloop
  endfacet
  facet normal 0 0 1
    outer loop
      vertex 32.04 12.51 6
      vertex 29.3291 2.04013 6
      vertex 29.53 2.05 6
    endloop
  endfacet
  facet normal 0 0 1
    outer loop
      vertex 32.04 12.51 6
      vertex 29.1301 2.01061 6
      vertex 29.3291 2.04013 6
    endloop
  endfacet
  facet normal 0 0 1
    outer loop
      vertex 32.04 12.51 6
      vertex 28.9349 1.96173 6
      vertex 29.1301 2.01061 6
    endloop
  endfacet
  facet normal -0 0 1
    outer loop
      vertex 22 12.51 6
      vertex 28.9349 1.96173 6
      vertex 32.04 12.51 6
    endloop
  endfacet
  facet normal 0 0 1
    outer loop
      vertex 28.9349 1.96173 6
      vertex 22 12.51 6
      vertex 28.7455 1.89395 6
    endloop
  endfacet
  facet normal 0 0 1
    outer loop
      vertex 28.7455 1.89395 6
      vertex 22 12.51 6
      vertex 28.5636 1.80794 6
    endloop
  endfacet
  facet normal 0 0 1
    outer loop
      vertex 28.5636 1.80794 6
      vertex 22 12.51 6
      vertex 28.3911 1.70451 6
    endloop
  endfacet
  facet normal 0 0 1
    outer loop
      vertex 28.3911 1.70451 6
      vertex 22 12.51 6
      vertex 28.2295 1.58467 6
    endloop
  endfacet
  facet normal 0 0 1
    outer loop
      vertex 28.2295 1.58467 6
      vertex 22 12.51 6
      vertex 28.0804 1.44957 6
    endloop
  endfacet
  facet normal 0 0 1
    outer loop
      vertex 28.0804 1.44957 6
      vertex 22 12.51 6
      vertex 27.9453 1.30051 6
    endloop
  endfacet
  facet normal 0 0 1
    outer loop
      vertex 27.9453 1.30051 6
      vertex 22 12.51 6
      vertex 27.8255 1.13892 6
    endloop
  endfacet
  facet normal 0 0 1
    outer loop
      vertex 27.8255 1.13892 6
      vertex 22 12.51 6
      vertex 27.7221 0.966363 6
    endloop
  endfacet
  facet normal 0 0 1
    outer loop
      vertex 27.4899 0.200934 6
      vertex 22 12.51 6
      vertex 27.48 0 6
    endloop
  endfacet
  facet normal 0 0 1
    outer loop
      vertex 27.5194 0.399935 6
      vertex 22 12.51 6
      vertex 27.4899 0.200934 6
    endloop
  endfacet
  facet normal 0 0 1
    outer loop
      vertex 27.5683 0.595083 6
      vertex 22 12.51 6
      vertex 27.5194 0.399935 6
    endloop
  endfacet
  facet normal 0 0 1
    outer loop
      vertex 27.636 0.7845 6
      vertex 22 12.51 6
      vertex 27.5683 0.595083 6
    endloop
  endfacet
  facet normal 0 0 1
    outer loop
      vertex 27.7221 0.966363 6
      vertex 22 12.51 6
      vertex 27.636 0.7845 6
    endloop
  endfacet
  facet normal 0 0 1
    outer loop
      vertex 37.5833 -8.80609 6
      vertex 30.3145 -1.89395 6
      vertex 37.3315 -9.33838 6
    endloop
  endfacet
  facet normal 0 0 1
    outer loop
      vertex 37.3315 -9.33838 6
      vertex 30.3145 -1.89395 6
      vertex 37.0288 -9.84341 6
    endloop
  endfacet
  facet normal 0 0 1
    outer loop
      vertex 37.0288 -9.84341 6
      vertex 30.3145 -1.89395 6
      vertex 36.6781 -10.3164 6
    endloop
  endfacet
  facet normal 0 0 1
    outer loop
      vertex 36.6781 -10.3164 6
      vertex 30.3145 -1.89395 6
      vertex 36.2826 -10.7526 6
    endloop
  endfacet
  facet normal 0 0 1
    outer loop
      vertex 36.2826 -10.7526 6
      vertex 30.3145 -1.89395 6
      vertex 35.8464 -11.1481 6
    endloop
  endfacet
  facet normal 0 0 1
    outer loop
      vertex 35.8464 -11.1481 6
      vertex 30.3145 -1.89395 6
      vertex 35.3734 -11.4988 6
    endloop
  endfacet
  facet normal 0 0 1
    outer loop
      vertex 35.3734 -11.4988 6
      vertex 30.3145 -1.89395 6
      vertex 34.8684 -11.8015 6
    endloop
  endfacet
  facet normal 0 0 1
    outer loop
      vertex 34.8684 -11.8015 6
      vertex 30.3145 -1.89395 6
      vertex 34.3361 -12.0533 6
    endloop
  endfacet
  facet normal 0 0 1
    outer loop
      vertex 34.3361 -12.0533 6
      vertex 30.3145 -1.89395 6
      vertex 33.7817 -12.2516 6
    endloop
  endfacet
  facet normal 0 0 1
    outer loop
      vertex 33.7817 -12.2516 6
      vertex 30.3145 -1.89395 6
      vertex 33.2105 -12.3947 6
    endloop
  endfacet
  facet normal 0 0 1
    outer loop
      vertex 33.2105 -12.3947 6
      vertex 30.3145 -1.89395 6
      vertex 32.6281 -12.4811 6
    endloop
  endfacet
  facet normal 0 0 1
    outer loop
      vertex 32.6281 -12.4811 6
      vertex 30.3145 -1.89395 6
      vertex 32.04 -12.51 6
    endloop
  endfacet
  facet normal -0 0 1
    outer loop
      vertex 30.1251 -1.96173 6
      vertex 32.04 -12.51 6
      vertex 30.3145 -1.89395 6
    endloop
  endfacet
  facet normal -0 0 1
    outer loop
      vertex 29.9299 -2.01061 6
      vertex 32.04 -12.51 6
      vertex 30.1251 -1.96173 6
    endloop
  endfacet
  facet normal -0 0 1
    outer loop
      vertex 29.7309 -2.04013 6
      vertex 32.04 -12.51 6
      vertex 29.9299 -2.01061 6
    endloop
  endfacet
  facet normal -0 0 1
    outer loop
      vertex 29.53 -2.05 6
      vertex 32.04 -12.51 6
      vertex 29.7309 -2.04013 6
    endloop
  endfacet
  facet normal 0 0 1
    outer loop
      vertex 29.3291 -2.04013 6
      vertex 32.04 -12.51 6
      vertex 29.53 -2.05 6
    endloop
  endfacet
  facet normal 0 0 1
    outer loop
      vertex 29.1301 -2.01061 6
      vertex 32.04 -12.51 6
      vertex 29.3291 -2.04013 6
    endloop
  endfacet
  facet normal 0 0 1
    outer loop
      vertex 28.9349 -1.96173 6
      vertex 32.04 -12.51 6
      vertex 29.1301 -2.01061 6
    endloop
  endfacet
  facet normal 0 0 1
    outer loop
      vertex 22 -12.51 6
      vertex 28.9349 -1.96173 6
      vertex 28.7455 -1.89395 6
    endloop
  endfacet
  facet normal 0 0 1
    outer loop
      vertex 22 -12.51 6
      vertex 28.7455 -1.89395 6
      vertex 28.5636 -1.80794 6
    endloop
  endfacet
  facet normal 0 0 1
    outer loop
      vertex 22 -12.51 6
      vertex 28.5636 -1.80794 6
      vertex 28.3911 -1.70451 6
    endloop
  endfacet
  facet normal 0 0 1
    outer loop
      vertex 22 -12.51 6
      vertex 28.3911 -1.70451 6
      vertex 28.2295 -1.58467 6
    endloop
  endfacet
  facet normal 0 0 1
    outer loop
      vertex 22 -12.51 6
      vertex 28.2295 -1.58467 6
      vertex 28.0804 -1.44957 6
    endloop
  endfacet
  facet normal 0 0 1
    outer loop
      vertex 22 -12.51 6
      vertex 28.0804 -1.44957 6
      vertex 27.9453 -1.30051 6
    endloop
  endfacet
  facet normal 0 0 1
    outer loop
      vertex 22 -12.51 6
      vertex 27.9453 -1.30051 6
      vertex 27.8255 -1.13892 6
    endloop
  endfacet
  facet normal 0 0 1
    outer loop
      vertex 22 -12.51 6
      vertex 27.8255 -1.13892 6
      vertex 27.7221 -0.966363 6
    endloop
  endfacet
  facet normal 0 0 1
    outer loop
      vertex 22 -12.51 6
      vertex 27.7221 -0.966363 6
      vertex 27.636 -0.7845 6
    endloop
  endfacet
  facet normal 0 0 1
    outer loop
      vertex 22 -12.51 6
      vertex 27.48 0 6
      vertex 22 12.51 6
    endloop
  endfacet
  facet normal 0 0 1
    outer loop
      vertex 27.48 0 6
      vertex 22 -12.51 6
      vertex 27.4899 -0.200934 6
    endloop
  endfacet
  facet normal 0 0 1
    outer loop
      vertex 27.4899 -0.200934 6
      vertex 22 -12.51 6
      vertex 27.5194 -0.399935 6
    endloop
  endfacet
  facet normal 0 0 1
    outer loop
      vertex 27.5194 -0.399935 6
      vertex 22 -12.51 6
      vertex 27.5683 -0.595083 6
    endloop
  endfacet
  facet normal 0 0 1
    outer loop
      vertex 27.5683 -0.595083 6
      vertex 22 -12.51 6
      vertex 27.636 -0.7845 6
    endloop
  endfacet
  facet normal 0 0 1
    outer loop
      vertex 28.9349 -1.96173 6
      vertex 22 -12.51 6
      vertex 32.04 -12.51 6
    endloop
  endfacet
  facet normal 0.146746 -0.989174 0
    outer loop
      vertex 16.5881 -22.9911 0
      vertex 17.1705 -22.9047 6
      vertex 16.5881 -22.9911 6
    endloop
  endfacet
  facet normal 0.146746 -0.989174 0
    outer loop
      vertex 17.1705 -22.9047 6
      vertex 16.5881 -22.9911 0
      vertex 17.1705 -22.9047 0
    endloop
  endfacet
  facet normal 0.243015 -0.970023 0
    outer loop
      vertex 17.1705 -22.9047 0
      vertex 17.7417 -22.7616 6
      vertex 17.1705 -22.9047 6
    endloop
  endfacet
  facet normal 0.243015 -0.970023 0
    outer loop
      vertex 17.7417 -22.7616 6
      vertex 17.1705 -22.9047 0
      vertex 17.7417 -22.7616 0
    endloop
  endfacet
  facet normal 0.336788 -0.94158 0
    outer loop
      vertex 17.7417 -22.7616 0
      vertex 18.2961 -22.5633 6
      vertex 17.7417 -22.7616 6
    endloop
  endfacet
  facet normal 0.336788 -0.94158 0
    outer loop
      vertex 18.2961 -22.5633 6
      vertex 17.7417 -22.7616 0
      vertex 18.2961 -22.5633 0
    endloop
  endfacet
  facet normal 0.427612 -0.903962 0
    outer loop
      vertex 18.2961 -22.5633 0
      vertex 18.8284 -22.3115 6
      vertex 18.2961 -22.5633 6
    endloop
  endfacet
  facet normal 0.427612 -0.903962 0
    outer loop
      vertex 18.8284 -22.3115 6
      vertex 18.2961 -22.5633 0
      vertex 18.8284 -22.3115 0
    endloop
  endfacet
  facet normal 0.514121 -0.857718 0
    outer loop
      vertex 18.8284 -22.3115 0
      vertex 19.3334 -22.0088 6
      vertex 18.8284 -22.3115 6
    endloop
  endfacet
  facet normal 0.514121 -0.857718 0
    outer loop
      vertex 19.3334 -22.0088 6
      vertex 18.8284 -22.3115 0
      vertex 19.3334 -22.0088 0
    endloop
  endfacet
  facet normal 0.595589 -0.803289 0
    outer loop
      vertex 19.3334 -22.0088 0
      vertex 19.8064 -21.6581 6
      vertex 19.3334 -22.0088 6
    endloop
  endfacet
  facet normal 0.595589 -0.803289 0
    outer loop
      vertex 19.8064 -21.6581 6
      vertex 19.3334 -22.0088 0
      vertex 19.8064 -21.6581 0
    endloop
  endfacet
  facet normal 0.6717 -0.740823 0
    outer loop
      vertex 19.8064 -21.6581 0
      vertex 20.2426 -21.2626 6
      vertex 19.8064 -21.6581 6
    endloop
  endfacet
  facet normal 0.6717 -0.740823 0
    outer loop
      vertex 20.2426 -21.2626 6
      vertex 19.8064 -21.6581 0
      vertex 20.2426 -21.2626 0
    endloop
  endfacet
  facet normal 0.740823 -0.6717 0
    outer loop
      vertex 20.2426 -21.2626 6
      vertex 20.6381 -20.8264 0
      vertex 20.6381 -20.8264 6
    endloop
  endfacet
  facet normal 0.740823 -0.6717 0
    outer loop
      vertex 20.6381 -20.8264 0
      vertex 20.2426 -21.2626 6
      vertex 20.2426 -21.2626 0
    endloop
  endfacet
  facet normal 0.803289 -0.595589 0
    outer loop
      vertex 20.6381 -20.8264 6
      vertex 20.9888 -20.3534 0
      vertex 20.9888 -20.3534 6
    endloop
  endfacet
  facet normal 0.803289 -0.595589 0
    outer loop
      vertex 20.9888 -20.3534 0
      vertex 20.6381 -20.8264 6
      vertex 20.6381 -20.8264 0
    endloop
  endfacet
  facet normal 0.857718 -0.514121 0
    outer loop
      vertex 20.9888 -20.3534 6
      vertex 21.2915 -19.8484 0
      vertex 21.2915 -19.8484 6
    endloop
  endfacet
  facet normal 0.857718 -0.514121 0
    outer loop
      vertex 21.2915 -19.8484 0
      vertex 20.9888 -20.3534 6
      vertex 20.9888 -20.3534 0
    endloop
  endfacet
  facet normal 0.903962 -0.427612 0
    outer loop
      vertex 21.2915 -19.8484 6
      vertex 21.5433 -19.3161 0
      vertex 21.5433 -19.3161 6
    endloop
  endfacet
  facet normal 0.903962 -0.427612 0
    outer loop
      vertex 21.5433 -19.3161 0
      vertex 21.2915 -19.8484 6
      vertex 21.2915 -19.8484 0
    endloop
  endfacet
  facet normal 0.94158 -0.336788 0
    outer loop
      vertex 21.5433 -19.3161 6
      vertex 21.7416 -18.7617 0
      vertex 21.7416 -18.7617 6
    endloop
  endfacet
  facet normal 0.94158 -0.336788 0
    outer loop
      vertex 21.7416 -18.7617 0
      vertex 21.5433 -19.3161 6
      vertex 21.5433 -19.3161 0
    endloop
  endfacet
  facet normal 0.970023 -0.243015 0
    outer loop
      vertex 21.7416 -18.7617 6
      vertex 21.8847 -18.1905 0
      vertex 21.8847 -18.1905 6
    endloop
  endfacet
  facet normal 0.970023 -0.243015 0
    outer loop
      vertex 21.8847 -18.1905 0
      vertex 21.7416 -18.7617 6
      vertex 21.7416 -18.7617 0
    endloop
  endfacet
  facet normal 0.989174 -0.146746 0
    outer loop
      vertex 21.8847 -18.1905 6
      vertex 21.9711 -17.6081 0
      vertex 21.9711 -17.6081 6
    endloop
  endfacet
  facet normal 0.989174 -0.146746 0
    outer loop
      vertex 21.9711 -17.6081 0
      vertex 21.8847 -18.1905 6
      vertex 21.8847 -18.1905 0
    endloop
  endfacet
  facet normal 0.998795 -0.0490821 0
    outer loop
      vertex 21.9711 -17.6081 6
      vertex 22 -17.02 0
      vertex 22 -17.02 6
    endloop
  endfacet
  facet normal 0.998795 -0.0490821 0
    outer loop
      vertex 22 -17.02 0
      vertex 21.9711 -17.6081 6
      vertex 21.9711 -17.6081 0
    endloop
  endfacet
  facet normal 1 -0 0
    outer loop
      vertex 22 -17.02 6
      vertex 22 -12.51 0
      vertex 22 -12.51 6
    endloop
  endfacet
  facet normal 1 0 0
    outer loop
      vertex 22 -12.51 0
      vertex 22 -17.02 6
      vertex 22 -17.02 0
    endloop
  endfacet
  facet normal 0 -1 0
    outer loop
      vertex 22 -12.51 0
      vertex 32.04 -12.51 6
      vertex 22 -12.51 6
    endloop
  endfacet
  facet normal 0 -1 -0
    outer loop
      vertex 32.04 -12.51 6
      vertex 22 -12.51 0
      vertex 32.04 -12.51 0
    endloop
  endfacet
  facet normal 0.0490821 -0.998795 0
    outer loop
      vertex 32.04 -12.51 0
      vertex 32.6281 -12.4811 6
      vertex 32.04 -12.51 6
    endloop
  endfacet
  facet normal 0.0490821 -0.998795 0
    outer loop
      vertex 32.6281 -12.4811 6
      vertex 32.04 -12.51 0
      vertex 32.6281 -12.4811 0
    endloop
  endfacet
  facet normal 0.146746 -0.989174 0
    outer loop
      vertex 32.6281 -12.4811 0
      vertex 33.2105 -12.3947 6
      vertex 32.6281 -12.4811 6
    endloop
  endfacet
  facet normal 0.146746 -0.989174 0
    outer loop
      vertex 33.2105 -12.3947 6
      vertex 32.6281 -12.4811 0
      vertex 33.2105 -12.3947 0
    endloop
  endfacet
  facet normal 0.243015 -0.970023 0
    outer loop
      vertex 33.2105 -12.3947 0
      vertex 33.7817 -12.2516 6
      vertex 33.2105 -12.3947 6
    endloop
  endfacet
  facet normal 0.243015 -0.970023 0
    outer loop
      vertex 33.7817 -12.2516 6
      vertex 33.2105 -12.3947 0
      vertex 33.7817 -12.2516 0
    endloop
  endfacet
  facet normal 0.336788 -0.94158 0
    outer loop
      vertex 33.7817 -12.2516 0
      vertex 34.3361 -12.0533 6
      vertex 33.7817 -12.2516 6
    endloop
  endfacet
  facet normal 0.336788 -0.94158 0
    outer loop
      vertex 34.3361 -12.0533 6
      vertex 33.7817 -12.2516 0
      vertex 34.3361 -12.0533 0
    endloop
  endfacet
  facet normal 0.427612 -0.903962 0
    outer loop
      vertex 34.3361 -12.0533 0
      vertex 34.8684 -11.8015 6
      vertex 34.3361 -12.0533 6
    endloop
  endfacet
  facet normal 0.427612 -0.903962 0
    outer loop
      vertex 34.8684 -11.8015 6
      vertex 34.3361 -12.0533 0
      vertex 34.8684 -11.8015 0
    endloop
  endfacet
  facet normal 0.514121 -0.857718 0
    outer loop
      vertex 34.8684 -11.8015 0
      vertex 35.3734 -11.4988 6
      vertex 34.8684 -11.8015 6
    endloop
  endfacet
  facet normal 0.514121 -0.857718 0
    outer loop
      vertex 35.3734 -11.4988 6
      vertex 34.8684 -11.8015 0
      vertex 35.3734 -11.4988 0
    endloop
  endfacet
  facet normal 0.595589 -0.803289 0
    outer loop
      vertex 35.3734 -11.4988 0
      vertex 35.8464 -11.1481 6
      vertex 35.3734 -11.4988 6
    endloop
  endfacet
  facet normal 0.595589 -0.803289 0
    outer loop
      vertex 35.8464 -11.1481 6
      vertex 35.3734 -11.4988 0
      vertex 35.8464 -11.1481 0
    endloop
  endfacet
  facet normal 0.6717 -0.740823 0
    outer loop
      vertex 35.8464 -11.1481 0
      vertex 36.2826 -10.7526 6
      vertex 35.8464 -11.1481 6
    endloop
  endfacet
  facet normal 0.6717 -0.740823 0
    outer loop
      vertex 36.2826 -10.7526 6
      vertex 35.8464 -11.1481 0
      vertex 36.2826 -10.7526 0
    endloop
  endfacet
  facet normal 0.740823 -0.6717 0
    outer loop
      vertex 36.2826 -10.7526 6
      vertex 36.6781 -10.3164 0
      vertex 36.6781 -10.3164 6
    endloop
  endfacet
  facet normal 0.740823 -0.6717 0
    outer loop
      vertex 36.6781 -10.3164 0
      vertex 36.2826 -10.7526 6
      vertex 36.2826 -10.7526 0
    endloop
  endfacet
  facet normal 0.803283 -0.595597 0
    outer loop
      vertex 36.6781 -10.3164 6
      vertex 37.0288 -9.84341 0
      vertex 37.0288 -9.84341 6
    endloop
  endfacet
  facet normal 0.803283 -0.595597 0
    outer loop
      vertex 37.0288 -9.84341 0
      vertex 36.6781 -10.3164 6
      vertex 36.6781 -10.3164 0
    endloop
  endfacet
  facet normal 0.857731 -0.514099 0
    outer loop
      vertex 37.0288 -9.84341 6
      vertex 37.3315 -9.33838 0
      vertex 37.3315 -9.33838 6
    endloop
  endfacet
  facet normal 0.857731 -0.514099 0
    outer loop
      vertex 37.3315 -9.33838 0
      vertex 37.0288 -9.84341 6
      vertex 37.0288 -9.84341 0
    endloop
  endfacet
  facet normal 0.903959 -0.427618 0
    outer loop
      vertex 37.3315 -9.33838 6
      vertex 37.5833 -8.80609 0
      vertex 37.5833 -8.80609 6
    endloop
  endfacet
  facet normal 0.903959 -0.427618 0
    outer loop
      vertex 37.5833 -8.80609 0
      vertex 37.3315 -9.33838 6
      vertex 37.3315 -9.33838 0
    endloop
  endfacet
  facet normal 0.941577 -0.336799 0
    outer loop
      vertex 37.5833 -8.80609 6
      vertex 37.7816 -8.25171 0
      vertex 37.7816 -8.25171 6
    endloop
  endfacet
  facet normal 0.941577 -0.336799 0
    outer loop
      vertex 37.7816 -8.25171 0
      vertex 37.5833 -8.80609 6
      vertex 37.5833 -8.80609 0
    endloop
  endfacet
  facet normal 0.970019 -0.243027 0
    outer loop
      vertex 37.7816 -8.25171 6
      vertex 37.9247 -7.68054 0
      vertex 37.9247 -7.68054 6
    endloop
  endfacet
  facet normal 0.970019 -0.243027 0
    outer loop
      vertex 37.9247 -7.68054 0
      vertex 37.7816 -8.25171 6
      vertex 37.7816 -8.25171 0
    endloop
  endfacet
  facet normal 0.989176 -0.146736 0
    outer loop
      vertex 37.9247 -7.68054 6
      vertex 38.0111 -7.0981 0
      vertex 38.0111 -7.0981 6
    endloop
  endfacet
  facet normal 0.989176 -0.146736 0
    outer loop
      vertex 38.0111 -7.0981 0
      vertex 37.9247 -7.68054 6
      vertex 37.9247 -7.68054 0
    endloop
  endfacet
  facet normal 0.998795 -0.0490812 0
    outer loop
      vertex 38.0111 -7.0981 6
      vertex 38.04 -6.50999 0
      vertex 38.04 -6.50999 6
    endloop
  endfacet
  facet normal 0.998795 -0.0490812 0
    outer loop
      vertex 38.04 -6.50999 0
      vertex 38.0111 -7.0981 6
      vertex 38.0111 -7.0981 0
    endloop
  endfacet
  facet normal 1 -0 0
    outer loop
      vertex 38.04 -6.50999 6
      vertex 38.04 6.50999 0
      vertex 38.04 6.50999 6
    endloop
  endfacet
  facet normal 1 0 0
    outer loop
      vertex 38.04 6.50999 0
      vertex 38.04 -6.50999 6
      vertex 38.04 -6.50999 0
    endloop
  endfacet
  facet normal 0.998795 0.0490812 0
    outer loop
      vertex 38.04 6.50999 6
      vertex 38.0111 7.0981 0
      vertex 38.0111 7.0981 6
    endloop
  endfacet
  facet normal 0.998795 0.0490812 0
    outer loop
      vertex 38.0111 7.0981 0
      vertex 38.04 6.50999 6
      vertex 38.04 6.50999 0
    endloop
  endfacet
  facet normal 0.989176 0.146736 0
    outer loop
      vertex 38.0111 7.0981 6
      vertex 37.9247 7.68054 0
      vertex 37.9247 7.68054 6
    endloop
  endfacet
  facet normal 0.989176 0.146736 0
    outer loop
      vertex 37.9247 7.68054 0
      vertex 38.0111 7.0981 6
      vertex 38.0111 7.0981 0
    endloop
  endfacet
  facet normal 0.970019 0.243027 0
    outer loop
      vertex 37.9247 7.68054 6
      vertex 37.7816 8.25171 0
      vertex 37.7816 8.25171 6
    endloop
  endfacet
  facet normal 0.970019 0.243027 0
    outer loop
      vertex 37.7816 8.25171 0
      vertex 37.9247 7.68054 6
      vertex 37.9247 7.68054 0
    endloop
  endfacet
  facet normal 0.941577 0.336799 0
    outer loop
      vertex 37.7816 8.25171 6
      vertex 37.5833 8.80609 0
      vertex 37.5833 8.80609 6
    endloop
  endfacet
  facet normal 0.941577 0.336799 0
    outer loop
      vertex 37.5833 8.80609 0
      vertex 37.7816 8.25171 6
      vertex 37.7816 8.25171 0
    endloop
  endfacet
  facet normal 0.903959 0.427618 0
    outer loop
      vertex 37.5833 8.80609 6
      vertex 37.3315 9.33838 0
      vertex 37.3315 9.33838 6
    endloop
  endfacet
  facet normal 0.903959 0.427618 0
    outer loop
      vertex 37.3315 9.33838 0
      vertex 37.5833 8.80609 6
      vertex 37.5833 8.80609 0
    endloop
  endfacet
  facet normal 0.857731 0.514099 0
    outer loop
      vertex 37.3315 9.33838 6
      vertex 37.0288 9.84341 0
      vertex 37.0288 9.84341 6
    endloop
  endfacet
  facet normal 0.857731 0.514099 0
    outer loop
      vertex 37.0288 9.84341 0
      vertex 37.3315 9.33838 6
      vertex 37.3315 9.33838 0
    endloop
  endfacet
  facet normal 0.803283 0.595597 0
    outer loop
      vertex 37.0288 9.84341 6
      vertex 36.6781 10.3164 0
      vertex 36.6781 10.3164 6
    endloop
  endfacet
  facet normal 0.803283 0.595597 0
    outer loop
      vertex 36.6781 10.3164 0
      vertex 37.0288 9.84341 6
      vertex 37.0288 9.84341 0
    endloop
  endfacet
  facet normal 0.740823 0.6717 0
    outer loop
      vertex 36.6781 10.3164 6
      vertex 36.2826 10.7526 0
      vertex 36.2826 10.7526 6
    endloop
  endfacet
  facet normal 0.740823 0.6717 0
    outer loop
      vertex 36.2826 10.7526 0
      vertex 36.6781 10.3164 6
      vertex 36.6781 10.3164 0
    endloop
  endfacet
  facet normal 0.6717 0.740823 -0
    outer loop
      vertex 36.2826 10.7526 0
      vertex 35.8464 11.1481 6
      vertex 36.2826 10.7526 6
    endloop
  endfacet
  facet normal 0.6717 0.740823 0
    outer loop
      vertex 35.8464 11.1481 6
      vertex 36.2826 10.7526 0
      vertex 35.8464 11.1481 0
    endloop
  endfacet
  facet normal 0.595589 0.803289 -0
    outer loop
      vertex 35.8464 11.1481 0
      vertex 35.3734 11.4988 6
      vertex 35.8464 11.1481 6
    endloop
  endfacet
  facet normal 0.595589 0.803289 0
    outer loop
      vertex 35.3734 11.4988 6
      vertex 35.8464 11.1481 0
      vertex 35.3734 11.4988 0
    endloop
  endfacet
  facet normal 0.514121 0.857718 -0
    outer loop
      vertex 35.3734 11.4988 0
      vertex 34.8684 11.8015 6
      vertex 35.3734 11.4988 6
    endloop
  endfacet
  facet normal 0.514121 0.857718 0
    outer loop
      vertex 34.8684 11.8015 6
      vertex 35.3734 11.4988 0
      vertex 34.8684 11.8015 0
    endloop
  endfacet
  facet normal 0.427612 0.903962 -0
    outer loop
      vertex 34.8684 11.8015 0
      vertex 34.3361 12.0533 6
      vertex 34.8684 11.8015 6
    endloop
  endfacet
  facet normal 0.427612 0.903962 0
    outer loop
      vertex 34.3361 12.0533 6
      vertex 34.8684 11.8015 0
      vertex 34.3361 12.0533 0
    endloop
  endfacet
  facet normal 0.336788 0.94158 -0
    outer loop
      vertex 34.3361 12.0533 0
      vertex 33.7817 12.2516 6
      vertex 34.3361 12.0533 6
    endloop
  endfacet
  facet normal 0.336788 0.94158 0
    outer loop
      vertex 33.7817 12.2516 6
      vertex 34.3361 12.0533 0
      vertex 33.7817 12.2516 0
    endloop
  endfacet
  facet normal 0.243015 0.970023 -0
    outer loop
      vertex 33.7817 12.2516 0
      vertex 33.2105 12.3947 6
      vertex 33.7817 12.2516 6
    endloop
  endfacet
  facet normal 0.243015 0.970023 0
    outer loop
      vertex 33.2105 12.3947 6
      vertex 33.7817 12.2516 0
      vertex 33.2105 12.3947 0
    endloop
  endfacet
  facet normal 0.146746 0.989174 -0
    outer loop
      vertex 33.2105 12.3947 0
      vertex 32.6281 12.4811 6
      vertex 33.2105 12.3947 6
    endloop
  endfacet
  facet normal 0.146746 0.989174 0
    outer loop
      vertex 32.6281 12.4811 6
      vertex 33.2105 12.3947 0
      vertex 32.6281 12.4811 0
    endloop
  endfacet
  facet normal 0.0490821 0.998795 -0
    outer loop
      vertex 32.6281 12.4811 0
      vertex 32.04 12.51 6
      vertex 32.6281 12.4811 6
    endloop
  endfacet
  facet normal 0.0490821 0.998795 0
    outer loop
      vertex 32.04 12.51 6
      vertex 32.6281 12.4811 0
      vertex 32.04 12.51 0
    endloop
  endfacet
  facet normal 0 1 -0
    outer loop
      vertex 32.04 12.51 0
      vertex 22 12.51 6
      vertex 32.04 12.51 6
    endloop
  endfacet
  facet normal 0 1 0
    outer loop
      vertex 22 12.51 6
      vertex 32.04 12.51 0
      vertex 22 12.51 0
    endloop
  endfacet
  facet normal 1 -0 0
    outer loop
      vertex 22 12.51 6
      vertex 22 17.02 0
      vertex 22 17.02 6
    endloop
  endfacet
  facet normal 1 0 0
    outer loop
      vertex 22 17.02 0
      vertex 22 12.51 6
      vertex 22 12.51 0
    endloop
  endfacet
  facet normal 0.998795 0.0490821 0
    outer loop
      vertex 22 17.02 6
      vertex 21.9711 17.6081 0
      vertex 21.9711 17.6081 6
    endloop
  endfacet
  facet normal 0.998795 0.0490821 0
    outer loop
      vertex 21.9711 17.6081 0
      vertex 22 17.02 6
      vertex 22 17.02 0
    endloop
  endfacet
  facet normal 0.989174 0.146746 0
    outer loop
      vertex 21.9711 17.6081 6
      vertex 21.8847 18.1905 0
      vertex 21.8847 18.1905 6
    endloop
  endfacet
  facet normal 0.989174 0.146746 0
    outer loop
      vertex 21.8847 18.1905 0
      vertex 21.9711 17.6081 6
      vertex 21.9711 17.6081 0
    endloop
  endfacet
  facet normal 0.970023 0.243015 0
    outer loop
      vertex 21.8847 18.1905 6
      vertex 21.7416 18.7617 0
      vertex 21.7416 18.7617 6
    endloop
  endfacet
  facet normal 0.970023 0.243015 0
    outer loop
      vertex 21.7416 18.7617 0
      vertex 21.8847 18.1905 6
      vertex 21.8847 18.1905 0
    endloop
  endfacet
  facet normal 0.94158 0.336788 0
    outer loop
      vertex 21.7416 18.7617 6
      vertex 21.5433 19.3161 0
      vertex 21.5433 19.3161 6
    endloop
  endfacet
  facet normal 0.94158 0.336788 0
    outer loop
      vertex 21.5433 19.3161 0
      vertex 21.7416 18.7617 6
      vertex 21.7416 18.7617 0
    endloop
  endfacet
  facet normal 0.903962 0.427612 0
    outer loop
      vertex 21.5433 19.3161 6
      vertex 21.2915 19.8484 0
      vertex 21.2915 19.8484 6
    endloop
  endfacet
  facet normal 0.903962 0.427612 0
    outer loop
      vertex 21.2915 19.8484 0
      vertex 21.5433 19.3161 6
      vertex 21.5433 19.3161 0
    endloop
  endfacet
  facet normal 0.857718 0.514121 0
    outer loop
      vertex 21.2915 19.8484 6
      vertex 20.9888 20.3534 0
      vertex 20.9888 20.3534 6
    endloop
  endfacet
  facet normal 0.857718 0.514121 0
    outer loop
      vertex 20.9888 20.3534 0
      vertex 21.2915 19.8484 6
      vertex 21.2915 19.8484 0
    endloop
  endfacet
  facet normal 0.803289 0.595589 0
    outer loop
      vertex 20.9888 20.3534 6
      vertex 20.6381 20.8264 0
      vertex 20.6381 20.8264 6
    endloop
  endfacet
  facet normal 0.803289 0.595589 0
    outer loop
      vertex 20.6381 20.8264 0
      vertex 20.9888 20.3534 6
      vertex 20.9888 20.3534 0
    endloop
  endfacet
  facet normal 0.740823 0.6717 0
    outer loop
      vertex 20.6381 20.8264 6
      vertex 20.2426 21.2626 0
      vertex 20.2426 21.2626 6
    endloop
  endfacet
  facet normal 0.740823 0.6717 0
    outer loop
      vertex 20.2426 21.2626 0
      vertex 20.6381 20.8264 6
      vertex 20.6381 20.8264 0
    endloop
  endfacet
  facet normal 0.6717 0.740823 -0
    outer loop
      vertex 20.2426 21.2626 0
      vertex 19.8064 21.6581 6
      vertex 20.2426 21.2626 6
    endloop
  endfacet
  facet normal 0.6717 0.740823 0
    outer loop
      vertex 19.8064 21.6581 6
      vertex 20.2426 21.2626 0
      vertex 19.8064 21.6581 0
    endloop
  endfacet
  facet normal 0.595589 0.803289 -0
    outer loop
      vertex 19.8064 21.6581 0
      vertex 19.3334 22.0088 6
      vertex 19.8064 21.6581 6
    endloop
  endfacet
  facet normal 0.595589 0.803289 0
    outer loop
      vertex 19.3334 22.0088 6
      vertex 19.8064 21.6581 0
      vertex 19.3334 22.0088 0
    endloop
  endfacet
  facet normal 0.514121 0.857718 -0
    outer loop
      vertex 19.3334 22.0088 0
      vertex 18.8284 22.3115 6
      vertex 19.3334 22.0088 6
    endloop
  endfacet
  facet normal 0.514121 0.857718 0
    outer loop
      vertex 18.8284 22.3115 6
      vertex 19.3334 22.0088 0
      vertex 18.8284 22.3115 0
    endloop
  endfacet
  facet normal 0.427612 0.903962 -0
    outer loop
      vertex 18.8284 22.3115 0
      vertex 18.2961 22.5633 6
      vertex 18.8284 22.3115 6
    endloop
  endfacet
  facet normal 0.427612 0.903962 0
    outer loop
      vertex 18.2961 22.5633 6
      vertex 18.8284 22.3115 0
      vertex 18.2961 22.5633 0
    endloop
  endfacet
  facet normal 0.336788 0.94158 -0
    outer loop
      vertex 18.2961 22.5633 0
      vertex 17.7417 22.7616 6
      vertex 18.2961 22.5633 6
    endloop
  endfacet
  facet normal 0.336788 0.94158 0
    outer loop
      vertex 17.7417 22.7616 6
      vertex 18.2961 22.5633 0
      vertex 17.7417 22.7616 0
    endloop
  endfacet
  facet normal 0.243015 0.970023 -0
    outer loop
      vertex 17.7417 22.7616 0
      vertex 17.1705 22.9047 6
      vertex 17.7417 22.7616 6
    endloop
  endfacet
  facet normal 0.243015 0.970023 0
    outer loop
      vertex 17.1705 22.9047 6
      vertex 17.7417 22.7616 0
      vertex 17.1705 22.9047 0
    endloop
  endfacet
  facet normal 0.146746 0.989174 -0
    outer loop
      vertex 17.1705 22.9047 0
      vertex 16.5881 22.9911 6
      vertex 17.1705 22.9047 6
    endloop
  endfacet
  facet normal 0.146746 0.989174 0
    outer loop
      vertex 16.5881 22.9911 6
      vertex 17.1705 22.9047 0
      vertex 16.5881 22.9911 0
    endloop
  endfacet
  facet normal 0.0490821 0.998795 -0
    outer loop
      vertex 16.5881 22.9911 0
      vertex 16 23.02 6
      vertex 16.5881 22.9911 6
    endloop
  endfacet
  facet normal 0.0490821 0.998795 0
    outer loop
      vertex 16 23.02 6
      vertex 16.5881 22.9911 0
      vertex 16 23.02 0
    endloop
  endfacet
  facet normal 0 1 0
    outer loop
      vertex 16 23.02 6
      vertex 2.92 23.02 5.5
      vertex 2.92 23.02 6
    endloop
  endfacet
  facet normal 0 1 0
    outer loop
      vertex 2.92 23.02 5.5
      vertex 16 23.02 0
      vertex -2.92 23.02 5.5
    endloop
  endfacet
  facet normal 0 1 -0
    outer loop
      vertex 16 23.02 0
      vertex 2.92 23.02 5.5
      vertex 16 23.02 6
    endloop
  endfacet
  facet normal 0 1 -0
    outer loop
      vertex -2.92 23.02 5.5
      vertex -16 23.02 6
      vertex -2.92 23.02 6
    endloop
  endfacet
  facet normal 0 1 0
    outer loop
      vertex -16 23.02 0
      vertex -2.92 23.02 5.5
      vertex 16 23.02 0
    endloop
  endfacet
  facet normal 0 1 0
    outer loop
      vertex -2.92 23.02 5.5
      vertex -16 23.02 0
      vertex -16 23.02 6
    endloop
  endfacet
  facet normal -0.0490821 0.998795 0
    outer loop
      vertex -16 23.02 0
      vertex -16.5881 22.9911 6
      vertex -16 23.02 6
    endloop
  endfacet
  facet normal -0.0490821 0.998795 0
    outer loop
      vertex -16.5881 22.9911 6
      vertex -16 23.02 0
      vertex -16.5881 22.9911 0
    endloop
  endfacet
  facet normal -0.146746 0.989174 0
    outer loop
      vertex -16.5881 22.9911 0
      vertex -17.1705 22.9047 6
      vertex -16.5881 22.9911 6
    endloop
  endfacet
  facet normal -0.146746 0.989174 0
    outer loop
      vertex -17.1705 22.9047 6
      vertex -16.5881 22.9911 0
      vertex -17.1705 22.9047 0
    endloop
  endfacet
  facet normal -0.243015 0.970023 0
    outer loop
      vertex -17.1705 22.9047 0
      vertex -17.7417 22.7616 6
      vertex -17.1705 22.9047 6
    endloop
  endfacet
  facet normal -0.243015 0.970023 0
    outer loop
      vertex -17.7417 22.7616 6
      vertex -17.1705 22.9047 0
      vertex -17.7417 22.7616 0
    endloop
  endfacet
  facet normal -0.336788 0.94158 0
    outer loop
      vertex -17.7417 22.7616 0
      vertex -18.2961 22.5633 6
      vertex -17.7417 22.7616 6
    endloop
  endfacet
  facet normal -0.336788 0.94158 0
    outer loop
      vertex -18.2961 22.5633 6
      vertex -17.7417 22.7616 0
      vertex -18.2961 22.5633 0
    endloop
  endfacet
  facet normal -0.427612 0.903962 0
    outer loop
      vertex -18.2961 22.5633 0
      vertex -18.8284 22.3115 6
      vertex -18.2961 22.5633 6
    endloop
  endfacet
  facet normal -0.427612 0.903962 0
    outer loop
      vertex -18.8284 22.3115 6
      vertex -18.2961 22.5633 0
      vertex -18.8284 22.3115 0
    endloop
  endfacet
  facet normal -0.514121 0.857718 0
    outer loop
      vertex -18.8284 22.3115 0
      vertex -19.3334 22.0088 6
      vertex -18.8284 22.3115 6
    endloop
  endfacet
  facet normal -0.514121 0.857718 0
    outer loop
      vertex -19.3334 22.0088 6
      vertex -18.8284 22.3115 0
      vertex -19.3334 22.0088 0
    endloop
  endfacet
  facet normal -0.595589 0.803289 0
    outer loop
      vertex -19.3334 22.0088 0
      vertex -19.8064 21.6581 6
      vertex -19.3334 22.0088 6
    endloop
  endfacet
  facet normal -0.595589 0.803289 0
    outer loop
      vertex -19.8064 21.6581 6
      vertex -19.3334 22.0088 0
      vertex -19.8064 21.6581 0
    endloop
  endfacet
  facet normal -0.6717 0.740823 0
    outer loop
      vertex -19.8064 21.6581 0
      vertex -20.2426 21.2626 6
      vertex -19.8064 21.6581 6
    endloop
  endfacet
  facet normal -0.6717 0.740823 0
    outer loop
      vertex -20.2426 21.2626 6
      vertex -19.8064 21.6581 0
      vertex -20.2426 21.2626 0
    endloop
  endfacet
  facet normal -0.740823 0.6717 0
    outer loop
      vertex -20.6381 20.8264 0
      vertex -20.2426 21.2626 6
      vertex -20.2426 21.2626 0
    endloop
  endfacet
  facet normal -0.740823 0.6717 0
    outer loop
      vertex -20.2426 21.2626 6
      vertex -20.6381 20.8264 0
      vertex -20.6381 20.8264 6
    endloop
  endfacet
  facet normal -0.803289 0.595589 0
    outer loop
      vertex -20.9888 20.3534 0
      vertex -20.6381 20.8264 6
      vertex -20.6381 20.8264 0
    endloop
  endfacet
  facet normal -0.803289 0.595589 0
    outer loop
      vertex -20.6381 20.8264 6
      vertex -20.9888 20.3534 0
      vertex -20.9888 20.3534 6
    endloop
  endfacet
  facet normal -0.857718 0.514121 0
    outer loop
      vertex -21.2915 19.8484 0
      vertex -20.9888 20.3534 6
      vertex -20.9888 20.3534 0
    endloop
  endfacet
  facet normal -0.857718 0.514121 0
    outer loop
      vertex -20.9888 20.3534 6
      vertex -21.2915 19.8484 0
      vertex -21.2915 19.8484 6
    endloop
  endfacet
  facet normal -0.903962 0.427612 0
    outer loop
      vertex -21.5433 19.3161 0
      vertex -21.2915 19.8484 6
      vertex -21.2915 19.8484 0
    endloop
  endfacet
  facet normal -0.903962 0.427612 0
    outer loop
      vertex -21.2915 19.8484 6
      vertex -21.5433 19.3161 0
      vertex -21.5433 19.3161 6
    endloop
  endfacet
  facet normal -0.94158 0.336788 0
    outer loop
      vertex -21.7416 18.7617 0
      vertex -21.5433 19.3161 6
      vertex -21.5433 19.3161 0
    endloop
  endfacet
  facet normal -0.94158 0.336788 0
    outer loop
      vertex -21.5433 19.3161 6
      vertex -21.7416 18.7617 0
      vertex -21.7416 18.7617 6
    endloop
  endfacet
  facet normal -0.970023 0.243015 0
    outer loop
      vertex -21.8847 18.1905 0
      vertex -21.7416 18.7617 6
      vertex -21.7416 18.7617 0
    endloop
  endfacet
  facet normal -0.970023 0.243015 0
    outer loop
      vertex -21.7416 18.7617 6
      vertex -21.8847 18.1905 0
      vertex -21.8847 18.1905 6
    endloop
  endfacet
  facet normal -0.989174 0.146746 0
    outer loop
      vertex -21.9711 17.6081 0
      vertex -21.8847 18.1905 6
      vertex -21.8847 18.1905 0
    endloop
  endfacet
  facet normal -0.989174 0.146746 0
    outer loop
      vertex -21.8847 18.1905 6
      vertex -21.9711 17.6081 0
      vertex -21.9711 17.6081 6
    endloop
  endfacet
  facet normal -0.998795 0.0490821 0
    outer loop
      vertex -22 17.02 0
      vertex -21.9711 17.6081 6
      vertex -21.9711 17.6081 0
    endloop
  endfacet
  facet normal -0.998795 0.0490821 0
    outer loop
      vertex -21.9711 17.6081 6
      vertex -22 17.02 0
      vertex -22 17.02 6
    endloop
  endfacet
  facet normal -1 0 0
    outer loop
      vertex -22 12.51 0
      vertex -22 17.02 6
      vertex -22 17.02 0
    endloop
  endfacet
  facet normal -1 -0 0
    outer loop
      vertex -22 17.02 6
      vertex -22 12.51 0
      vertex -22 12.51 6
    endloop
  endfacet
  facet normal 0 1 -0
    outer loop
      vertex -22 12.51 0
      vertex -32.04 12.51 6
      vertex -22 12.51 6
    endloop
  endfacet
  facet normal 0 1 0
    outer loop
      vertex -32.04 12.51 6
      vertex -22 12.51 0
      vertex -32.04 12.51 0
    endloop
  endfacet
  facet normal -0.0490821 0.998795 0
    outer loop
      vertex -32.04 12.51 0
      vertex -32.6281 12.4811 6
      vertex -32.04 12.51 6
    endloop
  endfacet
  facet normal -0.0490821 0.998795 0
    outer loop
      vertex -32.6281 12.4811 6
      vertex -32.04 12.51 0
      vertex -32.6281 12.4811 0
    endloop
  endfacet
  facet normal -0.146746 0.989174 0
    outer loop
      vertex -32.6281 12.4811 0
      vertex -33.2105 12.3947 6
      vertex -32.6281 12.4811 6
    endloop
  endfacet
  facet normal -0.146746 0.989174 0
    outer loop
      vertex -33.2105 12.3947 6
      vertex -32.6281 12.4811 0
      vertex -33.2105 12.3947 0
    endloop
  endfacet
  facet normal -0.243015 0.970023 0
    outer loop
      vertex -33.2105 12.3947 0
      vertex -33.7817 12.2516 6
      vertex -33.2105 12.3947 6
    endloop
  endfacet
  facet normal -0.243015 0.970023 0
    outer loop
      vertex -33.7817 12.2516 6
      vertex -33.2105 12.3947 0
      vertex -33.7817 12.2516 0
    endloop
  endfacet
  facet normal -0.336788 0.94158 0
    outer loop
      vertex -33.7817 12.2516 0
      vertex -34.3361 12.0533 6
      vertex -33.7817 12.2516 6
    endloop
  endfacet
  facet normal -0.336788 0.94158 0
    outer loop
      vertex -34.3361 12.0533 6
      vertex -33.7817 12.2516 0
      vertex -34.3361 12.0533 0
    endloop
  endfacet
  facet normal -0.427612 0.903962 0
    outer loop
      vertex -34.3361 12.0533 0
      vertex -34.8684 11.8015 6
      vertex -34.3361 12.0533 6
    endloop
  endfacet
  facet normal -0.427612 0.903962 0
    outer loop
      vertex -34.8684 11.8015 6
      vertex -34.3361 12.0533 0
      vertex -34.8684 11.8015 0
    endloop
  endfacet
  facet normal -0.514121 0.857718 0
    outer loop
      vertex -34.8684 11.8015 0
      vertex -35.3734 11.4988 6
      vertex -34.8684 11.8015 6
    endloop
  endfacet
  facet normal -0.514121 0.857718 0
    outer loop
      vertex -35.3734 11.4988 6
      vertex -34.8684 11.8015 0
      vertex -35.3734 11.4988 0
    endloop
  endfacet
  facet normal -0.595589 0.803289 0
    outer loop
      vertex -35.3734 11.4988 0
      vertex -35.8464 11.1481 6
      vertex -35.3734 11.4988 6
    endloop
  endfacet
  facet normal -0.595589 0.803289 0
    outer loop
      vertex -35.8464 11.1481 6
      vertex -35.3734 11.4988 0
      vertex -35.8464 11.1481 0
    endloop
  endfacet
  facet normal -0.6717 0.740823 0
    outer loop
      vertex -35.8464 11.1481 0
      vertex -36.2826 10.7526 6
      vertex -35.8464 11.1481 6
    endloop
  endfacet
  facet normal -0.6717 0.740823 0
    outer loop
      vertex -36.2826 10.7526 6
      vertex -35.8464 11.1481 0
      vertex -36.2826 10.7526 0
    endloop
  endfacet
  facet normal -0.740823 0.6717 0
    outer loop
      vertex -36.6781 10.3164 0
      vertex -36.2826 10.7526 6
      vertex -36.2826 10.7526 0
    endloop
  endfacet
  facet normal -0.740823 0.6717 0
    outer loop
      vertex -36.2826 10.7526 6
      vertex -36.6781 10.3164 0
      vertex -36.6781 10.3164 6
    endloop
  endfacet
  facet normal -0.803283 0.595597 0
    outer loop
      vertex -37.0288 9.84341 0
      vertex -36.6781 10.3164 6
      vertex -36.6781 10.3164 0
    endloop
  endfacet
  facet normal -0.803283 0.595597 0
    outer loop
      vertex -36.6781 10.3164 6
      vertex -37.0288 9.84341 0
      vertex -37.0288 9.84341 6
    endloop
  endfacet
  facet normal -0.857731 0.514099 0
    outer loop
      vertex -37.3315 9.33838 0
      vertex -37.0288 9.84341 6
      vertex -37.0288 9.84341 0
    endloop
  endfacet
  facet normal -0.857731 0.514099 0
    outer loop
      vertex -37.0288 9.84341 6
      vertex -37.3315 9.33838 0
      vertex -37.3315 9.33838 6
    endloop
  endfacet
  facet normal -0.903959 0.427618 0
    outer loop
      vertex -37.5833 8.80609 0
      vertex -37.3315 9.33838 6
      vertex -37.3315 9.33838 0
    endloop
  endfacet
  facet normal -0.903959 0.427618 0
    outer loop
      vertex -37.3315 9.33838 6
      vertex -37.5833 8.80609 0
      vertex -37.5833 8.80609 6
    endloop
  endfacet
  facet normal -0.941577 0.336799 0
    outer loop
      vertex -37.7816 8.25171 0
      vertex -37.5833 8.80609 6
      vertex -37.5833 8.80609 0
    endloop
  endfacet
  facet normal -0.941577 0.336799 0
    outer loop
      vertex -37.5833 8.80609 6
      vertex -37.7816 8.25171 0
      vertex -37.7816 8.25171 6
    endloop
  endfacet
  facet normal -0.970019 0.243027 0
    outer loop
      vertex -37.9247 7.68054 0
      vertex -37.7816 8.25171 6
      vertex -37.7816 8.25171 0
    endloop
  endfacet
  facet normal -0.970019 0.243027 0
    outer loop
      vertex -37.7816 8.25171 6
      vertex -37.9247 7.68054 0
      vertex -37.9247 7.68054 6
    endloop
  endfacet
  facet normal -0.989176 0.146736 0
    outer loop
      vertex -38.0111 7.0981 0
      vertex -37.9247 7.68054 6
      vertex -37.9247 7.68054 0
    endloop
  endfacet
  facet normal -0.989176 0.146736 0
    outer loop
      vertex -37.9247 7.68054 6
      vertex -38.0111 7.0981 0
      vertex -38.0111 7.0981 6
    endloop
  endfacet
  facet normal -0.998795 0.0490812 0
    outer loop
      vertex -38.04 6.50999 0
      vertex -38.0111 7.0981 6
      vertex -38.0111 7.0981 0
    endloop
  endfacet
  facet normal -0.998795 0.0490812 0
    outer loop
      vertex -38.0111 7.0981 6
      vertex -38.04 6.50999 0
      vertex -38.04 6.50999 6
    endloop
  endfacet
  facet normal -1 0 0
    outer loop
      vertex -38.04 -6.50999 0
      vertex -38.04 6.50999 6
      vertex -38.04 6.50999 0
    endloop
  endfacet
  facet normal -1 -0 0
    outer loop
      vertex -38.04 6.50999 6
      vertex -38.04 -6.50999 0
      vertex -38.04 -6.50999 6
    endloop
  endfacet
  facet normal -0.998795 -0.0490812 0
    outer loop
      vertex -38.0111 -7.0981 0
      vertex -38.04 -6.50999 6
      vertex -38.04 -6.50999 0
    endloop
  endfacet
  facet normal -0.998795 -0.0490812 0
    outer loop
      vertex -38.04 -6.50999 6
      vertex -38.0111 -7.0981 0
      vertex -38.0111 -7.0981 6
    endloop
  endfacet
  facet normal -0.989176 -0.146736 0
    outer loop
      vertex -37.9247 -7.68054 0
      vertex -38.0111 -7.0981 6
      vertex -38.0111 -7.0981 0
    endloop
  endfacet
  facet normal -0.989176 -0.146736 0
    outer loop
      vertex -38.0111 -7.0981 6
      vertex -37.9247 -7.68054 0
      vertex -37.9247 -7.68054 6
    endloop
  endfacet
  facet normal -0.970019 -0.243027 0
    outer loop
      vertex -37.7816 -8.25171 0
      vertex -37.9247 -7.68054 6
      vertex -37.9247 -7.68054 0
    endloop
  endfacet
  facet normal -0.970019 -0.243027 0
    outer loop
      vertex -37.9247 -7.68054 6
      vertex -37.7816 -8.25171 0
      vertex -37.7816 -8.25171 6
    endloop
  endfacet
  facet normal -0.941577 -0.336799 0
    outer loop
      vertex -37.5833 -8.80609 0
      vertex -37.7816 -8.25171 6
      vertex -37.7816 -8.25171 0
    endloop
  endfacet
  facet normal -0.941577 -0.336799 0
    outer loop
      vertex -37.7816 -8.25171 6
      vertex -37.5833 -8.80609 0
      vertex -37.5833 -8.80609 6
    endloop
  endfacet
  facet normal -0.903959 -0.427618 0
    outer loop
      vertex -37.3315 -9.33838 0
      vertex -37.5833 -8.80609 6
      vertex -37.5833 -8.80609 0
    endloop
  endfacet
  facet normal -0.903959 -0.427618 0
    outer loop
      vertex -37.5833 -8.80609 6
      vertex -37.3315 -9.33838 0
      vertex -37.3315 -9.33838 6
    endloop
  endfacet
  facet normal -0.857731 -0.514099 0
    outer loop
      vertex -37.0288 -9.84341 0
      vertex -37.3315 -9.33838 6
      vertex -37.3315 -9.33838 0
    endloop
  endfacet
  facet normal -0.857731 -0.514099 0
    outer loop
      vertex -37.3315 -9.33838 6
      vertex -37.0288 -9.84341 0
      vertex -37.0288 -9.84341 6
    endloop
  endfacet
  facet normal -0.803283 -0.595597 0
    outer loop
      vertex -36.6781 -10.3164 0
      vertex -37.0288 -9.84341 6
      vertex -37.0288 -9.84341 0
    endloop
  endfacet
  facet normal -0.803283 -0.595597 0
    outer loop
      vertex -37.0288 -9.84341 6
      vertex -36.6781 -10.3164 0
      vertex -36.6781 -10.3164 6
    endloop
  endfacet
  facet normal -0.740823 -0.6717 0
    outer loop
      vertex -36.2826 -10.7526 0
      vertex -36.6781 -10.3164 6
      vertex -36.6781 -10.3164 0
    endloop
  endfacet
  facet normal -0.740823 -0.6717 0
    outer loop
      vertex -36.6781 -10.3164 6
      vertex -36.2826 -10.7526 0
      vertex -36.2826 -10.7526 6
    endloop
  endfacet
  facet normal -0.6717 -0.740823 0
    outer loop
      vertex -36.2826 -10.7526 0
      vertex -35.8464 -11.1481 6
      vertex -36.2826 -10.7526 6
    endloop
  endfacet
  facet normal -0.6717 -0.740823 -0
    outer loop
      vertex -35.8464 -11.1481 6
      vertex -36.2826 -10.7526 0
      vertex -35.8464 -11.1481 0
    endloop
  endfacet
  facet normal -0.595589 -0.803289 0
    outer loop
      vertex -35.8464 -11.1481 0
      vertex -35.3734 -11.4988 6
      vertex -35.8464 -11.1481 6
    endloop
  endfacet
  facet normal -0.595589 -0.803289 -0
    outer loop
      vertex -35.3734 -11.4988 6
      vertex -35.8464 -11.1481 0
      vertex -35.3734 -11.4988 0
    endloop
  endfacet
  facet normal -0.514121 -0.857718 0
    outer loop
      vertex -35.3734 -11.4988 0
      vertex -34.8684 -11.8015 6
      vertex -35.3734 -11.4988 6
    endloop
  endfacet
  facet normal -0.514121 -0.857718 -0
    outer loop
      vertex -34.8684 -11.8015 6
      vertex -35.3734 -11.4988 0
      vertex -34.8684 -11.8015 0
    endloop
  endfacet
  facet normal -0.427612 -0.903962 0
    outer loop
      vertex -34.8684 -11.8015 0
      vertex -34.3361 -12.0533 6
      vertex -34.8684 -11.8015 6
    endloop
  endfacet
  facet normal -0.427612 -0.903962 -0
    outer loop
      vertex -34.3361 -12.0533 6
      vertex -34.8684 -11.8015 0
      vertex -34.3361 -12.0533 0
    endloop
  endfacet
  facet normal -0.336788 -0.94158 0
    outer loop
      vertex -34.3361 -12.0533 0
      vertex -33.7817 -12.2516 6
      vertex -34.3361 -12.0533 6
    endloop
  endfacet
  facet normal -0.336788 -0.94158 -0
    outer loop
      vertex -33.7817 -12.2516 6
      vertex -34.3361 -12.0533 0
      vertex -33.7817 -12.2516 0
    endloop
  endfacet
  facet normal -0.243015 -0.970023 0
    outer loop
      vertex -33.7817 -12.2516 0
      vertex -33.2105 -12.3947 6
      vertex -33.7817 -12.2516 6
    endloop
  endfacet
  facet normal -0.243015 -0.970023 -0
    outer loop
      vertex -33.2105 -12.3947 6
      vertex -33.7817 -12.2516 0
      vertex -33.2105 -12.3947 0
    endloop
  endfacet
  facet normal -0.146746 -0.989174 0
    outer loop
      vertex -33.2105 -12.3947 0
      vertex -32.6281 -12.4811 6
      vertex -33.2105 -12.3947 6
    endloop
  endfacet
  facet normal -0.146746 -0.989174 -0
    outer loop
      vertex -32.6281 -12.4811 6
      vertex -33.2105 -12.3947 0
      vertex -32.6281 -12.4811 0
    endloop
  endfacet
  facet normal -0.0490821 -0.998795 0
    outer loop
      vertex -32.6281 -12.4811 0
      vertex -32.04 -12.51 6
      vertex -32.6281 -12.4811 6
    endloop
  endfacet
  facet normal -0.0490821 -0.998795 -0
    outer loop
      vertex -32.04 -12.51 6
      vertex -32.6281 -12.4811 0
      vertex -32.04 -12.51 0
    endloop
  endfacet
  facet normal 0 -1 0
    outer loop
      vertex -32.04 -12.51 0
      vertex -22 -12.51 6
      vertex -32.04 -12.51 6
    endloop
  endfacet
  facet normal 0 -1 -0
    outer loop
      vertex -22 -12.51 6
      vertex -32.04 -12.51 0
      vertex -22 -12.51 0
    endloop
  endfacet
  facet normal -1 0 0
    outer loop
      vertex -22 -17.02 0
      vertex -22 -12.51 6
      vertex -22 -12.51 0
    endloop
  endfacet
  facet normal -1 -0 0
    outer loop
      vertex -22 -12.51 6
      vertex -22 -17.02 0
      vertex -22 -17.02 6
    endloop
  endfacet
  facet normal -0.998795 -0.0490821 0
    outer loop
      vertex -21.9711 -17.6081 0
      vertex -22 -17.02 6
      vertex -22 -17.02 0
    endloop
  endfacet
  facet normal -0.998795 -0.0490821 0
    outer loop
      vertex -22 -17.02 6
      vertex -21.9711 -17.6081 0
      vertex -21.9711 -17.6081 6
    endloop
  endfacet
  facet normal -0.989174 -0.146746 0
    outer loop
      vertex -21.8847 -18.1905 0
      vertex -21.9711 -17.6081 6
      vertex -21.9711 -17.6081 0
    endloop
  endfacet
  facet normal -0.989174 -0.146746 0
    outer loop
      vertex -21.9711 -17.6081 6
      vertex -21.8847 -18.1905 0
      vertex -21.8847 -18.1905 6
    endloop
  endfacet
  facet normal -0.970023 -0.243015 0
    outer loop
      vertex -21.7416 -18.7617 0
      vertex -21.8847 -18.1905 6
      vertex -21.8847 -18.1905 0
    endloop
  endfacet
  facet normal -0.970023 -0.243015 0
    outer loop
      vertex -21.8847 -18.1905 6
      vertex -21.7416 -18.7617 0
      vertex -21.7416 -18.7617 6
    endloop
  endfacet
  facet normal -0.94158 -0.336788 0
    outer loop
      vertex -21.5433 -19.3161 0
      vertex -21.7416 -18.7617 6
      vertex -21.7416 -18.7617 0
    endloop
  endfacet
  facet normal -0.94158 -0.336788 0
    outer loop
      vertex -21.7416 -18.7617 6
      vertex -21.5433 -19.3161 0
      vertex -21.5433 -19.3161 6
    endloop
  endfacet
  facet normal -0.903962 -0.427612 0
    outer loop
      vertex -21.2915 -19.8484 0
      vertex -21.5433 -19.3161 6
      vertex -21.5433 -19.3161 0
    endloop
  endfacet
  facet normal -0.903962 -0.427612 0
    outer loop
      vertex -21.5433 -19.3161 6
      vertex -21.2915 -19.8484 0
      vertex -21.2915 -19.8484 6
    endloop
  endfacet
  facet normal -0.857718 -0.514121 0
    outer loop
      vertex -20.9888 -20.3534 0
      vertex -21.2915 -19.8484 6
      vertex -21.2915 -19.8484 0
    endloop
  endfacet
  facet normal -0.857718 -0.514121 0
    outer loop
      vertex -21.2915 -19.8484 6
      vertex -20.9888 -20.3534 0
      vertex -20.9888 -20.3534 6
    endloop
  endfacet
  facet normal -0.803289 -0.595589 0
    outer loop
      vertex -20.6381 -20.8264 0
      vertex -20.9888 -20.3534 6
      vertex -20.9888 -20.3534 0
    endloop
  endfacet
  facet normal -0.803289 -0.595589 0
    outer loop
      vertex -20.9888 -20.3534 6
      vertex -20.6381 -20.8264 0
      vertex -20.6381 -20.8264 6
    endloop
  endfacet
  facet normal -0.740823 -0.6717 0
    outer loop
      vertex -20.2426 -21.2626 0
      vertex -20.6381 -20.8264 6
      vertex -20.6381 -20.8264 0
    endloop
  endfacet
  facet normal -0.740823 -0.6717 0
    outer loop
      vertex -20.6381 -20.8264 6
      vertex -20.2426 -21.2626 0
      vertex -20.2426 -21.2626 6
    endloop
  endfacet
  facet normal -0.6717 -0.740823 0
    outer loop
      vertex -20.2426 -21.2626 0
      vertex -19.8064 -21.6581 6
      vertex -20.2426 -21.2626 6
    endloop
  endfacet
  facet normal -0.6717 -0.740823 -0
    outer loop
      vertex -19.8064 -21.6581 6
      vertex -20.2426 -21.2626 0
      vertex -19.8064 -21.6581 0
    endloop
  endfacet
  facet normal -0.595589 -0.803289 0
    outer loop
      vertex -19.8064 -21.6581 0
      vertex -19.3334 -22.0088 6
      vertex -19.8064 -21.6581 6
    endloop
  endfacet
  facet normal -0.595589 -0.803289 -0
    outer loop
      vertex -19.3334 -22.0088 6
      vertex -19.8064 -21.6581 0
      vertex -19.3334 -22.0088 0
    endloop
  endfacet
  facet normal -0.514121 -0.857718 0
    outer loop
      vertex -19.3334 -22.0088 0
      vertex -18.8284 -22.3115 6
      vertex -19.3334 -22.0088 6
    endloop
  endfacet
  facet normal -0.514121 -0.857718 -0
    outer loop
      vertex -18.8284 -22.3115 6
      vertex -19.3334 -22.0088 0
      vertex -18.8284 -22.3115 0
    endloop
  endfacet
  facet normal -0.427612 -0.903962 0
    outer loop
      vertex -18.8284 -22.3115 0
      vertex -18.2961 -22.5633 6
      vertex -18.8284 -22.3115 6
    endloop
  endfacet
  facet normal -0.427612 -0.903962 -0
    outer loop
      vertex -18.2961 -22.5633 6
      vertex -18.8284 -22.3115 0
      vertex -18.2961 -22.5633 0
    endloop
  endfacet
  facet normal -0.336788 -0.94158 0
    outer loop
      vertex -18.2961 -22.5633 0
      vertex -17.7417 -22.7616 6
      vertex -18.2961 -22.5633 6
    endloop
  endfacet
  facet normal -0.336788 -0.94158 -0
    outer loop
      vertex -17.7417 -22.7616 6
      vertex -18.2961 -22.5633 0
      vertex -17.7417 -22.7616 0
    endloop
  endfacet
  facet normal -0.243015 -0.970023 0
    outer loop
      vertex -17.7417 -22.7616 0
      vertex -17.1705 -22.9047 6
      vertex -17.7417 -22.7616 6
    endloop
  endfacet
  facet normal -0.243015 -0.970023 -0
    outer loop
      vertex -17.1705 -22.9047 6
      vertex -17.7417 -22.7616 0
      vertex -17.1705 -22.9047 0
    endloop
  endfacet
  facet normal -0.146746 -0.989174 0
    outer loop
      vertex -17.1705 -22.9047 0
      vertex -16.5881 -22.9911 6
      vertex -17.1705 -22.9047 6
    endloop
  endfacet
  facet normal -0.146746 -0.989174 -0
    outer loop
      vertex -16.5881 -22.9911 6
      vertex -17.1705 -22.9047 0
      vertex -16.5881 -22.9911 0
    endloop
  endfacet
  facet normal -0.0490821 -0.998795 0
    outer loop
      vertex -16.5881 -22.9911 0
      vertex -16 -23.02 6
      vertex -16.5881 -22.9911 6
    endloop
  endfacet
  facet normal -0.0490821 -0.998795 -0
    outer loop
      vertex -16 -23.02 6
      vertex -16.5881 -22.9911 0
      vertex -16 -23.02 0
    endloop
  endfacet
  facet normal 0 -1 0
    outer loop
      vertex 3 -23.02 0
      vertex 16 -23.02 6
      vertex 3 -23.02 6
    endloop
  endfacet
  facet normal 0 -1 -0
    outer loop
      vertex 16 -23.02 6
      vertex 3 -23.02 0
      vertex 16 -23.02 0
    endloop
  endfacet
  facet normal 0 -1 0
    outer loop
      vertex -16 -23.02 0
      vertex -3 -23.02 6
      vertex -16 -23.02 6
    endloop
  endfacet
  facet normal 0 -1 -0
    outer loop
      vertex -3 -23.02 6
      vertex -16 -23.02 0
      vertex -3 -23.02 0
    endloop
  endfacet
  facet normal 0.0490821 -0.998795 0
    outer loop
      vertex 16 -23.02 0
      vertex 16.5881 -22.9911 6
      vertex 16 -23.02 6
    endloop
  endfacet
  facet normal 0.0490821 -0.998795 0
    outer loop
      vertex 16.5881 -22.9911 6
      vertex 16 -23.02 0
      vertex 16.5881 -22.9911 0
    endloop
  endfacet
  facet normal 0.0492599 0.998786 -0
    outer loop
      vertex -10.01 -13.01 0
      vertex -10.304 -12.9955 8
      vertex -10.01 -13.01 8
    endloop
  endfacet
  facet normal 0.0492599 0.998786 0
    outer loop
      vertex -10.304 -12.9955 8
      vertex -10.01 -13.01 0
      vertex -10.304 -12.9955 0
    endloop
  endfacet
  facet normal 0.146696 0.989182 -0
    outer loop
      vertex -10.304 -12.9955 0
      vertex -10.5953 -12.9523 8
      vertex -10.304 -12.9955 8
    endloop
  endfacet
  facet normal 0.146696 0.989182 0
    outer loop
      vertex -10.5953 -12.9523 8
      vertex -10.304 -12.9955 0
      vertex -10.5953 -12.9523 0
    endloop
  endfacet
  facet normal 0.242935 0.970042 -0
    outer loop
      vertex -10.5953 -12.9523 0
      vertex -10.8808 -12.8808 8
      vertex -10.5953 -12.9523 8
    endloop
  endfacet
  facet normal 0.242935 0.970042 0
    outer loop
      vertex -10.8808 -12.8808 8
      vertex -10.5953 -12.9523 0
      vertex -10.8808 -12.8808 0
    endloop
  endfacet
  facet normal 0.336831 0.941565 -0
    outer loop
      vertex -10.8808 -12.8808 0
      vertex -11.1581 -12.7816 8
      vertex -10.8808 -12.8808 8
    endloop
  endfacet
  facet normal 0.336831 0.941565 0
    outer loop
      vertex -11.1581 -12.7816 8
      vertex -10.8808 -12.8808 0
      vertex -11.1581 -12.7816 0
    endloop
  endfacet
  facet normal 0.4274 0.904063 -0
    outer loop
      vertex -11.1581 -12.7816 0
      vertex -11.4242 -12.6558 8
      vertex -11.1581 -12.7816 8
    endloop
  endfacet
  facet normal 0.4274 0.904063 0
    outer loop
      vertex -11.4242 -12.6558 8
      vertex -11.1581 -12.7816 0
      vertex -11.4242 -12.6558 0
    endloop
  endfacet
  facet normal 0.514246 0.857643 -0
    outer loop
      vertex -11.4242 -12.6558 0
      vertex -11.6767 -12.5044 8
      vertex -11.4242 -12.6558 8
    endloop
  endfacet
  facet normal 0.514246 0.857643 0
    outer loop
      vertex -11.6767 -12.5044 8
      vertex -11.4242 -12.6558 0
      vertex -11.6767 -12.5044 0
    endloop
  endfacet
  facet normal 0.595699 0.803208 -0
    outer loop
      vertex -11.6767 -12.5044 0
      vertex -11.9132 -12.329 8
      vertex -11.6767 -12.5044 8
    endloop
  endfacet
  facet normal 0.595699 0.803208 0
    outer loop
      vertex -11.9132 -12.329 8
      vertex -11.6767 -12.5044 0
      vertex -11.9132 -12.329 0
    endloop
  endfacet
  facet normal 0.671607 0.740908 -0
    outer loop
      vertex -11.9132 -12.329 0
      vertex -12.1313 -12.1313 8
      vertex -11.9132 -12.329 8
    endloop
  endfacet
  facet normal 0.671607 0.740908 0
    outer loop
      vertex -12.1313 -12.1313 8
      vertex -11.9132 -12.329 0
      vertex -12.1313 -12.1313 0
    endloop
  endfacet
  facet normal 0.740908 0.671607 0
    outer loop
      vertex -12.1313 -12.1313 8
      vertex -12.329 -11.9132 0
      vertex -12.329 -11.9132 8
    endloop
  endfacet
  facet normal 0.740908 0.671607 0
    outer loop
      vertex -12.329 -11.9132 0
      vertex -12.1313 -12.1313 8
      vertex -12.1313 -12.1313 0
    endloop
  endfacet
  facet normal 0.803208 0.595699 0
    outer loop
      vertex -12.329 -11.9132 8
      vertex -12.5044 -11.6767 0
      vertex -12.5044 -11.6767 8
    endloop
  endfacet
  facet normal 0.803208 0.595699 0
    outer loop
      vertex -12.5044 -11.6767 0
      vertex -12.329 -11.9132 8
      vertex -12.329 -11.9132 0
    endloop
  endfacet
  facet normal 0.857643 0.514246 0
    outer loop
      vertex -12.5044 -11.6767 8
      vertex -12.6558 -11.4242 0
      vertex -12.6558 -11.4242 8
    endloop
  endfacet
  facet normal 0.857643 0.514246 0
    outer loop
      vertex -12.6558 -11.4242 0
      vertex -12.5044 -11.6767 8
      vertex -12.5044 -11.6767 0
    endloop
  endfacet
  facet normal 0.904063 0.4274 0
    outer loop
      vertex -12.6558 -11.4242 8
      vertex -12.7816 -11.1581 0
      vertex -12.7816 -11.1581 8
    endloop
  endfacet
  facet normal 0.904063 0.4274 0
    outer loop
      vertex -12.7816 -11.1581 0
      vertex -12.6558 -11.4242 8
      vertex -12.6558 -11.4242 0
    endloop
  endfacet
  facet normal 0.941565 0.336831 0
    outer loop
      vertex -12.7816 -11.1581 8
      vertex -12.8808 -10.8808 0
      vertex -12.8808 -10.8808 8
    endloop
  endfacet
  facet normal 0.941565 0.336831 0
    outer loop
      vertex -12.8808 -10.8808 0
      vertex -12.7816 -11.1581 8
      vertex -12.7816 -11.1581 0
    endloop
  endfacet
  facet normal 0.970042 0.242935 0
    outer loop
      vertex -12.8808 -10.8808 8
      vertex -12.9523 -10.5953 0
      vertex -12.9523 -10.5953 8
    endloop
  endfacet
  facet normal 0.970042 0.242935 0
    outer loop
      vertex -12.9523 -10.5953 0
      vertex -12.8808 -10.8808 8
      vertex -12.8808 -10.8808 0
    endloop
  endfacet
  facet normal 0.989182 0.146696 0
    outer loop
      vertex -12.9523 -10.5953 8
      vertex -12.9955 -10.304 0
      vertex -12.9955 -10.304 8
    endloop
  endfacet
  facet normal 0.989182 0.146696 0
    outer loop
      vertex -12.9955 -10.304 0
      vertex -12.9523 -10.5953 8
      vertex -12.9523 -10.5953 0
    endloop
  endfacet
  facet normal 0.998786 0.0492599 0
    outer loop
      vertex -12.9955 -10.304 8
      vertex -13.01 -10.01 0
      vertex -13.01 -10.01 8
    endloop
  endfacet
  facet normal 0.998786 0.0492599 0
    outer loop
      vertex -13.01 -10.01 0
      vertex -12.9955 -10.304 8
      vertex -12.9955 -10.304 0
    endloop
  endfacet
  facet normal 1 -0 0
    outer loop
      vertex -13.01 -10.01 8
      vertex -13.01 10.01 0
      vertex -13.01 10.01 8
    endloop
  endfacet
  facet normal 1 0 0
    outer loop
      vertex -13.01 10.01 0
      vertex -13.01 -10.01 8
      vertex -13.01 -10.01 0
    endloop
  endfacet
  facet normal 0.998786 -0.0492599 0
    outer loop
      vertex -13.01 10.01 8
      vertex -12.9955 10.304 0
      vertex -12.9955 10.304 8
    endloop
  endfacet
  facet normal 0.998786 -0.0492599 0
    outer loop
      vertex -12.9955 10.304 0
      vertex -13.01 10.01 8
      vertex -13.01 10.01 0
    endloop
  endfacet
  facet normal 0.989182 -0.146696 0
    outer loop
      vertex -12.9955 10.304 8
      vertex -12.9523 10.5953 0
      vertex -12.9523 10.5953 8
    endloop
  endfacet
  facet normal 0.989182 -0.146696 0
    outer loop
      vertex -12.9523 10.5953 0
      vertex -12.9955 10.304 8
      vertex -12.9955 10.304 0
    endloop
  endfacet
  facet normal 0.970042 -0.242935 0
    outer loop
      vertex -12.9523 10.5953 8
      vertex -12.8808 10.8808 0
      vertex -12.8808 10.8808 8
    endloop
  endfacet
  facet normal 0.970042 -0.242935 0
    outer loop
      vertex -12.8808 10.8808 0
      vertex -12.9523 10.5953 8
      vertex -12.9523 10.5953 0
    endloop
  endfacet
  facet normal 0.941565 -0.336831 0
    outer loop
      vertex -12.8808 10.8808 8
      vertex -12.7816 11.1581 0
      vertex -12.7816 11.1581 8
    endloop
  endfacet
  facet normal 0.941565 -0.336831 0
    outer loop
      vertex -12.7816 11.1581 0
      vertex -12.8808 10.8808 8
      vertex -12.8808 10.8808 0
    endloop
  endfacet
  facet normal 0.904063 -0.4274 0
    outer loop
      vertex -12.7816 11.1581 8
      vertex -12.6558 11.4242 0
      vertex -12.6558 11.4242 8
    endloop
  endfacet
  facet normal 0.904063 -0.4274 0
    outer loop
      vertex -12.6558 11.4242 0
      vertex -12.7816 11.1581 8
      vertex -12.7816 11.1581 0
    endloop
  endfacet
  facet normal 0.857643 -0.514246 0
    outer loop
      vertex -12.6558 11.4242 8
      vertex -12.5044 11.6767 0
      vertex -12.5044 11.6767 8
    endloop
  endfacet
  facet normal 0.857643 -0.514246 0
    outer loop
      vertex -12.5044 11.6767 0
      vertex -12.6558 11.4242 8
      vertex -12.6558 11.4242 0
    endloop
  endfacet
  facet normal 0.803208 -0.595699 0
    outer loop
      vertex -12.5044 11.6767 8
      vertex -12.329 11.9132 0
      vertex -12.329 11.9132 8
    endloop
  endfacet
  facet normal 0.803208 -0.595699 0
    outer loop
      vertex -12.329 11.9132 0
      vertex -12.5044 11.6767 8
      vertex -12.5044 11.6767 0
    endloop
  endfacet
  facet normal 0.740908 -0.671607 0
    outer loop
      vertex -12.329 11.9132 8
      vertex -12.1313 12.1313 0
      vertex -12.1313 12.1313 8
    endloop
  endfacet
  facet normal 0.740908 -0.671607 0
    outer loop
      vertex -12.1313 12.1313 0
      vertex -12.329 11.9132 8
      vertex -12.329 11.9132 0
    endloop
  endfacet
  facet normal 0.671607 -0.740908 0
    outer loop
      vertex -12.1313 12.1313 0
      vertex -11.9132 12.329 8
      vertex -12.1313 12.1313 8
    endloop
  endfacet
  facet normal 0.671607 -0.740908 0
    outer loop
      vertex -11.9132 12.329 8
      vertex -12.1313 12.1313 0
      vertex -11.9132 12.329 0
    endloop
  endfacet
  facet normal 0.595699 -0.803208 0
    outer loop
      vertex -11.9132 12.329 0
      vertex -11.6767 12.5044 8
      vertex -11.9132 12.329 8
    endloop
  endfacet
  facet normal 0.595699 -0.803208 0
    outer loop
      vertex -11.6767 12.5044 8
      vertex -11.9132 12.329 0
      vertex -11.6767 12.5044 0
    endloop
  endfacet
  facet normal 0.514246 -0.857643 0
    outer loop
      vertex -11.6767 12.5044 0
      vertex -11.4242 12.6558 8
      vertex -11.6767 12.5044 8
    endloop
  endfacet
  facet normal 0.514246 -0.857643 0
    outer loop
      vertex -11.4242 12.6558 8
      vertex -11.6767 12.5044 0
      vertex -11.4242 12.6558 0
    endloop
  endfacet
  facet normal 0.4274 -0.904063 0
    outer loop
      vertex -11.4242 12.6558 0
      vertex -11.1581 12.7816 8
      vertex -11.4242 12.6558 8
    endloop
  endfacet
  facet normal 0.4274 -0.904063 0
    outer loop
      vertex -11.1581 12.7816 8
      vertex -11.4242 12.6558 0
      vertex -11.1581 12.7816 0
    endloop
  endfacet
  facet normal 0.336831 -0.941565 0
    outer loop
      vertex -11.1581 12.7816 0
      vertex -10.8808 12.8808 8
      vertex -11.1581 12.7816 8
    endloop
  endfacet
  facet normal 0.336831 -0.941565 0
    outer loop
      vertex -10.8808 12.8808 8
      vertex -11.1581 12.7816 0
      vertex -10.8808 12.8808 0
    endloop
  endfacet
  facet normal 0.242935 -0.970042 0
    outer loop
      vertex -10.8808 12.8808 0
      vertex -10.5953 12.9523 8
      vertex -10.8808 12.8808 8
    endloop
  endfacet
  facet normal 0.242935 -0.970042 0
    outer loop
      vertex -10.5953 12.9523 8
      vertex -10.8808 12.8808 0
      vertex -10.5953 12.9523 0
    endloop
  endfacet
  facet normal 0.146696 -0.989182 0
    outer loop
      vertex -10.5953 12.9523 0
      vertex -10.304 12.9955 8
      vertex -10.5953 12.9523 8
    endloop
  endfacet
  facet normal 0.146696 -0.989182 0
    outer loop
      vertex -10.304 12.9955 8
      vertex -10.5953 12.9523 0
      vertex -10.304 12.9955 0
    endloop
  endfacet
  facet normal 0.0492599 -0.998786 0
    outer loop
      vertex -10.304 12.9955 0
      vertex -10.01 13.01 8
      vertex -10.304 12.9955 8
    endloop
  endfacet
  facet normal 0.0492599 -0.998786 0
    outer loop
      vertex -10.01 13.01 8
      vertex -10.304 12.9955 0
      vertex -10.01 13.01 0
    endloop
  endfacet
  facet normal 0 -1 0
    outer loop
      vertex -10.01 13.01 0
      vertex 10.01 13.01 8
      vertex -10.01 13.01 8
    endloop
  endfacet
  facet normal 0 -1 -0
    outer loop
      vertex 10.01 13.01 8
      vertex -10.01 13.01 0
      vertex 10.01 13.01 0
    endloop
  endfacet
  facet normal -0.0492599 -0.998786 0
    outer loop
      vertex 10.01 13.01 0
      vertex 10.304 12.9955 8
      vertex 10.01 13.01 8
    endloop
  endfacet
  facet normal -0.0492599 -0.998786 -0
    outer loop
      vertex 10.304 12.9955 8
      vertex 10.01 13.01 0
      vertex 10.304 12.9955 0
    endloop
  endfacet
  facet normal -0.146696 -0.989182 0
    outer loop
      vertex 10.304 12.9955 0
      vertex 10.5953 12.9523 8
      vertex 10.304 12.9955 8
    endloop
  endfacet
  facet normal -0.146696 -0.989182 -0
    outer loop
      vertex 10.5953 12.9523 8
      vertex 10.304 12.9955 0
      vertex 10.5953 12.9523 0
    endloop
  endfacet
  facet normal -0.242935 -0.970042 0
    outer loop
      vertex 10.5953 12.9523 0
      vertex 10.8808 12.8808 8
      vertex 10.5953 12.9523 8
    endloop
  endfacet
  facet normal -0.242935 -0.970042 -0
    outer loop
      vertex 10.8808 12.8808 8
      vertex 10.5953 12.9523 0
      vertex 10.8808 12.8808 0
    endloop
  endfacet
  facet normal -0.336831 -0.941565 0
    outer loop
      vertex 10.8808 12.8808 0
      vertex 11.1581 12.7816 8
      vertex 10.8808 12.8808 8
    endloop
  endfacet
  facet normal -0.336831 -0.941565 -0
    outer loop
      vertex 11.1581 12.7816 8
      vertex 10.8808 12.8808 0
      vertex 11.1581 12.7816 0
    endloop
  endfacet
  facet normal -0.4274 -0.904063 0
    outer loop
      vertex 11.1581 12.7816 0
      vertex 11.4242 12.6558 8
      vertex 11.1581 12.7816 8
    endloop
  endfacet
  facet normal -0.4274 -0.904063 -0
    outer loop
      vertex 11.4242 12.6558 8
      vertex 11.1581 12.7816 0
      vertex 11.4242 12.6558 0
    endloop
  endfacet
  facet normal -0.514246 -0.857643 0
    outer loop
      vertex 11.4242 12.6558 0
      vertex 11.6767 12.5044 8
      vertex 11.4242 12.6558 8
    endloop
  endfacet
  facet normal -0.514246 -0.857643 -0
    outer loop
      vertex 11.6767 12.5044 8
      vertex 11.4242 12.6558 0
      vertex 11.6767 12.5044 0
    endloop
  endfacet
  facet normal -0.595699 -0.803208 0
    outer loop
      vertex 11.6767 12.5044 0
      vertex 11.9132 12.329 8
      vertex 11.6767 12.5044 8
    endloop
  endfacet
  facet normal -0.595699 -0.803208 -0
    outer loop
      vertex 11.9132 12.329 8
      vertex 11.6767 12.5044 0
      vertex 11.9132 12.329 0
    endloop
  endfacet
  facet normal -0.671607 -0.740908 0
    outer loop
      vertex 11.9132 12.329 0
      vertex 12.1313 12.1313 8
      vertex 11.9132 12.329 8
    endloop
  endfacet
  facet normal -0.671607 -0.740908 -0
    outer loop
      vertex 12.1313 12.1313 8
      vertex 11.9132 12.329 0
      vertex 12.1313 12.1313 0
    endloop
  endfacet
  facet normal -0.740908 -0.671607 0
    outer loop
      vertex 12.329 11.9132 0
      vertex 12.1313 12.1313 8
      vertex 12.1313 12.1313 0
    endloop
  endfacet
  facet normal -0.740908 -0.671607 0
    outer loop
      vertex 12.1313 12.1313 8
      vertex 12.329 11.9132 0
      vertex 12.329 11.9132 8
    endloop
  endfacet
  facet normal -0.803208 -0.595699 0
    outer loop
      vertex 12.5044 11.6767 0
      vertex 12.329 11.9132 8
      vertex 12.329 11.9132 0
    endloop
  endfacet
  facet normal -0.803208 -0.595699 0
    outer loop
      vertex 12.329 11.9132 8
      vertex 12.5044 11.6767 0
      vertex 12.5044 11.6767 8
    endloop
  endfacet
  facet normal -0.857643 -0.514246 0
    outer loop
      vertex 12.6558 11.4242 0
      vertex 12.5044 11.6767 8
      vertex 12.5044 11.6767 0
    endloop
  endfacet
  facet normal -0.857643 -0.514246 0
    outer loop
      vertex 12.5044 11.6767 8
      vertex 12.6558 11.4242 0
      vertex 12.6558 11.4242 8
    endloop
  endfacet
  facet normal -0.904063 -0.4274 0
    outer loop
      vertex 12.7816 11.1581 0
      vertex 12.6558 11.4242 8
      vertex 12.6558 11.4242 0
    endloop
  endfacet
  facet normal -0.904063 -0.4274 0
    outer loop
      vertex 12.6558 11.4242 8
      vertex 12.7816 11.1581 0
      vertex 12.7816 11.1581 8
    endloop
  endfacet
  facet normal -0.941565 -0.336831 0
    outer loop
      vertex 12.8808 10.8808 0
      vertex 12.7816 11.1581 8
      vertex 12.7816 11.1581 0
    endloop
  endfacet
  facet normal -0.941565 -0.336831 0
    outer loop
      vertex 12.7816 11.1581 8
      vertex 12.8808 10.8808 0
      vertex 12.8808 10.8808 8
    endloop
  endfacet
  facet normal -0.970042 -0.242935 0
    outer loop
      vertex 12.9523 10.5953 0
      vertex 12.8808 10.8808 8
      vertex 12.8808 10.8808 0
    endloop
  endfacet
  facet normal -0.970042 -0.242935 0
    outer loop
      vertex 12.8808 10.8808 8
      vertex 12.9523 10.5953 0
      vertex 12.9523 10.5953 8
    endloop
  endfacet
  facet normal -0.989182 -0.146696 0
    outer loop
      vertex 12.9955 10.304 0
      vertex 12.9523 10.5953 8
      vertex 12.9523 10.5953 0
    endloop
  endfacet
  facet normal -0.989182 -0.146696 0
    outer loop
      vertex 12.9523 10.5953 8
      vertex 12.9955 10.304 0
      vertex 12.9955 10.304 8
    endloop
  endfacet
  facet normal -0.998786 -0.0492599 0
    outer loop
      vertex 13.01 10.01 0
      vertex 12.9955 10.304 8
      vertex 12.9955 10.304 0
    endloop
  endfacet
  facet normal -0.998786 -0.0492599 0
    outer loop
      vertex 12.9955 10.304 8
      vertex 13.01 10.01 0
      vertex 13.01 10.01 8
    endloop
  endfacet
  facet normal -1 0 0
    outer loop
      vertex 13.01 -10.01 0
      vertex 13.01 10.01 8
      vertex 13.01 10.01 0
    endloop
  endfacet
  facet normal -1 -0 0
    outer loop
      vertex 13.01 10.01 8
      vertex 13.01 -10.01 0
      vertex 13.01 -10.01 8
    endloop
  endfacet
  facet normal -0.998786 0.0492599 0
    outer loop
      vertex 12.9955 -10.304 0
      vertex 13.01 -10.01 8
      vertex 13.01 -10.01 0
    endloop
  endfacet
  facet normal -0.998786 0.0492599 0
    outer loop
      vertex 13.01 -10.01 8
      vertex 12.9955 -10.304 0
      vertex 12.9955 -10.304 8
    endloop
  endfacet
  facet normal -0.989182 0.146696 0
    outer loop
      vertex 12.9523 -10.5953 0
      vertex 12.9955 -10.304 8
      vertex 12.9955 -10.304 0
    endloop
  endfacet
  facet normal -0.989182 0.146696 0
    outer loop
      vertex 12.9955 -10.304 8
      vertex 12.9523 -10.5953 0
      vertex 12.9523 -10.5953 8
    endloop
  endfacet
  facet normal -0.970042 0.242935 0
    outer loop
      vertex 12.8808 -10.8808 0
      vertex 12.9523 -10.5953 8
      vertex 12.9523 -10.5953 0
    endloop
  endfacet
  facet normal -0.970042 0.242935 0
    outer loop
      vertex 12.9523 -10.5953 8
      vertex 12.8808 -10.8808 0
      vertex 12.8808 -10.8808 8
    endloop
  endfacet
  facet normal -0.941565 0.336831 0
    outer loop
      vertex 12.7816 -11.1581 0
      vertex 12.8808 -10.8808 8
      vertex 12.8808 -10.8808 0
    endloop
  endfacet
  facet normal -0.941565 0.336831 0
    outer loop
      vertex 12.8808 -10.8808 8
      vertex 12.7816 -11.1581 0
      vertex 12.7816 -11.1581 8
    endloop
  endfacet
  facet normal -0.904063 0.4274 0
    outer loop
      vertex 12.6558 -11.4242 0
      vertex 12.7816 -11.1581 8
      vertex 12.7816 -11.1581 0
    endloop
  endfacet
  facet normal -0.904063 0.4274 0
    outer loop
      vertex 12.7816 -11.1581 8
      vertex 12.6558 -11.4242 0
      vertex 12.6558 -11.4242 8
    endloop
  endfacet
  facet normal -0.857643 0.514246 0
    outer loop
      vertex 12.5044 -11.6767 0
      vertex 12.6558 -11.4242 8
      vertex 12.6558 -11.4242 0
    endloop
  endfacet
  facet normal -0.857643 0.514246 0
    outer loop
      vertex 12.6558 -11.4242 8
      vertex 12.5044 -11.6767 0
      vertex 12.5044 -11.6767 8
    endloop
  endfacet
  facet normal -0.803208 0.595699 0
    outer loop
      vertex 12.329 -11.9132 0
      vertex 12.5044 -11.6767 8
      vertex 12.5044 -11.6767 0
    endloop
  endfacet
  facet normal -0.803208 0.595699 0
    outer loop
      vertex 12.5044 -11.6767 8
      vertex 12.329 -11.9132 0
      vertex 12.329 -11.9132 8
    endloop
  endfacet
  facet normal -0.740908 0.671607 0
    outer loop
      vertex 12.1313 -12.1313 0
      vertex 12.329 -11.9132 8
      vertex 12.329 -11.9132 0
    endloop
  endfacet
  facet normal -0.740908 0.671607 0
    outer loop
      vertex 12.329 -11.9132 8
      vertex 12.1313 -12.1313 0
      vertex 12.1313 -12.1313 8
    endloop
  endfacet
  facet normal -0.671607 0.740908 0
    outer loop
      vertex 12.1313 -12.1313 0
      vertex 11.9132 -12.329 8
      vertex 12.1313 -12.1313 8
    endloop
  endfacet
  facet normal -0.671607 0.740908 0
    outer loop
      vertex 11.9132 -12.329 8
      vertex 12.1313 -12.1313 0
      vertex 11.9132 -12.329 0
    endloop
  endfacet
  facet normal -0.595699 0.803208 0
    outer loop
      vertex 11.9132 -12.329 0
      vertex 11.6767 -12.5044 8
      vertex 11.9132 -12.329 8
    endloop
  endfacet
  facet normal -0.595699 0.803208 0
    outer loop
      vertex 11.6767 -12.5044 8
      vertex 11.9132 -12.329 0
      vertex 11.6767 -12.5044 0
    endloop
  endfacet
  facet normal -0.514246 0.857643 0
    outer loop
      vertex 11.6767 -12.5044 0
      vertex 11.4242 -12.6558 8
      vertex 11.6767 -12.5044 8
    endloop
  endfacet
  facet normal -0.514246 0.857643 0
    outer loop
      vertex 11.4242 -12.6558 8
      vertex 11.6767 -12.5044 0
      vertex 11.4242 -12.6558 0
    endloop
  endfacet
  facet normal -0.4274 0.904063 0
    outer loop
      vertex 11.4242 -12.6558 0
      vertex 11.1581 -12.7816 8
      vertex 11.4242 -12.6558 8
    endloop
  endfacet
  facet normal -0.4274 0.904063 0
    outer loop
      vertex 11.1581 -12.7816 8
      vertex 11.4242 -12.6558 0
      vertex 11.1581 -12.7816 0
    endloop
  endfacet
  facet normal -0.336831 0.941565 0
    outer loop
      vertex 11.1581 -12.7816 0
      vertex 10.8808 -12.8808 8
      vertex 11.1581 -12.7816 8
    endloop
  endfacet
  facet normal -0.336831 0.941565 0
    outer loop
      vertex 10.8808 -12.8808 8
      vertex 11.1581 -12.7816 0
      vertex 10.8808 -12.8808 0
    endloop
  endfacet
  facet normal -0.242935 0.970042 0
    outer loop
      vertex 10.8808 -12.8808 0
      vertex 10.5953 -12.9523 8
      vertex 10.8808 -12.8808 8
    endloop
  endfacet
  facet normal -0.242935 0.970042 0
    outer loop
      vertex 10.5953 -12.9523 8
      vertex 10.8808 -12.8808 0
      vertex 10.5953 -12.9523 0
    endloop
  endfacet
  facet normal -0.146696 0.989182 0
    outer loop
      vertex 10.5953 -12.9523 0
      vertex 10.304 -12.9955 8
      vertex 10.5953 -12.9523 8
    endloop
  endfacet
  facet normal -0.146696 0.989182 0
    outer loop
      vertex 10.304 -12.9955 8
      vertex 10.5953 -12.9523 0
      vertex 10.304 -12.9955 0
    endloop
  endfacet
  facet normal -0.0492599 0.998786 0
    outer loop
      vertex 10.304 -12.9955 0
      vertex 10.01 -13.01 8
      vertex 10.304 -12.9955 8
    endloop
  endfacet
  facet normal -0.0492599 0.998786 0
    outer loop
      vertex 10.01 -13.01 8
      vertex 10.304 -12.9955 0
      vertex 10.01 -13.01 0
    endloop
  endfacet
  facet normal 0 1 -0
    outer loop
      vertex 10.01 -13.01 0
      vertex 3 -13.01 8
      vertex 10.01 -13.01 8
    endloop
  endfacet
  facet normal 0 1 0
    outer loop
      vertex 3 -13.01 8
      vertex 10.01 -13.01 0
      vertex 3 -13.01 0
    endloop
  endfacet
  facet normal 0 1 -0
    outer loop
      vertex -3 -13.01 0
      vertex -10.01 -13.01 8
      vertex -3 -13.01 8
    endloop
  endfacet
  facet normal 0 1 0
    outer loop
      vertex -10.01 -13.01 8
      vertex -3 -13.01 0
      vertex -10.01 -13.01 0
    endloop
  endfacet
  facet normal 0 0 1
    outer loop
      vertex 13.01 10.01 8
      vertex 15.01 10.01 8
      vertex 15.0076 10.1082 8
    endloop
  endfacet
  facet normal 0 0 1
    outer loop
      vertex 15.01 10.01 8
      vertex 13.01 10.01 8
      vertex 15.01 -10.01 8
    endloop
  endfacet
  facet normal 0 0 1
    outer loop
      vertex 13.01 10.01 8
      vertex 15.0076 10.1082 8
      vertex 14.9931 10.4022 8
    endloop
  endfacet
  facet normal 0 0 1
    outer loop
      vertex 13.01 -10.01 8
      vertex 15.01 -10.01 8
      vertex 13.01 10.01 8
    endloop
  endfacet
  facet normal 0 0 1
    outer loop
      vertex 12.9955 10.304 8
      vertex 14.9931 10.4022 8
      vertex 14.9739 10.5975 8
    endloop
  endfacet
  facet normal 0 0 1
    outer loop
      vertex 15.01 -10.01 8
      vertex 13.01 -10.01 8
      vertex 15.0076 -10.1082 8
    endloop
  endfacet
  facet normal 0 0 1
    outer loop
      vertex 12.9955 10.304 8
      vertex 14.9739 10.5975 8
      vertex 14.9307 10.8887 8
    endloop
  endfacet
  facet normal 0 0 1
    outer loop
      vertex 15.0076 -10.1082 8
      vertex 13.01 -10.01 8
      vertex 14.9931 -10.4022 8
    endloop
  endfacet
  facet normal 0 0 1
    outer loop
      vertex 12.9523 10.5953 8
      vertex 14.9307 10.8887 8
      vertex 14.8924 11.0812 8
    endloop
  endfacet
  facet normal -0 0 1
    outer loop
      vertex 12.9955 -10.304 8
      vertex 14.9931 -10.4022 8
      vertex 13.01 -10.01 8
    endloop
  endfacet
  facet normal 0 0 1
    outer loop
      vertex 12.9523 10.5953 8
      vertex 14.8924 11.0812 8
      vertex 14.8209 11.3668 8
    endloop
  endfacet
  facet normal 0 0 1
    outer loop
      vertex 14.9931 -10.4022 8
      vertex 12.9955 -10.304 8
      vertex 14.9739 -10.5975 8
    endloop
  endfacet
  facet normal 0 0 1
    outer loop
      vertex 12.8808 10.8808 8
      vertex 14.8209 11.3668 8
      vertex 14.7639 11.5546 8
    endloop
  endfacet
  facet normal 0 0 1
    outer loop
      vertex 14.9739 -10.5975 8
      vertex 12.9955 -10.304 8
      vertex 14.9307 -10.8887 8
    endloop
  endfacet
  facet normal 0 0 1
    outer loop
      vertex 12.8808 10.8808 8
      vertex 14.7639 11.5546 8
      vertex 14.6647 11.8318 8
    endloop
  endfacet
  facet normal -0 0 1
    outer loop
      vertex 12.9523 -10.5953 8
      vertex 14.9307 -10.8887 8
      vertex 12.9955 -10.304 8
    endloop
  endfacet
  facet normal 0 0 1
    outer loop
      vertex 12.7816 11.1581 8
      vertex 14.6647 11.8318 8
      vertex 14.5896 12.0132 8
    endloop
  endfacet
  facet normal 0 0 1
    outer loop
      vertex 14.9307 -10.8887 8
      vertex 12.9523 -10.5953 8
      vertex 14.8924 -11.0812 8
    endloop
  endfacet
  facet normal 0 0 1
    outer loop
      vertex 12.7816 11.1581 8
      vertex 14.5896 12.0132 8
      vertex 14.4637 12.2793 8
    endloop
  endfacet
  facet normal 0 0 1
    outer loop
      vertex 14.8924 -11.0812 8
      vertex 12.9523 -10.5953 8
      vertex 14.8209 -11.3668 8
    endloop
  endfacet
  facet normal 0 0 1
    outer loop
      vertex 12.6558 11.4242 8
      vertex 14.4637 12.2793 8
      vertex 14.3712 12.4523 8
    endloop
  endfacet
  facet normal -0 0 1
    outer loop
      vertex 12.8808 -10.8808 8
      vertex 14.8209 -11.3668 8
      vertex 12.9523 -10.5953 8
    endloop
  endfacet
  facet normal 0 0 1
    outer loop
      vertex 12.6558 11.4242 8
      vertex 14.3712 12.4523 8
      vertex 14.2199 12.7049 8
    endloop
  endfacet
  facet normal 0 0 1
    outer loop
      vertex 14.8209 -11.3668 8
      vertex 12.8808 -10.8808 8
      vertex 14.7639 -11.5546 8
    endloop
  endfacet
  facet normal 0 0 1
    outer loop
      vertex 12.5044 11.6767 8
      vertex 14.2199 12.7049 8
      vertex 14.1108 12.8681 8
    endloop
  endfacet
  facet normal 0 0 1
    outer loop
      vertex 14.7639 -11.5546 8
      vertex 12.8808 -10.8808 8
      vertex 14.6647 -11.8318 8
    endloop
  endfacet
  facet normal 0 0 1
    outer loop
      vertex 12.5044 11.6767 8
      vertex 14.1108 12.8681 8
      vertex 13.9354 13.1046 8
    endloop
  endfacet
  facet normal -0 0 1
    outer loop
      vertex 12.7816 -11.1581 8
      vertex 14.6647 -11.8318 8
      vertex 12.8808 -10.8808 8
    endloop
  endfacet
  facet normal 0 0 1
    outer loop
      vertex 12.329 11.9132 8
      vertex 13.9354 13.1046 8
      vertex 13.8109 13.2563 8
    endloop
  endfacet
  facet normal 0 0 1
    outer loop
      vertex 14.6647 -11.8318 8
      vertex 12.7816 -11.1581 8
      vertex 14.5896 -12.0132 8
    endloop
  endfacet
  facet normal 0 0 1
    outer loop
      vertex 12.329 11.9132 8
      vertex 13.8109 13.2563 8
      vertex 13.6132 13.4744 8
    endloop
  endfacet
  facet normal 0 0 1
    outer loop
      vertex 14.5896 -12.0132 8
      vertex 12.7816 -11.1581 8
      vertex 14.4637 -12.2793 8
    endloop
  endfacet
  facet normal 0 0 1
    outer loop
      vertex 12.1313 12.1313 8
      vertex 13.6132 13.4744 8
      vertex 13.4744 13.6132 8
    endloop
  endfacet
  facet normal -0 0 1
    outer loop
      vertex 12.6558 -11.4242 8
      vertex 14.4637 -12.2793 8
      vertex 12.7816 -11.1581 8
    endloop
  endfacet
  facet normal 0 0 1
    outer loop
      vertex 12.1313 12.1313 8
      vertex 13.4744 13.6132 8
      vertex 13.2563 13.8109 8
    endloop
  endfacet
  facet normal 0 0 1
    outer loop
      vertex 14.4637 -12.2793 8
      vertex 12.6558 -11.4242 8
      vertex 14.3712 -12.4523 8
    endloop
  endfacet
  facet normal 0 0 1
    outer loop
      vertex 11.9132 12.329 8
      vertex 13.2563 13.8109 8
      vertex 13.1046 13.9354 8
    endloop
  endfacet
  facet normal 0 0 1
    outer loop
      vertex 14.3712 -12.4523 8
      vertex 12.6558 -11.4242 8
      vertex 14.2199 -12.7049 8
    endloop
  endfacet
  facet normal -0 0 1
    outer loop
      vertex 12.5044 -11.6767 8
      vertex 14.2199 -12.7049 8
      vertex 12.6558 -11.4242 8
    endloop
  endfacet
  facet normal 0 0 1
    outer loop
      vertex 14.9931 10.4022 8
      vertex 12.9955 10.304 8
      vertex 13.01 10.01 8
    endloop
  endfacet
  facet normal 0 0 1
    outer loop
      vertex 14.9307 10.8887 8
      vertex 12.9523 10.5953 8
      vertex 12.9955 10.304 8
    endloop
  endfacet
  facet normal 0 0 1
    outer loop
      vertex 14.8209 11.3668 8
      vertex 12.8808 10.8808 8
      vertex 12.9523 10.5953 8
    endloop
  endfacet
  facet normal 0 0 1
    outer loop
      vertex 11.9132 12.329 8
      vertex 13.1046 13.9354 8
      vertex 12.8681 14.1108 8
    endloop
  endfacet
  facet normal 0 0 1
    outer loop
      vertex 14.6647 11.8318 8
      vertex 12.7816 11.1581 8
      vertex 12.8808 10.8808 8
    endloop
  endfacet
  facet normal 0 0 1
    outer loop
      vertex 11.6767 12.5044 8
      vertex 12.8681 14.1108 8
      vertex 12.7049 14.2199 8
    endloop
  endfacet
  facet normal 0 0 1
    outer loop
      vertex 14.4637 12.2793 8
      vertex 12.6558 11.4242 8
      vertex 12.7816 11.1581 8
    endloop
  endfacet
  facet normal 0 0 1
    outer loop
      vertex 14.2199 12.7049 8
      vertex 12.5044 11.6767 8
      vertex 12.6558 11.4242 8
    endloop
  endfacet
  facet normal 0 0 1
    outer loop
      vertex 11.6767 12.5044 8
      vertex 12.7049 14.2199 8
      vertex 12.4523 14.3712 8
    endloop
  endfacet
  facet normal 0 0 1
    outer loop
      vertex 13.9354 13.1046 8
      vertex 12.329 11.9132 8
      vertex 12.5044 11.6767 8
    endloop
  endfacet
  facet normal 0 0 1
    outer loop
      vertex 11.4242 12.6558 8
      vertex 12.4523 14.3712 8
      vertex 12.2793 14.4637 8
    endloop
  endfacet
  facet normal 0 0 1
    outer loop
      vertex 13.6132 13.4744 8
      vertex 12.1313 12.1313 8
      vertex 12.329 11.9132 8
    endloop
  endfacet
  facet normal 0 0 1
    outer loop
      vertex 11.4242 12.6558 8
      vertex 12.2793 14.4637 8
      vertex 12.0132 14.5896 8
    endloop
  endfacet
  facet normal 0 0 1
    outer loop
      vertex 13.2563 13.8109 8
      vertex 11.9132 12.329 8
      vertex 12.1313 12.1313 8
    endloop
  endfacet
  facet normal 0 0 1
    outer loop
      vertex 11.1581 12.7816 8
      vertex 12.0132 14.5896 8
      vertex 11.8318 14.6647 8
    endloop
  endfacet
  facet normal 0 0 1
    outer loop
      vertex 12.8681 14.1108 8
      vertex 11.6767 12.5044 8
      vertex 11.9132 12.329 8
    endloop
  endfacet
  facet normal 0 0 1
    outer loop
      vertex 11.1581 12.7816 8
      vertex 11.8318 14.6647 8
      vertex 11.5546 14.7639 8
    endloop
  endfacet
  facet normal 0 0 1
    outer loop
      vertex 12.4523 14.3712 8
      vertex 11.4242 12.6558 8
      vertex 11.6767 12.5044 8
    endloop
  endfacet
  facet normal 0 0 1
    outer loop
      vertex 10.8808 12.8808 8
      vertex 11.5546 14.7639 8
      vertex 11.3668 14.8209 8
    endloop
  endfacet
  facet normal 0 0 1
    outer loop
      vertex 12.0132 14.5896 8
      vertex 11.1581 12.7816 8
      vertex 11.4242 12.6558 8
    endloop
  endfacet
  facet normal 0 0 1
    outer loop
      vertex 10.8808 12.8808 8
      vertex 11.3668 14.8209 8
      vertex 11.0812 14.8924 8
    endloop
  endfacet
  facet normal 0 0 1
    outer loop
      vertex 10.5953 12.9523 8
      vertex 11.0812 14.8924 8
      vertex 10.8887 14.9307 8
    endloop
  endfacet
  facet normal 0 0 1
    outer loop
      vertex 11.5546 14.7639 8
      vertex 10.8808 12.8808 8
      vertex 11.1581 12.7816 8
    endloop
  endfacet
  facet normal 0 0 1
    outer loop
      vertex 10.5953 12.9523 8
      vertex 10.8887 14.9307 8
      vertex 10.5975 14.9739 8
    endloop
  endfacet
  facet normal 0 0 1
    outer loop
      vertex 11.0812 14.8924 8
      vertex 10.5953 12.9523 8
      vertex 10.8808 12.8808 8
    endloop
  endfacet
  facet normal 0 0 1
    outer loop
      vertex 10.304 12.9955 8
      vertex 10.5975 14.9739 8
      vertex 10.4022 14.9931 8
    endloop
  endfacet
  facet normal 0 0 1
    outer loop
      vertex 10.5975 14.9739 8
      vertex 10.304 12.9955 8
      vertex 10.5953 12.9523 8
    endloop
  endfacet
  facet normal 0 0 1
    outer loop
      vertex 10.1082 15.0076 8
      vertex 10.304 12.9955 8
      vertex 10.4022 14.9931 8
    endloop
  endfacet
  facet normal 0 0 1
    outer loop
      vertex 10.01 13.01 8
      vertex 10.1082 15.0076 8
      vertex 10.01 15.01 8
    endloop
  endfacet
  facet normal 0 0 1
    outer loop
      vertex 10.1082 15.0076 8
      vertex 10.01 13.01 8
      vertex 10.304 12.9955 8
    endloop
  endfacet
  facet normal -0 0 1
    outer loop
      vertex -10.01 15.01 8
      vertex 10.01 13.01 8
      vertex 10.01 15.01 8
    endloop
  endfacet
  facet normal 0 0 1
    outer loop
      vertex -10.01 15.01 8
      vertex -10.01 13.01 8
      vertex 10.01 13.01 8
    endloop
  endfacet
  facet normal -0 0 1
    outer loop
      vertex -10.1082 15.0076 8
      vertex -10.01 13.01 8
      vertex -10.01 15.01 8
    endloop
  endfacet
  facet normal 0 0 1
    outer loop
      vertex -10.1082 15.0076 8
      vertex -10.304 12.9955 8
      vertex -10.01 13.01 8
    endloop
  endfacet
  facet normal -0 0 1
    outer loop
      vertex -10.4022 14.9931 8
      vertex -10.304 12.9955 8
      vertex -10.1082 15.0076 8
    endloop
  endfacet
  facet normal -0 0 1
    outer loop
      vertex -10.5975 14.9739 8
      vertex -10.304 12.9955 8
      vertex -10.4022 14.9931 8
    endloop
  endfacet
  facet normal 0 0 1
    outer loop
      vertex -10.304 12.9955 8
      vertex -10.5975 14.9739 8
      vertex -10.5953 12.9523 8
    endloop
  endfacet
  facet normal -0 0 1
    outer loop
      vertex -10.8887 14.9307 8
      vertex -10.5953 12.9523 8
      vertex -10.5975 14.9739 8
    endloop
  endfacet
  facet normal -0 0 1
    outer loop
      vertex -11.0812 14.8924 8
      vertex -10.5953 12.9523 8
      vertex -10.8887 14.9307 8
    endloop
  endfacet
  facet normal 0 0 1
    outer loop
      vertex -10.5953 12.9523 8
      vertex -11.0812 14.8924 8
      vertex -10.8808 12.8808 8
    endloop
  endfacet
  facet normal -0 0 1
    outer loop
      vertex -11.3668 14.8209 8
      vertex -10.8808 12.8808 8
      vertex -11.0812 14.8924 8
    endloop
  endfacet
  facet normal -0 0 1
    outer loop
      vertex -11.5546 14.7639 8
      vertex -10.8808 12.8808 8
      vertex -11.3668 14.8209 8
    endloop
  endfacet
  facet normal 0 0 1
    outer loop
      vertex -10.8808 12.8808 8
      vertex -11.5546 14.7639 8
      vertex -11.1581 12.7816 8
    endloop
  endfacet
  facet normal -0 0 1
    outer loop
      vertex -11.8318 14.6647 8
      vertex -11.1581 12.7816 8
      vertex -11.5546 14.7639 8
    endloop
  endfacet
  facet normal -0 0 1
    outer loop
      vertex -12.0132 14.5896 8
      vertex -11.1581 12.7816 8
      vertex -11.8318 14.6647 8
    endloop
  endfacet
  facet normal 0 0 1
    outer loop
      vertex -11.1581 12.7816 8
      vertex -12.0132 14.5896 8
      vertex -11.4242 12.6558 8
    endloop
  endfacet
  facet normal -0 0 1
    outer loop
      vertex -12.2793 14.4637 8
      vertex -11.4242 12.6558 8
      vertex -12.0132 14.5896 8
    endloop
  endfacet
  facet normal -0 0 1
    outer loop
      vertex -12.4523 14.3712 8
      vertex -11.4242 12.6558 8
      vertex -12.2793 14.4637 8
    endloop
  endfacet
  facet normal 0 0 1
    outer loop
      vertex -11.4242 12.6558 8
      vertex -12.4523 14.3712 8
      vertex -11.6767 12.5044 8
    endloop
  endfacet
  facet normal -0 0 1
    outer loop
      vertex -12.7049 14.2199 8
      vertex -11.6767 12.5044 8
      vertex -12.4523 14.3712 8
    endloop
  endfacet
  facet normal -0 0 1
    outer loop
      vertex -12.8681 14.1108 8
      vertex -11.6767 12.5044 8
      vertex -12.7049 14.2199 8
    endloop
  endfacet
  facet normal 0 0 1
    outer loop
      vertex -11.6767 12.5044 8
      vertex -12.8681 14.1108 8
      vertex -11.9132 12.329 8
    endloop
  endfacet
  facet normal -0 0 1
    outer loop
      vertex -13.1046 13.9354 8
      vertex -11.9132 12.329 8
      vertex -12.8681 14.1108 8
    endloop
  endfacet
  facet normal -0 0 1
    outer loop
      vertex -13.2563 13.8109 8
      vertex -11.9132 12.329 8
      vertex -13.1046 13.9354 8
    endloop
  endfacet
  facet normal 0 0 1
    outer loop
      vertex -11.9132 12.329 8
      vertex -13.2563 13.8109 8
      vertex -12.1313 12.1313 8
    endloop
  endfacet
  facet normal -0 0 1
    outer loop
      vertex -13.4744 13.6132 8
      vertex -12.1313 12.1313 8
      vertex -13.2563 13.8109 8
    endloop
  endfacet
  facet normal -0 0 1
    outer loop
      vertex -13.6132 13.4744 8
      vertex -12.1313 12.1313 8
      vertex -13.4744 13.6132 8
    endloop
  endfacet
  facet normal 0 0 1
    outer loop
      vertex -12.1313 12.1313 8
      vertex -13.6132 13.4744 8
      vertex -12.329 11.9132 8
    endloop
  endfacet
  facet normal -0 0 1
    outer loop
      vertex -13.8109 13.2563 8
      vertex -12.329 11.9132 8
      vertex -13.6132 13.4744 8
    endloop
  endfacet
  facet normal -0 0 1
    outer loop
      vertex -13.9354 13.1046 8
      vertex -12.329 11.9132 8
      vertex -13.8109 13.2563 8
    endloop
  endfacet
  facet normal 0 0 1
    outer loop
      vertex -12.329 11.9132 8
      vertex -13.9354 13.1046 8
      vertex -12.5044 11.6767 8
    endloop
  endfacet
  facet normal -0 0 1
    outer loop
      vertex -14.2199 12.7049 8
      vertex -12.5044 11.6767 8
      vertex -14.1108 12.8681 8
    endloop
  endfacet
  facet normal -0 0 1
    outer loop
      vertex -14.1108 12.8681 8
      vertex -12.5044 11.6767 8
      vertex -13.9354 13.1046 8
    endloop
  endfacet
  facet normal 0 0 1
    outer loop
      vertex 14.2199 -12.7049 8
      vertex 12.5044 -11.6767 8
      vertex 14.1108 -12.8681 8
    endloop
  endfacet
  facet normal 0 0 1
    outer loop
      vertex 14.1108 -12.8681 8
      vertex 12.5044 -11.6767 8
      vertex 13.9354 -13.1046 8
    endloop
  endfacet
  facet normal -0 0 1
    outer loop
      vertex 12.329 -11.9132 8
      vertex 13.9354 -13.1046 8
      vertex 12.5044 -11.6767 8
    endloop
  endfacet
  facet normal 0 0 1
    outer loop
      vertex 13.9354 -13.1046 8
      vertex 12.329 -11.9132 8
      vertex 13.8109 -13.2563 8
    endloop
  endfacet
  facet normal 0 0 1
    outer loop
      vertex 13.8109 -13.2563 8
      vertex 12.329 -11.9132 8
      vertex 13.6132 -13.4744 8
    endloop
  endfacet
  facet normal -0 0 1
    outer loop
      vertex 12.1313 -12.1313 8
      vertex 13.6132 -13.4744 8
      vertex 12.329 -11.9132 8
    endloop
  endfacet
  facet normal 0 0 1
    outer loop
      vertex 13.6132 -13.4744 8
      vertex 12.1313 -12.1313 8
      vertex 13.4744 -13.6132 8
    endloop
  endfacet
  facet normal 0 0 1
    outer loop
      vertex 13.4744 -13.6132 8
      vertex 12.1313 -12.1313 8
      vertex 13.2563 -13.8109 8
    endloop
  endfacet
  facet normal -0 0 1
    outer loop
      vertex 11.9132 -12.329 8
      vertex 13.2563 -13.8109 8
      vertex 12.1313 -12.1313 8
    endloop
  endfacet
  facet normal 0 0 1
    outer loop
      vertex 13.2563 -13.8109 8
      vertex 11.9132 -12.329 8
      vertex 13.1046 -13.9354 8
    endloop
  endfacet
  facet normal 0 0 1
    outer loop
      vertex 13.1046 -13.9354 8
      vertex 11.9132 -12.329 8
      vertex 12.8681 -14.1108 8
    endloop
  endfacet
  facet normal -0 0 1
    outer loop
      vertex 11.6767 -12.5044 8
      vertex 12.8681 -14.1108 8
      vertex 11.9132 -12.329 8
    endloop
  endfacet
  facet normal 0 0 1
    outer loop
      vertex 12.8681 -14.1108 8
      vertex 11.6767 -12.5044 8
      vertex 12.7049 -14.2199 8
    endloop
  endfacet
  facet normal 0 0 1
    outer loop
      vertex 12.7049 -14.2199 8
      vertex 11.6767 -12.5044 8
      vertex 12.4523 -14.3712 8
    endloop
  endfacet
  facet normal -0 0 1
    outer loop
      vertex 11.4242 -12.6558 8
      vertex 12.4523 -14.3712 8
      vertex 11.6767 -12.5044 8
    endloop
  endfacet
  facet normal 0 0 1
    outer loop
      vertex 12.4523 -14.3712 8
      vertex 11.4242 -12.6558 8
      vertex 12.2793 -14.4637 8
    endloop
  endfacet
  facet normal 0 0 1
    outer loop
      vertex 12.2793 -14.4637 8
      vertex 11.4242 -12.6558 8
      vertex 12.0132 -14.5896 8
    endloop
  endfacet
  facet normal -0 0 1
    outer loop
      vertex 11.1581 -12.7816 8
      vertex 12.0132 -14.5896 8
      vertex 11.4242 -12.6558 8
    endloop
  endfacet
  facet normal 0 0 1
    outer loop
      vertex 12.0132 -14.5896 8
      vertex 11.1581 -12.7816 8
      vertex 11.8318 -14.6647 8
    endloop
  endfacet
  facet normal 0 0 1
    outer loop
      vertex 11.8318 -14.6647 8
      vertex 11.1581 -12.7816 8
      vertex 11.5546 -14.7639 8
    endloop
  endfacet
  facet normal -0 0 1
    outer loop
      vertex 10.8808 -12.8808 8
      vertex 11.5546 -14.7639 8
      vertex 11.1581 -12.7816 8
    endloop
  endfacet
  facet normal 0 0 1
    outer loop
      vertex 11.5546 -14.7639 8
      vertex 10.8808 -12.8808 8
      vertex 11.3668 -14.8209 8
    endloop
  endfacet
  facet normal 0 0 1
    outer loop
      vertex 11.3668 -14.8209 8
      vertex 10.8808 -12.8808 8
      vertex 11.0812 -14.8924 8
    endloop
  endfacet
  facet normal -0 0 1
    outer loop
      vertex 10.5953 -12.9523 8
      vertex 11.0812 -14.8924 8
      vertex 10.8808 -12.8808 8
    endloop
  endfacet
  facet normal 0 0 1
    outer loop
      vertex 11.0812 -14.8924 8
      vertex 10.5953 -12.9523 8
      vertex 10.8887 -14.9307 8
    endloop
  endfacet
  facet normal 0 0 1
    outer loop
      vertex 10.8887 -14.9307 8
      vertex 10.5953 -12.9523 8
      vertex 10.5975 -14.9739 8
    endloop
  endfacet
  facet normal -0 0 1
    outer loop
      vertex 10.304 -12.9955 8
      vertex 10.5975 -14.9739 8
      vertex 10.5953 -12.9523 8
    endloop
  endfacet
  facet normal 0 0 1
    outer loop
      vertex 10.5975 -14.9739 8
      vertex 10.304 -12.9955 8
      vertex 10.4022 -14.9931 8
    endloop
  endfacet
  facet normal 0 0 1
    outer loop
      vertex 10.304 -12.9955 8
      vertex 10.1082 -15.0076 8
      vertex 10.4022 -14.9931 8
    endloop
  endfacet
  facet normal -0 0 1
    outer loop
      vertex 10.01 -13.01 8
      vertex 10.1082 -15.0076 8
      vertex 10.304 -12.9955 8
    endloop
  endfacet
  facet normal 0 0 1
    outer loop
      vertex 10.01 -13.01 8
      vertex 10.01 -15.01 8
      vertex 10.1082 -15.0076 8
    endloop
  endfacet
  facet normal -0 0 1
    outer loop
      vertex 3 -13.01 8
      vertex 10.01 -15.01 8
      vertex 10.01 -13.01 8
    endloop
  endfacet
  facet normal 0 0 1
    outer loop
      vertex 10.01 -15.01 8
      vertex 3 -13.01 8
      vertex 3 -15.01 8
    endloop
  endfacet
  facet normal -0 0 1
    outer loop
      vertex -10.01 -13.01 8
      vertex -3 -15.01 8
      vertex -3 -13.01 8
    endloop
  endfacet
  facet normal 0 0 1
    outer loop
      vertex -10.01 -13.01 8
      vertex -10.01 -15.01 8
      vertex -3 -15.01 8
    endloop
  endfacet
  facet normal 0 0 1
    outer loop
      vertex -10.01 -13.01 8
      vertex -10.1082 -15.0076 8
      vertex -10.01 -15.01 8
    endloop
  endfacet
  facet normal 0 0 1
    outer loop
      vertex -10.304 -12.9955 8
      vertex -10.1082 -15.0076 8
      vertex -10.01 -13.01 8
    endloop
  endfacet
  facet normal 0 0 1
    outer loop
      vertex -10.304 -12.9955 8
      vertex -10.4022 -14.9931 8
      vertex -10.1082 -15.0076 8
    endloop
  endfacet
  facet normal 0 0 1
    outer loop
      vertex -10.5975 -14.9739 8
      vertex -10.304 -12.9955 8
      vertex -10.5953 -12.9523 8
    endloop
  endfacet
  facet normal 0 0 1
    outer loop
      vertex -10.304 -12.9955 8
      vertex -10.5975 -14.9739 8
      vertex -10.4022 -14.9931 8
    endloop
  endfacet
  facet normal 0 0 1
    outer loop
      vertex -11.0812 -14.8924 8
      vertex -10.5953 -12.9523 8
      vertex -10.8808 -12.8808 8
    endloop
  endfacet
  facet normal 0 0 1
    outer loop
      vertex -10.5953 -12.9523 8
      vertex -10.8887 -14.9307 8
      vertex -10.5975 -14.9739 8
    endloop
  endfacet
  facet normal 0 0 1
    outer loop
      vertex -10.5953 -12.9523 8
      vertex -11.0812 -14.8924 8
      vertex -10.8887 -14.9307 8
    endloop
  endfacet
  facet normal 0 0 1
    outer loop
      vertex -11.5546 -14.7639 8
      vertex -10.8808 -12.8808 8
      vertex -11.1581 -12.7816 8
    endloop
  endfacet
  facet normal 0 0 1
    outer loop
      vertex -10.8808 -12.8808 8
      vertex -11.3668 -14.8209 8
      vertex -11.0812 -14.8924 8
    endloop
  endfacet
  facet normal 0 0 1
    outer loop
      vertex -12.0132 -14.5896 8
      vertex -11.1581 -12.7816 8
      vertex -11.4242 -12.6558 8
    endloop
  endfacet
  facet normal 0 0 1
    outer loop
      vertex -10.8808 -12.8808 8
      vertex -11.5546 -14.7639 8
      vertex -11.3668 -14.8209 8
    endloop
  endfacet
  facet normal 0 0 1
    outer loop
      vertex -12.4523 -14.3712 8
      vertex -11.4242 -12.6558 8
      vertex -11.6767 -12.5044 8
    endloop
  endfacet
  facet normal 0 0 1
    outer loop
      vertex -11.1581 -12.7816 8
      vertex -11.8318 -14.6647 8
      vertex -11.5546 -14.7639 8
    endloop
  endfacet
  facet normal 0 0 1
    outer loop
      vertex -12.8681 -14.1108 8
      vertex -11.6767 -12.5044 8
      vertex -11.9132 -12.329 8
    endloop
  endfacet
  facet normal 0 0 1
    outer loop
      vertex -11.1581 -12.7816 8
      vertex -12.0132 -14.5896 8
      vertex -11.8318 -14.6647 8
    endloop
  endfacet
  facet normal 0 0 1
    outer loop
      vertex -13.2563 -13.8109 8
      vertex -11.9132 -12.329 8
      vertex -12.1313 -12.1313 8
    endloop
  endfacet
  facet normal 0 0 1
    outer loop
      vertex -11.4242 -12.6558 8
      vertex -12.2793 -14.4637 8
      vertex -12.0132 -14.5896 8
    endloop
  endfacet
  facet normal 0 0 1
    outer loop
      vertex -13.6132 -13.4744 8
      vertex -12.1313 -12.1313 8
      vertex -12.329 -11.9132 8
    endloop
  endfacet
  facet normal 0 0 1
    outer loop
      vertex -11.4242 -12.6558 8
      vertex -12.4523 -14.3712 8
      vertex -12.2793 -14.4637 8
    endloop
  endfacet
  facet normal 0 0 1
    outer loop
      vertex -13.9354 -13.1046 8
      vertex -12.329 -11.9132 8
      vertex -12.5044 -11.6767 8
    endloop
  endfacet
  facet normal 0 0 1
    outer loop
      vertex -14.2199 -12.7049 8
      vertex -12.5044 -11.6767 8
      vertex -12.6558 -11.4242 8
    endloop
  endfacet
  facet normal 0 0 1
    outer loop
      vertex -11.6767 -12.5044 8
      vertex -12.7049 -14.2199 8
      vertex -12.4523 -14.3712 8
    endloop
  endfacet
  facet normal 0 0 1
    outer loop
      vertex -14.4637 -12.2793 8
      vertex -12.6558 -11.4242 8
      vertex -12.7816 -11.1581 8
    endloop
  endfacet
  facet normal 0 0 1
    outer loop
      vertex -11.6767 -12.5044 8
      vertex -12.8681 -14.1108 8
      vertex -12.7049 -14.2199 8
    endloop
  endfacet
  facet normal 0 0 1
    outer loop
      vertex -14.6647 -11.8318 8
      vertex -12.7816 -11.1581 8
      vertex -12.8808 -10.8808 8
    endloop
  endfacet
  facet normal 0 0 1
    outer loop
      vertex -14.8209 -11.3668 8
      vertex -12.8808 -10.8808 8
      vertex -12.9523 -10.5953 8
    endloop
  endfacet
  facet normal 0 0 1
    outer loop
      vertex -14.9307 -10.8887 8
      vertex -12.9523 -10.5953 8
      vertex -12.9955 -10.304 8
    endloop
  endfacet
  facet normal 0 0 1
    outer loop
      vertex -14.9931 -10.4022 8
      vertex -12.9955 -10.304 8
      vertex -13.01 -10.01 8
    endloop
  endfacet
  facet normal 0 0 1
    outer loop
      vertex -11.9132 -12.329 8
      vertex -13.1046 -13.9354 8
      vertex -12.8681 -14.1108 8
    endloop
  endfacet
  facet normal 0 0 1
    outer loop
      vertex -13.01 10.01 8
      vertex -15.01 10.01 8
      vertex -13.01 -10.01 8
    endloop
  endfacet
  facet normal 0 0 1
    outer loop
      vertex -12.5044 11.6767 8
      vertex -14.2199 12.7049 8
      vertex -12.6558 11.4242 8
    endloop
  endfacet
  facet normal 0 0 1
    outer loop
      vertex -15.01 -10.01 8
      vertex -13.01 -10.01 8
      vertex -15.01 10.01 8
    endloop
  endfacet
  facet normal -0 0 1
    outer loop
      vertex -14.3712 12.4523 8
      vertex -12.6558 11.4242 8
      vertex -14.2199 12.7049 8
    endloop
  endfacet
  facet normal 0 -0 1
    outer loop
      vertex -15.0076 -10.1082 8
      vertex -13.01 -10.01 8
      vertex -15.01 -10.01 8
    endloop
  endfacet
  facet normal -0 0 1
    outer loop
      vertex -14.4637 12.2793 8
      vertex -12.6558 11.4242 8
      vertex -14.3712 12.4523 8
    endloop
  endfacet
  facet normal 0 -0 1
    outer loop
      vertex -14.9931 -10.4022 8
      vertex -13.01 -10.01 8
      vertex -15.0076 -10.1082 8
    endloop
  endfacet
  facet normal 0 0 1
    outer loop
      vertex -12.6558 11.4242 8
      vertex -14.4637 12.2793 8
      vertex -12.7816 11.1581 8
    endloop
  endfacet
  facet normal 0 0 1
    outer loop
      vertex -11.9132 -12.329 8
      vertex -13.2563 -13.8109 8
      vertex -13.1046 -13.9354 8
    endloop
  endfacet
  facet normal -0 0 1
    outer loop
      vertex -14.5896 12.0132 8
      vertex -12.7816 11.1581 8
      vertex -14.4637 12.2793 8
    endloop
  endfacet
  facet normal 0 0 1
    outer loop
      vertex -12.1313 -12.1313 8
      vertex -13.4744 -13.6132 8
      vertex -13.2563 -13.8109 8
    endloop
  endfacet
  facet normal -0 0 1
    outer loop
      vertex -14.6647 11.8318 8
      vertex -12.7816 11.1581 8
      vertex -14.5896 12.0132 8
    endloop
  endfacet
  facet normal 0 0 1
    outer loop
      vertex -12.1313 -12.1313 8
      vertex -13.6132 -13.4744 8
      vertex -13.4744 -13.6132 8
    endloop
  endfacet
  facet normal 0 0 1
    outer loop
      vertex -12.7816 11.1581 8
      vertex -14.6647 11.8318 8
      vertex -12.8808 10.8808 8
    endloop
  endfacet
  facet normal 0 0 1
    outer loop
      vertex -12.329 -11.9132 8
      vertex -13.8109 -13.2563 8
      vertex -13.6132 -13.4744 8
    endloop
  endfacet
  facet normal -0 0 1
    outer loop
      vertex -14.7639 11.5546 8
      vertex -12.8808 10.8808 8
      vertex -14.6647 11.8318 8
    endloop
  endfacet
  facet normal 0 0 1
    outer loop
      vertex -12.329 -11.9132 8
      vertex -13.9354 -13.1046 8
      vertex -13.8109 -13.2563 8
    endloop
  endfacet
  facet normal -0 0 1
    outer loop
      vertex -14.8209 11.3668 8
      vertex -12.8808 10.8808 8
      vertex -14.7639 11.5546 8
    endloop
  endfacet
  facet normal 0 0 1
    outer loop
      vertex -12.5044 -11.6767 8
      vertex -14.1108 -12.8681 8
      vertex -13.9354 -13.1046 8
    endloop
  endfacet
  facet normal 0 0 1
    outer loop
      vertex -12.8808 10.8808 8
      vertex -14.8209 11.3668 8
      vertex -12.9523 10.5953 8
    endloop
  endfacet
  facet normal 0 0 1
    outer loop
      vertex -12.5044 -11.6767 8
      vertex -14.2199 -12.7049 8
      vertex -14.1108 -12.8681 8
    endloop
  endfacet
  facet normal -0 0 1
    outer loop
      vertex -14.8924 11.0812 8
      vertex -12.9523 10.5953 8
      vertex -14.8209 11.3668 8
    endloop
  endfacet
  facet normal 0 0 1
    outer loop
      vertex -12.6558 -11.4242 8
      vertex -14.3712 -12.4523 8
      vertex -14.2199 -12.7049 8
    endloop
  endfacet
  facet normal -0 0 1
    outer loop
      vertex -14.9307 10.8887 8
      vertex -12.9523 10.5953 8
      vertex -14.8924 11.0812 8
    endloop
  endfacet
  facet normal 0 0 1
    outer loop
      vertex -12.6558 -11.4242 8
      vertex -14.4637 -12.2793 8
      vertex -14.3712 -12.4523 8
    endloop
  endfacet
  facet normal 0 0 1
    outer loop
      vertex -12.9523 10.5953 8
      vertex -14.9307 10.8887 8
      vertex -12.9955 10.304 8
    endloop
  endfacet
  facet normal 0 0 1
    outer loop
      vertex -12.7816 -11.1581 8
      vertex -14.5896 -12.0132 8
      vertex -14.4637 -12.2793 8
    endloop
  endfacet
  facet normal -0 0 1
    outer loop
      vertex -14.9739 10.5975 8
      vertex -12.9955 10.304 8
      vertex -14.9307 10.8887 8
    endloop
  endfacet
  facet normal 0 0 1
    outer loop
      vertex -12.7816 -11.1581 8
      vertex -14.6647 -11.8318 8
      vertex -14.5896 -12.0132 8
    endloop
  endfacet
  facet normal -0 0 1
    outer loop
      vertex -14.9931 10.4022 8
      vertex -12.9955 10.304 8
      vertex -14.9739 10.5975 8
    endloop
  endfacet
  facet normal 0 0 1
    outer loop
      vertex -12.8808 -10.8808 8
      vertex -14.7639 -11.5546 8
      vertex -14.6647 -11.8318 8
    endloop
  endfacet
  facet normal 0 0 1
    outer loop
      vertex -12.9955 10.304 8
      vertex -14.9931 10.4022 8
      vertex -13.01 10.01 8
    endloop
  endfacet
  facet normal 0 0 1
    outer loop
      vertex -12.8808 -10.8808 8
      vertex -14.8209 -11.3668 8
      vertex -14.7639 -11.5546 8
    endloop
  endfacet
  facet normal 0 0 1
    outer loop
      vertex -13.01 10.01 8
      vertex -14.9931 10.4022 8
      vertex -15.0076 10.1082 8
    endloop
  endfacet
  facet normal 0 0 1
    outer loop
      vertex -12.9523 -10.5953 8
      vertex -14.8924 -11.0812 8
      vertex -14.8209 -11.3668 8
    endloop
  endfacet
  facet normal 0 0 1
    outer loop
      vertex -13.01 10.01 8
      vertex -15.0076 10.1082 8
      vertex -15.01 10.01 8
    endloop
  endfacet
  facet normal 0 0 1
    outer loop
      vertex -12.9523 -10.5953 8
      vertex -14.9307 -10.8887 8
      vertex -14.8924 -11.0812 8
    endloop
  endfacet
  facet normal 0 0 1
    outer loop
      vertex -12.9955 -10.304 8
      vertex -14.9739 -10.5975 8
      vertex -14.9307 -10.8887 8
    endloop
  endfacet
  facet normal 0 0 1
    outer loop
      vertex -12.9955 -10.304 8
      vertex -14.9931 -10.4022 8
      vertex -14.9739 -10.5975 8
    endloop
  endfacet
  facet normal 0.0492599 -0.998786 0
    outer loop
      vertex 10.1082 -15.0076 6
      vertex 10.4022 -14.9931 8
      vertex 10.1082 -15.0076 8
    endloop
  endfacet
  facet normal 0.0492599 -0.998786 0
    outer loop
      vertex 10.4022 -14.9931 8
      vertex 10.1082 -15.0076 6
      vertex 10.4022 -14.9931 6
    endloop
  endfacet
  facet normal 0.0978386 -0.995202 0
    outer loop
      vertex 10.4022 -14.9931 6
      vertex 10.5975 -14.9739 8
      vertex 10.4022 -14.9931 8
    endloop
  endfacet
  facet normal 0.0978386 -0.995202 0
    outer loop
      vertex 10.5975 -14.9739 8
      vertex 10.4022 -14.9931 6
      vertex 10.5975 -14.9739 6
    endloop
  endfacet
  facet normal 0.146746 -0.989174 0
    outer loop
      vertex 10.5975 -14.9739 6
      vertex 10.8887 -14.9307 8
      vertex 10.5975 -14.9739 8
    endloop
  endfacet
  facet normal 0.146746 -0.989174 0
    outer loop
      vertex 10.8887 -14.9307 8
      vertex 10.5975 -14.9739 6
      vertex 10.8887 -14.9307 6
    endloop
  endfacet
  facet normal 0.195136 -0.980776 0
    outer loop
      vertex 10.8887 -14.9307 6
      vertex 11.0812 -14.8924 8
      vertex 10.8887 -14.9307 8
    endloop
  endfacet
  facet normal 0.195136 -0.980776 0
    outer loop
      vertex 11.0812 -14.8924 8
      vertex 10.8887 -14.9307 6
      vertex 11.0812 -14.8924 6
    endloop
  endfacet
  facet normal 0.242855 -0.970063 0
    outer loop
      vertex 11.0812 -14.8924 6
      vertex 11.3668 -14.8209 8
      vertex 11.0812 -14.8924 8
    endloop
  endfacet
  facet normal 0.242855 -0.970063 0
    outer loop
      vertex 11.3668 -14.8209 8
      vertex 11.0812 -14.8924 6
      vertex 11.3668 -14.8209 6
    endloop
  endfacet
  facet normal 0.290432 -0.956896 0
    outer loop
      vertex 11.3668 -14.8209 6
      vertex 11.5546 -14.7639 8
      vertex 11.3668 -14.8209 8
    endloop
  endfacet
  facet normal 0.290432 -0.956896 0
    outer loop
      vertex 11.5546 -14.7639 8
      vertex 11.3668 -14.8209 6
      vertex 11.5546 -14.7639 6
    endloop
  endfacet
  facet normal 0.336939 -0.941527 0
    outer loop
      vertex 11.5546 -14.7639 6
      vertex 11.8318 -14.6647 8
      vertex 11.5546 -14.7639 8
    endloop
  endfacet
  facet normal 0.336939 -0.941527 0
    outer loop
      vertex 11.8318 -14.6647 8
      vertex 11.5546 -14.7639 6
      vertex 11.8318 -14.6647 6
    endloop
  endfacet
  facet normal 0.382517 -0.923949 0
    outer loop
      vertex 11.8318 -14.6647 6
      vertex 12.0132 -14.5896 8
      vertex 11.8318 -14.6647 8
    endloop
  endfacet
  facet normal 0.382517 -0.923949 0
    outer loop
      vertex 12.0132 -14.5896 8
      vertex 11.8318 -14.6647 6
      vertex 12.0132 -14.5896 6
    endloop
  endfacet
  facet normal 0.427677 -0.903931 0
    outer loop
      vertex 12.0132 -14.5896 6
      vertex 12.2793 -14.4637 8
      vertex 12.0132 -14.5896 8
    endloop
  endfacet
  facet normal 0.427677 -0.903931 0
    outer loop
      vertex 12.2793 -14.4637 8
      vertex 12.0132 -14.5896 6
      vertex 12.2793 -14.4637 6
    endloop
  endfacet
  facet normal 0.471514 -0.881859 0
    outer loop
      vertex 12.2793 -14.4637 6
      vertex 12.4523 -14.3712 8
      vertex 12.2793 -14.4637 8
    endloop
  endfacet
  facet normal 0.471514 -0.881859 0
    outer loop
      vertex 12.4523 -14.3712 8
      vertex 12.2793 -14.4637 6
      vertex 12.4523 -14.3712 6
    endloop
  endfacet
  facet normal 0.513846 -0.857882 0
    outer loop
      vertex 12.4523 -14.3712 6
      vertex 12.7049 -14.2199 8
      vertex 12.4523 -14.3712 8
    endloop
  endfacet
  facet normal 0.513846 -0.857882 0
    outer loop
      vertex 12.7049 -14.2199 8
      vertex 12.4523 -14.3712 6
      vertex 12.7049 -14.2199 6
    endloop
  endfacet
  facet normal 0.555758 -0.831344 0
    outer loop
      vertex 12.7049 -14.2199 6
      vertex 12.8681 -14.1108 8
      vertex 12.7049 -14.2199 8
    endloop
  endfacet
  facet normal 0.555758 -0.831344 0
    outer loop
      vertex 12.8681 -14.1108 8
      vertex 12.7049 -14.2199 6
      vertex 12.8681 -14.1108 6
    endloop
  endfacet
  facet normal 0.595699 -0.803208 0
    outer loop
      vertex 12.8681 -14.1108 6
      vertex 13.1046 -13.9354 8
      vertex 12.8681 -14.1108 8
    endloop
  endfacet
  facet normal 0.595699 -0.803208 0
    outer loop
      vertex 13.1046 -13.9354 8
      vertex 12.8681 -14.1108 6
      vertex 13.1046 -13.9354 6
    endloop
  endfacet
  facet normal 0.634403 -0.773003 0
    outer loop
      vertex 13.1046 -13.9354 6
      vertex 13.2563 -13.8109 8
      vertex 13.1046 -13.9354 8
    endloop
  endfacet
  facet normal 0.634403 -0.773003 0
    outer loop
      vertex 13.2563 -13.8109 8
      vertex 13.1046 -13.9354 6
      vertex 13.2563 -13.8109 6
    endloop
  endfacet
  facet normal 0.671607 -0.740908 0
    outer loop
      vertex 13.2563 -13.8109 6
      vertex 13.4744 -13.6132 8
      vertex 13.2563 -13.8109 8
    endloop
  endfacet
  facet normal 0.671607 -0.740908 0
    outer loop
      vertex 13.4744 -13.6132 8
      vertex 13.2563 -13.8109 6
      vertex 13.4744 -13.6132 6
    endloop
  endfacet
  facet normal 0.707107 -0.707107 0
    outer loop
      vertex 13.4744 -13.6132 8
      vertex 13.6132 -13.4744 6
      vertex 13.6132 -13.4744 8
    endloop
  endfacet
  facet normal 0.707107 -0.707107 0
    outer loop
      vertex 13.6132 -13.4744 6
      vertex 13.4744 -13.6132 8
      vertex 13.4744 -13.6132 6
    endloop
  endfacet
  facet normal 0.740908 -0.671607 0
    outer loop
      vertex 13.6132 -13.4744 8
      vertex 13.8109 -13.2563 6
      vertex 13.8109 -13.2563 8
    endloop
  endfacet
  facet normal 0.740908 -0.671607 0
    outer loop
      vertex 13.8109 -13.2563 6
      vertex 13.6132 -13.4744 8
      vertex 13.6132 -13.4744 6
    endloop
  endfacet
  facet normal 0.773003 -0.634403 0
    outer loop
      vertex 13.8109 -13.2563 8
      vertex 13.9354 -13.1046 6
      vertex 13.9354 -13.1046 8
    endloop
  endfacet
  facet normal 0.773003 -0.634403 0
    outer loop
      vertex 13.9354 -13.1046 6
      vertex 13.8109 -13.2563 8
      vertex 13.8109 -13.2563 6
    endloop
  endfacet
  facet normal 0.803208 -0.595699 0
    outer loop
      vertex 13.9354 -13.1046 8
      vertex 14.1108 -12.8681 6
      vertex 14.1108 -12.8681 8
    endloop
  endfacet
  facet normal 0.803208 -0.595699 0
    outer loop
      vertex 14.1108 -12.8681 6
      vertex 13.9354 -13.1046 8
      vertex 13.9354 -13.1046 6
    endloop
  endfacet
  facet normal 0.831344 -0.555758 0
    outer loop
      vertex 14.1108 -12.8681 8
      vertex 14.2199 -12.7049 6
      vertex 14.2199 -12.7049 8
    endloop
  endfacet
  facet normal 0.831344 -0.555758 0
    outer loop
      vertex 14.2199 -12.7049 6
      vertex 14.1108 -12.8681 8
      vertex 14.1108 -12.8681 6
    endloop
  endfacet
  facet normal 0.857882 -0.513846 0
    outer loop
      vertex 14.2199 -12.7049 8
      vertex 14.3712 -12.4523 6
      vertex 14.3712 -12.4523 8
    endloop
  endfacet
  facet normal 0.857882 -0.513846 0
    outer loop
      vertex 14.3712 -12.4523 6
      vertex 14.2199 -12.7049 8
      vertex 14.2199 -12.7049 6
    endloop
  endfacet
  facet normal 0.881859 -0.471514 0
    outer loop
      vertex 14.3712 -12.4523 8
      vertex 14.4637 -12.2793 6
      vertex 14.4637 -12.2793 8
    endloop
  endfacet
  facet normal 0.881859 -0.471514 0
    outer loop
      vertex 14.4637 -12.2793 6
      vertex 14.3712 -12.4523 8
      vertex 14.3712 -12.4523 6
    endloop
  endfacet
  facet normal 0.903931 -0.427677 0
    outer loop
      vertex 14.4637 -12.2793 8
      vertex 14.5896 -12.0132 6
      vertex 14.5896 -12.0132 8
    endloop
  endfacet
  facet normal 0.903931 -0.427677 0
    outer loop
      vertex 14.5896 -12.0132 6
      vertex 14.4637 -12.2793 8
      vertex 14.4637 -12.2793 6
    endloop
  endfacet
  facet normal 0.923949 -0.382517 0
    outer loop
      vertex 14.5896 -12.0132 8
      vertex 14.6647 -11.8318 6
      vertex 14.6647 -11.8318 8
    endloop
  endfacet
  facet normal 0.923949 -0.382517 0
    outer loop
      vertex 14.6647 -11.8318 6
      vertex 14.5896 -12.0132 8
      vertex 14.5896 -12.0132 6
    endloop
  endfacet
  facet normal 0.941527 -0.336939 0
    outer loop
      vertex 14.6647 -11.8318 8
      vertex 14.7639 -11.5546 6
      vertex 14.7639 -11.5546 8
    endloop
  endfacet
  facet normal 0.941527 -0.336939 0
    outer loop
      vertex 14.7639 -11.5546 6
      vertex 14.6647 -11.8318 8
      vertex 14.6647 -11.8318 6
    endloop
  endfacet
  facet normal 0.956896 -0.290432 0
    outer loop
      vertex 14.7639 -11.5546 8
      vertex 14.8209 -11.3668 6
      vertex 14.8209 -11.3668 8
    endloop
  endfacet
  facet normal 0.956896 -0.290432 0
    outer loop
      vertex 14.8209 -11.3668 6
      vertex 14.7639 -11.5546 8
      vertex 14.7639 -11.5546 6
    endloop
  endfacet
  facet normal 0.970063 -0.242855 0
    outer loop
      vertex 14.8209 -11.3668 8
      vertex 14.8924 -11.0812 6
      vertex 14.8924 -11.0812 8
    endloop
  endfacet
  facet normal 0.970063 -0.242855 0
    outer loop
      vertex 14.8924 -11.0812 6
      vertex 14.8209 -11.3668 8
      vertex 14.8209 -11.3668 6
    endloop
  endfacet
  facet normal 0.980776 -0.195136 0
    outer loop
      vertex 14.8924 -11.0812 8
      vertex 14.9307 -10.8887 6
      vertex 14.9307 -10.8887 8
    endloop
  endfacet
  facet normal 0.980776 -0.195136 0
    outer loop
      vertex 14.9307 -10.8887 6
      vertex 14.8924 -11.0812 8
      vertex 14.8924 -11.0812 6
    endloop
  endfacet
  facet normal 0.989174 -0.146746 0
    outer loop
      vertex 14.9307 -10.8887 8
      vertex 14.9739 -10.5975 6
      vertex 14.9739 -10.5975 8
    endloop
  endfacet
  facet normal 0.989174 -0.146746 0
    outer loop
      vertex 14.9739 -10.5975 6
      vertex 14.9307 -10.8887 8
      vertex 14.9307 -10.8887 6
    endloop
  endfacet
  facet normal 0.995202 -0.0978386 0
    outer loop
      vertex 14.9739 -10.5975 8
      vertex 14.9931 -10.4022 6
      vertex 14.9931 -10.4022 8
    endloop
  endfacet
  facet normal 0.995202 -0.0978386 0
    outer loop
      vertex 14.9931 -10.4022 6
      vertex 14.9739 -10.5975 8
      vertex 14.9739 -10.5975 6
    endloop
  endfacet
  facet normal 0.998786 -0.0492599 0
    outer loop
      vertex 14.9931 -10.4022 8
      vertex 15.0076 -10.1082 6
      vertex 15.0076 -10.1082 8
    endloop
  endfacet
  facet normal 0.998786 -0.0492599 0
    outer loop
      vertex 15.0076 -10.1082 6
      vertex 14.9931 -10.4022 8
      vertex 14.9931 -10.4022 6
    endloop
  endfacet
  facet normal 0.999701 -0.0244326 0
    outer loop
      vertex 15.0076 -10.1082 8
      vertex 15.01 -10.01 6
      vertex 15.01 -10.01 8
    endloop
  endfacet
  facet normal 0.999701 -0.0244326 0
    outer loop
      vertex 15.01 -10.01 6
      vertex 15.0076 -10.1082 8
      vertex 15.0076 -10.1082 6
    endloop
  endfacet
  facet normal 1 -0 0
    outer loop
      vertex 15.01 -10.01 8
      vertex 15.01 10.01 6
      vertex 15.01 10.01 8
    endloop
  endfacet
  facet normal 1 0 0
    outer loop
      vertex 15.01 10.01 6
      vertex 15.01 -10.01 8
      vertex 15.01 -10.01 6
    endloop
  endfacet
  facet normal 0.999701 0.0244326 0
    outer loop
      vertex 15.01 10.01 8
      vertex 15.0076 10.1082 6
      vertex 15.0076 10.1082 8
    endloop
  endfacet
  facet normal 0.999701 0.0244326 0
    outer loop
      vertex 15.0076 10.1082 6
      vertex 15.01 10.01 8
      vertex 15.01 10.01 6
    endloop
  endfacet
  facet normal 0.998786 0.0492599 0
    outer loop
      vertex 15.0076 10.1082 8
      vertex 14.9931 10.4022 6
      vertex 14.9931 10.4022 8
    endloop
  endfacet
  facet normal 0.998786 0.0492599 0
    outer loop
      vertex 14.9931 10.4022 6
      vertex 15.0076 10.1082 8
      vertex 15.0076 10.1082 6
    endloop
  endfacet
  facet normal 0.995202 0.0978386 0
    outer loop
      vertex 14.9931 10.4022 8
      vertex 14.9739 10.5975 6
      vertex 14.9739 10.5975 8
    endloop
  endfacet
  facet normal 0.995202 0.0978386 0
    outer loop
      vertex 14.9739 10.5975 6
      vertex 14.9931 10.4022 8
      vertex 14.9931 10.4022 6
    endloop
  endfacet
  facet normal 0.989174 0.146746 0
    outer loop
      vertex 14.9739 10.5975 8
      vertex 14.9307 10.8887 6
      vertex 14.9307 10.8887 8
    endloop
  endfacet
  facet normal 0.989174 0.146746 0
    outer loop
      vertex 14.9307 10.8887 6
      vertex 14.9739 10.5975 8
      vertex 14.9739 10.5975 6
    endloop
  endfacet
  facet normal 0.980776 0.195136 0
    outer loop
      vertex 14.9307 10.8887 8
      vertex 14.8924 11.0812 6
      vertex 14.8924 11.0812 8
    endloop
  endfacet
  facet normal 0.980776 0.195136 0
    outer loop
      vertex 14.8924 11.0812 6
      vertex 14.9307 10.8887 8
      vertex 14.9307 10.8887 6
    endloop
  endfacet
  facet normal 0.970063 0.242855 0
    outer loop
      vertex 14.8924 11.0812 8
      vertex 14.8209 11.3668 6
      vertex 14.8209 11.3668 8
    endloop
  endfacet
  facet normal 0.970063 0.242855 0
    outer loop
      vertex 14.8209 11.3668 6
      vertex 14.8924 11.0812 8
      vertex 14.8924 11.0812 6
    endloop
  endfacet
  facet normal 0.956896 0.290432 0
    outer loop
      vertex 14.8209 11.3668 8
      vertex 14.7639 11.5546 6
      vertex 14.7639 11.5546 8
    endloop
  endfacet
  facet normal 0.956896 0.290432 0
    outer loop
      vertex 14.7639 11.5546 6
      vertex 14.8209 11.3668 8
      vertex 14.8209 11.3668 6
    endloop
  endfacet
  facet normal 0.941527 0.336939 0
    outer loop
      vertex 14.7639 11.5546 8
      vertex 14.6647 11.8318 6
      vertex 14.6647 11.8318 8
    endloop
  endfacet
  facet normal 0.941527 0.336939 0
    outer loop
      vertex 14.6647 11.8318 6
      vertex 14.7639 11.5546 8
      vertex 14.7639 11.5546 6
    endloop
  endfacet
  facet normal 0.923949 0.382517 0
    outer loop
      vertex 14.6647 11.8318 8
      vertex 14.5896 12.0132 6
      vertex 14.5896 12.0132 8
    endloop
  endfacet
  facet normal 0.923949 0.382517 0
    outer loop
      vertex 14.5896 12.0132 6
      vertex 14.6647 11.8318 8
      vertex 14.6647 11.8318 6
    endloop
  endfacet
  facet normal 0.903931 0.427677 0
    outer loop
      vertex 14.5896 12.0132 8
      vertex 14.4637 12.2793 6
      vertex 14.4637 12.2793 8
    endloop
  endfacet
  facet normal 0.903931 0.427677 0
    outer loop
      vertex 14.4637 12.2793 6
      vertex 14.5896 12.0132 8
      vertex 14.5896 12.0132 6
    endloop
  endfacet
  facet normal 0.881859 0.471514 0
    outer loop
      vertex 14.4637 12.2793 8
      vertex 14.3712 12.4523 6
      vertex 14.3712 12.4523 8
    endloop
  endfacet
  facet normal 0.881859 0.471514 0
    outer loop
      vertex 14.3712 12.4523 6
      vertex 14.4637 12.2793 8
      vertex 14.4637 12.2793 6
    endloop
  endfacet
  facet normal 0.857882 0.513846 0
    outer loop
      vertex 14.3712 12.4523 8
      vertex 14.2199 12.7049 6
      vertex 14.2199 12.7049 8
    endloop
  endfacet
  facet normal 0.857882 0.513846 0
    outer loop
      vertex 14.2199 12.7049 6
      vertex 14.3712 12.4523 8
      vertex 14.3712 12.4523 6
    endloop
  endfacet
  facet normal 0.831344 0.555758 0
    outer loop
      vertex 14.2199 12.7049 8
      vertex 14.1108 12.8681 6
      vertex 14.1108 12.8681 8
    endloop
  endfacet
  facet normal 0.831344 0.555758 0
    outer loop
      vertex 14.1108 12.8681 6
      vertex 14.2199 12.7049 8
      vertex 14.2199 12.7049 6
    endloop
  endfacet
  facet normal 0.803208 0.595699 0
    outer loop
      vertex 14.1108 12.8681 8
      vertex 13.9354 13.1046 6
      vertex 13.9354 13.1046 8
    endloop
  endfacet
  facet normal 0.803208 0.595699 0
    outer loop
      vertex 13.9354 13.1046 6
      vertex 14.1108 12.8681 8
      vertex 14.1108 12.8681 6
    endloop
  endfacet
  facet normal 0.773003 0.634403 0
    outer loop
      vertex 13.9354 13.1046 8
      vertex 13.8109 13.2563 6
      vertex 13.8109 13.2563 8
    endloop
  endfacet
  facet normal 0.773003 0.634403 0
    outer loop
      vertex 13.8109 13.2563 6
      vertex 13.9354 13.1046 8
      vertex 13.9354 13.1046 6
    endloop
  endfacet
  facet normal 0.740908 0.671607 0
    outer loop
      vertex 13.8109 13.2563 8
      vertex 13.6132 13.4744 6
      vertex 13.6132 13.4744 8
    endloop
  endfacet
  facet normal 0.740908 0.671607 0
    outer loop
      vertex 13.6132 13.4744 6
      vertex 13.8109 13.2563 8
      vertex 13.8109 13.2563 6
    endloop
  endfacet
  facet normal 0.707107 0.707107 0
    outer loop
      vertex 13.6132 13.4744 8
      vertex 13.4744 13.6132 6
      vertex 13.4744 13.6132 8
    endloop
  endfacet
  facet normal 0.707107 0.707107 0
    outer loop
      vertex 13.4744 13.6132 6
      vertex 13.6132 13.4744 8
      vertex 13.6132 13.4744 6
    endloop
  endfacet
  facet normal 0.671607 0.740908 -0
    outer loop
      vertex 13.4744 13.6132 6
      vertex 13.2563 13.8109 8
      vertex 13.4744 13.6132 8
    endloop
  endfacet
  facet normal 0.671607 0.740908 0
    outer loop
      vertex 13.2563 13.8109 8
      vertex 13.4744 13.6132 6
      vertex 13.2563 13.8109 6
    endloop
  endfacet
  facet normal 0.634403 0.773003 -0
    outer loop
      vertex 13.2563 13.8109 6
      vertex 13.1046 13.9354 8
      vertex 13.2563 13.8109 8
    endloop
  endfacet
  facet normal 0.634403 0.773003 0
    outer loop
      vertex 13.1046 13.9354 8
      vertex 13.2563 13.8109 6
      vertex 13.1046 13.9354 6
    endloop
  endfacet
  facet normal 0.595699 0.803208 -0
    outer loop
      vertex 13.1046 13.9354 6
      vertex 12.8681 14.1108 8
      vertex 13.1046 13.9354 8
    endloop
  endfacet
  facet normal 0.595699 0.803208 0
    outer loop
      vertex 12.8681 14.1108 8
      vertex 13.1046 13.9354 6
      vertex 12.8681 14.1108 6
    endloop
  endfacet
  facet normal 0.555758 0.831344 -0
    outer loop
      vertex 12.8681 14.1108 6
      vertex 12.7049 14.2199 8
      vertex 12.8681 14.1108 8
    endloop
  endfacet
  facet normal 0.555758 0.831344 0
    outer loop
      vertex 12.7049 14.2199 8
      vertex 12.8681 14.1108 6
      vertex 12.7049 14.2199 6
    endloop
  endfacet
  facet normal 0.513846 0.857882 -0
    outer loop
      vertex 12.7049 14.2199 6
      vertex 12.4523 14.3712 8
      vertex 12.7049 14.2199 8
    endloop
  endfacet
  facet normal 0.513846 0.857882 0
    outer loop
      vertex 12.4523 14.3712 8
      vertex 12.7049 14.2199 6
      vertex 12.4523 14.3712 6
    endloop
  endfacet
  facet normal 0.471514 0.881859 -0
    outer loop
      vertex 12.4523 14.3712 6
      vertex 12.2793 14.4637 8
      vertex 12.4523 14.3712 8
    endloop
  endfacet
  facet normal 0.471514 0.881859 0
    outer loop
      vertex 12.2793 14.4637 8
      vertex 12.4523 14.3712 6
      vertex 12.2793 14.4637 6
    endloop
  endfacet
  facet normal 0.427677 0.903931 -0
    outer loop
      vertex 12.2793 14.4637 6
      vertex 12.0132 14.5896 8
      vertex 12.2793 14.4637 8
    endloop
  endfacet
  facet normal 0.427677 0.903931 0
    outer loop
      vertex 12.0132 14.5896 8
      vertex 12.2793 14.4637 6
      vertex 12.0132 14.5896 6
    endloop
  endfacet
  facet normal 0.382517 0.923949 -0
    outer loop
      vertex 12.0132 14.5896 6
      vertex 11.8318 14.6647 8
      vertex 12.0132 14.5896 8
    endloop
  endfacet
  facet normal 0.382517 0.923949 0
    outer loop
      vertex 11.8318 14.6647 8
      vertex 12.0132 14.5896 6
      vertex 11.8318 14.6647 6
    endloop
  endfacet
  facet normal 0.336939 0.941527 -0
    outer loop
      vertex 11.8318 14.6647 6
      vertex 11.5546 14.7639 8
      vertex 11.8318 14.6647 8
    endloop
  endfacet
  facet normal 0.336939 0.941527 0
    outer loop
      vertex 11.5546 14.7639 8
      vertex 11.8318 14.6647 6
      vertex 11.5546 14.7639 6
    endloop
  endfacet
  facet normal 0.290432 0.956896 -0
    outer loop
      vertex 11.5546 14.7639 6
      vertex 11.3668 14.8209 8
      vertex 11.5546 14.7639 8
    endloop
  endfacet
  facet normal 0.290432 0.956896 0
    outer loop
      vertex 11.3668 14.8209 8
      vertex 11.5546 14.7639 6
      vertex 11.3668 14.8209 6
    endloop
  endfacet
  facet normal 0.242855 0.970063 -0
    outer loop
      vertex 11.3668 14.8209 6
      vertex 11.0812 14.8924 8
      vertex 11.3668 14.8209 8
    endloop
  endfacet
  facet normal 0.242855 0.970063 0
    outer loop
      vertex 11.0812 14.8924 8
      vertex 11.3668 14.8209 6
      vertex 11.0812 14.8924 6
    endloop
  endfacet
  facet normal 0.195136 0.980776 -0
    outer loop
      vertex 11.0812 14.8924 6
      vertex 10.8887 14.9307 8
      vertex 11.0812 14.8924 8
    endloop
  endfacet
  facet normal 0.195136 0.980776 0
    outer loop
      vertex 10.8887 14.9307 8
      vertex 11.0812 14.8924 6
      vertex 10.8887 14.9307 6
    endloop
  endfacet
  facet normal 0.146746 0.989174 -0
    outer loop
      vertex 10.8887 14.9307 6
      vertex 10.5975 14.9739 8
      vertex 10.8887 14.9307 8
    endloop
  endfacet
  facet normal 0.146746 0.989174 0
    outer loop
      vertex 10.5975 14.9739 8
      vertex 10.8887 14.9307 6
      vertex 10.5975 14.9739 6
    endloop
  endfacet
  facet normal 0.0978386 0.995202 -0
    outer loop
      vertex 10.5975 14.9739 6
      vertex 10.4022 14.9931 8
      vertex 10.5975 14.9739 8
    endloop
  endfacet
  facet normal 0.0978386 0.995202 0
    outer loop
      vertex 10.4022 14.9931 8
      vertex 10.5975 14.9739 6
      vertex 10.4022 14.9931 6
    endloop
  endfacet
  facet normal 0.0492599 0.998786 -0
    outer loop
      vertex 10.4022 14.9931 6
      vertex 10.1082 15.0076 8
      vertex 10.4022 14.9931 8
    endloop
  endfacet
  facet normal 0.0492599 0.998786 0
    outer loop
      vertex 10.1082 15.0076 8
      vertex 10.4022 14.9931 6
      vertex 10.1082 15.0076 6
    endloop
  endfacet
  facet normal 0.0244326 0.999701 -0
    outer loop
      vertex 10.1082 15.0076 6
      vertex 10.01 15.01 8
      vertex 10.1082 15.0076 8
    endloop
  endfacet
  facet normal 0.0244326 0.999701 0
    outer loop
      vertex 10.01 15.01 8
      vertex 10.1082 15.0076 6
      vertex 10.01 15.01 6
    endloop
  endfacet
  facet normal 0 1 -0
    outer loop
      vertex 10.01 15.01 6
      vertex -10.01 15.01 8
      vertex 10.01 15.01 8
    endloop
  endfacet
  facet normal 0 1 0
    outer loop
      vertex -10.01 15.01 8
      vertex 10.01 15.01 6
      vertex -10.01 15.01 6
    endloop
  endfacet
  facet normal -0.0244326 0.999701 0
    outer loop
      vertex -10.01 15.01 6
      vertex -10.1082 15.0076 8
      vertex -10.01 15.01 8
    endloop
  endfacet
  facet normal -0.0244326 0.999701 0
    outer loop
      vertex -10.1082 15.0076 8
      vertex -10.01 15.01 6
      vertex -10.1082 15.0076 6
    endloop
  endfacet
  facet normal -0.0492599 0.998786 0
    outer loop
      vertex -10.1082 15.0076 6
      vertex -10.4022 14.9931 8
      vertex -10.1082 15.0076 8
    endloop
  endfacet
  facet normal -0.0492599 0.998786 0
    outer loop
      vertex -10.4022 14.9931 8
      vertex -10.1082 15.0076 6
      vertex -10.4022 14.9931 6
    endloop
  endfacet
  facet normal -0.0978386 0.995202 0
    outer loop
      vertex -10.4022 14.9931 6
      vertex -10.5975 14.9739 8
      vertex -10.4022 14.9931 8
    endloop
  endfacet
  facet normal -0.0978386 0.995202 0
    outer loop
      vertex -10.5975 14.9739 8
      vertex -10.4022 14.9931 6
      vertex -10.5975 14.9739 6
    endloop
  endfacet
  facet normal -0.146746 0.989174 0
    outer loop
      vertex -10.5975 14.9739 6
      vertex -10.8887 14.9307 8
      vertex -10.5975 14.9739 8
    endloop
  endfacet
  facet normal -0.146746 0.989174 0
    outer loop
      vertex -10.8887 14.9307 8
      vertex -10.5975 14.9739 6
      vertex -10.8887 14.9307 6
    endloop
  endfacet
  facet normal -0.195136 0.980776 0
    outer loop
      vertex -10.8887 14.9307 6
      vertex -11.0812 14.8924 8
      vertex -10.8887 14.9307 8
    endloop
  endfacet
  facet normal -0.195136 0.980776 0
    outer loop
      vertex -11.0812 14.8924 8
      vertex -10.8887 14.9307 6
      vertex -11.0812 14.8924 6
    endloop
  endfacet
  facet normal -0.242855 0.970063 0
    outer loop
      vertex -11.0812 14.8924 6
      vertex -11.3668 14.8209 8
      vertex -11.0812 14.8924 8
    endloop
  endfacet
  facet normal -0.242855 0.970063 0
    outer loop
      vertex -11.3668 14.8209 8
      vertex -11.0812 14.8924 6
      vertex -11.3668 14.8209 6
    endloop
  endfacet
  facet normal -0.290432 0.956896 0
    outer loop
      vertex -11.3668 14.8209 6
      vertex -11.5546 14.7639 8
      vertex -11.3668 14.8209 8
    endloop
  endfacet
  facet normal -0.290432 0.956896 0
    outer loop
      vertex -11.5546 14.7639 8
      vertex -11.3668 14.8209 6
      vertex -11.5546 14.7639 6
    endloop
  endfacet
  facet normal -0.336939 0.941527 0
    outer loop
      vertex -11.5546 14.7639 6
      vertex -11.8318 14.6647 8
      vertex -11.5546 14.7639 8
    endloop
  endfacet
  facet normal -0.336939 0.941527 0
    outer loop
      vertex -11.8318 14.6647 8
      vertex -11.5546 14.7639 6
      vertex -11.8318 14.6647 6
    endloop
  endfacet
  facet normal -0.382517 0.923949 0
    outer loop
      vertex -11.8318 14.6647 6
      vertex -12.0132 14.5896 8
      vertex -11.8318 14.6647 8
    endloop
  endfacet
  facet normal -0.382517 0.923949 0
    outer loop
      vertex -12.0132 14.5896 8
      vertex -11.8318 14.6647 6
      vertex -12.0132 14.5896 6
    endloop
  endfacet
  facet normal -0.427677 0.903931 0
    outer loop
      vertex -12.0132 14.5896 6
      vertex -12.2793 14.4637 8
      vertex -12.0132 14.5896 8
    endloop
  endfacet
  facet normal -0.427677 0.903931 0
    outer loop
      vertex -12.2793 14.4637 8
      vertex -12.0132 14.5896 6
      vertex -12.2793 14.4637 6
    endloop
  endfacet
  facet normal -0.471514 0.881859 0
    outer loop
      vertex -12.2793 14.4637 6
      vertex -12.4523 14.3712 8
      vertex -12.2793 14.4637 8
    endloop
  endfacet
  facet normal -0.471514 0.881859 0
    outer loop
      vertex -12.4523 14.3712 8
      vertex -12.2793 14.4637 6
      vertex -12.4523 14.3712 6
    endloop
  endfacet
  facet normal -0.513846 0.857882 0
    outer loop
      vertex -12.4523 14.3712 6
      vertex -12.7049 14.2199 8
      vertex -12.4523 14.3712 8
    endloop
  endfacet
  facet normal -0.513846 0.857882 0
    outer loop
      vertex -12.7049 14.2199 8
      vertex -12.4523 14.3712 6
      vertex -12.7049 14.2199 6
    endloop
  endfacet
  facet normal -0.555758 0.831344 0
    outer loop
      vertex -12.7049 14.2199 6
      vertex -12.8681 14.1108 8
      vertex -12.7049 14.2199 8
    endloop
  endfacet
  facet normal -0.555758 0.831344 0
    outer loop
      vertex -12.8681 14.1108 8
      vertex -12.7049 14.2199 6
      vertex -12.8681 14.1108 6
    endloop
  endfacet
  facet normal -0.595699 0.803208 0
    outer loop
      vertex -12.8681 14.1108 6
      vertex -13.1046 13.9354 8
      vertex -12.8681 14.1108 8
    endloop
  endfacet
  facet normal -0.595699 0.803208 0
    outer loop
      vertex -13.1046 13.9354 8
      vertex -12.8681 14.1108 6
      vertex -13.1046 13.9354 6
    endloop
  endfacet
  facet normal -0.634403 0.773003 0
    outer loop
      vertex -13.1046 13.9354 6
      vertex -13.2563 13.8109 8
      vertex -13.1046 13.9354 8
    endloop
  endfacet
  facet normal -0.634403 0.773003 0
    outer loop
      vertex -13.2563 13.8109 8
      vertex -13.1046 13.9354 6
      vertex -13.2563 13.8109 6
    endloop
  endfacet
  facet normal -0.671607 0.740908 0
    outer loop
      vertex -13.2563 13.8109 6
      vertex -13.4744 13.6132 8
      vertex -13.2563 13.8109 8
    endloop
  endfacet
  facet normal -0.671607 0.740908 0
    outer loop
      vertex -13.4744 13.6132 8
      vertex -13.2563 13.8109 6
      vertex -13.4744 13.6132 6
    endloop
  endfacet
  facet normal -0.707107 0.707107 0
    outer loop
      vertex -13.6132 13.4744 6
      vertex -13.4744 13.6132 8
      vertex -13.4744 13.6132 6
    endloop
  endfacet
  facet normal -0.707107 0.707107 0
    outer loop
      vertex -13.4744 13.6132 8
      vertex -13.6132 13.4744 6
      vertex -13.6132 13.4744 8
    endloop
  endfacet
  facet normal -0.740908 0.671607 0
    outer loop
      vertex -13.8109 13.2563 6
      vertex -13.6132 13.4744 8
      vertex -13.6132 13.4744 6
    endloop
  endfacet
  facet normal -0.740908 0.671607 0
    outer loop
      vertex -13.6132 13.4744 8
      vertex -13.8109 13.2563 6
      vertex -13.8109 13.2563 8
    endloop
  endfacet
  facet normal -0.773003 0.634403 0
    outer loop
      vertex -13.9354 13.1046 6
      vertex -13.8109 13.2563 8
      vertex -13.8109 13.2563 6
    endloop
  endfacet
  facet normal -0.773003 0.634403 0
    outer loop
      vertex -13.8109 13.2563 8
      vertex -13.9354 13.1046 6
      vertex -13.9354 13.1046 8
    endloop
  endfacet
  facet normal -0.803208 0.595699 0
    outer loop
      vertex -14.1108 12.8681 6
      vertex -13.9354 13.1046 8
      vertex -13.9354 13.1046 6
    endloop
  endfacet
  facet normal -0.803208 0.595699 0
    outer loop
      vertex -13.9354 13.1046 8
      vertex -14.1108 12.8681 6
      vertex -14.1108 12.8681 8
    endloop
  endfacet
  facet normal -0.831344 0.555758 0
    outer loop
      vertex -14.2199 12.7049 6
      vertex -14.1108 12.8681 8
      vertex -14.1108 12.8681 6
    endloop
  endfacet
  facet normal -0.831344 0.555758 0
    outer loop
      vertex -14.1108 12.8681 8
      vertex -14.2199 12.7049 6
      vertex -14.2199 12.7049 8
    endloop
  endfacet
  facet normal -0.857882 0.513846 0
    outer loop
      vertex -14.3712 12.4523 6
      vertex -14.2199 12.7049 8
      vertex -14.2199 12.7049 6
    endloop
  endfacet
  facet normal -0.857882 0.513846 0
    outer loop
      vertex -14.2199 12.7049 8
      vertex -14.3712 12.4523 6
      vertex -14.3712 12.4523 8
    endloop
  endfacet
  facet normal -0.881859 0.471514 0
    outer loop
      vertex -14.4637 12.2793 6
      vertex -14.3712 12.4523 8
      vertex -14.3712 12.4523 6
    endloop
  endfacet
  facet normal -0.881859 0.471514 0
    outer loop
      vertex -14.3712 12.4523 8
      vertex -14.4637 12.2793 6
      vertex -14.4637 12.2793 8
    endloop
  endfacet
  facet normal -0.903931 0.427677 0
    outer loop
      vertex -14.5896 12.0132 6
      vertex -14.4637 12.2793 8
      vertex -14.4637 12.2793 6
    endloop
  endfacet
  facet normal -0.903931 0.427677 0
    outer loop
      vertex -14.4637 12.2793 8
      vertex -14.5896 12.0132 6
      vertex -14.5896 12.0132 8
    endloop
  endfacet
  facet normal -0.923949 0.382517 0
    outer loop
      vertex -14.6647 11.8318 6
      vertex -14.5896 12.0132 8
      vertex -14.5896 12.0132 6
    endloop
  endfacet
  facet normal -0.923949 0.382517 0
    outer loop
      vertex -14.5896 12.0132 8
      vertex -14.6647 11.8318 6
      vertex -14.6647 11.8318 8
    endloop
  endfacet
  facet normal -0.941527 0.336939 0
    outer loop
      vertex -14.7639 11.5546 6
      vertex -14.6647 11.8318 8
      vertex -14.6647 11.8318 6
    endloop
  endfacet
  facet normal -0.941527 0.336939 0
    outer loop
      vertex -14.6647 11.8318 8
      vertex -14.7639 11.5546 6
      vertex -14.7639 11.5546 8
    endloop
  endfacet
  facet normal -0.956896 0.290432 0
    outer loop
      vertex -14.8209 11.3668 6
      vertex -14.7639 11.5546 8
      vertex -14.7639 11.5546 6
    endloop
  endfacet
  facet normal -0.956896 0.290432 0
    outer loop
      vertex -14.7639 11.5546 8
      vertex -14.8209 11.3668 6
      vertex -14.8209 11.3668 8
    endloop
  endfacet
  facet normal -0.970063 0.242855 0
    outer loop
      vertex -14.8924 11.0812 6
      vertex -14.8209 11.3668 8
      vertex -14.8209 11.3668 6
    endloop
  endfacet
  facet normal -0.970063 0.242855 0
    outer loop
      vertex -14.8209 11.3668 8
      vertex -14.8924 11.0812 6
      vertex -14.8924 11.0812 8
    endloop
  endfacet
  facet normal -0.980776 0.195136 0
    outer loop
      vertex -14.9307 10.8887 6
      vertex -14.8924 11.0812 8
      vertex -14.8924 11.0812 6
    endloop
  endfacet
  facet normal -0.980776 0.195136 0
    outer loop
      vertex -14.8924 11.0812 8
      vertex -14.9307 10.8887 6
      vertex -14.9307 10.8887 8
    endloop
  endfacet
  facet normal -0.989174 0.146746 0
    outer loop
      vertex -14.9739 10.5975 6
      vertex -14.9307 10.8887 8
      vertex -14.9307 10.8887 6
    endloop
  endfacet
  facet normal -0.989174 0.146746 0
    outer loop
      vertex -14.9307 10.8887 8
      vertex -14.9739 10.5975 6
      vertex -14.9739 10.5975 8
    endloop
  endfacet
  facet normal -0.995202 0.0978386 0
    outer loop
      vertex -14.9931 10.4022 6
      vertex -14.9739 10.5975 8
      vertex -14.9739 10.5975 6
    endloop
  endfacet
  facet normal -0.995202 0.0978386 0
    outer loop
      vertex -14.9739 10.5975 8
      vertex -14.9931 10.4022 6
      vertex -14.9931 10.4022 8
    endloop
  endfacet
  facet normal -0.998786 0.0492599 0
    outer loop
      vertex -15.0076 10.1082 6
      vertex -14.9931 10.4022 8
      vertex -14.9931 10.4022 6
    endloop
  endfacet
  facet normal -0.998786 0.0492599 0
    outer loop
      vertex -14.9931 10.4022 8
      vertex -15.0076 10.1082 6
      vertex -15.0076 10.1082 8
    endloop
  endfacet
  facet normal -0.999701 0.0244326 0
    outer loop
      vertex -15.01 10.01 6
      vertex -15.0076 10.1082 8
      vertex -15.0076 10.1082 6
    endloop
  endfacet
  facet normal -0.999701 0.0244326 0
    outer loop
      vertex -15.0076 10.1082 8
      vertex -15.01 10.01 6
      vertex -15.01 10.01 8
    endloop
  endfacet
  facet normal -1 0 0
    outer loop
      vertex -15.01 -10.01 6
      vertex -15.01 10.01 8
      vertex -15.01 10.01 6
    endloop
  endfacet
  facet normal -1 -0 0
    outer loop
      vertex -15.01 10.01 8
      vertex -15.01 -10.01 6
      vertex -15.01 -10.01 8
    endloop
  endfacet
  facet normal -0.999701 -0.0244326 0
    outer loop
      vertex -15.0076 -10.1082 6
      vertex -15.01 -10.01 8
      vertex -15.01 -10.01 6
    endloop
  endfacet
  facet normal -0.999701 -0.0244326 0
    outer loop
      vertex -15.01 -10.01 8
      vertex -15.0076 -10.1082 6
      vertex -15.0076 -10.1082 8
    endloop
  endfacet
  facet normal -0.998786 -0.0492599 0
    outer loop
      vertex -14.9931 -10.4022 6
      vertex -15.0076 -10.1082 8
      vertex -15.0076 -10.1082 6
    endloop
  endfacet
  facet normal -0.998786 -0.0492599 0
    outer loop
      vertex -15.0076 -10.1082 8
      vertex -14.9931 -10.4022 6
      vertex -14.9931 -10.4022 8
    endloop
  endfacet
  facet normal -0.995202 -0.0978386 0
    outer loop
      vertex -14.9739 -10.5975 6
      vertex -14.9931 -10.4022 8
      vertex -14.9931 -10.4022 6
    endloop
  endfacet
  facet normal -0.995202 -0.0978386 0
    outer loop
      vertex -14.9931 -10.4022 8
      vertex -14.9739 -10.5975 6
      vertex -14.9739 -10.5975 8
    endloop
  endfacet
  facet normal -0.989174 -0.146746 0
    outer loop
      vertex -14.9307 -10.8887 6
      vertex -14.9739 -10.5975 8
      vertex -14.9739 -10.5975 6
    endloop
  endfacet
  facet normal -0.989174 -0.146746 0
    outer loop
      vertex -14.9739 -10.5975 8
      vertex -14.9307 -10.8887 6
      vertex -14.9307 -10.8887 8
    endloop
  endfacet
  facet normal -0.980776 -0.195136 0
    outer loop
      vertex -14.8924 -11.0812 6
      vertex -14.9307 -10.8887 8
      vertex -14.9307 -10.8887 6
    endloop
  endfacet
  facet normal -0.980776 -0.195136 0
    outer loop
      vertex -14.9307 -10.8887 8
      vertex -14.8924 -11.0812 6
      vertex -14.8924 -11.0812 8
    endloop
  endfacet
  facet normal -0.970063 -0.242855 0
    outer loop
      vertex -14.8209 -11.3668 6
      vertex -14.8924 -11.0812 8
      vertex -14.8924 -11.0812 6
    endloop
  endfacet
  facet normal -0.970063 -0.242855 0
    outer loop
      vertex -14.8924 -11.0812 8
      vertex -14.8209 -11.3668 6
      vertex -14.8209 -11.3668 8
    endloop
  endfacet
  facet normal -0.956896 -0.290432 0
    outer loop
      vertex -14.7639 -11.5546 6
      vertex -14.8209 -11.3668 8
      vertex -14.8209 -11.3668 6
    endloop
  endfacet
  facet normal -0.956896 -0.290432 0
    outer loop
      vertex -14.8209 -11.3668 8
      vertex -14.7639 -11.5546 6
      vertex -14.7639 -11.5546 8
    endloop
  endfacet
  facet normal -0.941527 -0.336939 0
    outer loop
      vertex -14.6647 -11.8318 6
      vertex -14.7639 -11.5546 8
      vertex -14.7639 -11.5546 6
    endloop
  endfacet
  facet normal -0.941527 -0.336939 0
    outer loop
      vertex -14.7639 -11.5546 8
      vertex -14.6647 -11.8318 6
      vertex -14.6647 -11.8318 8
    endloop
  endfacet
  facet normal -0.923949 -0.382517 0
    outer loop
      vertex -14.5896 -12.0132 6
      vertex -14.6647 -11.8318 8
      vertex -14.6647 -11.8318 6
    endloop
  endfacet
  facet normal -0.923949 -0.382517 0
    outer loop
      vertex -14.6647 -11.8318 8
      vertex -14.5896 -12.0132 6
      vertex -14.5896 -12.0132 8
    endloop
  endfacet
  facet normal -0.903931 -0.427677 0
    outer loop
      vertex -14.4637 -12.2793 6
      vertex -14.5896 -12.0132 8
      vertex -14.5896 -12.0132 6
    endloop
  endfacet
  facet normal -0.903931 -0.427677 0
    outer loop
      vertex -14.5896 -12.0132 8
      vertex -14.4637 -12.2793 6
      vertex -14.4637 -12.2793 8
    endloop
  endfacet
  facet normal -0.881859 -0.471514 0
    outer loop
      vertex -14.3712 -12.4523 6
      vertex -14.4637 -12.2793 8
      vertex -14.4637 -12.2793 6
    endloop
  endfacet
  facet normal -0.881859 -0.471514 0
    outer loop
      vertex -14.4637 -12.2793 8
      vertex -14.3712 -12.4523 6
      vertex -14.3712 -12.4523 8
    endloop
  endfacet
  facet normal -0.857882 -0.513846 0
    outer loop
      vertex -14.2199 -12.7049 6
      vertex -14.3712 -12.4523 8
      vertex -14.3712 -12.4523 6
    endloop
  endfacet
  facet normal -0.857882 -0.513846 0
    outer loop
      vertex -14.3712 -12.4523 8
      vertex -14.2199 -12.7049 6
      vertex -14.2199 -12.7049 8
    endloop
  endfacet
  facet normal -0.831344 -0.555758 0
    outer loop
      vertex -14.1108 -12.8681 6
      vertex -14.2199 -12.7049 8
      vertex -14.2199 -12.7049 6
    endloop
  endfacet
  facet normal -0.831344 -0.555758 0
    outer loop
      vertex -14.2199 -12.7049 8
      vertex -14.1108 -12.8681 6
      vertex -14.1108 -12.8681 8
    endloop
  endfacet
  facet normal -0.803208 -0.595699 0
    outer loop
      vertex -13.9354 -13.1046 6
      vertex -14.1108 -12.8681 8
      vertex -14.1108 -12.8681 6
    endloop
  endfacet
  facet normal -0.803208 -0.595699 0
    outer loop
      vertex -14.1108 -12.8681 8
      vertex -13.9354 -13.1046 6
      vertex -13.9354 -13.1046 8
    endloop
  endfacet
  facet normal -0.773003 -0.634403 0
    outer loop
      vertex -13.8109 -13.2563 6
      vertex -13.9354 -13.1046 8
      vertex -13.9354 -13.1046 6
    endloop
  endfacet
  facet normal -0.773003 -0.634403 0
    outer loop
      vertex -13.9354 -13.1046 8
      vertex -13.8109 -13.2563 6
      vertex -13.8109 -13.2563 8
    endloop
  endfacet
  facet normal -0.740908 -0.671607 0
    outer loop
      vertex -13.6132 -13.4744 6
      vertex -13.8109 -13.2563 8
      vertex -13.8109 -13.2563 6
    endloop
  endfacet
  facet normal -0.740908 -0.671607 0
    outer loop
      vertex -13.8109 -13.2563 8
      vertex -13.6132 -13.4744 6
      vertex -13.6132 -13.4744 8
    endloop
  endfacet
  facet normal -0.707107 -0.707107 0
    outer loop
      vertex -13.4744 -13.6132 6
      vertex -13.6132 -13.4744 8
      vertex -13.6132 -13.4744 6
    endloop
  endfacet
  facet normal -0.707107 -0.707107 0
    outer loop
      vertex -13.6132 -13.4744 8
      vertex -13.4744 -13.6132 6
      vertex -13.4744 -13.6132 8
    endloop
  endfacet
  facet normal -0.671607 -0.740908 0
    outer loop
      vertex -13.4744 -13.6132 6
      vertex -13.2563 -13.8109 8
      vertex -13.4744 -13.6132 8
    endloop
  endfacet
  facet normal -0.671607 -0.740908 -0
    outer loop
      vertex -13.2563 -13.8109 8
      vertex -13.4744 -13.6132 6
      vertex -13.2563 -13.8109 6
    endloop
  endfacet
  facet normal -0.634403 -0.773003 0
    outer loop
      vertex -13.2563 -13.8109 6
      vertex -13.1046 -13.9354 8
      vertex -13.2563 -13.8109 8
    endloop
  endfacet
  facet normal -0.634403 -0.773003 -0
    outer loop
      vertex -13.1046 -13.9354 8
      vertex -13.2563 -13.8109 6
      vertex -13.1046 -13.9354 6
    endloop
  endfacet
  facet normal -0.595699 -0.803208 0
    outer loop
      vertex -13.1046 -13.9354 6
      vertex -12.8681 -14.1108 8
      vertex -13.1046 -13.9354 8
    endloop
  endfacet
  facet normal -0.595699 -0.803208 -0
    outer loop
      vertex -12.8681 -14.1108 8
      vertex -13.1046 -13.9354 6
      vertex -12.8681 -14.1108 6
    endloop
  endfacet
  facet normal -0.555758 -0.831344 0
    outer loop
      vertex -12.8681 -14.1108 6
      vertex -12.7049 -14.2199 8
      vertex -12.8681 -14.1108 8
    endloop
  endfacet
  facet normal -0.555758 -0.831344 -0
    outer loop
      vertex -12.7049 -14.2199 8
      vertex -12.8681 -14.1108 6
      vertex -12.7049 -14.2199 6
    endloop
  endfacet
  facet normal -0.513846 -0.857882 0
    outer loop
      vertex -12.7049 -14.2199 6
      vertex -12.4523 -14.3712 8
      vertex -12.7049 -14.2199 8
    endloop
  endfacet
  facet normal -0.513846 -0.857882 -0
    outer loop
      vertex -12.4523 -14.3712 8
      vertex -12.7049 -14.2199 6
      vertex -12.4523 -14.3712 6
    endloop
  endfacet
  facet normal -0.471514 -0.881859 0
    outer loop
      vertex -12.4523 -14.3712 6
      vertex -12.2793 -14.4637 8
      vertex -12.4523 -14.3712 8
    endloop
  endfacet
  facet normal -0.471514 -0.881859 -0
    outer loop
      vertex -12.2793 -14.4637 8
      vertex -12.4523 -14.3712 6
      vertex -12.2793 -14.4637 6
    endloop
  endfacet
  facet normal -0.427677 -0.903931 0
    outer loop
      vertex -12.2793 -14.4637 6
      vertex -12.0132 -14.5896 8
      vertex -12.2793 -14.4637 8
    endloop
  endfacet
  facet normal -0.427677 -0.903931 -0
    outer loop
      vertex -12.0132 -14.5896 8
      vertex -12.2793 -14.4637 6
      vertex -12.0132 -14.5896 6
    endloop
  endfacet
  facet normal -0.382517 -0.923949 0
    outer loop
      vertex -12.0132 -14.5896 6
      vertex -11.8318 -14.6647 8
      vertex -12.0132 -14.5896 8
    endloop
  endfacet
  facet normal -0.382517 -0.923949 -0
    outer loop
      vertex -11.8318 -14.6647 8
      vertex -12.0132 -14.5896 6
      vertex -11.8318 -14.6647 6
    endloop
  endfacet
  facet normal -0.336939 -0.941527 0
    outer loop
      vertex -11.8318 -14.6647 6
      vertex -11.5546 -14.7639 8
      vertex -11.8318 -14.6647 8
    endloop
  endfacet
  facet normal -0.336939 -0.941527 -0
    outer loop
      vertex -11.5546 -14.7639 8
      vertex -11.8318 -14.6647 6
      vertex -11.5546 -14.7639 6
    endloop
  endfacet
  facet normal -0.290432 -0.956896 0
    outer loop
      vertex -11.5546 -14.7639 6
      vertex -11.3668 -14.8209 8
      vertex -11.5546 -14.7639 8
    endloop
  endfacet
  facet normal -0.290432 -0.956896 -0
    outer loop
      vertex -11.3668 -14.8209 8
      vertex -11.5546 -14.7639 6
      vertex -11.3668 -14.8209 6
    endloop
  endfacet
  facet normal -0.242855 -0.970063 0
    outer loop
      vertex -11.3668 -14.8209 6
      vertex -11.0812 -14.8924 8
      vertex -11.3668 -14.8209 8
    endloop
  endfacet
  facet normal -0.242855 -0.970063 -0
    outer loop
      vertex -11.0812 -14.8924 8
      vertex -11.3668 -14.8209 6
      vertex -11.0812 -14.8924 6
    endloop
  endfacet
  facet normal -0.195136 -0.980776 0
    outer loop
      vertex -11.0812 -14.8924 6
      vertex -10.8887 -14.9307 8
      vertex -11.0812 -14.8924 8
    endloop
  endfacet
  facet normal -0.195136 -0.980776 -0
    outer loop
      vertex -10.8887 -14.9307 8
      vertex -11.0812 -14.8924 6
      vertex -10.8887 -14.9307 6
    endloop
  endfacet
  facet normal -0.146746 -0.989174 0
    outer loop
      vertex -10.8887 -14.9307 6
      vertex -10.5975 -14.9739 8
      vertex -10.8887 -14.9307 8
    endloop
  endfacet
  facet normal -0.146746 -0.989174 -0
    outer loop
      vertex -10.5975 -14.9739 8
      vertex -10.8887 -14.9307 6
      vertex -10.5975 -14.9739 6
    endloop
  endfacet
  facet normal -0.0978386 -0.995202 0
    outer loop
      vertex -10.5975 -14.9739 6
      vertex -10.4022 -14.9931 8
      vertex -10.5975 -14.9739 8
    endloop
  endfacet
  facet normal -0.0978386 -0.995202 -0
    outer loop
      vertex -10.4022 -14.9931 8
      vertex -10.5975 -14.9739 6
      vertex -10.4022 -14.9931 6
    endloop
  endfacet
  facet normal -0.0492599 -0.998786 0
    outer loop
      vertex -10.4022 -14.9931 6
      vertex -10.1082 -15.0076 8
      vertex -10.4022 -14.9931 8
    endloop
  endfacet
  facet normal -0.0492599 -0.998786 -0
    outer loop
      vertex -10.1082 -15.0076 8
      vertex -10.4022 -14.9931 6
      vertex -10.1082 -15.0076 6
    endloop
  endfacet
  facet normal -0.0244326 -0.999701 0
    outer loop
      vertex -10.1082 -15.0076 6
      vertex -10.01 -15.01 8
      vertex -10.1082 -15.0076 8
    endloop
  endfacet
  facet normal -0.0244326 -0.999701 -0
    outer loop
      vertex -10.01 -15.01 8
      vertex -10.1082 -15.0076 6
      vertex -10.01 -15.01 6
    endloop
  endfacet
  facet normal 0 -1 0
    outer loop
      vertex 3 -15.01 6
      vertex 10.01 -15.01 8
      vertex 3 -15.01 8
    endloop
  endfacet
  facet normal 0 -1 -0
    outer loop
      vertex 10.01 -15.01 8
      vertex 3 -15.01 6
      vertex 10.01 -15.01 6
    endloop
  endfacet
  facet normal 0 -1 0
    outer loop
      vertex -10.01 -15.01 6
      vertex -3 -15.01 8
      vertex -10.01 -15.01 8
    endloop
  endfacet
  facet normal 0 -1 -0
    outer loop
      vertex -3 -15.01 8
      vertex -10.01 -15.01 6
      vertex -3 -15.01 6
    endloop
  endfacet
  facet normal 0.0244326 -0.999701 0
    outer loop
      vertex 10.01 -15.01 6
      vertex 10.1082 -15.0076 8
      vertex 10.01 -15.01 8
    endloop
  endfacet
  facet normal 0.0244326 -0.999701 0
    outer loop
      vertex 10.1082 -15.0076 8
      vertex 10.01 -15.01 6
      vertex 10.1082 -15.0076 6
    endloop
  endfacet
  facet normal -0.857787 0.514005 0
    outer loop
      vertex 31.2345 -1.13892 0
      vertex 31.3379 -0.966363 6
      vertex 31.3379 -0.966363 0
    endloop
  endfacet
  facet normal -0.857787 0.514005 0
    outer loop
      vertex 31.3379 -0.966363 6
      vertex 31.2345 -1.13892 0
      vertex 31.2345 -1.13892 6
    endloop
  endfacet
  facet normal -0.98919 -0.146638 0
    outer loop
      vertex 31.5701 0.200934 0
      vertex 31.5406 0.399935 6
      vertex 31.5406 0.399935 0
    endloop
  endfacet
  facet normal -0.98919 -0.146638 0
    outer loop
      vertex 31.5406 0.399935 6
      vertex 31.5701 0.200934 0
      vertex 31.5701 0.200934 6
    endloop
  endfacet
  facet normal -0.998788 -0.0492102 0
    outer loop
      vertex 31.58 0 0
      vertex 31.5701 0.200934 6
      vertex 31.5701 0.200934 0
    endloop
  endfacet
  facet normal -0.998788 -0.0492102 0
    outer loop
      vertex 31.5701 0.200934 6
      vertex 31.58 0 0
      vertex 31.58 0 6
    endloop
  endfacet
  facet normal -0.97001 -0.243064 0
    outer loop
      vertex 31.5406 0.399935 0
      vertex 31.4917 0.595083 6
      vertex 31.4917 0.595083 0
    endloop
  endfacet
  facet normal -0.97001 -0.243064 0
    outer loop
      vertex 31.4917 0.595083 6
      vertex 31.5406 0.399935 0
      vertex 31.5406 0.399935 6
    endloop
  endfacet
  facet normal -0.857787 -0.514005 0
    outer loop
      vertex 31.3379 0.966363 0
      vertex 31.2345 1.13892 6
      vertex 31.2345 1.13892 0
    endloop
  endfacet
  facet normal -0.857787 -0.514005 0
    outer loop
      vertex 31.2345 1.13892 6
      vertex 31.3379 0.966363 0
      vertex 31.3379 0.966363 6
    endloop
  endfacet
  facet normal 0.97001 0.243064 0
    outer loop
      vertex 27.5683 -0.595083 6
      vertex 27.5194 -0.399935 0
      vertex 27.5194 -0.399935 6
    endloop
  endfacet
  facet normal 0.97001 0.243064 0
    outer loop
      vertex 27.5194 -0.399935 0
      vertex 27.5683 -0.595083 6
      vertex 27.5683 -0.595083 0
    endloop
  endfacet
  facet normal 0.427465 -0.904032 0
    outer loop
      vertex 28.5636 1.80794 0
      vertex 28.7455 1.89395 6
      vertex 28.5636 1.80794 6
    endloop
  endfacet
  facet normal 0.427465 -0.904032 0
    outer loop
      vertex 28.7455 1.89395 6
      vertex 28.5636 1.80794 0
      vertex 28.7455 1.89395 0
    endloop
  endfacet
  facet normal 0.51424 -0.857646 0
    outer loop
      vertex 28.3911 1.70451 0
      vertex 28.5636 1.80794 6
      vertex 28.3911 1.70451 6
    endloop
  endfacet
  facet normal 0.51424 -0.857646 0
    outer loop
      vertex 28.5636 1.80794 6
      vertex 28.3911 1.70451 0
      vertex 28.5636 1.80794 0
    endloop
  endfacet
  facet normal -0.67146 -0.741041 0
    outer loop
      vertex 30.8305 1.58467 0
      vertex 30.9796 1.44957 6
      vertex 30.8305 1.58467 6
    endloop
  endfacet
  facet normal -0.67146 -0.741041 -0
    outer loop
      vertex 30.9796 1.44957 6
      vertex 30.8305 1.58467 0
      vertex 30.9796 1.44957 0
    endloop
  endfacet
  facet normal -0.941661 0.336562 0
    outer loop
      vertex 31.424 -0.7845 0
      vertex 31.4917 -0.595083 6
      vertex 31.4917 -0.595083 0
    endloop
  endfacet
  facet normal -0.941661 0.336562 0
    outer loop
      vertex 31.4917 -0.595083 6
      vertex 31.424 -0.7845 0
      vertex 31.424 -0.7845 6
    endloop
  endfacet
  facet normal -0.740951 -0.671559 0
    outer loop
      vertex 31.1147 1.30051 0
      vertex 30.9796 1.44957 6
      vertex 30.9796 1.44957 0
    endloop
  endfacet
  facet normal -0.740951 -0.671559 0
    outer loop
      vertex 30.9796 1.44957 6
      vertex 31.1147 1.30051 0
      vertex 31.1147 1.30051 6
    endloop
  endfacet
  facet normal 0.67146 -0.741041 0
    outer loop
      vertex 28.0804 1.44957 0
      vertex 28.2295 1.58467 6
      vertex 28.0804 1.44957 6
    endloop
  endfacet
  facet normal 0.67146 -0.741041 0
    outer loop
      vertex 28.2295 1.58467 6
      vertex 28.0804 1.44957 0
      vertex 28.2295 1.58467 0
    endloop
  endfacet
  facet normal -0.51424 -0.857646 0
    outer loop
      vertex 30.4964 1.80794 0
      vertex 30.6689 1.70451 6
      vertex 30.4964 1.80794 6
    endloop
  endfacet
  facet normal -0.51424 -0.857646 -0
    outer loop
      vertex 30.6689 1.70451 6
      vertex 30.4964 1.80794 0
      vertex 30.6689 1.70451 0
    endloop
  endfacet
  facet normal -0.595665 -0.803233 0
    outer loop
      vertex 30.6689 1.70451 0
      vertex 30.8305 1.58467 6
      vertex 30.6689 1.70451 6
    endloop
  endfacet
  facet normal -0.595665 -0.803233 -0
    outer loop
      vertex 30.8305 1.58467 6
      vertex 30.6689 1.70451 0
      vertex 30.8305 1.58467 0
    endloop
  endfacet
  facet normal -0.336941 0.941526 0
    outer loop
      vertex 30.3145 -1.89395 0
      vertex 30.1251 -1.96173 6
      vertex 30.3145 -1.89395 6
    endloop
  endfacet
  facet normal -0.336941 0.941526 0
    outer loop
      vertex 30.1251 -1.96173 6
      vertex 30.3145 -1.89395 0
      vertex 30.1251 -1.96173 0
    endloop
  endfacet
  facet normal 0.146736 0.989176 -0
    outer loop
      vertex 29.3291 -2.04013 0
      vertex 29.1301 -2.01061 6
      vertex 29.3291 -2.04013 6
    endloop
  endfacet
  facet normal 0.146736 0.989176 0
    outer loop
      vertex 29.1301 -2.01061 6
      vertex 29.3291 -2.04013 0
      vertex 29.1301 -2.01061 0
    endloop
  endfacet
  facet normal -0.336941 -0.941526 0
    outer loop
      vertex 30.1251 1.96173 0
      vertex 30.3145 1.89395 6
      vertex 30.1251 1.96173 6
    endloop
  endfacet
  facet normal -0.336941 -0.941526 -0
    outer loop
      vertex 30.3145 1.89395 6
      vertex 30.1251 1.96173 0
      vertex 30.3145 1.89395 0
    endloop
  endfacet
  facet normal -0.803311 0.59556 0
    outer loop
      vertex 31.1147 -1.30051 0
      vertex 31.2345 -1.13892 6
      vertex 31.2345 -1.13892 0
    endloop
  endfacet
  facet normal -0.803311 0.59556 0
    outer loop
      vertex 31.2345 -1.13892 6
      vertex 31.1147 -1.30051 0
      vertex 31.1147 -1.30051 6
    endloop
  endfacet
  facet normal 0.857787 -0.514005 0
    outer loop
      vertex 27.7221 0.966363 6
      vertex 27.8255 1.13892 0
      vertex 27.8255 1.13892 6
    endloop
  endfacet
  facet normal 0.857787 -0.514005 0
    outer loop
      vertex 27.8255 1.13892 0
      vertex 27.7221 0.966363 6
      vertex 27.7221 0.966363 0
    endloop
  endfacet
  facet normal 0.98919 -0.146638 0
    outer loop
      vertex 27.4899 0.200934 6
      vertex 27.5194 0.399935 0
      vertex 27.5194 0.399935 6
    endloop
  endfacet
  facet normal 0.98919 -0.146638 0
    outer loop
      vertex 27.5194 0.399935 0
      vertex 27.4899 0.200934 6
      vertex 27.4899 0.200934 0
    endloop
  endfacet
  facet normal -0.998788 0.0492102 0
    outer loop
      vertex 31.5701 -0.200934 0
      vertex 31.58 0 6
      vertex 31.58 0 0
    endloop
  endfacet
  facet normal -0.998788 0.0492102 0
    outer loop
      vertex 31.58 0 6
      vertex 31.5701 -0.200934 0
      vertex 31.5701 -0.200934 6
    endloop
  endfacet
  facet normal 0.903826 0.427901 0
    outer loop
      vertex 27.7221 -0.966363 6
      vertex 27.636 -0.7845 0
      vertex 27.636 -0.7845 6
    endloop
  endfacet
  facet normal 0.903826 0.427901 0
    outer loop
      vertex 27.636 -0.7845 0
      vertex 27.7221 -0.966363 6
      vertex 27.7221 -0.966363 0
    endloop
  endfacet
  facet normal 0.998788 0.0492102 0
    outer loop
      vertex 27.4899 -0.200934 6
      vertex 27.48 0 0
      vertex 27.48 0 6
    endloop
  endfacet
  facet normal 0.998788 0.0492102 0
    outer loop
      vertex 27.48 0 0
      vertex 27.4899 -0.200934 6
      vertex 27.4899 -0.200934 0
    endloop
  endfacet
  facet normal -0.51424 0.857646 0
    outer loop
      vertex 30.6689 -1.70451 0
      vertex 30.4964 -1.80794 6
      vertex 30.6689 -1.70451 6
    endloop
  endfacet
  facet normal -0.51424 0.857646 0
    outer loop
      vertex 30.4964 -1.80794 6
      vertex 30.6689 -1.70451 0
      vertex 30.4964 -1.80794 0
    endloop
  endfacet
  facet normal -0.903826 -0.427901 0
    outer loop
      vertex 31.424 0.7845 0
      vertex 31.3379 0.966363 6
      vertex 31.3379 0.966363 0
    endloop
  endfacet
  facet normal -0.903826 -0.427901 0
    outer loop
      vertex 31.3379 0.966363 6
      vertex 31.424 0.7845 0
      vertex 31.424 0.7845 6
    endloop
  endfacet
  facet normal 0.24291 -0.970049 0
    outer loop
      vertex 28.9349 1.96173 0
      vertex 29.1301 2.01061 6
      vertex 28.9349 1.96173 6
    endloop
  endfacet
  facet normal 0.24291 -0.970049 0
    outer loop
      vertex 29.1301 2.01061 6
      vertex 28.9349 1.96173 0
      vertex 29.1301 2.01061 0
    endloop
  endfacet
  facet normal 0.595665 -0.803233 0
    outer loop
      vertex 28.2295 1.58467 0
      vertex 28.3911 1.70451 6
      vertex 28.2295 1.58467 6
    endloop
  endfacet
  facet normal 0.595665 -0.803233 0
    outer loop
      vertex 28.3911 1.70451 6
      vertex 28.2295 1.58467 0
      vertex 28.3911 1.70451 0
    endloop
  endfacet
  facet normal -0.146736 0.989176 0
    outer loop
      vertex 29.9299 -2.01061 0
      vertex 29.7309 -2.04013 6
      vertex 29.9299 -2.01061 6
    endloop
  endfacet
  facet normal -0.146736 0.989176 0
    outer loop
      vertex 29.7309 -2.04013 6
      vertex 29.9299 -2.01061 0
      vertex 29.7309 -2.04013 0
    endloop
  endfacet
  facet normal 0.941661 0.336562 0
    outer loop
      vertex 27.636 -0.7845 6
      vertex 27.5683 -0.595083 0
      vertex 27.5683 -0.595083 6
    endloop
  endfacet
  facet normal 0.941661 0.336562 0
    outer loop
      vertex 27.5683 -0.595083 0
      vertex 27.636 -0.7845 6
      vertex 27.636 -0.7845 0
    endloop
  endfacet
  facet normal -0.98919 0.146638 0
    outer loop
      vertex 31.5406 -0.399935 0
      vertex 31.5701 -0.200934 6
      vertex 31.5701 -0.200934 0
    endloop
  endfacet
  facet normal -0.98919 0.146638 0
    outer loop
      vertex 31.5701 -0.200934 6
      vertex 31.5406 -0.399935 0
      vertex 31.5406 -0.399935 6
    endloop
  endfacet
  facet normal -0.427465 0.904032 0
    outer loop
      vertex 30.4964 -1.80794 0
      vertex 30.3145 -1.89395 6
      vertex 30.4964 -1.80794 6
    endloop
  endfacet
  facet normal -0.427465 0.904032 0
    outer loop
      vertex 30.3145 -1.89395 6
      vertex 30.4964 -1.80794 0
      vertex 30.3145 -1.89395 0
    endloop
  endfacet
  facet normal 0.336941 -0.941526 0
    outer loop
      vertex 28.7455 1.89395 0
      vertex 28.9349 1.96173 6
      vertex 28.7455 1.89395 6
    endloop
  endfacet
  facet normal 0.336941 -0.941526 0
    outer loop
      vertex 28.9349 1.96173 6
      vertex 28.7455 1.89395 0
      vertex 28.9349 1.96173 0
    endloop
  endfacet
  facet normal 0.427465 0.904032 -0
    outer loop
      vertex 28.7455 -1.89395 0
      vertex 28.5636 -1.80794 6
      vertex 28.7455 -1.89395 6
    endloop
  endfacet
  facet normal 0.427465 0.904032 0
    outer loop
      vertex 28.5636 -1.80794 6
      vertex 28.7455 -1.89395 0
      vertex 28.5636 -1.80794 0
    endloop
  endfacet
  facet normal -0.595665 0.803233 0
    outer loop
      vertex 30.8305 -1.58467 0
      vertex 30.6689 -1.70451 6
      vertex 30.8305 -1.58467 6
    endloop
  endfacet
  facet normal -0.595665 0.803233 0
    outer loop
      vertex 30.6689 -1.70451 6
      vertex 30.8305 -1.58467 0
      vertex 30.6689 -1.70451 0
    endloop
  endfacet
  facet normal -0.146736 -0.989176 0
    outer loop
      vertex 29.7309 2.04013 0
      vertex 29.9299 2.01061 6
      vertex 29.7309 2.04013 6
    endloop
  endfacet
  facet normal -0.146736 -0.989176 -0
    outer loop
      vertex 29.9299 2.01061 6
      vertex 29.7309 2.04013 0
      vertex 29.9299 2.01061 0
    endloop
  endfacet
  facet normal 0.0490697 0.998795 -0
    outer loop
      vertex 29.53 -2.05 0
      vertex 29.3291 -2.04013 6
      vertex 29.53 -2.05 6
    endloop
  endfacet
  facet normal 0.0490697 0.998795 0
    outer loop
      vertex 29.3291 -2.04013 6
      vertex 29.53 -2.05 0
      vertex 29.3291 -2.04013 0
    endloop
  endfacet
  facet normal -0.0490697 0.998795 0
    outer loop
      vertex 29.7309 -2.04013 0
      vertex 29.53 -2.05 6
      vertex 29.7309 -2.04013 6
    endloop
  endfacet
  facet normal -0.0490697 0.998795 0
    outer loop
      vertex 29.53 -2.05 6
      vertex 29.7309 -2.04013 0
      vertex 29.53 -2.05 0
    endloop
  endfacet
  facet normal 0.941661 -0.336562 0
    outer loop
      vertex 27.5683 0.595083 6
      vertex 27.636 0.7845 0
      vertex 27.636 0.7845 6
    endloop
  endfacet
  facet normal 0.941661 -0.336562 0
    outer loop
      vertex 27.636 0.7845 0
      vertex 27.5683 0.595083 6
      vertex 27.5683 0.595083 0
    endloop
  endfacet
  facet normal -0.24291 -0.970049 0
    outer loop
      vertex 29.9299 2.01061 0
      vertex 30.1251 1.96173 6
      vertex 29.9299 2.01061 6
    endloop
  endfacet
  facet normal -0.24291 -0.970049 -0
    outer loop
      vertex 30.1251 1.96173 6
      vertex 29.9299 2.01061 0
      vertex 30.1251 1.96173 0
    endloop
  endfacet
  facet normal 0.595665 0.803233 -0
    outer loop
      vertex 28.3911 -1.70451 0
      vertex 28.2295 -1.58467 6
      vertex 28.3911 -1.70451 6
    endloop
  endfacet
  facet normal 0.595665 0.803233 0
    outer loop
      vertex 28.2295 -1.58467 6
      vertex 28.3911 -1.70451 0
      vertex 28.2295 -1.58467 0
    endloop
  endfacet
  facet normal 0.97001 -0.243064 0
    outer loop
      vertex 27.5194 0.399935 6
      vertex 27.5683 0.595083 0
      vertex 27.5683 0.595083 6
    endloop
  endfacet
  facet normal 0.97001 -0.243064 0
    outer loop
      vertex 27.5683 0.595083 0
      vertex 27.5194 0.399935 6
      vertex 27.5194 0.399935 0
    endloop
  endfacet
  facet normal -0.427465 -0.904032 0
    outer loop
      vertex 30.3145 1.89395 0
      vertex 30.4964 1.80794 6
      vertex 30.3145 1.89395 6
    endloop
  endfacet
  facet normal -0.427465 -0.904032 -0
    outer loop
      vertex 30.4964 1.80794 6
      vertex 30.3145 1.89395 0
      vertex 30.4964 1.80794 0
    endloop
  endfacet
  facet normal 0.803311 -0.59556 0
    outer loop
      vertex 27.8255 1.13892 6
      vertex 27.9453 1.30051 0
      vertex 27.9453 1.30051 6
    endloop
  endfacet
  facet normal 0.803311 -0.59556 0
    outer loop
      vertex 27.9453 1.30051 0
      vertex 27.8255 1.13892 6
      vertex 27.8255 1.13892 0
    endloop
  endfacet
  facet normal -0.903826 0.427901 0
    outer loop
      vertex 31.3379 -0.966363 0
      vertex 31.424 -0.7845 6
      vertex 31.424 -0.7845 0
    endloop
  endfacet
  facet normal -0.903826 0.427901 0
    outer loop
      vertex 31.424 -0.7845 6
      vertex 31.3379 -0.966363 0
      vertex 31.3379 -0.966363 6
    endloop
  endfacet
  facet normal 0.336941 0.941526 -0
    outer loop
      vertex 28.9349 -1.96173 0
      vertex 28.7455 -1.89395 6
      vertex 28.9349 -1.96173 6
    endloop
  endfacet
  facet normal 0.336941 0.941526 0
    outer loop
      vertex 28.7455 -1.89395 6
      vertex 28.9349 -1.96173 0
      vertex 28.7455 -1.89395 0
    endloop
  endfacet
  facet normal -0.941661 -0.336562 0
    outer loop
      vertex 31.4917 0.595083 0
      vertex 31.424 0.7845 6
      vertex 31.424 0.7845 0
    endloop
  endfacet
  facet normal -0.941661 -0.336562 0
    outer loop
      vertex 31.424 0.7845 6
      vertex 31.4917 0.595083 0
      vertex 31.4917 0.595083 6
    endloop
  endfacet
  facet normal 0.803311 0.59556 0
    outer loop
      vertex 27.9453 -1.30051 6
      vertex 27.8255 -1.13892 0
      vertex 27.8255 -1.13892 6
    endloop
  endfacet
  facet normal 0.803311 0.59556 0
    outer loop
      vertex 27.8255 -1.13892 0
      vertex 27.9453 -1.30051 6
      vertex 27.9453 -1.30051 0
    endloop
  endfacet
  facet normal -0.0490697 -0.998795 0
    outer loop
      vertex 29.53 2.05 0
      vertex 29.7309 2.04013 6
      vertex 29.53 2.05 6
    endloop
  endfacet
  facet normal -0.0490697 -0.998795 -0
    outer loop
      vertex 29.7309 2.04013 6
      vertex 29.53 2.05 0
      vertex 29.7309 2.04013 0
    endloop
  endfacet
  facet normal -0.740951 0.671559 0
    outer loop
      vertex 30.9796 -1.44957 0
      vertex 31.1147 -1.30051 6
      vertex 31.1147 -1.30051 0
    endloop
  endfacet
  facet normal -0.740951 0.671559 0
    outer loop
      vertex 31.1147 -1.30051 6
      vertex 30.9796 -1.44957 0
      vertex 30.9796 -1.44957 6
    endloop
  endfacet
  facet normal 0.0490697 -0.998795 0
    outer loop
      vertex 29.3291 2.04013 0
      vertex 29.53 2.05 6
      vertex 29.3291 2.04013 6
    endloop
  endfacet
  facet normal 0.0490697 -0.998795 0
    outer loop
      vertex 29.53 2.05 6
      vertex 29.3291 2.04013 0
      vertex 29.53 2.05 0
    endloop
  endfacet
  facet normal 0.998788 -0.0492102 0
    outer loop
      vertex 27.48 0 6
      vertex 27.4899 0.200934 0
      vertex 27.4899 0.200934 6
    endloop
  endfacet
  facet normal 0.998788 -0.0492102 0
    outer loop
      vertex 27.4899 0.200934 0
      vertex 27.48 0 6
      vertex 27.48 0 0
    endloop
  endfacet
  facet normal 0.146736 -0.989176 0
    outer loop
      vertex 29.1301 2.01061 0
      vertex 29.3291 2.04013 6
      vertex 29.1301 2.01061 6
    endloop
  endfacet
  facet normal 0.146736 -0.989176 0
    outer loop
      vertex 29.3291 2.04013 6
      vertex 29.1301 2.01061 0
      vertex 29.3291 2.04013 0
    endloop
  endfacet
  facet normal 0.98919 0.146638 0
    outer loop
      vertex 27.5194 -0.399935 6
      vertex 27.4899 -0.200934 0
      vertex 27.4899 -0.200934 6
    endloop
  endfacet
  facet normal 0.98919 0.146638 0
    outer loop
      vertex 27.4899 -0.200934 0
      vertex 27.5194 -0.399935 6
      vertex 27.5194 -0.399935 0
    endloop
  endfacet
  facet normal 0.903826 -0.427901 0
    outer loop
      vertex 27.636 0.7845 6
      vertex 27.7221 0.966363 0
      vertex 27.7221 0.966363 6
    endloop
  endfacet
  facet normal 0.903826 -0.427901 0
    outer loop
      vertex 27.7221 0.966363 0
      vertex 27.636 0.7845 6
      vertex 27.636 0.7845 0
    endloop
  endfacet
  facet normal -0.24291 0.970049 0
    outer loop
      vertex 30.1251 -1.96173 0
      vertex 29.9299 -2.01061 6
      vertex 30.1251 -1.96173 6
    endloop
  endfacet
  facet normal -0.24291 0.970049 0
    outer loop
      vertex 29.9299 -2.01061 6
      vertex 30.1251 -1.96173 0
      vertex 29.9299 -2.01061 0
    endloop
  endfacet
  facet normal -0.803311 -0.59556 0
    outer loop
      vertex 31.2345 1.13892 0
      vertex 31.1147 1.30051 6
      vertex 31.1147 1.30051 0
    endloop
  endfacet
  facet normal -0.803311 -0.59556 0
    outer loop
      vertex 31.1147 1.30051 6
      vertex 31.2345 1.13892 0
      vertex 31.2345 1.13892 6
    endloop
  endfacet
  facet normal 0.740951 0.671559 0
    outer loop
      vertex 28.0804 -1.44957 6
      vertex 27.9453 -1.30051 0
      vertex 27.9453 -1.30051 6
    endloop
  endfacet
  facet normal 0.740951 0.671559 0
    outer loop
      vertex 27.9453 -1.30051 0
      vertex 28.0804 -1.44957 6
      vertex 28.0804 -1.44957 0
    endloop
  endfacet
  facet normal -0.97001 0.243064 0
    outer loop
      vertex 31.4917 -0.595083 0
      vertex 31.5406 -0.399935 6
      vertex 31.5406 -0.399935 0
    endloop
  endfacet
  facet normal -0.97001 0.243064 0
    outer loop
      vertex 31.5406 -0.399935 6
      vertex 31.4917 -0.595083 0
      vertex 31.4917 -0.595083 6
    endloop
  endfacet
  facet normal 0.67146 0.741041 -0
    outer loop
      vertex 28.2295 -1.58467 0
      vertex 28.0804 -1.44957 6
      vertex 28.2295 -1.58467 6
    endloop
  endfacet
  facet normal 0.67146 0.741041 0
    outer loop
      vertex 28.0804 -1.44957 6
      vertex 28.2295 -1.58467 0
      vertex 28.0804 -1.44957 0
    endloop
  endfacet
  facet normal 0.740951 -0.671559 0
    outer loop
      vertex 27.9453 1.30051 6
      vertex 28.0804 1.44957 0
      vertex 28.0804 1.44957 6
    endloop
  endfacet
  facet normal 0.740951 -0.671559 0
    outer loop
      vertex 28.0804 1.44957 0
      vertex 27.9453 1.30051 6
      vertex 27.9453 1.30051 0
    endloop
  endfacet
  facet normal 0.51424 0.857646 -0
    outer loop
      vertex 28.5636 -1.80794 0
      vertex 28.3911 -1.70451 6
      vertex 28.5636 -1.80794 6
    endloop
  endfacet
  facet normal 0.51424 0.857646 0
    outer loop
      vertex 28.3911 -1.70451 6
      vertex 28.5636 -1.80794 0
      vertex 28.3911 -1.70451 0
    endloop
  endfacet
  facet normal 0.24291 0.970049 -0
    outer loop
      vertex 29.1301 -2.01061 0
      vertex 28.9349 -1.96173 6
      vertex 29.1301 -2.01061 6
    endloop
  endfacet
  facet normal 0.24291 0.970049 0
    outer loop
      vertex 28.9349 -1.96173 6
      vertex 29.1301 -2.01061 0
      vertex 28.9349 -1.96173 0
    endloop
  endfacet
  facet normal 0.857787 0.514005 0
    outer loop
      vertex 27.8255 -1.13892 6
      vertex 27.7221 -0.966363 0
      vertex 27.7221 -0.966363 6
    endloop
  endfacet
  facet normal 0.857787 0.514005 0
    outer loop
      vertex 27.7221 -0.966363 0
      vertex 27.8255 -1.13892 6
      vertex 27.8255 -1.13892 0
    endloop
  endfacet
  facet normal -0.67146 0.741041 0
    outer loop
      vertex 30.9796 -1.44957 0
      vertex 30.8305 -1.58467 6
      vertex 30.9796 -1.44957 6
    endloop
  endfacet
  facet normal -0.67146 0.741041 0
    outer loop
      vertex 30.8305 -1.58467 6
      vertex 30.9796 -1.44957 0
      vertex 30.8305 -1.58467 0
    endloop
  endfacet
  facet normal -0.98919 0.146638 0
    outer loop
      vertex -27.5194 -0.399935 0
      vertex -27.4899 -0.200934 6
      vertex -27.4899 -0.200934 0
    endloop
  endfacet
  facet normal -0.98919 0.146638 0
    outer loop
      vertex -27.4899 -0.200934 6
      vertex -27.5194 -0.399935 0
      vertex -27.5194 -0.399935 6
    endloop
  endfacet
  facet normal 0.427465 0.904032 -0
    outer loop
      vertex -30.3145 -1.89395 0
      vertex -30.4964 -1.80794 6
      vertex -30.3145 -1.89395 6
    endloop
  endfacet
  facet normal 0.427465 0.904032 0
    outer loop
      vertex -30.4964 -1.80794 6
      vertex -30.3145 -1.89395 0
      vertex -30.4964 -1.80794 0
    endloop
  endfacet
  facet normal -0.0490697 0.998795 0
    outer loop
      vertex -29.3291 -2.04013 0
      vertex -29.53 -2.05 6
      vertex -29.3291 -2.04013 6
    endloop
  endfacet
  facet normal -0.0490697 0.998795 0
    outer loop
      vertex -29.53 -2.05 6
      vertex -29.3291 -2.04013 0
      vertex -29.53 -2.05 0
    endloop
  endfacet
  facet normal 0.903826 -0.427901 0
    outer loop
      vertex -31.424 0.7845 6
      vertex -31.3379 0.966363 0
      vertex -31.3379 0.966363 6
    endloop
  endfacet
  facet normal 0.903826 -0.427901 0
    outer loop
      vertex -31.3379 0.966363 0
      vertex -31.424 0.7845 6
      vertex -31.424 0.7845 0
    endloop
  endfacet
  facet normal 0.146736 -0.989176 0
    outer loop
      vertex -29.9299 2.01061 0
      vertex -29.7309 2.04013 6
      vertex -29.9299 2.01061 6
    endloop
  endfacet
  facet normal 0.146736 -0.989176 0
    outer loop
      vertex -29.7309 2.04013 6
      vertex -29.9299 2.01061 0
      vertex -29.7309 2.04013 0
    endloop
  endfacet
  facet normal 0.740951 -0.671559 0
    outer loop
      vertex -31.1147 1.30051 6
      vertex -30.9796 1.44957 0
      vertex -30.9796 1.44957 6
    endloop
  endfacet
  facet normal 0.740951 -0.671559 0
    outer loop
      vertex -30.9796 1.44957 0
      vertex -31.1147 1.30051 6
      vertex -31.1147 1.30051 0
    endloop
  endfacet
  facet normal -0.51424 0.857646 0
    outer loop
      vertex -28.3911 -1.70451 0
      vertex -28.5636 -1.80794 6
      vertex -28.3911 -1.70451 6
    endloop
  endfacet
  facet normal -0.51424 0.857646 0
    outer loop
      vertex -28.5636 -1.80794 6
      vertex -28.3911 -1.70451 0
      vertex -28.5636 -1.80794 0
    endloop
  endfacet
  facet normal 0.998788 -0.0492102 0
    outer loop
      vertex -31.58 0 6
      vertex -31.5701 0.200934 0
      vertex -31.5701 0.200934 6
    endloop
  endfacet
  facet normal 0.998788 -0.0492102 0
    outer loop
      vertex -31.5701 0.200934 0
      vertex -31.58 0 6
      vertex -31.58 0 0
    endloop
  endfacet
  facet normal 0.857787 -0.514005 0
    outer loop
      vertex -31.3379 0.966363 6
      vertex -31.2345 1.13892 0
      vertex -31.2345 1.13892 6
    endloop
  endfacet
  facet normal 0.857787 -0.514005 0
    outer loop
      vertex -31.2345 1.13892 0
      vertex -31.3379 0.966363 6
      vertex -31.3379 0.966363 0
    endloop
  endfacet
  facet normal 0.740951 0.671559 0
    outer loop
      vertex -30.9796 -1.44957 6
      vertex -31.1147 -1.30051 0
      vertex -31.1147 -1.30051 6
    endloop
  endfacet
  facet normal 0.740951 0.671559 0
    outer loop
      vertex -31.1147 -1.30051 0
      vertex -30.9796 -1.44957 6
      vertex -30.9796 -1.44957 0
    endloop
  endfacet
  facet normal -0.941661 -0.336562 0
    outer loop
      vertex -27.5683 0.595083 0
      vertex -27.636 0.7845 6
      vertex -27.636 0.7845 0
    endloop
  endfacet
  facet normal -0.941661 -0.336562 0
    outer loop
      vertex -27.636 0.7845 6
      vertex -27.5683 0.595083 0
      vertex -27.5683 0.595083 6
    endloop
  endfacet
  facet normal -0.336941 0.941526 0
    outer loop
      vertex -28.7455 -1.89395 0
      vertex -28.9349 -1.96173 6
      vertex -28.7455 -1.89395 6
    endloop
  endfacet
  facet normal -0.336941 0.941526 0
    outer loop
      vertex -28.9349 -1.96173 6
      vertex -28.7455 -1.89395 0
      vertex -28.9349 -1.96173 0
    endloop
  endfacet
  facet normal -0.67146 -0.741041 0
    outer loop
      vertex -28.2295 1.58467 0
      vertex -28.0804 1.44957 6
      vertex -28.2295 1.58467 6
    endloop
  endfacet
  facet normal -0.67146 -0.741041 -0
    outer loop
      vertex -28.0804 1.44957 6
      vertex -28.2295 1.58467 0
      vertex -28.0804 1.44957 0
    endloop
  endfacet
  facet normal -0.336941 -0.941526 0
    outer loop
      vertex -28.9349 1.96173 0
      vertex -28.7455 1.89395 6
      vertex -28.9349 1.96173 6
    endloop
  endfacet
  facet normal -0.336941 -0.941526 -0
    outer loop
      vertex -28.7455 1.89395 6
      vertex -28.9349 1.96173 0
      vertex -28.7455 1.89395 0
    endloop
  endfacet
  facet normal 0.51424 -0.857646 0
    outer loop
      vertex -30.6689 1.70451 0
      vertex -30.4964 1.80794 6
      vertex -30.6689 1.70451 6
    endloop
  endfacet
  facet normal 0.51424 -0.857646 0
    outer loop
      vertex -30.4964 1.80794 6
      vertex -30.6689 1.70451 0
      vertex -30.4964 1.80794 0
    endloop
  endfacet
  facet normal -0.98919 -0.146638 0
    outer loop
      vertex -27.4899 0.200934 0
      vertex -27.5194 0.399935 6
      vertex -27.5194 0.399935 0
    endloop
  endfacet
  facet normal -0.98919 -0.146638 0
    outer loop
      vertex -27.5194 0.399935 6
      vertex -27.4899 0.200934 0
      vertex -27.4899 0.200934 6
    endloop
  endfacet
  facet normal -0.24291 -0.970049 0
    outer loop
      vertex -29.1301 2.01061 0
      vertex -28.9349 1.96173 6
      vertex -29.1301 2.01061 6
    endloop
  endfacet
  facet normal -0.24291 -0.970049 -0
    outer loop
      vertex -28.9349 1.96173 6
      vertex -29.1301 2.01061 0
      vertex -28.9349 1.96173 0
    endloop
  endfacet
  facet normal 0.97001 -0.243064 0
    outer loop
      vertex -31.5406 0.399935 6
      vertex -31.4917 0.595083 0
      vertex -31.4917 0.595083 6
    endloop
  endfacet
  facet normal 0.97001 -0.243064 0
    outer loop
      vertex -31.4917 0.595083 0
      vertex -31.5406 0.399935 6
      vertex -31.5406 0.399935 0
    endloop
  endfacet
  facet normal -0.998788 -0.0492102 0
    outer loop
      vertex -27.48 0 0
      vertex -27.4899 0.200934 6
      vertex -27.4899 0.200934 0
    endloop
  endfacet
  facet normal -0.998788 -0.0492102 0
    outer loop
      vertex -27.4899 0.200934 6
      vertex -27.48 0 0
      vertex -27.48 0 6
    endloop
  endfacet
  facet normal 0.98919 0.146638 0
    outer loop
      vertex -31.5406 -0.399935 6
      vertex -31.5701 -0.200934 0
      vertex -31.5701 -0.200934 6
    endloop
  endfacet
  facet normal 0.98919 0.146638 0
    outer loop
      vertex -31.5701 -0.200934 0
      vertex -31.5406 -0.399935 6
      vertex -31.5406 -0.399935 0
    endloop
  endfacet
  facet normal -0.427465 -0.904032 0
    outer loop
      vertex -28.7455 1.89395 0
      vertex -28.5636 1.80794 6
      vertex -28.7455 1.89395 6
    endloop
  endfacet
  facet normal -0.427465 -0.904032 -0
    outer loop
      vertex -28.5636 1.80794 6
      vertex -28.7455 1.89395 0
      vertex -28.5636 1.80794 0
    endloop
  endfacet
  facet normal 0.0490697 -0.998795 0
    outer loop
      vertex -29.7309 2.04013 0
      vertex -29.53 2.05 6
      vertex -29.7309 2.04013 6
    endloop
  endfacet
  facet normal 0.0490697 -0.998795 0
    outer loop
      vertex -29.53 2.05 6
      vertex -29.7309 2.04013 0
      vertex -29.53 2.05 0
    endloop
  endfacet
  facet normal -0.803311 0.59556 0
    outer loop
      vertex -27.9453 -1.30051 0
      vertex -27.8255 -1.13892 6
      vertex -27.8255 -1.13892 0
    endloop
  endfacet
  facet normal -0.803311 0.59556 0
    outer loop
      vertex -27.8255 -1.13892 6
      vertex -27.9453 -1.30051 0
      vertex -27.9453 -1.30051 6
    endloop
  endfacet
  facet normal 0.803311 -0.59556 0
    outer loop
      vertex -31.2345 1.13892 6
      vertex -31.1147 1.30051 0
      vertex -31.1147 1.30051 6
    endloop
  endfacet
  facet normal 0.803311 -0.59556 0
    outer loop
      vertex -31.1147 1.30051 0
      vertex -31.2345 1.13892 6
      vertex -31.2345 1.13892 0
    endloop
  endfacet
  facet normal -0.97001 0.243064 0
    outer loop
      vertex -27.5683 -0.595083 0
      vertex -27.5194 -0.399935 6
      vertex -27.5194 -0.399935 0
    endloop
  endfacet
  facet normal -0.97001 0.243064 0
    outer loop
      vertex -27.5194 -0.399935 6
      vertex -27.5683 -0.595083 0
      vertex -27.5683 -0.595083 6
    endloop
  endfacet
  facet normal -0.857787 0.514005 0
    outer loop
      vertex -27.8255 -1.13892 0
      vertex -27.7221 -0.966363 6
      vertex -27.7221 -0.966363 0
    endloop
  endfacet
  facet normal -0.857787 0.514005 0
    outer loop
      vertex -27.7221 -0.966363 6
      vertex -27.8255 -1.13892 0
      vertex -27.8255 -1.13892 6
    endloop
  endfacet
  facet normal -0.97001 -0.243064 0
    outer loop
      vertex -27.5194 0.399935 0
      vertex -27.5683 0.595083 6
      vertex -27.5683 0.595083 0
    endloop
  endfacet
  facet normal -0.97001 -0.243064 0
    outer loop
      vertex -27.5683 0.595083 6
      vertex -27.5194 0.399935 0
      vertex -27.5194 0.399935 6
    endloop
  endfacet
  facet normal -0.0490697 -0.998795 0
    outer loop
      vertex -29.53 2.05 0
      vertex -29.3291 2.04013 6
      vertex -29.53 2.05 6
    endloop
  endfacet
  facet normal -0.0490697 -0.998795 -0
    outer loop
      vertex -29.3291 2.04013 6
      vertex -29.53 2.05 0
      vertex -29.3291 2.04013 0
    endloop
  endfacet
  facet normal -0.427465 0.904032 0
    outer loop
      vertex -28.5636 -1.80794 0
      vertex -28.7455 -1.89395 6
      vertex -28.5636 -1.80794 6
    endloop
  endfacet
  facet normal -0.427465 0.904032 0
    outer loop
      vertex -28.7455 -1.89395 6
      vertex -28.5636 -1.80794 0
      vertex -28.7455 -1.89395 0
    endloop
  endfacet
  facet normal 0.998788 0.0492102 0
    outer loop
      vertex -31.5701 -0.200934 6
      vertex -31.58 0 0
      vertex -31.58 0 6
    endloop
  endfacet
  facet normal 0.998788 0.0492102 0
    outer loop
      vertex -31.58 0 0
      vertex -31.5701 -0.200934 6
      vertex -31.5701 -0.200934 0
    endloop
  endfacet
  facet normal -0.24291 0.970049 0
    outer loop
      vertex -28.9349 -1.96173 0
      vertex -29.1301 -2.01061 6
      vertex -28.9349 -1.96173 6
    endloop
  endfacet
  facet normal -0.24291 0.970049 0
    outer loop
      vertex -29.1301 -2.01061 6
      vertex -28.9349 -1.96173 0
      vertex -29.1301 -2.01061 0
    endloop
  endfacet
  facet normal 0.24291 -0.970049 0
    outer loop
      vertex -30.1251 1.96173 0
      vertex -29.9299 2.01061 6
      vertex -30.1251 1.96173 6
    endloop
  endfacet
  facet normal 0.24291 -0.970049 0
    outer loop
      vertex -29.9299 2.01061 6
      vertex -30.1251 1.96173 0
      vertex -29.9299 2.01061 0
    endloop
  endfacet
  facet normal 0.803311 0.59556 0
    outer loop
      vertex -31.1147 -1.30051 6
      vertex -31.2345 -1.13892 0
      vertex -31.2345 -1.13892 6
    endloop
  endfacet
  facet normal 0.803311 0.59556 0
    outer loop
      vertex -31.2345 -1.13892 0
      vertex -31.1147 -1.30051 6
      vertex -31.1147 -1.30051 0
    endloop
  endfacet
  facet normal -0.595665 -0.803233 0
    outer loop
      vertex -28.3911 1.70451 0
      vertex -28.2295 1.58467 6
      vertex -28.3911 1.70451 6
    endloop
  endfacet
  facet normal -0.595665 -0.803233 -0
    outer loop
      vertex -28.2295 1.58467 6
      vertex -28.3911 1.70451 0
      vertex -28.2295 1.58467 0
    endloop
  endfacet
  facet normal 0.427465 -0.904032 0
    outer loop
      vertex -30.4964 1.80794 0
      vertex -30.3145 1.89395 6
      vertex -30.4964 1.80794 6
    endloop
  endfacet
  facet normal 0.427465 -0.904032 0
    outer loop
      vertex -30.3145 1.89395 6
      vertex -30.4964 1.80794 0
      vertex -30.3145 1.89395 0
    endloop
  endfacet
  facet normal 0.336941 -0.941526 0
    outer loop
      vertex -30.3145 1.89395 0
      vertex -30.1251 1.96173 6
      vertex -30.3145 1.89395 6
    endloop
  endfacet
  facet normal 0.336941 -0.941526 0
    outer loop
      vertex -30.1251 1.96173 6
      vertex -30.3145 1.89395 0
      vertex -30.1251 1.96173 0
    endloop
  endfacet
  facet normal 0.941661 0.336562 0
    outer loop
      vertex -31.424 -0.7845 6
      vertex -31.4917 -0.595083 0
      vertex -31.4917 -0.595083 6
    endloop
  endfacet
  facet normal 0.941661 0.336562 0
    outer loop
      vertex -31.4917 -0.595083 0
      vertex -31.424 -0.7845 6
      vertex -31.424 -0.7845 0
    endloop
  endfacet
  facet normal -0.857787 -0.514005 0
    outer loop
      vertex -27.7221 0.966363 0
      vertex -27.8255 1.13892 6
      vertex -27.8255 1.13892 0
    endloop
  endfacet
  facet normal -0.857787 -0.514005 0
    outer loop
      vertex -27.8255 1.13892 6
      vertex -27.7221 0.966363 0
      vertex -27.7221 0.966363 6
    endloop
  endfacet
  facet normal -0.51424 -0.857646 0
    outer loop
      vertex -28.5636 1.80794 0
      vertex -28.3911 1.70451 6
      vertex -28.5636 1.80794 6
    endloop
  endfacet
  facet normal -0.51424 -0.857646 -0
    outer loop
      vertex -28.3911 1.70451 6
      vertex -28.5636 1.80794 0
      vertex -28.3911 1.70451 0
    endloop
  endfacet
  facet normal -0.998788 0.0492102 0
    outer loop
      vertex -27.4899 -0.200934 0
      vertex -27.48 0 6
      vertex -27.48 0 0
    endloop
  endfacet
  facet normal -0.998788 0.0492102 0
    outer loop
      vertex -27.48 0 6
      vertex -27.4899 -0.200934 0
      vertex -27.4899 -0.200934 6
    endloop
  endfacet
  facet normal -0.146736 0.989176 0
    outer loop
      vertex -29.1301 -2.01061 0
      vertex -29.3291 -2.04013 6
      vertex -29.1301 -2.01061 6
    endloop
  endfacet
  facet normal -0.146736 0.989176 0
    outer loop
      vertex -29.3291 -2.04013 6
      vertex -29.1301 -2.01061 0
      vertex -29.3291 -2.04013 0
    endloop
  endfacet
  facet normal -0.146736 -0.989176 0
    outer loop
      vertex -29.3291 2.04013 0
      vertex -29.1301 2.01061 6
      vertex -29.3291 2.04013 6
    endloop
  endfacet
  facet normal -0.146736 -0.989176 -0
    outer loop
      vertex -29.1301 2.01061 6
      vertex -29.3291 2.04013 0
      vertex -29.1301 2.01061 0
    endloop
  endfacet
  facet normal -0.903826 -0.427901 0
    outer loop
      vertex -27.636 0.7845 0
      vertex -27.7221 0.966363 6
      vertex -27.7221 0.966363 0
    endloop
  endfacet
  facet normal -0.903826 -0.427901 0
    outer loop
      vertex -27.7221 0.966363 6
      vertex -27.636 0.7845 0
      vertex -27.636 0.7845 6
    endloop
  endfacet
  facet normal -0.803311 -0.59556 0
    outer loop
      vertex -27.8255 1.13892 0
      vertex -27.9453 1.30051 6
      vertex -27.9453 1.30051 0
    endloop
  endfacet
  facet normal -0.803311 -0.59556 0
    outer loop
      vertex -27.9453 1.30051 6
      vertex -27.8255 1.13892 0
      vertex -27.8255 1.13892 6
    endloop
  endfacet
  facet normal 0.857787 0.514005 0
    outer loop
      vertex -31.2345 -1.13892 6
      vertex -31.3379 -0.966363 0
      vertex -31.3379 -0.966363 6
    endloop
  endfacet
  facet normal 0.857787 0.514005 0
    outer loop
      vertex -31.3379 -0.966363 0
      vertex -31.2345 -1.13892 6
      vertex -31.2345 -1.13892 0
    endloop
  endfacet
  facet normal 0.941661 -0.336562 0
    outer loop
      vertex -31.4917 0.595083 6
      vertex -31.424 0.7845 0
      vertex -31.424 0.7845 6
    endloop
  endfacet
  facet normal 0.941661 -0.336562 0
    outer loop
      vertex -31.424 0.7845 0
      vertex -31.4917 0.595083 6
      vertex -31.4917 0.595083 0
    endloop
  endfacet
  facet normal 0.67146 -0.741041 0
    outer loop
      vertex -30.9796 1.44957 0
      vertex -30.8305 1.58467 6
      vertex -30.9796 1.44957 6
    endloop
  endfacet
  facet normal 0.67146 -0.741041 0
    outer loop
      vertex -30.8305 1.58467 6
      vertex -30.9796 1.44957 0
      vertex -30.8305 1.58467 0
    endloop
  endfacet
  facet normal 0.595665 -0.803233 0
    outer loop
      vertex -30.8305 1.58467 0
      vertex -30.6689 1.70451 6
      vertex -30.8305 1.58467 6
    endloop
  endfacet
  facet normal 0.595665 -0.803233 0
    outer loop
      vertex -30.6689 1.70451 6
      vertex -30.8305 1.58467 0
      vertex -30.6689 1.70451 0
    endloop
  endfacet
  facet normal 0.98919 -0.146638 0
    outer loop
      vertex -31.5701 0.200934 6
      vertex -31.5406 0.399935 0
      vertex -31.5406 0.399935 6
    endloop
  endfacet
  facet normal 0.98919 -0.146638 0
    outer loop
      vertex -31.5406 0.399935 0
      vertex -31.5701 0.200934 6
      vertex -31.5701 0.200934 0
    endloop
  endfacet
  facet normal 0.97001 0.243064 0
    outer loop
      vertex -31.4917 -0.595083 6
      vertex -31.5406 -0.399935 0
      vertex -31.5406 -0.399935 6
    endloop
  endfacet
  facet normal 0.97001 0.243064 0
    outer loop
      vertex -31.5406 -0.399935 0
      vertex -31.4917 -0.595083 6
      vertex -31.4917 -0.595083 0
    endloop
  endfacet
  facet normal -0.740951 -0.671559 0
    outer loop
      vertex -27.9453 1.30051 0
      vertex -28.0804 1.44957 6
      vertex -28.0804 1.44957 0
    endloop
  endfacet
  facet normal -0.740951 -0.671559 0
    outer loop
      vertex -28.0804 1.44957 6
      vertex -27.9453 1.30051 0
      vertex -27.9453 1.30051 6
    endloop
  endfacet
  facet normal 0.51424 0.857646 -0
    outer loop
      vertex -30.4964 -1.80794 0
      vertex -30.6689 -1.70451 6
      vertex -30.4964 -1.80794 6
    endloop
  endfacet
  facet normal 0.51424 0.857646 0
    outer loop
      vertex -30.6689 -1.70451 6
      vertex -30.4964 -1.80794 0
      vertex -30.6689 -1.70451 0
    endloop
  endfacet
  facet normal 0.595665 0.803233 -0
    outer loop
      vertex -30.6689 -1.70451 0
      vertex -30.8305 -1.58467 6
      vertex -30.6689 -1.70451 6
    endloop
  endfacet
  facet normal 0.595665 0.803233 0
    outer loop
      vertex -30.8305 -1.58467 6
      vertex -30.6689 -1.70451 0
      vertex -30.8305 -1.58467 0
    endloop
  endfacet
  facet normal -0.595665 0.803233 0
    outer loop
      vertex -28.2295 -1.58467 0
      vertex -28.3911 -1.70451 6
      vertex -28.2295 -1.58467 6
    endloop
  endfacet
  facet normal -0.595665 0.803233 0
    outer loop
      vertex -28.3911 -1.70451 6
      vertex -28.2295 -1.58467 0
      vertex -28.3911 -1.70451 0
    endloop
  endfacet
  facet normal 0.903826 0.427901 0
    outer loop
      vertex -31.3379 -0.966363 6
      vertex -31.424 -0.7845 0
      vertex -31.424 -0.7845 6
    endloop
  endfacet
  facet normal 0.903826 0.427901 0
    outer loop
      vertex -31.424 -0.7845 0
      vertex -31.3379 -0.966363 6
      vertex -31.3379 -0.966363 0
    endloop
  endfacet
  facet normal 0.146736 0.989176 -0
    outer loop
      vertex -29.7309 -2.04013 0
      vertex -29.9299 -2.01061 6
      vertex -29.7309 -2.04013 6
    endloop
  endfacet
  facet normal 0.146736 0.989176 0
    outer loop
      vertex -29.9299 -2.01061 6
      vertex -29.7309 -2.04013 0
      vertex -29.9299 -2.01061 0
    endloop
  endfacet
  facet normal 0.0490697 0.998795 -0
    outer loop
      vertex -29.53 -2.05 0
      vertex -29.7309 -2.04013 6
      vertex -29.53 -2.05 6
    endloop
  endfacet
  facet normal 0.0490697 0.998795 0
    outer loop
      vertex -29.7309 -2.04013 6
      vertex -29.53 -2.05 0
      vertex -29.7309 -2.04013 0
    endloop
  endfacet
  facet normal -0.941661 0.336562 0
    outer loop
      vertex -27.636 -0.7845 0
      vertex -27.5683 -0.595083 6
      vertex -27.5683 -0.595083 0
    endloop
  endfacet
  facet normal -0.941661 0.336562 0
    outer loop
      vertex -27.5683 -0.595083 6
      vertex -27.636 -0.7845 0
      vertex -27.636 -0.7845 6
    endloop
  endfacet
  facet normal -0.67146 0.741041 0
    outer loop
      vertex -28.0804 -1.44957 0
      vertex -28.2295 -1.58467 6
      vertex -28.0804 -1.44957 6
    endloop
  endfacet
  facet normal -0.67146 0.741041 0
    outer loop
      vertex -28.2295 -1.58467 6
      vertex -28.0804 -1.44957 0
      vertex -28.2295 -1.58467 0
    endloop
  endfacet
  facet normal 0.336941 0.941526 -0
    outer loop
      vertex -30.1251 -1.96173 0
      vertex -30.3145 -1.89395 6
      vertex -30.1251 -1.96173 6
    endloop
  endfacet
  facet normal 0.336941 0.941526 0
    outer loop
      vertex -30.3145 -1.89395 6
      vertex -30.1251 -1.96173 0
      vertex -30.3145 -1.89395 0
    endloop
  endfacet
  facet normal 0.24291 0.970049 -0
    outer loop
      vertex -29.9299 -2.01061 0
      vertex -30.1251 -1.96173 6
      vertex -29.9299 -2.01061 6
    endloop
  endfacet
  facet normal 0.24291 0.970049 0
    outer loop
      vertex -30.1251 -1.96173 6
      vertex -29.9299 -2.01061 0
      vertex -30.1251 -1.96173 0
    endloop
  endfacet
  facet normal 0.67146 0.741041 -0
    outer loop
      vertex -30.8305 -1.58467 0
      vertex -30.9796 -1.44957 6
      vertex -30.8305 -1.58467 6
    endloop
  endfacet
  facet normal 0.67146 0.741041 0
    outer loop
      vertex -30.9796 -1.44957 6
      vertex -30.8305 -1.58467 0
      vertex -30.9796 -1.44957 0
    endloop
  endfacet
  facet normal -0.903826 0.427901 0
    outer loop
      vertex -27.7221 -0.966363 0
      vertex -27.636 -0.7845 6
      vertex -27.636 -0.7845 0
    endloop
  endfacet
  facet normal -0.903826 0.427901 0
    outer loop
      vertex -27.636 -0.7845 6
      vertex -27.7221 -0.966363 0
      vertex -27.7221 -0.966363 6
    endloop
  endfacet
  facet normal -0.740951 0.671559 0
    outer loop
      vertex -28.0804 -1.44957 0
      vertex -27.9453 -1.30051 6
      vertex -27.9453 -1.30051 0
    endloop
  endfacet
  facet normal -0.740951 0.671559 0
    outer loop
      vertex -27.9453 -1.30051 6
      vertex -28.0804 -1.44957 0
      vertex -28.0804 -1.44957 6
    endloop
  endfacet
  facet normal -1 0 0
    outer loop
      vertex 2.92 19.1 5.5
      vertex 2.92 23.02 6
      vertex 2.92 23.02 5.5
    endloop
  endfacet
  facet normal -1 -0 0
    outer loop
      vertex 2.92 23.02 6
      vertex 2.92 19.1 5.5
      vertex 2.92 19.1 6
    endloop
  endfacet
  facet normal -0 0 1
    outer loop
      vertex -2.92 23.02 5.5
      vertex 2.92 19.1 5.5
      vertex 2.92 23.02 5.5
    endloop
  endfacet
  facet normal 0 0 1
    outer loop
      vertex 2.92 19.1 5.5
      vertex -2.92 23.02 5.5
      vertex -2.92 19.1 5.5
    endloop
  endfacet
  facet normal 1 -0 0
    outer loop
      vertex -2.92 19.1 6
      vertex -2.92 23.02 5.5
      vertex -2.92 23.02 6
    endloop
  endfacet
  facet normal 1 0 0
    outer loop
      vertex -2.92 23.02 5.5
      vertex -2.92 19.1 6
      vertex -2.92 19.1 5.5
    endloop
  endfacet
  facet normal 0 1 -0
    outer loop
      vertex 2.92 19.1 5.5
      vertex -2.92 19.1 6
      vertex 2.92 19.1 6
    endloop
  endfacet
  facet normal 0 1 0
    outer loop
      vertex -2.92 19.1 6
      vertex 2.92 19.1 5.5
      vertex -2.92 19.1 5.5
    endloop
  endfacet
  facet normal -1 0 0
    outer loop
      vertex 3 -13.01 0
      vertex 3 -15.01 6
      vertex 3 -13.01 8
    endloop
  endfacet
  facet normal -1 0 0
    outer loop
      vertex 3 -23.02 0
      vertex 3 -15.01 6
      vertex 3 -13.01 0
    endloop
  endfacet
  facet normal -1 -0 0
    outer loop
      vertex 3 -15.01 6
      vertex 3 -23.02 0
      vertex 3 -23.02 6
    endloop
  endfacet
  facet normal -1 -0 0
    outer loop
      vertex 3 -13.01 8
      vertex 3 -15.01 6
      vertex 3 -15.01 8
    endloop
  endfacet
  facet normal 1 0 0
    outer loop
      vertex -3 -15.01 6
      vertex -3 -13.01 8
      vertex -3 -15.01 8
    endloop
  endfacet
  facet normal 1 0 0
    outer loop
      vertex -3 -13.01 8
      vertex -3 -15.01 6
      vertex -3 -13.01 0
    endloop
  endfacet
  facet normal 1 0 0
    outer loop
      vertex -3 -23.02 0
      vertex -3 -15.01 6
      vertex -3 -23.02 6
    endloop
  endfacet
  facet normal 1 0 0
    outer loop
      vertex -3 -15.01 6
      vertex -3 -23.02 0
      vertex -3 -13.01 0
    endloop
  endfacet
endsolid OpenSCAD_Model
