solid OpenSCAD_Model
  facet normal 1 -0 0
    outer loop
      vertex 165 0 23.6
      vertex 165 100 0
      vertex 165 100 23.6
    endloop
  endfacet
  facet normal 1 0 0
    outer loop
      vertex 165 100 0
      vertex 165 0 23.6
      vertex 165 0 0
    endloop
  endfacet
  facet normal 0 0 1
    outer loop
      vertex 3.84515 5.47835 23.6
      vertex 2 6.79653 23.6
      vertex 3.79259 5.32352 23.6
    endloop
  endfacet
  facet normal 0 0 1
    outer loop
      vertex 3.75 5 23.6
      vertex 2.86934 2.22326 23.6
      vertex 3.20347 2 23.6
    endloop
  endfacet
  facet normal 0 0 1
    outer loop
      vertex 3.79259 5.32352 23.6
      vertex 2 6.79653 23.6
      vertex 3.76069 5.16316 23.6
    endloop
  endfacet
  facet normal 0 0 1
    outer loop
      vertex 3.75 5 23.6
      vertex 2.52513 2.52513 23.6
      vertex 2.86934 2.22326 23.6
    endloop
  endfacet
  facet normal 0 0 1
    outer loop
      vertex 3.76069 5.16316 23.6
      vertex 2 6.79653 23.6
      vertex 3.75 5 23.6
    endloop
  endfacet
  facet normal 0 0 1
    outer loop
      vertex 3.75 5 23.6
      vertex 2.22326 2.86934 23.6
      vertex 2.52513 2.52513 23.6
    endloop
  endfacet
  facet normal 0 0 1
    outer loop
      vertex 2 3.20347 23.6
      vertex 3.75 5 23.6
      vertex 2 6.79653 23.6
    endloop
  endfacet
  facet normal 0 0 1
    outer loop
      vertex 3.75 5 23.6
      vertex 2 3.20347 23.6
      vertex 2.22326 2.86934 23.6
    endloop
  endfacet
  facet normal 0 0 1
    outer loop
      vertex 3.84515 95.4784 23.6
      vertex 2 96.7965 23.6
      vertex 3.79259 95.3235 23.6
    endloop
  endfacet
  facet normal 0 0 1
    outer loop
      vertex 3.75 95 23.6
      vertex 2.86934 92.2233 23.6
      vertex 3.25 91.9689 23.6
    endloop
  endfacet
  facet normal 0 0 1
    outer loop
      vertex 3.79259 95.3235 23.6
      vertex 2 96.7965 23.6
      vertex 3.76069 95.1632 23.6
    endloop
  endfacet
  facet normal 0 0 1
    outer loop
      vertex 3.75 95 23.6
      vertex 2.52513 92.5251 23.6
      vertex 2.86934 92.2233 23.6
    endloop
  endfacet
  facet normal 0 0 1
    outer loop
      vertex 3.76069 95.1632 23.6
      vertex 2 96.7965 23.6
      vertex 3.75 95 23.6
    endloop
  endfacet
  facet normal 0 0 1
    outer loop
      vertex 3.75 95 23.6
      vertex 2.22326 92.8693 23.6
      vertex 2.52513 92.5251 23.6
    endloop
  endfacet
  facet normal 0 0 1
    outer loop
      vertex 2 93.2035 23.6
      vertex 3.75 95 23.6
      vertex 2 96.7965 23.6
    endloop
  endfacet
  facet normal 0 0 1
    outer loop
      vertex 3.75 95 23.6
      vertex 2 93.2035 23.6
      vertex 2.22326 92.8693 23.6
    endloop
  endfacet
  facet normal 0 0 1
    outer loop
      vertex 6.25 5 23.6
      vertex 8.5 5 23.6
      vertex 8.47006 5.45684 23.6
    endloop
  endfacet
  facet normal 0 0 1
    outer loop
      vertex 6.23931 5.16316 23.6
      vertex 8.47006 5.45684 23.6
      vertex 8.38074 5.90587 23.6
    endloop
  endfacet
  facet normal 0 0 1
    outer loop
      vertex 8.5 5 23.6
      vertex 6.25 5 23.6
      vertex 8.47006 4.54316 23.6
    endloop
  endfacet
  facet normal 0 0 1
    outer loop
      vertex 6.20741 5.32352 23.6
      vertex 8.38074 5.90587 23.6
      vertex 8.23358 6.33939 23.6
    endloop
  endfacet
  facet normal -0 0 1
    outer loop
      vertex 6.23931 4.83684 23.6
      vertex 8.47006 4.54316 23.6
      vertex 6.25 5 23.6
    endloop
  endfacet
  facet normal 0 0 1
    outer loop
      vertex 6.15485 5.47835 23.6
      vertex 8.23358 6.33939 23.6
      vertex 8.03109 6.75 23.6
    endloop
  endfacet
  facet normal 0 0 1
    outer loop
      vertex 8.47006 4.54316 23.6
      vertex 6.23931 4.83684 23.6
      vertex 8.38074 4.09413 23.6
    endloop
  endfacet
  facet normal 0 0 1
    outer loop
      vertex 6.08253 5.625 23.6
      vertex 8.03109 6.75 23.6
      vertex 7.77674 7.13066 23.6
    endloop
  endfacet
  facet normal -0 0 1
    outer loop
      vertex 6.20741 4.67648 23.6
      vertex 8.38074 4.09413 23.6
      vertex 6.23931 4.83684 23.6
    endloop
  endfacet
  facet normal 0 0 1
    outer loop
      vertex 5.99169 5.76095 23.6
      vertex 7.77674 7.13066 23.6
      vertex 7.47487 7.47487 23.6
    endloop
  endfacet
  facet normal 0 0 1
    outer loop
      vertex 8.38074 4.09413 23.6
      vertex 6.20741 4.67648 23.6
      vertex 8.23358 3.66061 23.6
    endloop
  endfacet
  facet normal 0 0 1
    outer loop
      vertex 5.88388 5.88388 23.6
      vertex 7.47487 7.47487 23.6
      vertex 7.13066 7.77674 23.6
    endloop
  endfacet
  facet normal -0 0 1
    outer loop
      vertex 6.15485 4.52165 23.6
      vertex 8.23358 3.66061 23.6
      vertex 6.20741 4.67648 23.6
    endloop
  endfacet
  facet normal 0 0 1
    outer loop
      vertex 8.23358 3.66061 23.6
      vertex 6.15485 4.52165 23.6
      vertex 8.03109 3.25 23.6
    endloop
  endfacet
  facet normal 0 0 1
    outer loop
      vertex 5.76095 5.99169 23.6
      vertex 7.13066 7.77674 23.6
      vertex 6.75 8.03109 23.6
    endloop
  endfacet
  facet normal -0 0 1
    outer loop
      vertex 156.766 6.33939 23.6
      vertex 158.845 5.47835 23.6
      vertex 156.969 6.75 23.6
    endloop
  endfacet
  facet normal 0 0 1
    outer loop
      vertex 158.75 5 23.6
      vertex 157.869 2.22326 23.6
      vertex 158.203 2 23.6
    endloop
  endfacet
  facet normal 0 0 1
    outer loop
      vertex 158.845 5.47835 23.6
      vertex 156.766 6.33939 23.6
      vertex 158.793 5.32352 23.6
    endloop
  endfacet
  facet normal 0 0 1
    outer loop
      vertex 158.75 5 23.6
      vertex 157.525 2.52513 23.6
      vertex 157.869 2.22326 23.6
    endloop
  endfacet
  facet normal -0 0 1
    outer loop
      vertex 156.619 5.90587 23.6
      vertex 158.793 5.32352 23.6
      vertex 156.766 6.33939 23.6
    endloop
  endfacet
  facet normal 0 0 1
    outer loop
      vertex 158.75 5 23.6
      vertex 157.223 2.86934 23.6
      vertex 157.525 2.52513 23.6
    endloop
  endfacet
  facet normal 0 0 1
    outer loop
      vertex 158.793 5.32352 23.6
      vertex 156.619 5.90587 23.6
      vertex 158.761 5.16316 23.6
    endloop
  endfacet
  facet normal 0 0 1
    outer loop
      vertex 158.75 5 23.6
      vertex 156.969 3.25 23.6
      vertex 157.223 2.86934 23.6
    endloop
  endfacet
  facet normal -0 0 1
    outer loop
      vertex 156.53 5.45684 23.6
      vertex 158.761 5.16316 23.6
      vertex 156.619 5.90587 23.6
    endloop
  endfacet
  facet normal 0 0 1
    outer loop
      vertex 158.75 5 23.6
      vertex 156.766 3.66061 23.6
      vertex 156.969 3.25 23.6
    endloop
  endfacet
  facet normal 0 0 1
    outer loop
      vertex 158.761 5.16316 23.6
      vertex 156.53 5.45684 23.6
      vertex 158.75 5 23.6
    endloop
  endfacet
  facet normal 0 0 1
    outer loop
      vertex 158.75 5 23.6
      vertex 156.619 4.09413 23.6
      vertex 156.766 3.66061 23.6
    endloop
  endfacet
  facet normal 0 0 1
    outer loop
      vertex 156.5 5 23.6
      vertex 158.75 5 23.6
      vertex 156.53 5.45684 23.6
    endloop
  endfacet
  facet normal 0 0 1
    outer loop
      vertex 158.75 5 23.6
      vertex 156.53 4.54316 23.6
      vertex 156.619 4.09413 23.6
    endloop
  endfacet
  facet normal 0 0 1
    outer loop
      vertex 158.75 5 23.6
      vertex 156.5 5 23.6
      vertex 156.53 4.54316 23.6
    endloop
  endfacet
  facet normal -0 0 1
    outer loop
      vertex 156.766 96.3394 23.6
      vertex 158.845 95.4784 23.6
      vertex 156.969 96.75 23.6
    endloop
  endfacet
  facet normal 0 0 1
    outer loop
      vertex 158.75 95 23.6
      vertex 157.869 92.2233 23.6
      vertex 158.25 91.9689 23.6
    endloop
  endfacet
  facet normal 0 0 1
    outer loop
      vertex 158.845 95.4784 23.6
      vertex 156.766 96.3394 23.6
      vertex 158.793 95.3235 23.6
    endloop
  endfacet
  facet normal 0 0 1
    outer loop
      vertex 158.75 95 23.6
      vertex 157.525 92.5251 23.6
      vertex 157.869 92.2233 23.6
    endloop
  endfacet
  facet normal -0 0 1
    outer loop
      vertex 156.619 95.9059 23.6
      vertex 158.793 95.3235 23.6
      vertex 156.766 96.3394 23.6
    endloop
  endfacet
  facet normal 0 0 1
    outer loop
      vertex 158.75 95 23.6
      vertex 157.223 92.8693 23.6
      vertex 157.525 92.5251 23.6
    endloop
  endfacet
  facet normal 0 0 1
    outer loop
      vertex 158.793 95.3235 23.6
      vertex 156.619 95.9059 23.6
      vertex 158.761 95.1632 23.6
    endloop
  endfacet
  facet normal 0 0 1
    outer loop
      vertex 158.75 95 23.6
      vertex 156.969 93.25 23.6
      vertex 157.223 92.8693 23.6
    endloop
  endfacet
  facet normal -0 0 1
    outer loop
      vertex 156.53 95.4568 23.6
      vertex 158.761 95.1632 23.6
      vertex 156.619 95.9059 23.6
    endloop
  endfacet
  facet normal 0 0 1
    outer loop
      vertex 158.75 95 23.6
      vertex 156.766 93.6606 23.6
      vertex 156.969 93.25 23.6
    endloop
  endfacet
  facet normal 0 0 1
    outer loop
      vertex 158.761 95.1632 23.6
      vertex 156.53 95.4568 23.6
      vertex 158.75 95 23.6
    endloop
  endfacet
  facet normal 0 0 1
    outer loop
      vertex 158.75 95 23.6
      vertex 156.619 94.0941 23.6
      vertex 156.766 93.6606 23.6
    endloop
  endfacet
  facet normal 0 0 1
    outer loop
      vertex 156.5 95 23.6
      vertex 158.75 95 23.6
      vertex 156.53 95.4568 23.6
    endloop
  endfacet
  facet normal 0 0 1
    outer loop
      vertex 158.75 95 23.6
      vertex 156.53 94.5432 23.6
      vertex 156.619 94.0941 23.6
    endloop
  endfacet
  facet normal 0 0 1
    outer loop
      vertex 158.75 95 23.6
      vertex 156.5 95 23.6
      vertex 156.53 94.5432 23.6
    endloop
  endfacet
  facet normal 0 0 1
    outer loop
      vertex 6.25 95 23.6
      vertex 8.5 95 23.6
      vertex 8.47006 95.4568 23.6
    endloop
  endfacet
  facet normal 0 0 1
    outer loop
      vertex 6.23931 95.1632 23.6
      vertex 8.47006 95.4568 23.6
      vertex 8.38074 95.9059 23.6
    endloop
  endfacet
  facet normal 0 0 1
    outer loop
      vertex 8.5 95 23.6
      vertex 6.25 95 23.6
      vertex 8.47006 94.5432 23.6
    endloop
  endfacet
  facet normal 0 0 1
    outer loop
      vertex 6.20741 95.3235 23.6
      vertex 8.38074 95.9059 23.6
      vertex 8.23358 96.3394 23.6
    endloop
  endfacet
  facet normal -0 0 1
    outer loop
      vertex 6.23931 94.8368 23.6
      vertex 8.47006 94.5432 23.6
      vertex 6.25 95 23.6
    endloop
  endfacet
  facet normal 0 0 1
    outer loop
      vertex 6.15485 95.4784 23.6
      vertex 8.23358 96.3394 23.6
      vertex 8.03109 96.75 23.6
    endloop
  endfacet
  facet normal 0 0 1
    outer loop
      vertex 8.47006 94.5432 23.6
      vertex 6.23931 94.8368 23.6
      vertex 8.38074 94.0941 23.6
    endloop
  endfacet
  facet normal 0 0 1
    outer loop
      vertex 6.08253 95.625 23.6
      vertex 8.03109 96.75 23.6
      vertex 7.77674 97.1307 23.6
    endloop
  endfacet
  facet normal -0 0 1
    outer loop
      vertex 6.20741 94.6765 23.6
      vertex 8.38074 94.0941 23.6
      vertex 6.23931 94.8368 23.6
    endloop
  endfacet
  facet normal 0 0 1
    outer loop
      vertex 5.99169 95.7609 23.6
      vertex 7.77674 97.1307 23.6
      vertex 7.47487 97.4749 23.6
    endloop
  endfacet
  facet normal 0 0 1
    outer loop
      vertex 8.38074 94.0941 23.6
      vertex 6.20741 94.6765 23.6
      vertex 8.23358 93.6606 23.6
    endloop
  endfacet
  facet normal 0 0 1
    outer loop
      vertex 5.88388 95.8839 23.6
      vertex 7.47487 97.4749 23.6
      vertex 7.13066 97.7767 23.6
    endloop
  endfacet
  facet normal -0 0 1
    outer loop
      vertex 6.15485 94.5216 23.6
      vertex 8.23358 93.6606 23.6
      vertex 6.20741 94.6765 23.6
    endloop
  endfacet
  facet normal 0 0 1
    outer loop
      vertex 5.76095 95.9917 23.6
      vertex 7.13066 97.7767 23.6
      vertex 6.79653 98 23.6
    endloop
  endfacet
  facet normal 0 0 1
    outer loop
      vertex 8.23358 93.6606 23.6
      vertex 6.15485 94.5216 23.6
      vertex 8.03109 93.25 23.6
    endloop
  endfacet
  facet normal 0 0 1
    outer loop
      vertex 8.47006 5.45684 23.6
      vertex 6.23931 5.16316 23.6
      vertex 6.25 5 23.6
    endloop
  endfacet
  facet normal 0 0 1
    outer loop
      vertex 8.38074 5.90587 23.6
      vertex 6.20741 5.32352 23.6
      vertex 6.23931 5.16316 23.6
    endloop
  endfacet
  facet normal 0 0 1
    outer loop
      vertex 8.23358 6.33939 23.6
      vertex 6.15485 5.47835 23.6
      vertex 6.20741 5.32352 23.6
    endloop
  endfacet
  facet normal 0 0 1
    outer loop
      vertex 8.03109 6.75 23.6
      vertex 6.08253 5.625 23.6
      vertex 6.15485 5.47835 23.6
    endloop
  endfacet
  facet normal 0 0 1
    outer loop
      vertex 7.77674 7.13066 23.6
      vertex 5.99169 5.76095 23.6
      vertex 6.08253 5.625 23.6
    endloop
  endfacet
  facet normal 0 0 1
    outer loop
      vertex 5.47835 6.15485 23.6
      vertex 6.33939 8.23358 23.6
      vertex 5.90587 8.38074 23.6
    endloop
  endfacet
  facet normal 0 0 1
    outer loop
      vertex 7.47487 7.47487 23.6
      vertex 5.88388 5.88388 23.6
      vertex 5.99169 5.76095 23.6
    endloop
  endfacet
  facet normal 0 0 1
    outer loop
      vertex 7.13066 7.77674 23.6
      vertex 5.76095 5.99169 23.6
      vertex 5.88388 5.88388 23.6
    endloop
  endfacet
  facet normal 0 0 1
    outer loop
      vertex 6.75 8.03109 23.6
      vertex 5.625 6.08253 23.6
      vertex 5.76095 5.99169 23.6
    endloop
  endfacet
  facet normal 0 0 1
    outer loop
      vertex 6.33939 8.23358 23.6
      vertex 5.47835 6.15485 23.6
      vertex 5.625 6.08253 23.6
    endloop
  endfacet
  facet normal 0 0 1
    outer loop
      vertex 5.32352 6.20741 23.6
      vertex 5.90587 8.38074 23.6
      vertex 5.45684 8.47006 23.6
    endloop
  endfacet
  facet normal 0 0 1
    outer loop
      vertex 5.90587 8.38074 23.6
      vertex 5.32352 6.20741 23.6
      vertex 5.47835 6.15485 23.6
    endloop
  endfacet
  facet normal 0 0 1
    outer loop
      vertex 5.45684 8.47006 23.6
      vertex 5.16316 6.23931 23.6
      vertex 5.32352 6.20741 23.6
    endloop
  endfacet
  facet normal 0 0 1
    outer loop
      vertex 5 8.5 23.6
      vertex 5.16316 6.23931 23.6
      vertex 5.45684 8.47006 23.6
    endloop
  endfacet
  facet normal 0 0 1
    outer loop
      vertex 5 8.5 23.6
      vertex 5 6.25 23.6
      vertex 5.16316 6.23931 23.6
    endloop
  endfacet
  facet normal 0 0 1
    outer loop
      vertex 5 8.5 23.6
      vertex 4.83684 6.23931 23.6
      vertex 5 6.25 23.6
    endloop
  endfacet
  facet normal -0 0 1
    outer loop
      vertex 4.54316 8.47006 23.6
      vertex 4.83684 6.23931 23.6
      vertex 5 8.5 23.6
    endloop
  endfacet
  facet normal 0 0 1
    outer loop
      vertex 4.83684 6.23931 23.6
      vertex 4.54316 8.47006 23.6
      vertex 4.67648 6.20741 23.6
    endloop
  endfacet
  facet normal -0 0 1
    outer loop
      vertex 4.09413 8.38074 23.6
      vertex 4.67648 6.20741 23.6
      vertex 4.54316 8.47006 23.6
    endloop
  endfacet
  facet normal 0 0 1
    outer loop
      vertex 4.67648 6.20741 23.6
      vertex 4.09413 8.38074 23.6
      vertex 4.52165 6.15485 23.6
    endloop
  endfacet
  facet normal -0 0 1
    outer loop
      vertex 3.66061 8.23358 23.6
      vertex 4.52165 6.15485 23.6
      vertex 4.09413 8.38074 23.6
    endloop
  endfacet
  facet normal 0 0 1
    outer loop
      vertex 4.52165 6.15485 23.6
      vertex 3.66061 8.23358 23.6
      vertex 4.375 6.08253 23.6
    endloop
  endfacet
  facet normal -0 0 1
    outer loop
      vertex 3.25 8.03109 23.6
      vertex 4.375 6.08253 23.6
      vertex 3.66061 8.23358 23.6
    endloop
  endfacet
  facet normal 0 0 1
    outer loop
      vertex 4.375 6.08253 23.6
      vertex 3.25 8.03109 23.6
      vertex 4.23905 5.99169 23.6
    endloop
  endfacet
  facet normal -0 0 1
    outer loop
      vertex 2.86934 7.77674 23.6
      vertex 4.23905 5.99169 23.6
      vertex 3.25 8.03109 23.6
    endloop
  endfacet
  facet normal 0 0 1
    outer loop
      vertex 4.23905 5.99169 23.6
      vertex 2.86934 7.77674 23.6
      vertex 4.11612 5.88388 23.6
    endloop
  endfacet
  facet normal -0 0 1
    outer loop
      vertex 2.52513 7.47487 23.6
      vertex 4.11612 5.88388 23.6
      vertex 2.86934 7.77674 23.6
    endloop
  endfacet
  facet normal 0 0 1
    outer loop
      vertex 4.11612 5.88388 23.6
      vertex 2.52513 7.47487 23.6
      vertex 4.00831 5.76095 23.6
    endloop
  endfacet
  facet normal -0 0 1
    outer loop
      vertex 2 6.79653 23.6
      vertex 4.00831 5.76095 23.6
      vertex 2.22326 7.13066 23.6
    endloop
  endfacet
  facet normal -0 0 1
    outer loop
      vertex 2.22326 7.13066 23.6
      vertex 4.00831 5.76095 23.6
      vertex 2.52513 7.47487 23.6
    endloop
  endfacet
  facet normal -0 0 1
    outer loop
      vertex 5.99169 94.2391 23.6
      vertex 7.77674 92.8693 23.6
      vertex 6.08253 94.375 23.6
    endloop
  endfacet
  facet normal 0 0 1
    outer loop
      vertex 7.77674 92.8693 23.6
      vertex 5.99169 94.2391 23.6
      vertex 7.47487 92.5251 23.6
    endloop
  endfacet
  facet normal -0 0 1
    outer loop
      vertex 5.88388 94.1161 23.6
      vertex 7.47487 92.5251 23.6
      vertex 5.99169 94.2391 23.6
    endloop
  endfacet
  facet normal 0 0 1
    outer loop
      vertex 7.47487 92.5251 23.6
      vertex 5.88388 94.1161 23.6
      vertex 7.13066 92.2233 23.6
    endloop
  endfacet
  facet normal -0 0 1
    outer loop
      vertex 5.76095 94.0083 23.6
      vertex 7.13066 92.2233 23.6
      vertex 5.88388 94.1161 23.6
    endloop
  endfacet
  facet normal 0 0 1
    outer loop
      vertex 7.13066 92.2233 23.6
      vertex 5.76095 94.0083 23.6
      vertex 6.75 91.9689 23.6
    endloop
  endfacet
  facet normal -0 0 1
    outer loop
      vertex 5.625 93.9175 23.6
      vertex 6.75 91.9689 23.6
      vertex 5.76095 94.0083 23.6
    endloop
  endfacet
  facet normal 0 0 1
    outer loop
      vertex 6.75 91.9689 23.6
      vertex 5.625 93.9175 23.6
      vertex 6.33939 91.7664 23.6
    endloop
  endfacet
  facet normal -0 0 1
    outer loop
      vertex 5.47835 93.8452 23.6
      vertex 6.33939 91.7664 23.6
      vertex 5.625 93.9175 23.6
    endloop
  endfacet
  facet normal 0 0 1
    outer loop
      vertex 6.33939 91.7664 23.6
      vertex 5.47835 93.8452 23.6
      vertex 5.90587 91.6193 23.6
    endloop
  endfacet
  facet normal -0 0 1
    outer loop
      vertex 5.32352 93.7926 23.6
      vertex 5.90587 91.6193 23.6
      vertex 5.47835 93.8452 23.6
    endloop
  endfacet
  facet normal 0 0 1
    outer loop
      vertex 5.90587 91.6193 23.6
      vertex 5.32352 93.7926 23.6
      vertex 5.45684 91.5299 23.6
    endloop
  endfacet
  facet normal -0 0 1
    outer loop
      vertex 5.16316 93.7607 23.6
      vertex 5.45684 91.5299 23.6
      vertex 5.32352 93.7926 23.6
    endloop
  endfacet
  facet normal -0 0 1
    outer loop
      vertex 5 93.75 23.6
      vertex 5.45684 91.5299 23.6
      vertex 5.16316 93.7607 23.6
    endloop
  endfacet
  facet normal 0 0 1
    outer loop
      vertex 5 93.75 23.6
      vertex 5 91.5 23.6
      vertex 5.45684 91.5299 23.6
    endloop
  endfacet
  facet normal 0 0 1
    outer loop
      vertex 4.83684 93.7607 23.6
      vertex 5 91.5 23.6
      vertex 5 93.75 23.6
    endloop
  endfacet
  facet normal 0 0 1
    outer loop
      vertex 4.54316 91.5299 23.6
      vertex 4.83684 93.7607 23.6
      vertex 4.67648 93.7926 23.6
    endloop
  endfacet
  facet normal 0 0 1
    outer loop
      vertex 4.83684 93.7607 23.6
      vertex 4.54316 91.5299 23.6
      vertex 5 91.5 23.6
    endloop
  endfacet
  facet normal 0 0 1
    outer loop
      vertex 4.09413 91.6193 23.6
      vertex 4.67648 93.7926 23.6
      vertex 4.52165 93.8452 23.6
    endloop
  endfacet
  facet normal 0 0 1
    outer loop
      vertex 3.66061 91.7664 23.6
      vertex 4.52165 93.8452 23.6
      vertex 4.375 93.9175 23.6
    endloop
  endfacet
  facet normal 0 0 1
    outer loop
      vertex 3.25 91.9689 23.6
      vertex 4.375 93.9175 23.6
      vertex 4.23905 94.0083 23.6
    endloop
  endfacet
  facet normal 0 0 1
    outer loop
      vertex 3.25 91.9689 23.6
      vertex 4.23905 94.0083 23.6
      vertex 4.11612 94.1161 23.6
    endloop
  endfacet
  facet normal 0 0 1
    outer loop
      vertex 4.67648 93.7926 23.6
      vertex 4.09413 91.6193 23.6
      vertex 4.54316 91.5299 23.6
    endloop
  endfacet
  facet normal 0 0 1
    outer loop
      vertex 3.25 91.9689 23.6
      vertex 4.11612 94.1161 23.6
      vertex 4.00831 94.2391 23.6
    endloop
  endfacet
  facet normal 0 0 1
    outer loop
      vertex 3.25 91.9689 23.6
      vertex 4.00831 94.2391 23.6
      vertex 3.91747 94.375 23.6
    endloop
  endfacet
  facet normal 0 0 1
    outer loop
      vertex 3.25 91.9689 23.6
      vertex 3.91747 94.375 23.6
      vertex 3.84515 94.5216 23.6
    endloop
  endfacet
  facet normal 0 0 1
    outer loop
      vertex 3.25 91.9689 23.6
      vertex 3.84515 94.5216 23.6
      vertex 3.79259 94.6765 23.6
    endloop
  endfacet
  facet normal 0 0 1
    outer loop
      vertex 3.25 91.9689 23.6
      vertex 3.79259 94.6765 23.6
      vertex 3.76069 94.8368 23.6
    endloop
  endfacet
  facet normal 0 0 1
    outer loop
      vertex 4.52165 93.8452 23.6
      vertex 3.66061 91.7664 23.6
      vertex 4.09413 91.6193 23.6
    endloop
  endfacet
  facet normal 0 0 1
    outer loop
      vertex 3.25 91.9689 23.6
      vertex 3.76069 94.8368 23.6
      vertex 3.75 95 23.6
    endloop
  endfacet
  facet normal 0 0 1
    outer loop
      vertex 163 6.79653 23.6
      vertex 161.239 5.16316 23.6
      vertex 161.25 5 23.6
    endloop
  endfacet
  facet normal 0 0 1
    outer loop
      vertex 161.75 8.03109 23.6
      vertex 161.207 5.32352 23.6
      vertex 161.239 5.16316 23.6
    endloop
  endfacet
  facet normal 0 0 1
    outer loop
      vertex 161.75 8.03109 23.6
      vertex 161.155 5.47835 23.6
      vertex 161.207 5.32352 23.6
    endloop
  endfacet
  facet normal 0 0 1
    outer loop
      vertex 161.75 8.03109 23.6
      vertex 161.083 5.625 23.6
      vertex 161.155 5.47835 23.6
    endloop
  endfacet
  facet normal 0 0 1
    outer loop
      vertex 161.75 8.03109 23.6
      vertex 160.992 5.76095 23.6
      vertex 161.083 5.625 23.6
    endloop
  endfacet
  facet normal 0 0 1
    outer loop
      vertex 160.478 6.15485 23.6
      vertex 161.339 8.23358 23.6
      vertex 160.906 8.38074 23.6
    endloop
  endfacet
  facet normal 0 0 1
    outer loop
      vertex 161.75 8.03109 23.6
      vertex 160.884 5.88388 23.6
      vertex 160.992 5.76095 23.6
    endloop
  endfacet
  facet normal 0 0 1
    outer loop
      vertex 161.75 8.03109 23.6
      vertex 160.761 5.99169 23.6
      vertex 160.884 5.88388 23.6
    endloop
  endfacet
  facet normal 0 0 1
    outer loop
      vertex 161.75 8.03109 23.6
      vertex 160.625 6.08253 23.6
      vertex 160.761 5.99169 23.6
    endloop
  endfacet
  facet normal 0 0 1
    outer loop
      vertex 161.339 8.23358 23.6
      vertex 160.478 6.15485 23.6
      vertex 160.625 6.08253 23.6
    endloop
  endfacet
  facet normal 0 0 1
    outer loop
      vertex 160.324 6.20741 23.6
      vertex 160.906 8.38074 23.6
      vertex 160.457 8.47006 23.6
    endloop
  endfacet
  facet normal 0 0 1
    outer loop
      vertex 160.906 8.38074 23.6
      vertex 160.324 6.20741 23.6
      vertex 160.478 6.15485 23.6
    endloop
  endfacet
  facet normal 0 0 1
    outer loop
      vertex 160.457 8.47006 23.6
      vertex 160.163 6.23931 23.6
      vertex 160.324 6.20741 23.6
    endloop
  endfacet
  facet normal 0 0 1
    outer loop
      vertex 160 8.5 23.6
      vertex 160.163 6.23931 23.6
      vertex 160.457 8.47006 23.6
    endloop
  endfacet
  facet normal 0 0 1
    outer loop
      vertex 160 8.5 23.6
      vertex 160 6.25 23.6
      vertex 160.163 6.23931 23.6
    endloop
  endfacet
  facet normal 0 0 1
    outer loop
      vertex 160 8.5 23.6
      vertex 159.837 6.23931 23.6
      vertex 160 6.25 23.6
    endloop
  endfacet
  facet normal -0 0 1
    outer loop
      vertex 159.543 8.47006 23.6
      vertex 159.837 6.23931 23.6
      vertex 160 8.5 23.6
    endloop
  endfacet
  facet normal 0 0 1
    outer loop
      vertex 159.837 6.23931 23.6
      vertex 159.543 8.47006 23.6
      vertex 159.676 6.20741 23.6
    endloop
  endfacet
  facet normal -0 0 1
    outer loop
      vertex 159.094 8.38074 23.6
      vertex 159.676 6.20741 23.6
      vertex 159.543 8.47006 23.6
    endloop
  endfacet
  facet normal 0 0 1
    outer loop
      vertex 159.676 6.20741 23.6
      vertex 159.094 8.38074 23.6
      vertex 159.522 6.15485 23.6
    endloop
  endfacet
  facet normal -0 0 1
    outer loop
      vertex 158.661 8.23358 23.6
      vertex 159.522 6.15485 23.6
      vertex 159.094 8.38074 23.6
    endloop
  endfacet
  facet normal 0 0 1
    outer loop
      vertex 159.522 6.15485 23.6
      vertex 158.661 8.23358 23.6
      vertex 159.375 6.08253 23.6
    endloop
  endfacet
  facet normal -0 0 1
    outer loop
      vertex 158.25 8.03109 23.6
      vertex 159.375 6.08253 23.6
      vertex 158.661 8.23358 23.6
    endloop
  endfacet
  facet normal 0 0 1
    outer loop
      vertex 159.375 6.08253 23.6
      vertex 158.25 8.03109 23.6
      vertex 159.239 5.99169 23.6
    endloop
  endfacet
  facet normal -0 0 1
    outer loop
      vertex 157.869 7.77674 23.6
      vertex 159.239 5.99169 23.6
      vertex 158.25 8.03109 23.6
    endloop
  endfacet
  facet normal 0 0 1
    outer loop
      vertex 159.239 5.99169 23.6
      vertex 157.869 7.77674 23.6
      vertex 159.116 5.88388 23.6
    endloop
  endfacet
  facet normal -0 0 1
    outer loop
      vertex 157.525 7.47487 23.6
      vertex 159.116 5.88388 23.6
      vertex 157.869 7.77674 23.6
    endloop
  endfacet
  facet normal 0 0 1
    outer loop
      vertex 159.116 5.88388 23.6
      vertex 157.525 7.47487 23.6
      vertex 159.008 5.76095 23.6
    endloop
  endfacet
  facet normal 0 0 1
    outer loop
      vertex 159.008 5.76095 23.6
      vertex 157.223 7.13066 23.6
      vertex 158.917 5.625 23.6
    endloop
  endfacet
  facet normal -0 0 1
    outer loop
      vertex 157.223 7.13066 23.6
      vertex 159.008 5.76095 23.6
      vertex 157.525 7.47487 23.6
    endloop
  endfacet
  facet normal 0 0 1
    outer loop
      vertex 163 93.2035 23.6
      vertex 160.992 94.2391 23.6
      vertex 162.777 92.8693 23.6
    endloop
  endfacet
  facet normal 0 0 1
    outer loop
      vertex 162.777 92.8693 23.6
      vertex 160.992 94.2391 23.6
      vertex 162.475 92.5251 23.6
    endloop
  endfacet
  facet normal -0 0 1
    outer loop
      vertex 160.884 94.1161 23.6
      vertex 162.475 92.5251 23.6
      vertex 160.992 94.2391 23.6
    endloop
  endfacet
  facet normal 0 0 1
    outer loop
      vertex 162.475 92.5251 23.6
      vertex 160.884 94.1161 23.6
      vertex 162.131 92.2233 23.6
    endloop
  endfacet
  facet normal -0 0 1
    outer loop
      vertex 160.761 94.0083 23.6
      vertex 162.131 92.2233 23.6
      vertex 160.884 94.1161 23.6
    endloop
  endfacet
  facet normal 0 0 1
    outer loop
      vertex 162.131 92.2233 23.6
      vertex 160.761 94.0083 23.6
      vertex 161.75 91.9689 23.6
    endloop
  endfacet
  facet normal -0 0 1
    outer loop
      vertex 160.625 93.9175 23.6
      vertex 161.75 91.9689 23.6
      vertex 160.761 94.0083 23.6
    endloop
  endfacet
  facet normal 0 0 1
    outer loop
      vertex 161.75 91.9689 23.6
      vertex 160.625 93.9175 23.6
      vertex 161.339 91.7664 23.6
    endloop
  endfacet
  facet normal -0 0 1
    outer loop
      vertex 160.478 93.8452 23.6
      vertex 161.339 91.7664 23.6
      vertex 160.625 93.9175 23.6
    endloop
  endfacet
  facet normal 0 0 1
    outer loop
      vertex 161.339 91.7664 23.6
      vertex 160.478 93.8452 23.6
      vertex 160.906 91.6193 23.6
    endloop
  endfacet
  facet normal -0 0 1
    outer loop
      vertex 160.324 93.7926 23.6
      vertex 160.906 91.6193 23.6
      vertex 160.478 93.8452 23.6
    endloop
  endfacet
  facet normal 0 0 1
    outer loop
      vertex 160.906 91.6193 23.6
      vertex 160.324 93.7926 23.6
      vertex 160.457 91.5299 23.6
    endloop
  endfacet
  facet normal -0 0 1
    outer loop
      vertex 160.163 93.7607 23.6
      vertex 160.457 91.5299 23.6
      vertex 160.324 93.7926 23.6
    endloop
  endfacet
  facet normal -0 0 1
    outer loop
      vertex 160 93.75 23.6
      vertex 160.457 91.5299 23.6
      vertex 160.163 93.7607 23.6
    endloop
  endfacet
  facet normal 0 0 1
    outer loop
      vertex 160 93.75 23.6
      vertex 160 91.5 23.6
      vertex 160.457 91.5299 23.6
    endloop
  endfacet
  facet normal 0 0 1
    outer loop
      vertex 159.837 93.7607 23.6
      vertex 160 91.5 23.6
      vertex 160 93.75 23.6
    endloop
  endfacet
  facet normal 0 0 1
    outer loop
      vertex 159.543 91.5299 23.6
      vertex 159.837 93.7607 23.6
      vertex 159.676 93.7926 23.6
    endloop
  endfacet
  facet normal 0 0 1
    outer loop
      vertex 159.837 93.7607 23.6
      vertex 159.543 91.5299 23.6
      vertex 160 91.5 23.6
    endloop
  endfacet
  facet normal 0 0 1
    outer loop
      vertex 159.094 91.6193 23.6
      vertex 159.676 93.7926 23.6
      vertex 159.522 93.8452 23.6
    endloop
  endfacet
  facet normal 0 0 1
    outer loop
      vertex 158.661 91.7664 23.6
      vertex 159.522 93.8452 23.6
      vertex 159.375 93.9175 23.6
    endloop
  endfacet
  facet normal 0 0 1
    outer loop
      vertex 158.25 91.9689 23.6
      vertex 159.375 93.9175 23.6
      vertex 159.239 94.0083 23.6
    endloop
  endfacet
  facet normal 0 0 1
    outer loop
      vertex 158.25 91.9689 23.6
      vertex 159.239 94.0083 23.6
      vertex 159.116 94.1161 23.6
    endloop
  endfacet
  facet normal 0 0 1
    outer loop
      vertex 159.676 93.7926 23.6
      vertex 159.094 91.6193 23.6
      vertex 159.543 91.5299 23.6
    endloop
  endfacet
  facet normal 0 0 1
    outer loop
      vertex 158.25 91.9689 23.6
      vertex 159.116 94.1161 23.6
      vertex 159.008 94.2391 23.6
    endloop
  endfacet
  facet normal 0 0 1
    outer loop
      vertex 158.25 91.9689 23.6
      vertex 159.008 94.2391 23.6
      vertex 158.917 94.375 23.6
    endloop
  endfacet
  facet normal 0 0 1
    outer loop
      vertex 158.25 91.9689 23.6
      vertex 158.917 94.375 23.6
      vertex 158.845 94.5216 23.6
    endloop
  endfacet
  facet normal 0 0 1
    outer loop
      vertex 158.25 91.9689 23.6
      vertex 158.845 94.5216 23.6
      vertex 158.793 94.6765 23.6
    endloop
  endfacet
  facet normal 0 0 1
    outer loop
      vertex 158.25 91.9689 23.6
      vertex 158.793 94.6765 23.6
      vertex 158.761 94.8368 23.6
    endloop
  endfacet
  facet normal 0 0 1
    outer loop
      vertex 159.522 93.8452 23.6
      vertex 158.661 91.7664 23.6
      vertex 159.094 91.6193 23.6
    endloop
  endfacet
  facet normal 0 0 1
    outer loop
      vertex 158.25 91.9689 23.6
      vertex 158.761 94.8368 23.6
      vertex 158.75 95 23.6
    endloop
  endfacet
  facet normal 0 0 1
    outer loop
      vertex 161.239 5.16316 23.6
      vertex 163 6.79653 23.6
      vertex 162.777 7.13066 23.6
    endloop
  endfacet
  facet normal 0 0 1
    outer loop
      vertex 163 6.79653 23.6
      vertex 161.25 5 23.6
      vertex 163 3.20347 23.6
    endloop
  endfacet
  facet normal 0 0 1
    outer loop
      vertex 161.239 5.16316 23.6
      vertex 162.777 7.13066 23.6
      vertex 162.475 7.47487 23.6
    endloop
  endfacet
  facet normal -0 0 1
    outer loop
      vertex 161.239 4.83684 23.6
      vertex 163 3.20347 23.6
      vertex 161.25 5 23.6
    endloop
  endfacet
  facet normal 0 0 1
    outer loop
      vertex 161.239 5.16316 23.6
      vertex 162.475 7.47487 23.6
      vertex 162.131 7.77674 23.6
    endloop
  endfacet
  facet normal -0 0 1
    outer loop
      vertex 161.207 4.67648 23.6
      vertex 163 3.20347 23.6
      vertex 161.239 4.83684 23.6
    endloop
  endfacet
  facet normal -0 0 1
    outer loop
      vertex 161.155 4.52165 23.6
      vertex 163 3.20347 23.6
      vertex 161.207 4.67648 23.6
    endloop
  endfacet
  facet normal 0 0 1
    outer loop
      vertex 161.239 5.16316 23.6
      vertex 162.131 7.77674 23.6
      vertex 161.75 8.03109 23.6
    endloop
  endfacet
  facet normal 0 0 1
    outer loop
      vertex 160.992 95.7609 23.6
      vertex 163 96.7965 23.6
      vertex 162.777 97.1307 23.6
    endloop
  endfacet
  facet normal 0 0 1
    outer loop
      vertex 163 96.7965 23.6
      vertex 161.25 95 23.6
      vertex 163 93.2035 23.6
    endloop
  endfacet
  facet normal 0 0 1
    outer loop
      vertex 160.992 95.7609 23.6
      vertex 162.777 97.1307 23.6
      vertex 162.475 97.4749 23.6
    endloop
  endfacet
  facet normal -0 0 1
    outer loop
      vertex 161.239 94.8368 23.6
      vertex 163 93.2035 23.6
      vertex 161.25 95 23.6
    endloop
  endfacet
  facet normal 0 0 1
    outer loop
      vertex 160.884 95.8839 23.6
      vertex 162.475 97.4749 23.6
      vertex 162.131 97.7767 23.6
    endloop
  endfacet
  facet normal -0 0 1
    outer loop
      vertex 161.207 94.6765 23.6
      vertex 163 93.2035 23.6
      vertex 161.239 94.8368 23.6
    endloop
  endfacet
  facet normal 0 0 1
    outer loop
      vertex 160.761 95.9917 23.6
      vertex 162.131 97.7767 23.6
      vertex 161.797 98 23.6
    endloop
  endfacet
  facet normal -0 0 1
    outer loop
      vertex 161.155 94.5216 23.6
      vertex 163 93.2035 23.6
      vertex 161.207 94.6765 23.6
    endloop
  endfacet
  facet normal 0 0 1
    outer loop
      vertex 163 96.7965 23.6
      vertex 165 100 23.6
      vertex 163 98 23.6
    endloop
  endfacet
  facet normal 0 0 1
    outer loop
      vertex 165 100 23.6
      vertex 161.797 98 23.6
      vertex 163 98 23.6
    endloop
  endfacet
  facet normal -0 0 1
    outer loop
      vertex 161.083 94.375 23.6
      vertex 163 93.2035 23.6
      vertex 161.155 94.5216 23.6
    endloop
  endfacet
  facet normal -0 0 1
    outer loop
      vertex 160.992 94.2391 23.6
      vertex 163 93.2035 23.6
      vertex 161.083 94.375 23.6
    endloop
  endfacet
  facet normal 0 0 1
    outer loop
      vertex 163 96.7965 23.6
      vertex 161.239 95.1632 23.6
      vertex 161.25 95 23.6
    endloop
  endfacet
  facet normal 0 0 1
    outer loop
      vertex 163 96.7965 23.6
      vertex 161.207 95.3235 23.6
      vertex 161.239 95.1632 23.6
    endloop
  endfacet
  facet normal 0 0 1
    outer loop
      vertex 163 96.7965 23.6
      vertex 161.155 95.4784 23.6
      vertex 161.207 95.3235 23.6
    endloop
  endfacet
  facet normal 0 0 1
    outer loop
      vertex 163 96.7965 23.6
      vertex 161.083 95.625 23.6
      vertex 161.155 95.4784 23.6
    endloop
  endfacet
  facet normal 0 0 1
    outer loop
      vertex 163 96.7965 23.6
      vertex 160.992 95.7609 23.6
      vertex 161.083 95.625 23.6
    endloop
  endfacet
  facet normal 0 0 1
    outer loop
      vertex 162.475 97.4749 23.6
      vertex 160.884 95.8839 23.6
      vertex 160.992 95.7609 23.6
    endloop
  endfacet
  facet normal 0 0 1
    outer loop
      vertex 162.131 97.7767 23.6
      vertex 160.761 95.9917 23.6
      vertex 160.884 95.8839 23.6
    endloop
  endfacet
  facet normal 0 0 1
    outer loop
      vertex 161.797 98 23.6
      vertex 160.625 96.0825 23.6
      vertex 160.761 95.9917 23.6
    endloop
  endfacet
  facet normal 0 0 1
    outer loop
      vertex 161.797 98 23.6
      vertex 160.478 96.1548 23.6
      vertex 160.625 96.0825 23.6
    endloop
  endfacet
  facet normal 0 0 1
    outer loop
      vertex 161.797 98 23.6
      vertex 160.324 96.2074 23.6
      vertex 160.478 96.1548 23.6
    endloop
  endfacet
  facet normal 0 0 1
    outer loop
      vertex 161.797 98 23.6
      vertex 160.163 96.2393 23.6
      vertex 160.324 96.2074 23.6
    endloop
  endfacet
  facet normal 0 0 1
    outer loop
      vertex 161.797 98 23.6
      vertex 160 96.25 23.6
      vertex 160.163 96.2393 23.6
    endloop
  endfacet
  facet normal -0 0 1
    outer loop
      vertex 158.203 98 23.6
      vertex 160 96.25 23.6
      vertex 161.797 98 23.6
    endloop
  endfacet
  facet normal 0 0 1
    outer loop
      vertex 160 96.25 23.6
      vertex 158.203 98 23.6
      vertex 159.837 96.2393 23.6
    endloop
  endfacet
  facet normal 0 0 1
    outer loop
      vertex 159.837 96.2393 23.6
      vertex 158.203 98 23.6
      vertex 159.676 96.2074 23.6
    endloop
  endfacet
  facet normal 0 0 1
    outer loop
      vertex 159.676 96.2074 23.6
      vertex 158.203 98 23.6
      vertex 159.522 96.1548 23.6
    endloop
  endfacet
  facet normal 0 0 1
    outer loop
      vertex 159.522 96.1548 23.6
      vertex 158.203 98 23.6
      vertex 159.375 96.0825 23.6
    endloop
  endfacet
  facet normal 0 0 1
    outer loop
      vertex 159.375 93.9175 23.6
      vertex 158.25 91.9689 23.6
      vertex 158.661 91.7664 23.6
    endloop
  endfacet
  facet normal -0 0 1
    outer loop
      vertex 156.969 96.75 23.6
      vertex 158.917 95.625 23.6
      vertex 157.223 97.1307 23.6
    endloop
  endfacet
  facet normal 0 0 1
    outer loop
      vertex 158.917 95.625 23.6
      vertex 156.969 96.75 23.6
      vertex 158.845 95.4784 23.6
    endloop
  endfacet
  facet normal 0 0 1
    outer loop
      vertex 159.008 95.7609 23.6
      vertex 157.223 97.1307 23.6
      vertex 158.917 95.625 23.6
    endloop
  endfacet
  facet normal -0 0 1
    outer loop
      vertex 157.223 97.1307 23.6
      vertex 159.008 95.7609 23.6
      vertex 157.525 97.4749 23.6
    endloop
  endfacet
  facet normal 0 0 1
    outer loop
      vertex 159.116 95.8839 23.6
      vertex 157.525 97.4749 23.6
      vertex 159.008 95.7609 23.6
    endloop
  endfacet
  facet normal -0 0 1
    outer loop
      vertex 157.525 97.4749 23.6
      vertex 159.116 95.8839 23.6
      vertex 157.869 97.7767 23.6
    endloop
  endfacet
  facet normal 0 0 1
    outer loop
      vertex 159.239 95.9917 23.6
      vertex 157.869 97.7767 23.6
      vertex 159.116 95.8839 23.6
    endloop
  endfacet
  facet normal -0 0 1
    outer loop
      vertex 157.869 97.7767 23.6
      vertex 159.239 95.9917 23.6
      vertex 158.203 98 23.6
    endloop
  endfacet
  facet normal 0 0 1
    outer loop
      vertex 159.375 96.0825 23.6
      vertex 158.203 98 23.6
      vertex 159.239 95.9917 23.6
    endloop
  endfacet
  facet normal 0 0 1
    outer loop
      vertex 165 100 23.6
      vertex 158.203 98 23.6
      vertex 161.797 98 23.6
    endloop
  endfacet
  facet normal 0 0 1
    outer loop
      vertex 165 100 23.6
      vertex 6.79653 98 23.6
      vertex 158.203 98 23.6
    endloop
  endfacet
  facet normal -0 0 1
    outer loop
      vertex 6.08253 94.375 23.6
      vertex 8.03109 93.25 23.6
      vertex 6.15485 94.5216 23.6
    endloop
  endfacet
  facet normal 0 0 1
    outer loop
      vertex 8.03109 93.25 23.6
      vertex 6.08253 94.375 23.6
      vertex 7.77674 92.8693 23.6
    endloop
  endfacet
  facet normal 0 0 1
    outer loop
      vertex 8.47006 95.4568 23.6
      vertex 6.23931 95.1632 23.6
      vertex 6.25 95 23.6
    endloop
  endfacet
  facet normal 0 0 1
    outer loop
      vertex 8.38074 95.9059 23.6
      vertex 6.20741 95.3235 23.6
      vertex 6.23931 95.1632 23.6
    endloop
  endfacet
  facet normal 0 0 1
    outer loop
      vertex 8.23358 96.3394 23.6
      vertex 6.15485 95.4784 23.6
      vertex 6.20741 95.3235 23.6
    endloop
  endfacet
  facet normal 0 0 1
    outer loop
      vertex 8.03109 96.75 23.6
      vertex 6.08253 95.625 23.6
      vertex 6.15485 95.4784 23.6
    endloop
  endfacet
  facet normal 0 0 1
    outer loop
      vertex 7.77674 97.1307 23.6
      vertex 5.99169 95.7609 23.6
      vertex 6.08253 95.625 23.6
    endloop
  endfacet
  facet normal 0 0 1
    outer loop
      vertex 7.47487 97.4749 23.6
      vertex 5.88388 95.8839 23.6
      vertex 5.99169 95.7609 23.6
    endloop
  endfacet
  facet normal 0 0 1
    outer loop
      vertex 7.13066 97.7767 23.6
      vertex 5.76095 95.9917 23.6
      vertex 5.88388 95.8839 23.6
    endloop
  endfacet
  facet normal 0 0 1
    outer loop
      vertex 6.79653 98 23.6
      vertex 5.625 96.0825 23.6
      vertex 5.76095 95.9917 23.6
    endloop
  endfacet
  facet normal 0 0 1
    outer loop
      vertex 6.79653 98 23.6
      vertex 5.47835 96.1548 23.6
      vertex 5.625 96.0825 23.6
    endloop
  endfacet
  facet normal 0 0 1
    outer loop
      vertex 6.79653 98 23.6
      vertex 5.32352 96.2074 23.6
      vertex 5.47835 96.1548 23.6
    endloop
  endfacet
  facet normal 0 0 1
    outer loop
      vertex 6.79653 98 23.6
      vertex 5.16316 96.2393 23.6
      vertex 5.32352 96.2074 23.6
    endloop
  endfacet
  facet normal 0 0 1
    outer loop
      vertex 6.79653 98 23.6
      vertex 5 96.25 23.6
      vertex 5.16316 96.2393 23.6
    endloop
  endfacet
  facet normal -0 0 1
    outer loop
      vertex 3.20347 98 23.6
      vertex 5 96.25 23.6
      vertex 6.79653 98 23.6
    endloop
  endfacet
  facet normal 0 0 1
    outer loop
      vertex 5 96.25 23.6
      vertex 3.20347 98 23.6
      vertex 4.83684 96.2393 23.6
    endloop
  endfacet
  facet normal 0 0 1
    outer loop
      vertex 4.83684 96.2393 23.6
      vertex 3.20347 98 23.6
      vertex 4.67648 96.2074 23.6
    endloop
  endfacet
  facet normal 0 0 1
    outer loop
      vertex 4.67648 96.2074 23.6
      vertex 3.20347 98 23.6
      vertex 4.52165 96.1548 23.6
    endloop
  endfacet
  facet normal 0 0 1
    outer loop
      vertex 4.52165 96.1548 23.6
      vertex 3.20347 98 23.6
      vertex 4.375 96.0825 23.6
    endloop
  endfacet
  facet normal 0 0 1
    outer loop
      vertex 4.375 93.9175 23.6
      vertex 3.25 91.9689 23.6
      vertex 3.66061 91.7664 23.6
    endloop
  endfacet
  facet normal 0 0 1
    outer loop
      vertex 4.00831 95.7609 23.6
      vertex 2 96.7965 23.6
      vertex 3.91747 95.625 23.6
    endloop
  endfacet
  facet normal 0 0 1
    outer loop
      vertex 3.91747 95.625 23.6
      vertex 2 96.7965 23.6
      vertex 3.84515 95.4784 23.6
    endloop
  endfacet
  facet normal -0 0 1
    outer loop
      vertex 2 96.7965 23.6
      vertex 4.00831 95.7609 23.6
      vertex 2.22326 97.1307 23.6
    endloop
  endfacet
  facet normal -0 0 1
    outer loop
      vertex 2.22326 97.1307 23.6
      vertex 4.00831 95.7609 23.6
      vertex 2.52513 97.4749 23.6
    endloop
  endfacet
  facet normal 0 0 1
    outer loop
      vertex 4.11612 95.8839 23.6
      vertex 2.52513 97.4749 23.6
      vertex 4.00831 95.7609 23.6
    endloop
  endfacet
  facet normal -0 0 1
    outer loop
      vertex 2.52513 97.4749 23.6
      vertex 4.11612 95.8839 23.6
      vertex 2.86934 97.7767 23.6
    endloop
  endfacet
  facet normal 0 0 1
    outer loop
      vertex 4.23905 95.9917 23.6
      vertex 2.86934 97.7767 23.6
      vertex 4.11612 95.8839 23.6
    endloop
  endfacet
  facet normal -0 0 1
    outer loop
      vertex 2.86934 97.7767 23.6
      vertex 4.23905 95.9917 23.6
      vertex 3.20347 98 23.6
    endloop
  endfacet
  facet normal 0 0 1
    outer loop
      vertex 4.375 96.0825 23.6
      vertex 3.20347 98 23.6
      vertex 4.23905 95.9917 23.6
    endloop
  endfacet
  facet normal -0 0 1
    outer loop
      vertex 0 100 23.6
      vertex 6.79653 98 23.6
      vertex 165 100 23.6
    endloop
  endfacet
  facet normal 0 0 1
    outer loop
      vertex 6.79653 98 23.6
      vertex 0 100 23.6
      vertex 3.20347 98 23.6
    endloop
  endfacet
  facet normal 0 0 1
    outer loop
      vertex 0 100 23.6
      vertex 2 96.7965 23.6
      vertex 2 98 23.6
    endloop
  endfacet
  facet normal 0 0 1
    outer loop
      vertex 2 96.7965 23.6
      vertex 0 100 23.6
      vertex 2 93.2035 23.6
    endloop
  endfacet
  facet normal 0 0 1
    outer loop
      vertex 2 93.2035 23.6
      vertex 0 100 23.6
      vertex 2 6.79653 23.6
    endloop
  endfacet
  facet normal 0 0 1
    outer loop
      vertex 0 0 23.6
      vertex 2 6.79653 23.6
      vertex 0 100 23.6
    endloop
  endfacet
  facet normal 0 0 1
    outer loop
      vertex 2 6.79653 23.6
      vertex 0 0 23.6
      vertex 2 3.20347 23.6
    endloop
  endfacet
  facet normal 0 0 1
    outer loop
      vertex 3.20347 98 23.6
      vertex 0 100 23.6
      vertex 2 98 23.6
    endloop
  endfacet
  facet normal 0 0 1
    outer loop
      vertex 163 93.2035 23.6
      vertex 165 100 23.6
      vertex 163 96.7965 23.6
    endloop
  endfacet
  facet normal 0 0 1
    outer loop
      vertex 165 100 23.6
      vertex 163 93.2035 23.6
      vertex 165 0 23.6
    endloop
  endfacet
  facet normal -0 0 1
    outer loop
      vertex 163 6.79653 23.6
      vertex 165 0 23.6
      vertex 163 93.2035 23.6
    endloop
  endfacet
  facet normal -0 0 1
    outer loop
      vertex 163 3.20347 23.6
      vertex 165 0 23.6
      vertex 163 6.79653 23.6
    endloop
  endfacet
  facet normal -0 0 1
    outer loop
      vertex 163 2 23.6
      vertex 165 0 23.6
      vertex 163 3.20347 23.6
    endloop
  endfacet
  facet normal -0 0 1
    outer loop
      vertex 161.797 2 23.6
      vertex 165 0 23.6
      vertex 163 2 23.6
    endloop
  endfacet
  facet normal 0 0 1
    outer loop
      vertex 160.625 6.08253 23.6
      vertex 161.75 8.03109 23.6
      vertex 161.339 8.23358 23.6
    endloop
  endfacet
  facet normal -0 0 1
    outer loop
      vertex 161.083 4.375 23.6
      vertex 163 3.20347 23.6
      vertex 161.155 4.52165 23.6
    endloop
  endfacet
  facet normal -0 0 1
    outer loop
      vertex 160.992 4.23905 23.6
      vertex 163 3.20347 23.6
      vertex 161.083 4.375 23.6
    endloop
  endfacet
  facet normal 0 0 1
    outer loop
      vertex 163 3.20347 23.6
      vertex 160.992 4.23905 23.6
      vertex 162.777 2.86934 23.6
    endloop
  endfacet
  facet normal 0 0 1
    outer loop
      vertex 162.777 2.86934 23.6
      vertex 160.992 4.23905 23.6
      vertex 162.475 2.52513 23.6
    endloop
  endfacet
  facet normal -0 0 1
    outer loop
      vertex 160.884 4.11612 23.6
      vertex 162.475 2.52513 23.6
      vertex 160.992 4.23905 23.6
    endloop
  endfacet
  facet normal 0 0 1
    outer loop
      vertex 162.475 2.52513 23.6
      vertex 160.884 4.11612 23.6
      vertex 162.131 2.22326 23.6
    endloop
  endfacet
  facet normal -0 0 1
    outer loop
      vertex 160.761 4.00831 23.6
      vertex 162.131 2.22326 23.6
      vertex 160.884 4.11612 23.6
    endloop
  endfacet
  facet normal 0 0 1
    outer loop
      vertex 162.131 2.22326 23.6
      vertex 160.761 4.00831 23.6
      vertex 161.797 2 23.6
    endloop
  endfacet
  facet normal -0 0 1
    outer loop
      vertex 160.625 3.91747 23.6
      vertex 161.797 2 23.6
      vertex 160.761 4.00831 23.6
    endloop
  endfacet
  facet normal -0 0 1
    outer loop
      vertex 160.478 3.84515 23.6
      vertex 161.797 2 23.6
      vertex 160.625 3.91747 23.6
    endloop
  endfacet
  facet normal -0 0 1
    outer loop
      vertex 160.324 3.79259 23.6
      vertex 161.797 2 23.6
      vertex 160.478 3.84515 23.6
    endloop
  endfacet
  facet normal -0 0 1
    outer loop
      vertex 160.163 3.76069 23.6
      vertex 161.797 2 23.6
      vertex 160.324 3.79259 23.6
    endloop
  endfacet
  facet normal -0 0 1
    outer loop
      vertex 160 3.75 23.6
      vertex 161.797 2 23.6
      vertex 160.163 3.76069 23.6
    endloop
  endfacet
  facet normal 0 0 1
    outer loop
      vertex 158.203 2 23.6
      vertex 160 3.75 23.6
      vertex 159.837 3.76069 23.6
    endloop
  endfacet
  facet normal 0 0 1
    outer loop
      vertex 158.203 2 23.6
      vertex 159.837 3.76069 23.6
      vertex 159.676 3.79259 23.6
    endloop
  endfacet
  facet normal 0 0 1
    outer loop
      vertex 158.203 2 23.6
      vertex 159.676 3.79259 23.6
      vertex 159.522 3.84515 23.6
    endloop
  endfacet
  facet normal 0 0 1
    outer loop
      vertex 158.203 2 23.6
      vertex 159.522 3.84515 23.6
      vertex 159.375 3.91747 23.6
    endloop
  endfacet
  facet normal 0 0 1
    outer loop
      vertex 158.203 2 23.6
      vertex 159.375 3.91747 23.6
      vertex 159.239 4.00831 23.6
    endloop
  endfacet
  facet normal -0 0 1
    outer loop
      vertex 156.969 6.75 23.6
      vertex 158.917 5.625 23.6
      vertex 157.223 7.13066 23.6
    endloop
  endfacet
  facet normal 0 0 1
    outer loop
      vertex 158.917 5.625 23.6
      vertex 156.969 6.75 23.6
      vertex 158.845 5.47835 23.6
    endloop
  endfacet
  facet normal 0 0 1
    outer loop
      vertex 158.75 5 23.6
      vertex 158.203 2 23.6
      vertex 158.761 4.83684 23.6
    endloop
  endfacet
  facet normal 0 0 1
    outer loop
      vertex 158.203 2 23.6
      vertex 158.793 4.67648 23.6
      vertex 158.761 4.83684 23.6
    endloop
  endfacet
  facet normal 0 0 1
    outer loop
      vertex 158.203 2 23.6
      vertex 158.845 4.52165 23.6
      vertex 158.793 4.67648 23.6
    endloop
  endfacet
  facet normal 0 0 1
    outer loop
      vertex 158.203 2 23.6
      vertex 158.917 4.375 23.6
      vertex 158.845 4.52165 23.6
    endloop
  endfacet
  facet normal 0 0 1
    outer loop
      vertex 158.203 2 23.6
      vertex 159.008 4.23905 23.6
      vertex 158.917 4.375 23.6
    endloop
  endfacet
  facet normal 0 0 1
    outer loop
      vertex 158.203 2 23.6
      vertex 159.116 4.11612 23.6
      vertex 159.008 4.23905 23.6
    endloop
  endfacet
  facet normal 0 0 1
    outer loop
      vertex 158.203 2 23.6
      vertex 159.239 4.00831 23.6
      vertex 159.116 4.11612 23.6
    endloop
  endfacet
  facet normal 0 0 1
    outer loop
      vertex 160 3.75 23.6
      vertex 158.203 2 23.6
      vertex 161.797 2 23.6
    endloop
  endfacet
  facet normal -0 0 1
    outer loop
      vertex 158.203 2 23.6
      vertex 165 0 23.6
      vertex 161.797 2 23.6
    endloop
  endfacet
  facet normal -0 0 1
    outer loop
      vertex 6.79653 2 23.6
      vertex 165 0 23.6
      vertex 158.203 2 23.6
    endloop
  endfacet
  facet normal 0 0 1
    outer loop
      vertex 5.625 6.08253 23.6
      vertex 6.75 8.03109 23.6
      vertex 6.33939 8.23358 23.6
    endloop
  endfacet
  facet normal -0 0 1
    outer loop
      vertex 6.08253 4.375 23.6
      vertex 8.03109 3.25 23.6
      vertex 6.15485 4.52165 23.6
    endloop
  endfacet
  facet normal 0 0 1
    outer loop
      vertex 8.03109 3.25 23.6
      vertex 6.08253 4.375 23.6
      vertex 7.77674 2.86934 23.6
    endloop
  endfacet
  facet normal -0 0 1
    outer loop
      vertex 5.99169 4.23905 23.6
      vertex 7.77674 2.86934 23.6
      vertex 6.08253 4.375 23.6
    endloop
  endfacet
  facet normal 0 0 1
    outer loop
      vertex 7.77674 2.86934 23.6
      vertex 5.99169 4.23905 23.6
      vertex 7.47487 2.52513 23.6
    endloop
  endfacet
  facet normal -0 0 1
    outer loop
      vertex 5.88388 4.11612 23.6
      vertex 7.47487 2.52513 23.6
      vertex 5.99169 4.23905 23.6
    endloop
  endfacet
  facet normal 0 0 1
    outer loop
      vertex 7.47487 2.52513 23.6
      vertex 5.88388 4.11612 23.6
      vertex 7.13066 2.22326 23.6
    endloop
  endfacet
  facet normal -0 0 1
    outer loop
      vertex 5.76095 4.00831 23.6
      vertex 7.13066 2.22326 23.6
      vertex 5.88388 4.11612 23.6
    endloop
  endfacet
  facet normal 0 0 1
    outer loop
      vertex 7.13066 2.22326 23.6
      vertex 5.76095 4.00831 23.6
      vertex 6.79653 2 23.6
    endloop
  endfacet
  facet normal -0 0 1
    outer loop
      vertex 5.625 3.91747 23.6
      vertex 6.79653 2 23.6
      vertex 5.76095 4.00831 23.6
    endloop
  endfacet
  facet normal -0 0 1
    outer loop
      vertex 5.47835 3.84515 23.6
      vertex 6.79653 2 23.6
      vertex 5.625 3.91747 23.6
    endloop
  endfacet
  facet normal -0 0 1
    outer loop
      vertex 5.32352 3.79259 23.6
      vertex 6.79653 2 23.6
      vertex 5.47835 3.84515 23.6
    endloop
  endfacet
  facet normal -0 0 1
    outer loop
      vertex 5.16316 3.76069 23.6
      vertex 6.79653 2 23.6
      vertex 5.32352 3.79259 23.6
    endloop
  endfacet
  facet normal -0 0 1
    outer loop
      vertex 5 3.75 23.6
      vertex 6.79653 2 23.6
      vertex 5.16316 3.76069 23.6
    endloop
  endfacet
  facet normal 0 0 1
    outer loop
      vertex 3.20347 2 23.6
      vertex 5 3.75 23.6
      vertex 4.83684 3.76069 23.6
    endloop
  endfacet
  facet normal 0 0 1
    outer loop
      vertex 3.20347 2 23.6
      vertex 4.83684 3.76069 23.6
      vertex 4.67648 3.79259 23.6
    endloop
  endfacet
  facet normal 0 0 1
    outer loop
      vertex 3.20347 2 23.6
      vertex 4.67648 3.79259 23.6
      vertex 4.52165 3.84515 23.6
    endloop
  endfacet
  facet normal 0 0 1
    outer loop
      vertex 3.20347 2 23.6
      vertex 4.52165 3.84515 23.6
      vertex 4.375 3.91747 23.6
    endloop
  endfacet
  facet normal 0 0 1
    outer loop
      vertex 3.20347 2 23.6
      vertex 4.375 3.91747 23.6
      vertex 4.23905 4.00831 23.6
    endloop
  endfacet
  facet normal 0 0 1
    outer loop
      vertex 4.00831 5.76095 23.6
      vertex 2 6.79653 23.6
      vertex 3.91747 5.625 23.6
    endloop
  endfacet
  facet normal 0 0 1
    outer loop
      vertex 3.91747 5.625 23.6
      vertex 2 6.79653 23.6
      vertex 3.84515 5.47835 23.6
    endloop
  endfacet
  facet normal 0 0 1
    outer loop
      vertex 3.75 5 23.6
      vertex 3.20347 2 23.6
      vertex 3.76069 4.83684 23.6
    endloop
  endfacet
  facet normal 0 0 1
    outer loop
      vertex 3.20347 2 23.6
      vertex 3.79259 4.67648 23.6
      vertex 3.76069 4.83684 23.6
    endloop
  endfacet
  facet normal 0 0 1
    outer loop
      vertex 3.20347 2 23.6
      vertex 3.84515 4.52165 23.6
      vertex 3.79259 4.67648 23.6
    endloop
  endfacet
  facet normal 0 0 1
    outer loop
      vertex 3.20347 2 23.6
      vertex 3.91747 4.375 23.6
      vertex 3.84515 4.52165 23.6
    endloop
  endfacet
  facet normal 0 0 1
    outer loop
      vertex 3.20347 2 23.6
      vertex 4.00831 4.23905 23.6
      vertex 3.91747 4.375 23.6
    endloop
  endfacet
  facet normal 0 0 1
    outer loop
      vertex 3.20347 2 23.6
      vertex 4.11612 4.11612 23.6
      vertex 4.00831 4.23905 23.6
    endloop
  endfacet
  facet normal 0 0 1
    outer loop
      vertex 3.20347 2 23.6
      vertex 4.23905 4.00831 23.6
      vertex 4.11612 4.11612 23.6
    endloop
  endfacet
  facet normal 0 0 1
    outer loop
      vertex 5 3.75 23.6
      vertex 3.20347 2 23.6
      vertex 6.79653 2 23.6
    endloop
  endfacet
  facet normal 0 0 1
    outer loop
      vertex 0 0 23.6
      vertex 6.79653 2 23.6
      vertex 3.20347 2 23.6
    endloop
  endfacet
  facet normal 0 0 1
    outer loop
      vertex 0 0 23.6
      vertex 3.20347 2 23.6
      vertex 2 2 23.6
    endloop
  endfacet
  facet normal 0 0 1
    outer loop
      vertex 6.79653 2 23.6
      vertex 0 0 23.6
      vertex 165 0 23.6
    endloop
  endfacet
  facet normal 0 0 1
    outer loop
      vertex 2 3.20347 23.6
      vertex 0 0 23.6
      vertex 2 2 23.6
    endloop
  endfacet
  facet normal 0 0 -1
    outer loop
      vertex 0 0 0
      vertex 165 100 0
      vertex 165 0 0
    endloop
  endfacet
  facet normal -0 0 -1
    outer loop
      vertex 165 100 0
      vertex 0 0 0
      vertex 0 100 0
    endloop
  endfacet
  facet normal -1 0 0
    outer loop
      vertex 0 100 0
      vertex 0 87 4
      vertex 0 100 23.6
    endloop
  endfacet
  facet normal -1 0 0
    outer loop
      vertex 0 100 0
      vertex 0 13 4
      vertex 0 87 4
    endloop
  endfacet
  facet normal -1 0 0
    outer loop
      vertex 0 0 23.6
      vertex 0 13 4
      vertex 0 0 0
    endloop
  endfacet
  facet normal -1 0 0
    outer loop
      vertex 0 0 0
      vertex 0 13 4
      vertex 0 100 0
    endloop
  endfacet
  facet normal -1 0 0
    outer loop
      vertex 0 87 21.6
      vertex 0 100 23.6
      vertex 0 87 4
    endloop
  endfacet
  facet normal -1 0 0
    outer loop
      vertex 0 13 21.6
      vertex 0 100 23.6
      vertex 0 87 21.6
    endloop
  endfacet
  facet normal -1 0 0
    outer loop
      vertex 0 13 21.6
      vertex 0 0 23.6
      vertex 0 100 23.6
    endloop
  endfacet
  facet normal -1 0 0
    outer loop
      vertex 0 13 4
      vertex 0 0 23.6
      vertex 0 13 21.6
    endloop
  endfacet
  facet normal 0 1 -0
    outer loop
      vertex 165 100 0
      vertex 0 100 23.6
      vertex 165 100 23.6
    endloop
  endfacet
  facet normal 0 1 0
    outer loop
      vertex 0 100 23.6
      vertex 165 100 0
      vertex 0 100 0
    endloop
  endfacet
  facet normal 0 -1 0
    outer loop
      vertex 0 0 23.6
      vertex 127 0 21.6
      vertex 165 0 23.6
    endloop
  endfacet
  facet normal 0 -1 0
    outer loop
      vertex 0 0 23.6
      vertex 127 0 4
      vertex 127 0 21.6
    endloop
  endfacet
  facet normal 0 -1 0
    outer loop
      vertex 165 0 0
      vertex 127 0 4
      vertex 0 0 0
    endloop
  endfacet
  facet normal 0 -1 0
    outer loop
      vertex 0 0 0
      vertex 127 0 4
      vertex 0 0 23.6
    endloop
  endfacet
  facet normal 0 -1 0
    outer loop
      vertex 164 0 21.6
      vertex 165 0 23.6
      vertex 127 0 21.6
    endloop
  endfacet
  facet normal 0 -1 0
    outer loop
      vertex 164 0 4
      vertex 165 0 23.6
      vertex 164 0 21.6
    endloop
  endfacet
  facet normal 0 -1 0
    outer loop
      vertex 164 0 4
      vertex 165 0 0
      vertex 165 0 23.6
    endloop
  endfacet
  facet normal 0 -1 0
    outer loop
      vertex 127 0 4
      vertex 165 0 0
      vertex 164 0 4
    endloop
  endfacet
  facet normal -1 0 0
    outer loop
      vertex 163 96.7965 2
      vertex 163 98 23.6
      vertex 163 98 2
    endloop
  endfacet
  facet normal -1 -0 0
    outer loop
      vertex 163 98 23.6
      vertex 163 96.7965 2
      vertex 163 96.7965 23.6
    endloop
  endfacet
  facet normal -1 0 0
    outer loop
      vertex 163 3.20347 2
      vertex 163 3 4
      vertex 163 3.20347 23.6
    endloop
  endfacet
  facet normal -1 0 0
    outer loop
      vertex 163 2 2
      vertex 163 3 4
      vertex 163 3.20347 2
    endloop
  endfacet
  facet normal -1 -0 0
    outer loop
      vertex 163 3 4
      vertex 163 2 2
      vertex 163 2 4
    endloop
  endfacet
  facet normal -1 0 0
    outer loop
      vertex 163 3 21.6
      vertex 163 3.20347 23.6
      vertex 163 3 4
    endloop
  endfacet
  facet normal -1 0 0
    outer loop
      vertex 163 2 23.6
      vertex 163 3 21.6
      vertex 163 2 21.6
    endloop
  endfacet
  facet normal -1 0 0
    outer loop
      vertex 163 3 21.6
      vertex 163 2 23.6
      vertex 163 3.20347 23.6
    endloop
  endfacet
  facet normal -1 0 0
    outer loop
      vertex 163 6.79653 2
      vertex 163 93.2035 23.6
      vertex 163 93.2035 2
    endloop
  endfacet
  facet normal -1 -0 0
    outer loop
      vertex 163 93.2035 23.6
      vertex 163 6.79653 2
      vertex 163 6.79653 23.6
    endloop
  endfacet
  facet normal 0 0 1
    outer loop
      vertex 163 98 2
      vertex 162.777 97.1307 2
      vertex 163 96.7965 2
    endloop
  endfacet
  facet normal 0 0 1
    outer loop
      vertex 163 98 2
      vertex 162.475 97.4749 2
      vertex 162.777 97.1307 2
    endloop
  endfacet
  facet normal 0 0 1
    outer loop
      vertex 163 98 2
      vertex 162.131 97.7767 2
      vertex 162.475 97.4749 2
    endloop
  endfacet
  facet normal 0 -0 1
    outer loop
      vertex 162.131 97.7767 2
      vertex 163 98 2
      vertex 161.797 98 2
    endloop
  endfacet
  facet normal -0 0 1
    outer loop
      vertex 162.777 2.86934 2
      vertex 163 2 2
      vertex 163 3.20347 2
    endloop
  endfacet
  facet normal -0 0 1
    outer loop
      vertex 162.475 2.52513 2
      vertex 163 2 2
      vertex 162.777 2.86934 2
    endloop
  endfacet
  facet normal -0 0 1
    outer loop
      vertex 162.131 2.22326 2
      vertex 163 2 2
      vertex 162.475 2.52513 2
    endloop
  endfacet
  facet normal 0 0 1
    outer loop
      vertex 163 2 2
      vertex 162.131 2.22326 2
      vertex 161.797 2 2
    endloop
  endfacet
  facet normal 0 0 1
    outer loop
      vertex 2.86934 2.22326 2
      vertex 2 2 2
      vertex 3.20347 2 2
    endloop
  endfacet
  facet normal 0 0 1
    outer loop
      vertex 2.52513 2.52513 2
      vertex 2 2 2
      vertex 2.86934 2.22326 2
    endloop
  endfacet
  facet normal 0 0 1
    outer loop
      vertex 2.22326 2.86934 2
      vertex 2 2 2
      vertex 2.52513 2.52513 2
    endloop
  endfacet
  facet normal 0 0 1
    outer loop
      vertex 2 2 2
      vertex 2.22326 2.86934 2
      vertex 2 3.20347 2
    endloop
  endfacet
  facet normal -0 0 1
    outer loop
      vertex 2 98 2
      vertex 2.86934 97.7767 2
      vertex 3.20347 98 2
    endloop
  endfacet
  facet normal 0 0 1
    outer loop
      vertex 2 98 2
      vertex 2.52513 97.4749 2
      vertex 2.86934 97.7767 2
    endloop
  endfacet
  facet normal 0 0 1
    outer loop
      vertex 2 98 2
      vertex 2.22326 97.1307 2
      vertex 2.52513 97.4749 2
    endloop
  endfacet
  facet normal 0 0 1
    outer loop
      vertex 2.22326 97.1307 2
      vertex 2 98 2
      vertex 2 96.7965 2
    endloop
  endfacet
  facet normal 0 0 1
    outer loop
      vertex 157.223 92.8693 2
      vertex 156.148 91.7716 2
      vertex 156.5 91.5981 2
    endloop
  endfacet
  facet normal 0 0 1
    outer loop
      vertex 153.852 91.7716 2
      vertex 156.5 95 2
      vertex 156.53 95.4568 2
    endloop
  endfacet
  facet normal 0 0 1
    outer loop
      vertex 156.53 94.5432 2
      vertex 155.776 91.8978 2
      vertex 156.148 91.7716 2
    endloop
  endfacet
  facet normal 0 0 1
    outer loop
      vertex 153.5 91.5981 2
      vertex 156.53 95.4568 2
      vertex 156.619 95.9059 2
    endloop
  endfacet
  facet normal 0 0 1
    outer loop
      vertex 156.53 94.5432 2
      vertex 155.392 91.9743 2
      vertex 155.776 91.8978 2
    endloop
  endfacet
  facet normal 0 0 1
    outer loop
      vertex 156.53 94.5432 2
      vertex 155 92 2
      vertex 155.392 91.9743 2
    endloop
  endfacet
  facet normal 0 0 1
    outer loop
      vertex 153.174 91.3801 2
      vertex 156.619 95.9059 2
      vertex 156.766 96.3394 2
    endloop
  endfacet
  facet normal 0 0 1
    outer loop
      vertex 156.53 94.5432 2
      vertex 154.608 91.9743 2
      vertex 155 92 2
    endloop
  endfacet
  facet normal 0 0 1
    outer loop
      vertex 152.879 91.1213 2
      vertex 156.766 96.3394 2
      vertex 156.969 96.75 2
    endloop
  endfacet
  facet normal 0 0 1
    outer loop
      vertex 156.53 94.5432 2
      vertex 154.224 91.8978 2
      vertex 154.608 91.9743 2
    endloop
  endfacet
  facet normal 0 0 1
    outer loop
      vertex 156.5 95 2
      vertex 153.852 91.7716 2
      vertex 154.224 91.8978 2
    endloop
  endfacet
  facet normal 0 0 1
    outer loop
      vertex 156.53 95.4568 2
      vertex 153.5 91.5981 2
      vertex 153.852 91.7716 2
    endloop
  endfacet
  facet normal 0 0 1
    outer loop
      vertex 152.62 90.8263 2
      vertex 156.969 96.75 2
      vertex 157.223 97.1307 2
    endloop
  endfacet
  facet normal 0 0 1
    outer loop
      vertex 156.619 95.9059 2
      vertex 153.174 91.3801 2
      vertex 153.5 91.5981 2
    endloop
  endfacet
  facet normal 0 0 1
    outer loop
      vertex 156.766 96.3394 2
      vertex 152.879 91.1213 2
      vertex 153.174 91.3801 2
    endloop
  endfacet
  facet normal 0 0 1
    outer loop
      vertex 156.969 96.75 2
      vertex 152.62 90.8263 2
      vertex 152.879 91.1213 2
    endloop
  endfacet
  facet normal 0 0 1
    outer loop
      vertex 152.402 87.5 2
      vertex 13.5981 87.5 2
      vertex 152.402 12.5 2
    endloop
  endfacet
  facet normal 0 0 1
    outer loop
      vertex 152.026 89.3916 2
      vertex 14 89 2
      vertex 152 89 2
    endloop
  endfacet
  facet normal 0 0 1
    outer loop
      vertex 13.9743 89.3916 2
      vertex 152.026 89.3916 2
      vertex 152.102 89.7765 2
    endloop
  endfacet
  facet normal 0 0 1
    outer loop
      vertex 13.8978 89.7765 2
      vertex 152.102 89.7765 2
      vertex 152.228 90.148 2
    endloop
  endfacet
  facet normal 0 0 1
    outer loop
      vertex 13.7716 90.148 2
      vertex 152.228 90.148 2
      vertex 152.402 90.5 2
    endloop
  endfacet
  facet normal 0 0 1
    outer loop
      vertex 13.5981 90.5 2
      vertex 152.402 90.5 2
      vertex 152.62 90.8263 2
    endloop
  endfacet
  facet normal 0 0 1
    outer loop
      vertex 13.3801 90.8263 2
      vertex 152.62 90.8263 2
      vertex 157.223 97.1307 2
    endloop
  endfacet
  facet normal 0 0 1
    outer loop
      vertex 7.77674 97.1307 2
      vertex 157.223 97.1307 2
      vertex 157.525 97.4749 2
    endloop
  endfacet
  facet normal 0 0 1
    outer loop
      vertex 7.47487 97.4749 2
      vertex 157.525 97.4749 2
      vertex 157.869 97.7767 2
    endloop
  endfacet
  facet normal 0 0 1
    outer loop
      vertex 7.13066 97.7767 2
      vertex 157.869 97.7767 2
      vertex 158.203 98 2
    endloop
  endfacet
  facet normal 0 0 1
    outer loop
      vertex 152.026 89.3916 2
      vertex 13.9743 89.3916 2
      vertex 14 89 2
    endloop
  endfacet
  facet normal 0 0 1
    outer loop
      vertex 152.102 89.7765 2
      vertex 13.8978 89.7765 2
      vertex 13.9743 89.3916 2
    endloop
  endfacet
  facet normal 0 0 1
    outer loop
      vertex 152.228 90.148 2
      vertex 13.7716 90.148 2
      vertex 13.8978 89.7765 2
    endloop
  endfacet
  facet normal 0 0 1
    outer loop
      vertex 152.402 90.5 2
      vertex 13.5981 90.5 2
      vertex 13.7716 90.148 2
    endloop
  endfacet
  facet normal 0 0 1
    outer loop
      vertex 152.62 90.8263 2
      vertex 13.3801 90.8263 2
      vertex 13.5981 90.5 2
    endloop
  endfacet
  facet normal 0 0 1
    outer loop
      vertex 157.223 97.1307 2
      vertex 13.1213 91.1213 2
      vertex 13.3801 90.8263 2
    endloop
  endfacet
  facet normal 0 0 1
    outer loop
      vertex 157.223 97.1307 2
      vertex 7.77674 97.1307 2
      vertex 13.1213 91.1213 2
    endloop
  endfacet
  facet normal 0 0 1
    outer loop
      vertex 13.1213 91.1213 2
      vertex 7.77674 97.1307 2
      vertex 12.8263 91.3801 2
    endloop
  endfacet
  facet normal -0 -0 1
    outer loop
      vertex 8.03109 96.75 2
      vertex 12.8263 91.3801 2
      vertex 7.77674 97.1307 2
    endloop
  endfacet
  facet normal 0 0 1
    outer loop
      vertex 12.8263 91.3801 2
      vertex 8.03109 96.75 2
      vertex 12.5 91.5981 2
    endloop
  endfacet
  facet normal -0 -0 1
    outer loop
      vertex 8.23358 96.3394 2
      vertex 12.5 91.5981 2
      vertex 8.03109 96.75 2
    endloop
  endfacet
  facet normal -0 -0 1
    outer loop
      vertex 8.38074 95.9059 2
      vertex 12.148 91.7716 2
      vertex 8.23358 96.3394 2
    endloop
  endfacet
  facet normal -0 0 1
    outer loop
      vertex 8.03109 93.25 2
      vertex 9.85195 91.7716 2
      vertex 8.23358 93.6606 2
    endloop
  endfacet
  facet normal 0 0 1
    outer loop
      vertex 10.2235 91.8978 2
      vertex 8.23358 93.6606 2
      vertex 9.85195 91.7716 2
    endloop
  endfacet
  facet normal -0 0 1
    outer loop
      vertex 8.23358 93.6606 2
      vertex 10.2235 91.8978 2
      vertex 8.38074 94.0941 2
    endloop
  endfacet
  facet normal 0 0 1
    outer loop
      vertex 10.6084 91.9743 2
      vertex 8.38074 94.0941 2
      vertex 10.2235 91.8978 2
    endloop
  endfacet
  facet normal -0 0 1
    outer loop
      vertex 8.38074 94.0941 2
      vertex 10.6084 91.9743 2
      vertex 8.47006 94.5432 2
    endloop
  endfacet
  facet normal 0 0 1
    outer loop
      vertex 11 92 2
      vertex 8.47006 94.5432 2
      vertex 10.6084 91.9743 2
    endloop
  endfacet
  facet normal -0 0 1
    outer loop
      vertex 8.47006 94.5432 2
      vertex 11 92 2
      vertex 8.5 95 2
    endloop
  endfacet
  facet normal 0 0 1
    outer loop
      vertex 12.148 91.7716 2
      vertex 8.38074 95.9059 2
      vertex 11.7765 91.8978 2
    endloop
  endfacet
  facet normal 0 0 1
    outer loop
      vertex 11.3916 91.9743 2
      vertex 8.5 95 2
      vertex 11 92 2
    endloop
  endfacet
  facet normal -0 -0 1
    outer loop
      vertex 8.5 95 2
      vertex 11.3916 91.9743 2
      vertex 8.47006 95.4568 2
    endloop
  endfacet
  facet normal 0 0 1
    outer loop
      vertex 11.7765 91.8978 2
      vertex 8.47006 95.4568 2
      vertex 11.3916 91.9743 2
    endloop
  endfacet
  facet normal -0 -0 1
    outer loop
      vertex 8.47006 95.4568 2
      vertex 11.7765 91.8978 2
      vertex 8.38074 95.9059 2
    endloop
  endfacet
  facet normal 0 0 1
    outer loop
      vertex 12.5 91.5981 2
      vertex 8.23358 96.3394 2
      vertex 12.148 91.7716 2
    endloop
  endfacet
  facet normal 0 0 1
    outer loop
      vertex 157.525 97.4749 2
      vertex 7.47487 97.4749 2
      vertex 7.77674 97.1307 2
    endloop
  endfacet
  facet normal 0 0 1
    outer loop
      vertex 157.869 97.7767 2
      vertex 7.13066 97.7767 2
      vertex 7.47487 97.4749 2
    endloop
  endfacet
  facet normal 0 -0 1
    outer loop
      vertex 7.13066 97.7767 2
      vertex 158.203 98 2
      vertex 6.79653 98 2
    endloop
  endfacet
  facet normal 0 0 1
    outer loop
      vertex 157.598 87.5 2
      vertex 161.75 91.9689 2
      vertex 157.772 87.852 2
    endloop
  endfacet
  facet normal 0 0 1
    outer loop
      vertex 162.131 7.77674 2
      vertex 157.974 11.3916 2
      vertex 158 11 2
    endloop
  endfacet
  facet normal -0 0 1
    outer loop
      vertex 161.75 91.9689 2
      vertex 157.598 87.5 2
      vertex 162.131 92.2233 2
    endloop
  endfacet
  facet normal 0 0 1
    outer loop
      vertex 162.131 7.77674 2
      vertex 157.898 11.7765 2
      vertex 157.974 11.3916 2
    endloop
  endfacet
  facet normal 0 0 1
    outer loop
      vertex 157.38 87.1737 2
      vertex 162.131 92.2233 2
      vertex 157.598 87.5 2
    endloop
  endfacet
  facet normal 0 0 1
    outer loop
      vertex 162.131 7.77674 2
      vertex 157.772 12.148 2
      vertex 157.898 11.7765 2
    endloop
  endfacet
  facet normal 0 0 1
    outer loop
      vertex 162.131 92.2233 2
      vertex 157.38 87.1737 2
      vertex 162.131 7.77674 2
    endloop
  endfacet
  facet normal 0 0 1
    outer loop
      vertex 162.131 7.77674 2
      vertex 157.598 12.5 2
      vertex 157.772 12.148 2
    endloop
  endfacet
  facet normal -0 0 1
    outer loop
      vertex 157.38 12.8263 2
      vertex 162.131 7.77674 2
      vertex 157.38 87.1737 2
    endloop
  endfacet
  facet normal 0 0 1
    outer loop
      vertex 162.131 7.77674 2
      vertex 157.38 12.8263 2
      vertex 157.598 12.5 2
    endloop
  endfacet
  facet normal -0 0 1
    outer loop
      vertex 157.121 86.8787 2
      vertex 157.38 12.8263 2
      vertex 157.38 87.1737 2
    endloop
  endfacet
  facet normal 0 0 1
    outer loop
      vertex 157.121 86.8787 2
      vertex 157.121 13.1213 2
      vertex 157.38 12.8263 2
    endloop
  endfacet
  facet normal -0 0 1
    outer loop
      vertex 156.826 86.6199 2
      vertex 157.121 13.1213 2
      vertex 157.121 86.8787 2
    endloop
  endfacet
  facet normal 0 0 1
    outer loop
      vertex 156.826 86.6199 2
      vertex 156.826 13.3801 2
      vertex 157.121 13.1213 2
    endloop
  endfacet
  facet normal -0 0 1
    outer loop
      vertex 156.5 86.4019 2
      vertex 156.826 13.3801 2
      vertex 156.826 86.6199 2
    endloop
  endfacet
  facet normal 0 0 1
    outer loop
      vertex 156.5 86.4019 2
      vertex 156.5 13.5981 2
      vertex 156.826 13.3801 2
    endloop
  endfacet
  facet normal -0 0 1
    outer loop
      vertex 156.148 86.2284 2
      vertex 156.5 13.5981 2
      vertex 156.5 86.4019 2
    endloop
  endfacet
  facet normal 0 0 1
    outer loop
      vertex 156.148 86.2284 2
      vertex 156.148 13.7716 2
      vertex 156.5 13.5981 2
    endloop
  endfacet
  facet normal -0 0 1
    outer loop
      vertex 155.776 86.1022 2
      vertex 156.148 13.7716 2
      vertex 156.148 86.2284 2
    endloop
  endfacet
  facet normal 0 0 1
    outer loop
      vertex 155.776 86.1022 2
      vertex 155.776 13.8978 2
      vertex 156.148 13.7716 2
    endloop
  endfacet
  facet normal -0 0 1
    outer loop
      vertex 155.392 86.0257 2
      vertex 155.776 13.8978 2
      vertex 155.776 86.1022 2
    endloop
  endfacet
  facet normal 0 0 1
    outer loop
      vertex 155.392 86.0257 2
      vertex 155.392 13.9743 2
      vertex 155.776 13.8978 2
    endloop
  endfacet
  facet normal -0 0 1
    outer loop
      vertex 155 86 2
      vertex 155.392 13.9743 2
      vertex 155.392 86.0257 2
    endloop
  endfacet
  facet normal 0 0 1
    outer loop
      vertex 155 86 2
      vertex 155 14 2
      vertex 155.392 13.9743 2
    endloop
  endfacet
  facet normal 0 0 1
    outer loop
      vertex 154.608 86.0257 2
      vertex 155 14 2
      vertex 155 86 2
    endloop
  endfacet
  facet normal 0 0 1
    outer loop
      vertex 154.608 86.0257 2
      vertex 154.608 13.9743 2
      vertex 155 14 2
    endloop
  endfacet
  facet normal 0 0 1
    outer loop
      vertex 154.224 86.1022 2
      vertex 154.608 13.9743 2
      vertex 154.608 86.0257 2
    endloop
  endfacet
  facet normal 0 0 1
    outer loop
      vertex 154.224 86.1022 2
      vertex 154.224 13.8978 2
      vertex 154.608 13.9743 2
    endloop
  endfacet
  facet normal 0 0 1
    outer loop
      vertex 153.852 86.2284 2
      vertex 154.224 13.8978 2
      vertex 154.224 86.1022 2
    endloop
  endfacet
  facet normal 0 0 1
    outer loop
      vertex 153.852 86.2284 2
      vertex 153.852 13.7716 2
      vertex 154.224 13.8978 2
    endloop
  endfacet
  facet normal 0 0 1
    outer loop
      vertex 153.5 86.4019 2
      vertex 153.852 13.7716 2
      vertex 153.852 86.2284 2
    endloop
  endfacet
  facet normal 0 0 1
    outer loop
      vertex 153.5 86.4019 2
      vertex 153.5 13.5981 2
      vertex 153.852 13.7716 2
    endloop
  endfacet
  facet normal 0 0 1
    outer loop
      vertex 153.174 86.6199 2
      vertex 153.5 13.5981 2
      vertex 153.5 86.4019 2
    endloop
  endfacet
  facet normal 0 0 1
    outer loop
      vertex 153.174 86.6199 2
      vertex 153.174 13.3801 2
      vertex 153.5 13.5981 2
    endloop
  endfacet
  facet normal 0 0 1
    outer loop
      vertex 152.879 86.8787 2
      vertex 153.174 13.3801 2
      vertex 153.174 86.6199 2
    endloop
  endfacet
  facet normal 0 0 1
    outer loop
      vertex 152.879 86.8787 2
      vertex 152.879 13.1213 2
      vertex 153.174 13.3801 2
    endloop
  endfacet
  facet normal 0 0 1
    outer loop
      vertex 152.62 87.1737 2
      vertex 152.879 13.1213 2
      vertex 152.879 86.8787 2
    endloop
  endfacet
  facet normal 0 0 1
    outer loop
      vertex 152.62 87.1737 2
      vertex 152.62 12.8263 2
      vertex 152.879 13.1213 2
    endloop
  endfacet
  facet normal 0 0 1
    outer loop
      vertex 152.402 87.5 2
      vertex 152.62 12.8263 2
      vertex 152.62 87.1737 2
    endloop
  endfacet
  facet normal 0 0 1
    outer loop
      vertex 152.402 87.5 2
      vertex 152.402 12.5 2
      vertex 152.62 12.8263 2
    endloop
  endfacet
  facet normal 0 0 1
    outer loop
      vertex 13.8978 88.2235 2
      vertex 152.102 88.2235 2
      vertex 13.9743 88.6084 2
    endloop
  endfacet
  facet normal 0 0 1
    outer loop
      vertex 152.102 88.2235 2
      vertex 13.8978 88.2235 2
      vertex 152.228 87.852 2
    endloop
  endfacet
  facet normal 0 0 1
    outer loop
      vertex 152.026 88.6084 2
      vertex 13.9743 88.6084 2
      vertex 152.102 88.2235 2
    endloop
  endfacet
  facet normal 0 0 1
    outer loop
      vertex 13.7716 87.852 2
      vertex 152.228 87.852 2
      vertex 13.8978 88.2235 2
    endloop
  endfacet
  facet normal 0 0 1
    outer loop
      vertex 13.9743 88.6084 2
      vertex 152.026 88.6084 2
      vertex 14 89 2
    endloop
  endfacet
  facet normal 0 0 1
    outer loop
      vertex 152.228 87.852 2
      vertex 13.7716 87.852 2
      vertex 152.402 87.5 2
    endloop
  endfacet
  facet normal -0 0 1
    outer loop
      vertex 14 89 2
      vertex 152.026 88.6084 2
      vertex 152 89 2
    endloop
  endfacet
  facet normal 0 0 1
    outer loop
      vertex 13.5981 87.5 2
      vertex 152.402 87.5 2
      vertex 13.7716 87.852 2
    endloop
  endfacet
  facet normal -0 0 1
    outer loop
      vertex 162.777 92.8693 2
      vertex 163 6.79653 2
      vertex 163 93.2035 2
    endloop
  endfacet
  facet normal 0 0 1
    outer loop
      vertex 162.777 92.8693 2
      vertex 162.777 7.13066 2
      vertex 163 6.79653 2
    endloop
  endfacet
  facet normal -0 0 1
    outer loop
      vertex 162.475 92.5251 2
      vertex 162.777 7.13066 2
      vertex 162.777 92.8693 2
    endloop
  endfacet
  facet normal 0 0 1
    outer loop
      vertex 162.475 92.5251 2
      vertex 162.475 7.47487 2
      vertex 162.777 7.13066 2
    endloop
  endfacet
  facet normal -0 0 1
    outer loop
      vertex 162.131 92.2233 2
      vertex 162.475 7.47487 2
      vertex 162.475 92.5251 2
    endloop
  endfacet
  facet normal 0 0 1
    outer loop
      vertex 162.131 92.2233 2
      vertex 162.131 7.77674 2
      vertex 162.475 7.47487 2
    endloop
  endfacet
  facet normal -0 0 1
    outer loop
      vertex 160.906 91.6193 2
      vertex 157.898 88.2235 2
      vertex 161.339 91.7664 2
    endloop
  endfacet
  facet normal 0 0 1
    outer loop
      vertex 157.772 87.852 2
      vertex 161.339 91.7664 2
      vertex 157.898 88.2235 2
    endloop
  endfacet
  facet normal 0 0 1
    outer loop
      vertex 157.898 88.2235 2
      vertex 160.906 91.6193 2
      vertex 157.974 88.6084 2
    endloop
  endfacet
  facet normal -0 0 1
    outer loop
      vertex 161.339 91.7664 2
      vertex 157.772 87.852 2
      vertex 161.75 91.9689 2
    endloop
  endfacet
  facet normal -0 0 1
    outer loop
      vertex 160.457 91.5299 2
      vertex 157.974 88.6084 2
      vertex 160.906 91.6193 2
    endloop
  endfacet
  facet normal 0 0 1
    outer loop
      vertex 162.131 7.77674 2
      vertex 158 11 2
      vertex 161.75 8.03109 2
    endloop
  endfacet
  facet normal 0 0 1
    outer loop
      vertex 157.974 88.6084 2
      vertex 160.457 91.5299 2
      vertex 158 89 2
    endloop
  endfacet
  facet normal 0 0 1
    outer loop
      vertex 161.75 8.03109 2
      vertex 158 11 2
      vertex 161.339 8.23358 2
    endloop
  endfacet
  facet normal 0 0 1
    outer loop
      vertex 158 89 2
      vertex 160.457 91.5299 2
      vertex 160 91.5 2
    endloop
  endfacet
  facet normal 0 0 1
    outer loop
      vertex 161.339 8.23358 2
      vertex 158 11 2
      vertex 160.906 8.38074 2
    endloop
  endfacet
  facet normal 0 0 1
    outer loop
      vertex 157.974 89.3916 2
      vertex 160 91.5 2
      vertex 159.543 91.5299 2
    endloop
  endfacet
  facet normal 0 0 1
    outer loop
      vertex 160.906 8.38074 2
      vertex 158 11 2
      vertex 160.457 8.47006 2
    endloop
  endfacet
  facet normal 0 0 1
    outer loop
      vertex 157.898 89.7765 2
      vertex 159.543 91.5299 2
      vertex 159.094 91.6193 2
    endloop
  endfacet
  facet normal 0 0 1
    outer loop
      vertex 160.457 8.47006 2
      vertex 158 11 2
      vertex 160 8.5 2
    endloop
  endfacet
  facet normal 0 0 1
    outer loop
      vertex 157.772 90.148 2
      vertex 159.094 91.6193 2
      vertex 158.661 91.7664 2
    endloop
  endfacet
  facet normal -0 0 1
    outer loop
      vertex 157.974 10.6084 2
      vertex 160 8.5 2
      vertex 158 11 2
    endloop
  endfacet
  facet normal 0 0 1
    outer loop
      vertex 157.38 90.8263 2
      vertex 158.661 91.7664 2
      vertex 158.25 91.9689 2
    endloop
  endfacet
  facet normal 0 0 1
    outer loop
      vertex 160 8.5 2
      vertex 157.974 10.6084 2
      vertex 159.543 8.47006 2
    endloop
  endfacet
  facet normal -0 0 1
    outer loop
      vertex 157.898 10.2235 2
      vertex 159.543 8.47006 2
      vertex 157.974 10.6084 2
    endloop
  endfacet
  facet normal 0 0 1
    outer loop
      vertex 160 91.5 2
      vertex 157.974 89.3916 2
      vertex 158 89 2
    endloop
  endfacet
  facet normal 0 0 1
    outer loop
      vertex 159.543 91.5299 2
      vertex 157.898 89.7765 2
      vertex 157.974 89.3916 2
    endloop
  endfacet
  facet normal 0 0 1
    outer loop
      vertex 157.121 91.1213 2
      vertex 158.25 91.9689 2
      vertex 157.869 92.2233 2
    endloop
  endfacet
  facet normal 0 0 1
    outer loop
      vertex 159.094 91.6193 2
      vertex 157.772 90.148 2
      vertex 157.898 89.7765 2
    endloop
  endfacet
  facet normal 0 0 1
    outer loop
      vertex 158.661 91.7664 2
      vertex 157.598 90.5 2
      vertex 157.772 90.148 2
    endloop
  endfacet
  facet normal 0 0 1
    outer loop
      vertex 156.826 91.3801 2
      vertex 157.869 92.2233 2
      vertex 157.525 92.5251 2
    endloop
  endfacet
  facet normal 0 0 1
    outer loop
      vertex 158.661 91.7664 2
      vertex 157.38 90.8263 2
      vertex 157.598 90.5 2
    endloop
  endfacet
  facet normal 0 0 1
    outer loop
      vertex 156.5 91.5981 2
      vertex 157.525 92.5251 2
      vertex 157.223 92.8693 2
    endloop
  endfacet
  facet normal 0 0 1
    outer loop
      vertex 158.25 91.9689 2
      vertex 157.121 91.1213 2
      vertex 157.38 90.8263 2
    endloop
  endfacet
  facet normal 0 0 1
    outer loop
      vertex 156.148 91.7716 2
      vertex 157.223 92.8693 2
      vertex 156.969 93.25 2
    endloop
  endfacet
  facet normal 0 0 1
    outer loop
      vertex 157.869 92.2233 2
      vertex 156.826 91.3801 2
      vertex 157.121 91.1213 2
    endloop
  endfacet
  facet normal 0 0 1
    outer loop
      vertex 156.148 91.7716 2
      vertex 156.969 93.25 2
      vertex 156.766 93.6606 2
    endloop
  endfacet
  facet normal 0 0 1
    outer loop
      vertex 156.148 91.7716 2
      vertex 156.766 93.6606 2
      vertex 156.619 94.0941 2
    endloop
  endfacet
  facet normal 0 0 1
    outer loop
      vertex 156.148 91.7716 2
      vertex 156.619 94.0941 2
      vertex 156.53 94.5432 2
    endloop
  endfacet
  facet normal 0 0 1
    outer loop
      vertex 157.525 92.5251 2
      vertex 156.5 91.5981 2
      vertex 156.826 91.3801 2
    endloop
  endfacet
  facet normal 0 0 1
    outer loop
      vertex 154.224 91.8978 2
      vertex 156.53 94.5432 2
      vertex 156.5 95 2
    endloop
  endfacet
  facet normal 0 0 1
    outer loop
      vertex 159.543 8.47006 2
      vertex 157.898 10.2235 2
      vertex 159.094 8.38074 2
    endloop
  endfacet
  facet normal -0 0 1
    outer loop
      vertex 157.772 9.85195 2
      vertex 159.094 8.38074 2
      vertex 157.898 10.2235 2
    endloop
  endfacet
  facet normal 0 0 1
    outer loop
      vertex 159.094 8.38074 2
      vertex 157.772 9.85195 2
      vertex 158.661 8.23358 2
    endloop
  endfacet
  facet normal -0 0 1
    outer loop
      vertex 157.598 9.5 2
      vertex 158.661 8.23358 2
      vertex 157.772 9.85195 2
    endloop
  endfacet
  facet normal -0 0 1
    outer loop
      vertex 157.38 9.17372 2
      vertex 158.661 8.23358 2
      vertex 157.598 9.5 2
    endloop
  endfacet
  facet normal 0 0 1
    outer loop
      vertex 158.661 8.23358 2
      vertex 157.38 9.17372 2
      vertex 158.25 8.03109 2
    endloop
  endfacet
  facet normal -0 0 1
    outer loop
      vertex 157.121 8.87868 2
      vertex 158.25 8.03109 2
      vertex 157.38 9.17372 2
    endloop
  endfacet
  facet normal 0 0 1
    outer loop
      vertex 158.25 8.03109 2
      vertex 157.121 8.87868 2
      vertex 157.869 7.77674 2
    endloop
  endfacet
  facet normal -0 0 1
    outer loop
      vertex 156.826 8.61994 2
      vertex 157.869 7.77674 2
      vertex 157.121 8.87868 2
    endloop
  endfacet
  facet normal 0 0 1
    outer loop
      vertex 157.869 7.77674 2
      vertex 156.826 8.61994 2
      vertex 157.525 7.47487 2
    endloop
  endfacet
  facet normal -0 0 1
    outer loop
      vertex 156.5 8.40192 2
      vertex 157.525 7.47487 2
      vertex 156.826 8.61994 2
    endloop
  endfacet
  facet normal 0 0 1
    outer loop
      vertex 157.525 7.47487 2
      vertex 156.5 8.40192 2
      vertex 157.223 7.13066 2
    endloop
  endfacet
  facet normal -0 0 1
    outer loop
      vertex 156.148 8.22836 2
      vertex 157.223 7.13066 2
      vertex 156.5 8.40192 2
    endloop
  endfacet
  facet normal 0 0 1
    outer loop
      vertex 157.223 7.13066 2
      vertex 156.148 8.22836 2
      vertex 156.969 6.75 2
    endloop
  endfacet
  facet normal -0 0 1
    outer loop
      vertex 155.776 8.10222 2
      vertex 156.969 6.75 2
      vertex 156.148 8.22836 2
    endloop
  endfacet
  facet normal 0 0 1
    outer loop
      vertex 156.969 6.75 2
      vertex 155.776 8.10222 2
      vertex 156.766 6.33939 2
    endloop
  endfacet
  facet normal -0 0 1
    outer loop
      vertex 155.392 8.02567 2
      vertex 156.766 6.33939 2
      vertex 155.776 8.10222 2
    endloop
  endfacet
  facet normal 0 0 1
    outer loop
      vertex 156.766 6.33939 2
      vertex 155.392 8.02567 2
      vertex 156.619 5.90587 2
    endloop
  endfacet
  facet normal -0 0 1
    outer loop
      vertex 155 8 2
      vertex 156.619 5.90587 2
      vertex 155.392 8.02567 2
    endloop
  endfacet
  facet normal 0 0 1
    outer loop
      vertex 156.619 5.90587 2
      vertex 155 8 2
      vertex 156.53 5.45684 2
    endloop
  endfacet
  facet normal 0 0 1
    outer loop
      vertex 154.608 8.02567 2
      vertex 156.53 5.45684 2
      vertex 155 8 2
    endloop
  endfacet
  facet normal 0 0 1
    outer loop
      vertex 154.224 8.10222 2
      vertex 156.53 5.45684 2
      vertex 154.608 8.02567 2
    endloop
  endfacet
  facet normal 0 0 1
    outer loop
      vertex 156.53 5.45684 2
      vertex 154.224 8.10222 2
      vertex 156.5 5 2
    endloop
  endfacet
  facet normal 0 0 1
    outer loop
      vertex 153.852 8.22836 2
      vertex 156.5 5 2
      vertex 154.224 8.10222 2
    endloop
  endfacet
  facet normal 0 0 1
    outer loop
      vertex 156.5 5 2
      vertex 153.852 8.22836 2
      vertex 156.53 4.54316 2
    endloop
  endfacet
  facet normal 0 0 1
    outer loop
      vertex 153.5 8.40192 2
      vertex 156.53 4.54316 2
      vertex 153.852 8.22836 2
    endloop
  endfacet
  facet normal 0 0 1
    outer loop
      vertex 156.53 4.54316 2
      vertex 153.5 8.40192 2
      vertex 156.619 4.09413 2
    endloop
  endfacet
  facet normal 0 0 1
    outer loop
      vertex 153.174 8.61994 2
      vertex 156.619 4.09413 2
      vertex 153.5 8.40192 2
    endloop
  endfacet
  facet normal 0 0 1
    outer loop
      vertex 156.619 4.09413 2
      vertex 153.174 8.61994 2
      vertex 156.766 3.66061 2
    endloop
  endfacet
  facet normal 0 0 1
    outer loop
      vertex 152.879 8.87868 2
      vertex 156.766 3.66061 2
      vertex 153.174 8.61994 2
    endloop
  endfacet
  facet normal 0 0 1
    outer loop
      vertex 156.766 3.66061 2
      vertex 152.879 8.87868 2
      vertex 156.969 3.25 2
    endloop
  endfacet
  facet normal 0 0 1
    outer loop
      vertex 152.62 9.17372 2
      vertex 156.969 3.25 2
      vertex 152.879 8.87868 2
    endloop
  endfacet
  facet normal 0 0 1
    outer loop
      vertex 156.969 3.25 2
      vertex 152.62 9.17372 2
      vertex 157.223 2.86934 2
    endloop
  endfacet
  facet normal 0 0 1
    outer loop
      vertex 13.5981 12.5 2
      vertex 152.402 12.5 2
      vertex 13.5981 87.5 2
    endloop
  endfacet
  facet normal 0 0 1
    outer loop
      vertex 152.402 12.5 2
      vertex 13.5981 12.5 2
      vertex 152.228 12.148 2
    endloop
  endfacet
  facet normal 0 -0 1
    outer loop
      vertex 13.7716 12.148 2
      vertex 152.228 12.148 2
      vertex 13.5981 12.5 2
    endloop
  endfacet
  facet normal 0 0 1
    outer loop
      vertex 152.228 12.148 2
      vertex 13.7716 12.148 2
      vertex 152.102 11.7765 2
    endloop
  endfacet
  facet normal 0 -0 1
    outer loop
      vertex 13.8978 11.7765 2
      vertex 152.102 11.7765 2
      vertex 13.7716 12.148 2
    endloop
  endfacet
  facet normal 0 0 1
    outer loop
      vertex 152.102 11.7765 2
      vertex 13.8978 11.7765 2
      vertex 152.026 11.3916 2
    endloop
  endfacet
  facet normal 0 -0 1
    outer loop
      vertex 13.9743 11.3916 2
      vertex 152.026 11.3916 2
      vertex 13.8978 11.7765 2
    endloop
  endfacet
  facet normal 0 0 1
    outer loop
      vertex 152.026 11.3916 2
      vertex 13.9743 11.3916 2
      vertex 152 11 2
    endloop
  endfacet
  facet normal 0 -0 1
    outer loop
      vertex 14 11 2
      vertex 152 11 2
      vertex 13.9743 11.3916 2
    endloop
  endfacet
  facet normal 0 0 1
    outer loop
      vertex 152.026 10.6084 2
      vertex 13.9743 10.6084 2
      vertex 152.102 10.2235 2
    endloop
  endfacet
  facet normal 0 0 1
    outer loop
      vertex 13.3801 9.17372 2
      vertex 152.62 9.17372 2
      vertex 13.5981 9.5 2
    endloop
  endfacet
  facet normal 0 0 1
    outer loop
      vertex 152.62 9.17372 2
      vertex 13.3801 9.17372 2
      vertex 157.223 2.86934 2
    endloop
  endfacet
  facet normal -0 0 1
    outer loop
      vertex 13.1213 8.87868 2
      vertex 157.223 2.86934 2
      vertex 13.3801 9.17372 2
    endloop
  endfacet
  facet normal 0 0 1
    outer loop
      vertex 7.77674 2.86934 2
      vertex 157.223 2.86934 2
      vertex 13.1213 8.87868 2
    endloop
  endfacet
  facet normal 0 0 1
    outer loop
      vertex 157.223 2.86934 2
      vertex 7.77674 2.86934 2
      vertex 157.525 2.52513 2
    endloop
  endfacet
  facet normal 0 0 1
    outer loop
      vertex 7.47487 2.52513 2
      vertex 157.525 2.52513 2
      vertex 7.77674 2.86934 2
    endloop
  endfacet
  facet normal 0 0 1
    outer loop
      vertex 7.77674 2.86934 2
      vertex 13.1213 8.87868 2
      vertex 12.8263 8.61994 2
    endloop
  endfacet
  facet normal 0 0 1
    outer loop
      vertex 8.03109 3.25 2
      vertex 12.8263 8.61994 2
      vertex 12.5 8.40192 2
    endloop
  endfacet
  facet normal 0 0 1
    outer loop
      vertex 8.23358 3.66061 2
      vertex 12.5 8.40192 2
      vertex 12.148 8.22836 2
    endloop
  endfacet
  facet normal 0 0 1
    outer loop
      vertex 8.38074 4.09413 2
      vertex 12.148 8.22836 2
      vertex 11.7765 8.10222 2
    endloop
  endfacet
  facet normal 0 0 1
    outer loop
      vertex 8.47006 4.54316 2
      vertex 11.7765 8.10222 2
      vertex 11.3916 8.02567 2
    endloop
  endfacet
  facet normal 0 0 1
    outer loop
      vertex 8.5 5 2
      vertex 11.3916 8.02567 2
      vertex 11 8 2
    endloop
  endfacet
  facet normal 0 0 1
    outer loop
      vertex 7.47487 7.47487 2
      vertex 8.87868 8.87868 2
      vertex 8.61994 9.17372 2
    endloop
  endfacet
  facet normal 0 0 1
    outer loop
      vertex 8.47006 5.45684 2
      vertex 9.17372 8.61994 2
      vertex 8.87868 8.87868 2
    endloop
  endfacet
  facet normal 0 0 1
    outer loop
      vertex 8.47006 5.45684 2
      vertex 9.5 8.40192 2
      vertex 9.17372 8.61994 2
    endloop
  endfacet
  facet normal 0 0 1
    outer loop
      vertex 8.47006 5.45684 2
      vertex 9.85195 8.22836 2
      vertex 9.5 8.40192 2
    endloop
  endfacet
  facet normal 0 0 1
    outer loop
      vertex 8.47006 5.45684 2
      vertex 10.2235 8.10222 2
      vertex 9.85195 8.22836 2
    endloop
  endfacet
  facet normal 0 0 1
    outer loop
      vertex 8.47006 5.45684 2
      vertex 10.6084 8.02567 2
      vertex 10.2235 8.10222 2
    endloop
  endfacet
  facet normal 0 0 1
    outer loop
      vertex 8.47006 5.45684 2
      vertex 11 8 2
      vertex 10.6084 8.02567 2
    endloop
  endfacet
  facet normal 0 0 1
    outer loop
      vertex 11.3916 8.02567 2
      vertex 8.5 5 2
      vertex 8.47006 4.54316 2
    endloop
  endfacet
  facet normal 0 0 1
    outer loop
      vertex 11.7765 8.10222 2
      vertex 8.47006 4.54316 2
      vertex 8.38074 4.09413 2
    endloop
  endfacet
  facet normal 0 0 1
    outer loop
      vertex 12.148 8.22836 2
      vertex 8.38074 4.09413 2
      vertex 8.23358 3.66061 2
    endloop
  endfacet
  facet normal 0 0 1
    outer loop
      vertex 12.5 8.40192 2
      vertex 8.23358 3.66061 2
      vertex 8.03109 3.25 2
    endloop
  endfacet
  facet normal 0 0 1
    outer loop
      vertex 12.8263 8.61994 2
      vertex 8.03109 3.25 2
      vertex 7.77674 2.86934 2
    endloop
  endfacet
  facet normal 0 0 1
    outer loop
      vertex 157.525 2.52513 2
      vertex 7.47487 2.52513 2
      vertex 157.869 2.22326 2
    endloop
  endfacet
  facet normal 0 0 1
    outer loop
      vertex 7.13066 2.22326 2
      vertex 157.869 2.22326 2
      vertex 7.47487 2.52513 2
    endloop
  endfacet
  facet normal 0 0 1
    outer loop
      vertex 157.869 2.22326 2
      vertex 7.13066 2.22326 2
      vertex 158.203 2 2
    endloop
  endfacet
  facet normal 0 0 1
    outer loop
      vertex 158.203 2 2
      vertex 7.13066 2.22326 2
      vertex 6.79653 2 2
    endloop
  endfacet
  facet normal 0 0 1
    outer loop
      vertex 11 8 2
      vertex 8.47006 5.45684 2
      vertex 8.5 5 2
    endloop
  endfacet
  facet normal 0 0 1
    outer loop
      vertex 7.13066 7.77674 2
      vertex 8.61994 9.17372 2
      vertex 8.40192 9.5 2
    endloop
  endfacet
  facet normal 0 0 1
    outer loop
      vertex 8.87868 8.87868 2
      vertex 8.38074 5.90587 2
      vertex 8.47006 5.45684 2
    endloop
  endfacet
  facet normal 0 0 1
    outer loop
      vertex 8.87868 8.87868 2
      vertex 8.23358 6.33939 2
      vertex 8.38074 5.90587 2
    endloop
  endfacet
  facet normal 0 0 1
    outer loop
      vertex 6.75 8.03109 2
      vertex 8.40192 9.5 2
      vertex 8.22836 9.85195 2
    endloop
  endfacet
  facet normal 0 0 1
    outer loop
      vertex 6.33939 8.23358 2
      vertex 8.22836 9.85195 2
      vertex 8.10222 10.2235 2
    endloop
  endfacet
  facet normal 0 0 1
    outer loop
      vertex 8.87868 8.87868 2
      vertex 8.03109 6.75 2
      vertex 8.23358 6.33939 2
    endloop
  endfacet
  facet normal 0 0 1
    outer loop
      vertex 5.90587 8.38074 2
      vertex 8.10222 10.2235 2
      vertex 8.02567 10.6084 2
    endloop
  endfacet
  facet normal 0 0 1
    outer loop
      vertex 5.45684 8.47006 2
      vertex 8.02567 10.6084 2
      vertex 8 11 2
    endloop
  endfacet
  facet normal 0 0 1
    outer loop
      vertex 8.87868 8.87868 2
      vertex 7.77674 7.13066 2
      vertex 8.03109 6.75 2
    endloop
  endfacet
  facet normal 0 0 1
    outer loop
      vertex 8.02567 89.3916 2
      vertex 5.45684 91.5299 2
      vertex 8 89 2
    endloop
  endfacet
  facet normal -0 0 1
    outer loop
      vertex 5 91.5 2
      vertex 8 89 2
      vertex 5.45684 91.5299 2
    endloop
  endfacet
  facet normal 0 0 1
    outer loop
      vertex 8.87868 8.87868 2
      vertex 7.47487 7.47487 2
      vertex 7.77674 7.13066 2
    endloop
  endfacet
  facet normal 0 0 1
    outer loop
      vertex 8 89 2
      vertex 5 91.5 2
      vertex 8.02567 88.6084 2
    endloop
  endfacet
  facet normal 0 0 1
    outer loop
      vertex 8.61994 9.17372 2
      vertex 7.13066 7.77674 2
      vertex 7.47487 7.47487 2
    endloop
  endfacet
  facet normal 0 0 1
    outer loop
      vertex 4.54316 91.5299 2
      vertex 8.02567 88.6084 2
      vertex 5 91.5 2
    endloop
  endfacet
  facet normal 0 0 1
    outer loop
      vertex 8.40192 9.5 2
      vertex 6.75 8.03109 2
      vertex 7.13066 7.77674 2
    endloop
  endfacet
  facet normal 0 0 1
    outer loop
      vertex 8.02567 88.6084 2
      vertex 4.54316 91.5299 2
      vertex 8.10222 88.2235 2
    endloop
  endfacet
  facet normal 0 0 1
    outer loop
      vertex 8.22836 9.85195 2
      vertex 6.33939 8.23358 2
      vertex 6.75 8.03109 2
    endloop
  endfacet
  facet normal 0 0 1
    outer loop
      vertex 4.09413 91.6193 2
      vertex 8.10222 88.2235 2
      vertex 4.54316 91.5299 2
    endloop
  endfacet
  facet normal 0 0 1
    outer loop
      vertex 8.10222 10.2235 2
      vertex 5.90587 8.38074 2
      vertex 6.33939 8.23358 2
    endloop
  endfacet
  facet normal 0 0 1
    outer loop
      vertex 3.66061 91.7664 2
      vertex 8.10222 88.2235 2
      vertex 4.09413 91.6193 2
    endloop
  endfacet
  facet normal 0 0 1
    outer loop
      vertex 8.02567 10.6084 2
      vertex 5.45684 8.47006 2
      vertex 5.90587 8.38074 2
    endloop
  endfacet
  facet normal 0 0 1
    outer loop
      vertex 3.25 91.9689 2
      vertex 8.10222 88.2235 2
      vertex 3.66061 91.7664 2
    endloop
  endfacet
  facet normal 0 0 1
    outer loop
      vertex 8 11 2
      vertex 5 8.5 2
      vertex 5.45684 8.47006 2
    endloop
  endfacet
  facet normal 0 0 1
    outer loop
      vertex 8.10222 88.2235 2
      vertex 3.25 91.9689 2
      vertex 8.10222 11.7765 2
    endloop
  endfacet
  facet normal 0 0 1
    outer loop
      vertex 8.02567 11.3916 2
      vertex 5 8.5 2
      vertex 8 11 2
    endloop
  endfacet
  facet normal 0 0 1
    outer loop
      vertex 3.25 8.03109 2
      vertex 8.10222 11.7765 2
      vertex 3.25 91.9689 2
    endloop
  endfacet
  facet normal 0 -0 1
    outer loop
      vertex 5 8.5 2
      vertex 8.02567 11.3916 2
      vertex 4.54316 8.47006 2
    endloop
  endfacet
  facet normal 0 -0 1
    outer loop
      vertex 3.66061 8.23358 2
      vertex 8.10222 11.7765 2
      vertex 3.25 8.03109 2
    endloop
  endfacet
  facet normal 0 0 1
    outer loop
      vertex 8.10222 11.7765 2
      vertex 4.54316 8.47006 2
      vertex 8.02567 11.3916 2
    endloop
  endfacet
  facet normal 0 -0 1
    outer loop
      vertex 4.09413 8.38074 2
      vertex 8.10222 11.7765 2
      vertex 3.66061 8.23358 2
    endloop
  endfacet
  facet normal 0 -0 1
    outer loop
      vertex 4.54316 8.47006 2
      vertex 8.10222 11.7765 2
      vertex 4.09413 8.38074 2
    endloop
  endfacet
  facet normal 0 0 1
    outer loop
      vertex 2.86934 92.2233 2
      vertex 3.25 8.03109 2
      vertex 3.25 91.9689 2
    endloop
  endfacet
  facet normal 0 0 1
    outer loop
      vertex 2.86934 92.2233 2
      vertex 2.86934 7.77674 2
      vertex 3.25 8.03109 2
    endloop
  endfacet
  facet normal 0 0 1
    outer loop
      vertex 2.52513 92.5251 2
      vertex 2.86934 7.77674 2
      vertex 2.86934 92.2233 2
    endloop
  endfacet
  facet normal 0 0 1
    outer loop
      vertex 2.52513 92.5251 2
      vertex 2.52513 7.47487 2
      vertex 2.86934 7.77674 2
    endloop
  endfacet
  facet normal 0 0 1
    outer loop
      vertex 2.22326 92.8693 2
      vertex 2.52513 7.47487 2
      vertex 2.52513 92.5251 2
    endloop
  endfacet
  facet normal 0 0 1
    outer loop
      vertex 2.22326 92.8693 2
      vertex 2.22326 7.13066 2
      vertex 2.52513 7.47487 2
    endloop
  endfacet
  facet normal 0 0 1
    outer loop
      vertex 2 93.2035 2
      vertex 2.22326 7.13066 2
      vertex 2.22326 92.8693 2
    endloop
  endfacet
  facet normal 0 0 1
    outer loop
      vertex 2.22326 7.13066 2
      vertex 2 93.2035 2
      vertex 2 6.79653 2
    endloop
  endfacet
  facet normal 0 0 1
    outer loop
      vertex 13.8978 10.2235 2
      vertex 152.102 10.2235 2
      vertex 13.9743 10.6084 2
    endloop
  endfacet
  facet normal 0 0 1
    outer loop
      vertex 152.402 9.5 2
      vertex 13.5981 9.5 2
      vertex 152.62 9.17372 2
    endloop
  endfacet
  facet normal 0 0 1
    outer loop
      vertex 152.102 10.2235 2
      vertex 13.8978 10.2235 2
      vertex 152.228 9.85195 2
    endloop
  endfacet
  facet normal 0 0 1
    outer loop
      vertex 13.5981 9.5 2
      vertex 152.402 9.5 2
      vertex 13.7716 9.85195 2
    endloop
  endfacet
  facet normal 0 0 1
    outer loop
      vertex 13.7716 9.85195 2
      vertex 152.228 9.85195 2
      vertex 13.8978 10.2235 2
    endloop
  endfacet
  facet normal 0 0 1
    outer loop
      vertex 152.228 9.85195 2
      vertex 13.7716 9.85195 2
      vertex 152.402 9.5 2
    endloop
  endfacet
  facet normal 0 0 1
    outer loop
      vertex 152 11 2
      vertex 14 11 2
      vertex 152.026 10.6084 2
    endloop
  endfacet
  facet normal 0 0 1
    outer loop
      vertex 13.9743 10.6084 2
      vertex 152.026 10.6084 2
      vertex 14 11 2
    endloop
  endfacet
  facet normal -0 0 1
    outer loop
      vertex 13.3801 87.1737 2
      vertex 13.5981 12.5 2
      vertex 13.5981 87.5 2
    endloop
  endfacet
  facet normal 0 0 1
    outer loop
      vertex 13.3801 87.1737 2
      vertex 13.3801 12.8263 2
      vertex 13.5981 12.5 2
    endloop
  endfacet
  facet normal -0 0 1
    outer loop
      vertex 13.1213 86.8787 2
      vertex 13.3801 12.8263 2
      vertex 13.3801 87.1737 2
    endloop
  endfacet
  facet normal 0 0 1
    outer loop
      vertex 13.1213 86.8787 2
      vertex 13.1213 13.1213 2
      vertex 13.3801 12.8263 2
    endloop
  endfacet
  facet normal -0 0 1
    outer loop
      vertex 12.8263 86.6199 2
      vertex 13.1213 13.1213 2
      vertex 13.1213 86.8787 2
    endloop
  endfacet
  facet normal 0 0 1
    outer loop
      vertex 12.8263 86.6199 2
      vertex 12.8263 13.3801 2
      vertex 13.1213 13.1213 2
    endloop
  endfacet
  facet normal -0 0 1
    outer loop
      vertex 12.5 86.4019 2
      vertex 12.8263 13.3801 2
      vertex 12.8263 86.6199 2
    endloop
  endfacet
  facet normal 0 0 1
    outer loop
      vertex 12.5 86.4019 2
      vertex 12.5 13.5981 2
      vertex 12.8263 13.3801 2
    endloop
  endfacet
  facet normal -0 0 1
    outer loop
      vertex 12.148 86.2284 2
      vertex 12.5 13.5981 2
      vertex 12.5 86.4019 2
    endloop
  endfacet
  facet normal 0 0 1
    outer loop
      vertex 12.148 86.2284 2
      vertex 12.148 13.7716 2
      vertex 12.5 13.5981 2
    endloop
  endfacet
  facet normal -0 0 1
    outer loop
      vertex 11.7765 86.1022 2
      vertex 12.148 13.7716 2
      vertex 12.148 86.2284 2
    endloop
  endfacet
  facet normal 0 0 1
    outer loop
      vertex 11.7765 86.1022 2
      vertex 11.7765 13.8978 2
      vertex 12.148 13.7716 2
    endloop
  endfacet
  facet normal -0 0 1
    outer loop
      vertex 11.3916 86.0257 2
      vertex 11.7765 13.8978 2
      vertex 11.7765 86.1022 2
    endloop
  endfacet
  facet normal 0 0 1
    outer loop
      vertex 11.3916 86.0257 2
      vertex 11.3916 13.9743 2
      vertex 11.7765 13.8978 2
    endloop
  endfacet
  facet normal -0 0 1
    outer loop
      vertex 11 86 2
      vertex 11.3916 13.9743 2
      vertex 11.3916 86.0257 2
    endloop
  endfacet
  facet normal 0 0 1
    outer loop
      vertex 11 86 2
      vertex 11 14 2
      vertex 11.3916 13.9743 2
    endloop
  endfacet
  facet normal 0 0 1
    outer loop
      vertex 10.6084 86.0257 2
      vertex 11 14 2
      vertex 11 86 2
    endloop
  endfacet
  facet normal 0 0 1
    outer loop
      vertex 10.6084 86.0257 2
      vertex 10.6084 13.9743 2
      vertex 11 14 2
    endloop
  endfacet
  facet normal 0 0 1
    outer loop
      vertex 10.2235 86.1022 2
      vertex 10.6084 13.9743 2
      vertex 10.6084 86.0257 2
    endloop
  endfacet
  facet normal 0 0 1
    outer loop
      vertex 10.2235 86.1022 2
      vertex 10.2235 13.8978 2
      vertex 10.6084 13.9743 2
    endloop
  endfacet
  facet normal 0 0 1
    outer loop
      vertex 9.85195 86.2284 2
      vertex 10.2235 13.8978 2
      vertex 10.2235 86.1022 2
    endloop
  endfacet
  facet normal 0 0 1
    outer loop
      vertex 9.85195 86.2284 2
      vertex 9.85195 13.7716 2
      vertex 10.2235 13.8978 2
    endloop
  endfacet
  facet normal 0 0 1
    outer loop
      vertex 9.5 86.4019 2
      vertex 9.85195 13.7716 2
      vertex 9.85195 86.2284 2
    endloop
  endfacet
  facet normal 0 0 1
    outer loop
      vertex 9.5 86.4019 2
      vertex 9.5 13.5981 2
      vertex 9.85195 13.7716 2
    endloop
  endfacet
  facet normal 0 0 1
    outer loop
      vertex 9.17372 86.6199 2
      vertex 9.5 13.5981 2
      vertex 9.5 86.4019 2
    endloop
  endfacet
  facet normal 0 0 1
    outer loop
      vertex 9.17372 86.6199 2
      vertex 9.17372 13.3801 2
      vertex 9.5 13.5981 2
    endloop
  endfacet
  facet normal 0 0 1
    outer loop
      vertex 8.87868 86.8787 2
      vertex 9.17372 13.3801 2
      vertex 9.17372 86.6199 2
    endloop
  endfacet
  facet normal 0 0 1
    outer loop
      vertex 8.87868 86.8787 2
      vertex 8.87868 13.1213 2
      vertex 9.17372 13.3801 2
    endloop
  endfacet
  facet normal 0 0 1
    outer loop
      vertex 8.61994 87.1737 2
      vertex 8.87868 13.1213 2
      vertex 8.87868 86.8787 2
    endloop
  endfacet
  facet normal 0 0 1
    outer loop
      vertex 8.61994 87.1737 2
      vertex 8.61994 12.8263 2
      vertex 8.87868 13.1213 2
    endloop
  endfacet
  facet normal 0 0 1
    outer loop
      vertex 8.40192 87.5 2
      vertex 8.61994 12.8263 2
      vertex 8.61994 87.1737 2
    endloop
  endfacet
  facet normal 0 0 1
    outer loop
      vertex 8.40192 87.5 2
      vertex 8.40192 12.5 2
      vertex 8.61994 12.8263 2
    endloop
  endfacet
  facet normal 0 0 1
    outer loop
      vertex 8.22836 87.852 2
      vertex 8.40192 12.5 2
      vertex 8.40192 87.5 2
    endloop
  endfacet
  facet normal 0 0 1
    outer loop
      vertex 8.22836 87.852 2
      vertex 8.22836 12.148 2
      vertex 8.40192 12.5 2
    endloop
  endfacet
  facet normal 0 0 1
    outer loop
      vertex 8.10222 88.2235 2
      vertex 8.22836 12.148 2
      vertex 8.22836 87.852 2
    endloop
  endfacet
  facet normal 0 0 1
    outer loop
      vertex 8.10222 88.2235 2
      vertex 8.10222 11.7765 2
      vertex 8.22836 12.148 2
    endloop
  endfacet
  facet normal 0 0 1
    outer loop
      vertex 8.10222 89.7765 2
      vertex 5.90587 91.6193 2
      vertex 8.02567 89.3916 2
    endloop
  endfacet
  facet normal -0 0 1
    outer loop
      vertex 5.45684 91.5299 2
      vertex 8.02567 89.3916 2
      vertex 5.90587 91.6193 2
    endloop
  endfacet
  facet normal 0 0 1
    outer loop
      vertex 8.22836 90.148 2
      vertex 6.33939 91.7664 2
      vertex 8.10222 89.7765 2
    endloop
  endfacet
  facet normal -0 0 1
    outer loop
      vertex 5.90587 91.6193 2
      vertex 8.10222 89.7765 2
      vertex 6.33939 91.7664 2
    endloop
  endfacet
  facet normal 0 0 1
    outer loop
      vertex 9.85195 91.7716 2
      vertex 8.03109 93.25 2
      vertex 9.5 91.5981 2
    endloop
  endfacet
  facet normal -0 0 1
    outer loop
      vertex 7.77674 92.8693 2
      vertex 9.5 91.5981 2
      vertex 8.03109 93.25 2
    endloop
  endfacet
  facet normal 0 0 1
    outer loop
      vertex 9.5 91.5981 2
      vertex 7.77674 92.8693 2
      vertex 9.17372 91.3801 2
    endloop
  endfacet
  facet normal -0 0 1
    outer loop
      vertex 7.47487 92.5251 2
      vertex 9.17372 91.3801 2
      vertex 7.77674 92.8693 2
    endloop
  endfacet
  facet normal 0 0 1
    outer loop
      vertex 9.17372 91.3801 2
      vertex 7.47487 92.5251 2
      vertex 8.87868 91.1213 2
    endloop
  endfacet
  facet normal 0 0 1
    outer loop
      vertex 8.87868 91.1213 2
      vertex 7.47487 92.5251 2
      vertex 8.61994 90.8263 2
    endloop
  endfacet
  facet normal -0 0 1
    outer loop
      vertex 7.13066 92.2233 2
      vertex 8.61994 90.8263 2
      vertex 7.47487 92.5251 2
    endloop
  endfacet
  facet normal 0 0 1
    outer loop
      vertex 8.61994 90.8263 2
      vertex 7.13066 92.2233 2
      vertex 8.40192 90.5 2
    endloop
  endfacet
  facet normal -0 0 1
    outer loop
      vertex 6.75 91.9689 2
      vertex 8.40192 90.5 2
      vertex 7.13066 92.2233 2
    endloop
  endfacet
  facet normal -0 0 1
    outer loop
      vertex 6.33939 91.7664 2
      vertex 8.22836 90.148 2
      vertex 6.75 91.9689 2
    endloop
  endfacet
  facet normal 0 0 1
    outer loop
      vertex 8.40192 90.5 2
      vertex 6.75 91.9689 2
      vertex 8.22836 90.148 2
    endloop
  endfacet
  facet normal 1 -0 0
    outer loop
      vertex 2 2 23.6
      vertex 2 3.20347 2
      vertex 2 3.20347 23.6
    endloop
  endfacet
  facet normal 1 0 0
    outer loop
      vertex 2 3.20347 2
      vertex 2 2 23.6
      vertex 2 2 2
    endloop
  endfacet
  facet normal 1 -0 0
    outer loop
      vertex 2 96.7965 23.6
      vertex 2 98 2
      vertex 2 98 23.6
    endloop
  endfacet
  facet normal 1 0 0
    outer loop
      vertex 2 98 2
      vertex 2 96.7965 23.6
      vertex 2 96.7965 2
    endloop
  endfacet
  facet normal 1 0 0
    outer loop
      vertex 2 93.2035 23.6
      vertex 2 87 21.6
      vertex 2 93.2035 2
    endloop
  endfacet
  facet normal 1 0 0
    outer loop
      vertex 2 93.2035 23.6
      vertex 2 13 21.6
      vertex 2 87 21.6
    endloop
  endfacet
  facet normal 1 0 0
    outer loop
      vertex 2 13 21.6
      vertex 2 6.79653 23.6
      vertex 2 13 4
    endloop
  endfacet
  facet normal 1 -0 0
    outer loop
      vertex 2 6.79653 23.6
      vertex 2 13 21.6
      vertex 2 93.2035 23.6
    endloop
  endfacet
  facet normal 1 -0 0
    outer loop
      vertex 2 87 4
      vertex 2 93.2035 2
      vertex 2 87 21.6
    endloop
  endfacet
  facet normal 1 -0 0
    outer loop
      vertex 2 13 4
      vertex 2 93.2035 2
      vertex 2 87 4
    endloop
  endfacet
  facet normal 1 0 0
    outer loop
      vertex 2 13 4
      vertex 2 6.79653 2
      vertex 2 93.2035 2
    endloop
  endfacet
  facet normal 1 0 0
    outer loop
      vertex 2 6.79653 2
      vertex 2 13 4
      vertex 2 6.79653 23.6
    endloop
  endfacet
  facet normal 0 -1 0
    outer loop
      vertex 161.797 98 2
      vertex 163 98 23.6
      vertex 161.797 98 23.6
    endloop
  endfacet
  facet normal 0 -1 -0
    outer loop
      vertex 163 98 23.6
      vertex 161.797 98 2
      vertex 163 98 2
    endloop
  endfacet
  facet normal 0 -1 0
    outer loop
      vertex 2 98 2
      vertex 3.20347 98 23.6
      vertex 2 98 23.6
    endloop
  endfacet
  facet normal 0 -1 -0
    outer loop
      vertex 3.20347 98 23.6
      vertex 2 98 2
      vertex 3.20347 98 2
    endloop
  endfacet
  facet normal 0 -1 0
    outer loop
      vertex 6.79653 98 2
      vertex 158.203 98 23.6
      vertex 6.79653 98 23.6
    endloop
  endfacet
  facet normal 0 -1 -0
    outer loop
      vertex 158.203 98 23.6
      vertex 6.79653 98 2
      vertex 158.203 98 2
    endloop
  endfacet
  facet normal 0 1 -0
    outer loop
      vertex 163 2 2
      vertex 161.797 2 4
      vertex 163 2 4
    endloop
  endfacet
  facet normal 0 1 0
    outer loop
      vertex 161.797 2 4
      vertex 163 2 2
      vertex 161.797 2 2
    endloop
  endfacet
  facet normal 0 1 -0
    outer loop
      vertex 3.20347 2 2
      vertex 2 2 23.6
      vertex 3.20347 2 23.6
    endloop
  endfacet
  facet normal 0 1 0
    outer loop
      vertex 2 2 23.6
      vertex 3.20347 2 2
      vertex 2 2 2
    endloop
  endfacet
  facet normal 0 1 -0
    outer loop
      vertex 163 2 21.6
      vertex 161.797 2 23.6
      vertex 163 2 23.6
    endloop
  endfacet
  facet normal 0 1 0
    outer loop
      vertex 161.797 2 23.6
      vertex 163 2 21.6
      vertex 161.797 2 21.6
    endloop
  endfacet
  facet normal 0 1 0
    outer loop
      vertex 158.203 2 4
      vertex 158.203 2 2
      vertex 127 2 4
    endloop
  endfacet
  facet normal 0 1 0
    outer loop
      vertex 127 2 21.6
      vertex 158.203 2 23.6
      vertex 158.203 2 21.6
    endloop
  endfacet
  facet normal 0 1 0
    outer loop
      vertex 158.203 2 23.6
      vertex 127 2 21.6
      vertex 6.79653 2 23.6
    endloop
  endfacet
  facet normal 0 1 -0
    outer loop
      vertex 127 2 4
      vertex 6.79653 2 23.6
      vertex 127 2 21.6
    endloop
  endfacet
  facet normal 0 1 0
    outer loop
      vertex 127 2 4
      vertex 6.79653 2 2
      vertex 6.79653 2 23.6
    endloop
  endfacet
  facet normal 0 1 0
    outer loop
      vertex 6.79653 2 2
      vertex 127 2 4
      vertex 158.203 2 2
    endloop
  endfacet
  facet normal 0.980784 0.195095 0
    outer loop
      vertex 8.47006 5.45684 23.6
      vertex 8.38074 5.90587 2
      vertex 8.38074 5.90587 23.6
    endloop
  endfacet
  facet normal 0.980784 0.195095 0
    outer loop
      vertex 8.38074 5.90587 2
      vertex 8.47006 5.45684 23.6
      vertex 8.47006 5.45684 2
    endloop
  endfacet
  facet normal 0.997859 0.0653969 0
    outer loop
      vertex 8.5 5 23.6
      vertex 8.47006 5.45684 2
      vertex 8.47006 5.45684 23.6
    endloop
  endfacet
  facet normal 0.997859 0.0653969 0
    outer loop
      vertex 8.47006 5.45684 2
      vertex 8.5 5 23.6
      vertex 8.5 5 2
    endloop
  endfacet
  facet normal 0.831468 0.555572 0
    outer loop
      vertex 8.03109 6.75 23.6
      vertex 7.77674 7.13066 2
      vertex 7.77674 7.13066 23.6
    endloop
  endfacet
  facet normal 0.831468 0.555572 0
    outer loop
      vertex 7.77674 7.13066 2
      vertex 8.03109 6.75 23.6
      vertex 8.03109 6.75 2
    endloop
  endfacet
  facet normal -0.555572 0.831468 0
    outer loop
      vertex 3.25 8.03109 2
      vertex 2.86934 7.77674 23.6
      vertex 3.25 8.03109 23.6
    endloop
  endfacet
  facet normal -0.555572 0.831468 0
    outer loop
      vertex 2.86934 7.77674 23.6
      vertex 3.25 8.03109 2
      vertex 2.86934 7.77674 2
    endloop
  endfacet
  facet normal -0.659353 0.751833 0
    outer loop
      vertex 2.86934 7.77674 2
      vertex 2.52513 7.47487 23.6
      vertex 2.86934 7.77674 23.6
    endloop
  endfacet
  facet normal -0.659353 0.751833 0
    outer loop
      vertex 2.52513 7.47487 23.6
      vertex 2.86934 7.77674 2
      vertex 2.52513 7.47487 2
    endloop
  endfacet
  facet normal -0.751833 0.659353 0
    outer loop
      vertex 2.22326 7.13066 2
      vertex 2.52513 7.47487 23.6
      vertex 2.52513 7.47487 2
    endloop
  endfacet
  facet normal -0.751833 0.659353 0
    outer loop
      vertex 2.52513 7.47487 23.6
      vertex 2.22326 7.13066 2
      vertex 2.22326 7.13066 23.6
    endloop
  endfacet
  facet normal 0.94693 -0.321439 0
    outer loop
      vertex 8.23358 3.66061 23.6
      vertex 8.38074 4.09413 2
      vertex 8.38074 4.09413 23.6
    endloop
  endfacet
  facet normal 0.94693 -0.321439 0
    outer loop
      vertex 8.38074 4.09413 2
      vertex 8.23358 3.66061 23.6
      vertex 8.23358 3.66061 2
    endloop
  endfacet
  facet normal 0.555572 0.831468 -0
    outer loop
      vertex 7.13066 7.77674 2
      vertex 6.75 8.03109 23.6
      vertex 7.13066 7.77674 23.6
    endloop
  endfacet
  facet normal 0.555572 0.831468 0
    outer loop
      vertex 6.75 8.03109 23.6
      vertex 7.13066 7.77674 2
      vertex 6.75 8.03109 2
    endloop
  endfacet
  facet normal -0.751833 -0.659353 0
    outer loop
      vertex 2.52513 2.52513 2
      vertex 2.22326 2.86934 23.6
      vertex 2.22326 2.86934 2
    endloop
  endfacet
  facet normal -0.751833 -0.659353 0
    outer loop
      vertex 2.22326 2.86934 23.6
      vertex 2.52513 2.52513 2
      vertex 2.52513 2.52513 23.6
    endloop
  endfacet
  facet normal -0.321439 0.94693 0
    outer loop
      vertex 4.09413 8.38074 2
      vertex 3.66061 8.23358 23.6
      vertex 4.09413 8.38074 23.6
    endloop
  endfacet
  facet normal -0.321439 0.94693 0
    outer loop
      vertex 3.66061 8.23358 23.6
      vertex 4.09413 8.38074 2
      vertex 3.66061 8.23358 2
    endloop
  endfacet
  facet normal -0.831468 -0.555573 0
    outer loop
      vertex 2.22326 2.86934 2
      vertex 2 3.20347 23.6
      vertex 2 3.20347 2
    endloop
  endfacet
  facet normal -0.831468 -0.555573 0
    outer loop
      vertex 2 3.20347 23.6
      vertex 2.22326 2.86934 2
      vertex 2.22326 2.86934 23.6
    endloop
  endfacet
  facet normal 0.555573 -0.831468 0
    outer loop
      vertex 6.79653 2 2
      vertex 7.13066 2.22326 23.6
      vertex 6.79653 2 23.6
    endloop
  endfacet
  facet normal 0.555573 -0.831468 0
    outer loop
      vertex 7.13066 2.22326 23.6
      vertex 6.79653 2 2
      vertex 7.13066 2.22326 2
    endloop
  endfacet
  facet normal 0.321439 0.94693 -0
    outer loop
      vertex 6.33939 8.23358 2
      vertex 5.90587 8.38074 23.6
      vertex 6.33939 8.23358 23.6
    endloop
  endfacet
  facet normal 0.321439 0.94693 0
    outer loop
      vertex 5.90587 8.38074 23.6
      vertex 6.33939 8.23358 2
      vertex 5.90587 8.38074 2
    endloop
  endfacet
  facet normal 0.0653969 0.997859 -0
    outer loop
      vertex 5.45684 8.47006 2
      vertex 5 8.5 23.6
      vertex 5.45684 8.47006 23.6
    endloop
  endfacet
  facet normal 0.0653969 0.997859 0
    outer loop
      vertex 5 8.5 23.6
      vertex 5.45684 8.47006 2
      vertex 5 8.5 2
    endloop
  endfacet
  facet normal -0.442288 0.896873 0
    outer loop
      vertex 3.66061 8.23358 2
      vertex 3.25 8.03109 23.6
      vertex 3.66061 8.23358 23.6
    endloop
  endfacet
  facet normal -0.442288 0.896873 0
    outer loop
      vertex 3.25 8.03109 23.6
      vertex 3.66061 8.23358 2
      vertex 3.25 8.03109 2
    endloop
  endfacet
  facet normal 0.831468 -0.555572 0
    outer loop
      vertex 7.77674 2.86934 23.6
      vertex 8.03109 3.25 2
      vertex 8.03109 3.25 23.6
    endloop
  endfacet
  facet normal 0.831468 -0.555572 0
    outer loop
      vertex 8.03109 3.25 2
      vertex 7.77674 2.86934 23.6
      vertex 7.77674 2.86934 2
    endloop
  endfacet
  facet normal 0.980784 -0.195095 0
    outer loop
      vertex 8.38074 4.09413 23.6
      vertex 8.47006 4.54316 2
      vertex 8.47006 4.54316 23.6
    endloop
  endfacet
  facet normal 0.980784 -0.195095 0
    outer loop
      vertex 8.47006 4.54316 2
      vertex 8.38074 4.09413 23.6
      vertex 8.38074 4.09413 2
    endloop
  endfacet
  facet normal -0.659353 -0.751833 0
    outer loop
      vertex 2.52513 2.52513 2
      vertex 2.86934 2.22326 23.6
      vertex 2.52513 2.52513 23.6
    endloop
  endfacet
  facet normal -0.659353 -0.751833 -0
    outer loop
      vertex 2.86934 2.22326 23.6
      vertex 2.52513 2.52513 2
      vertex 2.86934 2.22326 2
    endloop
  endfacet
  facet normal 0.442288 0.896873 -0
    outer loop
      vertex 6.75 8.03109 2
      vertex 6.33939 8.23358 23.6
      vertex 6.75 8.03109 23.6
    endloop
  endfacet
  facet normal 0.442288 0.896873 0
    outer loop
      vertex 6.33939 8.23358 23.6
      vertex 6.75 8.03109 2
      vertex 6.33939 8.23358 2
    endloop
  endfacet
  facet normal -0.195095 0.980784 0
    outer loop
      vertex 4.54316 8.47006 2
      vertex 4.09413 8.38074 23.6
      vertex 4.54316 8.47006 23.6
    endloop
  endfacet
  facet normal -0.195095 0.980784 0
    outer loop
      vertex 4.09413 8.38074 23.6
      vertex 4.54316 8.47006 2
      vertex 4.09413 8.38074 2
    endloop
  endfacet
  facet normal 0.751833 0.659353 0
    outer loop
      vertex 7.77674 7.13066 23.6
      vertex 7.47487 7.47487 2
      vertex 7.47487 7.47487 23.6
    endloop
  endfacet
  facet normal 0.751833 0.659353 0
    outer loop
      vertex 7.47487 7.47487 2
      vertex 7.77674 7.13066 23.6
      vertex 7.77674 7.13066 2
    endloop
  endfacet
  facet normal 0.195095 0.980784 -0
    outer loop
      vertex 5.90587 8.38074 2
      vertex 5.45684 8.47006 23.6
      vertex 5.90587 8.38074 23.6
    endloop
  endfacet
  facet normal 0.195095 0.980784 0
    outer loop
      vertex 5.45684 8.47006 23.6
      vertex 5.90587 8.38074 2
      vertex 5.45684 8.47006 2
    endloop
  endfacet
  facet normal 0.751833 -0.659353 0
    outer loop
      vertex 7.47487 2.52513 23.6
      vertex 7.77674 2.86934 2
      vertex 7.77674 2.86934 23.6
    endloop
  endfacet
  facet normal 0.751833 -0.659353 0
    outer loop
      vertex 7.77674 2.86934 2
      vertex 7.47487 2.52513 23.6
      vertex 7.47487 2.52513 2
    endloop
  endfacet
  facet normal 0.659353 -0.751833 0
    outer loop
      vertex 7.13066 2.22326 2
      vertex 7.47487 2.52513 23.6
      vertex 7.13066 2.22326 23.6
    endloop
  endfacet
  facet normal 0.659353 -0.751833 0
    outer loop
      vertex 7.47487 2.52513 23.6
      vertex 7.13066 2.22326 2
      vertex 7.47487 2.52513 2
    endloop
  endfacet
  facet normal 0.896873 -0.442288 0
    outer loop
      vertex 8.03109 3.25 23.6
      vertex 8.23358 3.66061 2
      vertex 8.23358 3.66061 23.6
    endloop
  endfacet
  facet normal 0.896873 -0.442288 0
    outer loop
      vertex 8.23358 3.66061 2
      vertex 8.03109 3.25 23.6
      vertex 8.03109 3.25 2
    endloop
  endfacet
  facet normal 0.659353 0.751833 -0
    outer loop
      vertex 7.47487 7.47487 2
      vertex 7.13066 7.77674 23.6
      vertex 7.47487 7.47487 23.6
    endloop
  endfacet
  facet normal 0.659353 0.751833 0
    outer loop
      vertex 7.13066 7.77674 23.6
      vertex 7.47487 7.47487 2
      vertex 7.13066 7.77674 2
    endloop
  endfacet
  facet normal 0.997859 -0.0653969 0
    outer loop
      vertex 8.47006 4.54316 23.6
      vertex 8.5 5 2
      vertex 8.5 5 23.6
    endloop
  endfacet
  facet normal 0.997859 -0.0653969 0
    outer loop
      vertex 8.5 5 2
      vertex 8.47006 4.54316 23.6
      vertex 8.47006 4.54316 2
    endloop
  endfacet
  facet normal -0.555573 -0.831468 0
    outer loop
      vertex 2.86934 2.22326 2
      vertex 3.20347 2 23.6
      vertex 2.86934 2.22326 23.6
    endloop
  endfacet
  facet normal -0.555573 -0.831468 -0
    outer loop
      vertex 3.20347 2 23.6
      vertex 2.86934 2.22326 2
      vertex 3.20347 2 2
    endloop
  endfacet
  facet normal 0.896873 0.442288 0
    outer loop
      vertex 8.23358 6.33939 23.6
      vertex 8.03109 6.75 2
      vertex 8.03109 6.75 23.6
    endloop
  endfacet
  facet normal 0.896873 0.442288 0
    outer loop
      vertex 8.03109 6.75 2
      vertex 8.23358 6.33939 23.6
      vertex 8.23358 6.33939 2
    endloop
  endfacet
  facet normal 0.94693 0.321439 0
    outer loop
      vertex 8.38074 5.90587 23.6
      vertex 8.23358 6.33939 2
      vertex 8.23358 6.33939 23.6
    endloop
  endfacet
  facet normal 0.94693 0.321439 0
    outer loop
      vertex 8.23358 6.33939 2
      vertex 8.38074 5.90587 23.6
      vertex 8.38074 5.90587 2
    endloop
  endfacet
  facet normal -0.0653969 0.997859 0
    outer loop
      vertex 5 8.5 2
      vertex 4.54316 8.47006 23.6
      vertex 5 8.5 23.6
    endloop
  endfacet
  facet normal -0.0653969 0.997859 0
    outer loop
      vertex 4.54316 8.47006 23.6
      vertex 5 8.5 2
      vertex 4.54316 8.47006 2
    endloop
  endfacet
  facet normal -0.831468 0.555573 0
    outer loop
      vertex 2 6.79653 2
      vertex 2.22326 7.13066 23.6
      vertex 2.22326 7.13066 2
    endloop
  endfacet
  facet normal -0.831468 0.555573 0
    outer loop
      vertex 2.22326 7.13066 23.6
      vertex 2 6.79653 2
      vertex 2 6.79653 23.6
    endloop
  endfacet
  facet normal -0.980782 0.195105 0
    outer loop
      vertex 6.20741 4.67648 15.6
      vertex 6.23931 4.83684 23.6
      vertex 6.23931 4.83684 15.6
    endloop
  endfacet
  facet normal -0.980782 0.195105 0
    outer loop
      vertex 6.23931 4.83684 23.6
      vertex 6.20741 4.67648 15.6
      vertex 6.20741 4.67648 23.6
    endloop
  endfacet
  facet normal -0.980782 -0.195105 0
    outer loop
      vertex 6.23931 5.16316 15.6
      vertex 6.20741 5.32352 23.6
      vertex 6.20741 5.32352 15.6
    endloop
  endfacet
  facet normal -0.980782 -0.195105 0
    outer loop
      vertex 6.20741 5.32352 23.6
      vertex 6.23931 5.16316 15.6
      vertex 6.23931 5.16316 23.6
    endloop
  endfacet
  facet normal -0.997861 -0.0653783 0
    outer loop
      vertex 6.25 5 15.6
      vertex 6.23931 5.16316 23.6
      vertex 6.23931 5.16316 15.6
    endloop
  endfacet
  facet normal -0.997861 -0.0653783 0
    outer loop
      vertex 6.23931 5.16316 23.6
      vertex 6.25 5 15.6
      vertex 6.25 5 23.6
    endloop
  endfacet
  facet normal -0.946926 -0.321452 0
    outer loop
      vertex 6.20741 5.32352 15.6
      vertex 6.15485 5.47835 23.6
      vertex 6.15485 5.47835 15.6
    endloop
  endfacet
  facet normal -0.946926 -0.321452 0
    outer loop
      vertex 6.15485 5.47835 23.6
      vertex 6.20741 5.32352 15.6
      vertex 6.20741 5.32352 23.6
    endloop
  endfacet
  facet normal 0.997861 -0.0653783 0
    outer loop
      vertex 3.75 5 23.6
      vertex 3.76069 5.16316 15.6
      vertex 3.76069 5.16316 23.6
    endloop
  endfacet
  facet normal 0.997861 -0.0653783 0
    outer loop
      vertex 3.76069 5.16316 15.6
      vertex 3.75 5 23.6
      vertex 3.75 5 15.6
    endloop
  endfacet
  facet normal -0.44229 0.896872 0
    outer loop
      vertex 5.625 3.91747 15.6
      vertex 5.47835 3.84515 23.6
      vertex 5.625 3.91747 23.6
    endloop
  endfacet
  facet normal -0.44229 0.896872 0
    outer loop
      vertex 5.47835 3.84515 23.6
      vertex 5.625 3.91747 15.6
      vertex 5.47835 3.84515 15.6
    endloop
  endfacet
  facet normal -0.195105 -0.980782 0
    outer loop
      vertex 5.16316 6.23931 15.6
      vertex 5.32352 6.20741 23.6
      vertex 5.16316 6.23931 23.6
    endloop
  endfacet
  facet normal -0.195105 -0.980782 -0
    outer loop
      vertex 5.32352 6.20741 23.6
      vertex 5.16316 6.23931 15.6
      vertex 5.32352 6.20741 15.6
    endloop
  endfacet
  facet normal -0.195105 0.980782 0
    outer loop
      vertex 5.32352 3.79259 15.6
      vertex 5.16316 3.76069 23.6
      vertex 5.32352 3.79259 23.6
    endloop
  endfacet
  facet normal -0.195105 0.980782 0
    outer loop
      vertex 5.16316 3.76069 23.6
      vertex 5.32352 3.79259 15.6
      vertex 5.16316 3.76069 15.6
    endloop
  endfacet
  facet normal -0.0653783 0.997861 0
    outer loop
      vertex 5.16316 3.76069 15.6
      vertex 5 3.75 23.6
      vertex 5.16316 3.76069 23.6
    endloop
  endfacet
  facet normal -0.0653783 0.997861 0
    outer loop
      vertex 5 3.75 23.6
      vertex 5.16316 3.76069 15.6
      vertex 5 3.75 15.6
    endloop
  endfacet
  facet normal 0.659357 -0.75183 0
    outer loop
      vertex 4.11612 5.88388 15.6
      vertex 4.23905 5.99169 23.6
      vertex 4.11612 5.88388 23.6
    endloop
  endfacet
  facet normal 0.659357 -0.75183 0
    outer loop
      vertex 4.23905 5.99169 23.6
      vertex 4.11612 5.88388 15.6
      vertex 4.23905 5.99169 15.6
    endloop
  endfacet
  facet normal 0.831466 -0.555575 0
    outer loop
      vertex 3.91747 5.625 23.6
      vertex 4.00831 5.76095 15.6
      vertex 4.00831 5.76095 23.6
    endloop
  endfacet
  facet normal 0.831466 -0.555575 0
    outer loop
      vertex 4.00831 5.76095 15.6
      vertex 3.91747 5.625 23.6
      vertex 3.91747 5.625 15.6
    endloop
  endfacet
  facet normal -0.321452 -0.946926 0
    outer loop
      vertex 5.32352 6.20741 15.6
      vertex 5.47835 6.15485 23.6
      vertex 5.32352 6.20741 23.6
    endloop
  endfacet
  facet normal -0.321452 -0.946926 -0
    outer loop
      vertex 5.47835 6.15485 23.6
      vertex 5.32352 6.20741 15.6
      vertex 5.47835 6.15485 15.6
    endloop
  endfacet
  facet normal -0.659357 0.75183 0
    outer loop
      vertex 5.88388 4.11612 15.6
      vertex 5.76095 4.00831 23.6
      vertex 5.88388 4.11612 23.6
    endloop
  endfacet
  facet normal -0.659357 0.75183 0
    outer loop
      vertex 5.76095 4.00831 23.6
      vertex 5.88388 4.11612 15.6
      vertex 5.76095 4.00831 15.6
    endloop
  endfacet
  facet normal 0.44229 -0.896872 0
    outer loop
      vertex 4.375 6.08253 15.6
      vertex 4.52165 6.15485 23.6
      vertex 4.375 6.08253 23.6
    endloop
  endfacet
  facet normal 0.44229 -0.896872 0
    outer loop
      vertex 4.52165 6.15485 23.6
      vertex 4.375 6.08253 15.6
      vertex 4.52165 6.15485 15.6
    endloop
  endfacet
  facet normal 0.0653783 0.997861 -0
    outer loop
      vertex 5 3.75 15.6
      vertex 4.83684 3.76069 23.6
      vertex 5 3.75 23.6
    endloop
  endfacet
  facet normal 0.0653783 0.997861 0
    outer loop
      vertex 4.83684 3.76069 23.6
      vertex 5 3.75 15.6
      vertex 4.83684 3.76069 15.6
    endloop
  endfacet
  facet normal -0.75183 0.659357 0
    outer loop
      vertex 5.88388 4.11612 15.6
      vertex 5.99169 4.23905 23.6
      vertex 5.99169 4.23905 15.6
    endloop
  endfacet
  facet normal -0.75183 0.659357 0
    outer loop
      vertex 5.99169 4.23905 23.6
      vertex 5.88388 4.11612 15.6
      vertex 5.88388 4.11612 23.6
    endloop
  endfacet
  facet normal 0.946926 0.321452 0
    outer loop
      vertex 3.84515 4.52165 23.6
      vertex 3.79259 4.67648 15.6
      vertex 3.79259 4.67648 23.6
    endloop
  endfacet
  facet normal 0.946926 0.321452 0
    outer loop
      vertex 3.79259 4.67648 15.6
      vertex 3.84515 4.52165 23.6
      vertex 3.84515 4.52165 15.6
    endloop
  endfacet
  facet normal -0.321452 0.946926 0
    outer loop
      vertex 5.47835 3.84515 15.6
      vertex 5.32352 3.79259 23.6
      vertex 5.47835 3.84515 23.6
    endloop
  endfacet
  facet normal -0.321452 0.946926 0
    outer loop
      vertex 5.32352 3.79259 23.6
      vertex 5.47835 3.84515 15.6
      vertex 5.32352 3.79259 15.6
    endloop
  endfacet
  facet normal 0.321452 -0.946926 0
    outer loop
      vertex 4.52165 6.15485 15.6
      vertex 4.67648 6.20741 23.6
      vertex 4.52165 6.15485 23.6
    endloop
  endfacet
  facet normal 0.321452 -0.946926 0
    outer loop
      vertex 4.67648 6.20741 23.6
      vertex 4.52165 6.15485 15.6
      vertex 4.67648 6.20741 15.6
    endloop
  endfacet
  facet normal -0.75183 -0.659357 0
    outer loop
      vertex 5.99169 5.76095 15.6
      vertex 5.88388 5.88388 23.6
      vertex 5.88388 5.88388 15.6
    endloop
  endfacet
  facet normal -0.75183 -0.659357 0
    outer loop
      vertex 5.88388 5.88388 23.6
      vertex 5.99169 5.76095 15.6
      vertex 5.99169 5.76095 23.6
    endloop
  endfacet
  facet normal 0.555575 -0.831466 0
    outer loop
      vertex 4.23905 5.99169 15.6
      vertex 4.375 6.08253 23.6
      vertex 4.23905 5.99169 23.6
    endloop
  endfacet
  facet normal 0.555575 -0.831466 0
    outer loop
      vertex 4.375 6.08253 23.6
      vertex 4.23905 5.99169 15.6
      vertex 4.375 6.08253 15.6
    endloop
  endfacet
  facet normal 0.946926 -0.321452 0
    outer loop
      vertex 3.79259 5.32352 23.6
      vertex 3.84515 5.47835 15.6
      vertex 3.84515 5.47835 23.6
    endloop
  endfacet
  facet normal 0.946926 -0.321452 0
    outer loop
      vertex 3.84515 5.47835 15.6
      vertex 3.79259 5.32352 23.6
      vertex 3.79259 5.32352 15.6
    endloop
  endfacet
  facet normal -0.896872 -0.44229 0
    outer loop
      vertex 6.15485 5.47835 15.6
      vertex 6.08253 5.625 23.6
      vertex 6.08253 5.625 15.6
    endloop
  endfacet
  facet normal -0.896872 -0.44229 0
    outer loop
      vertex 6.08253 5.625 23.6
      vertex 6.15485 5.47835 15.6
      vertex 6.15485 5.47835 23.6
    endloop
  endfacet
  facet normal 0.195105 -0.980782 0
    outer loop
      vertex 4.67648 6.20741 15.6
      vertex 4.83684 6.23931 23.6
      vertex 4.67648 6.20741 23.6
    endloop
  endfacet
  facet normal 0.195105 -0.980782 0
    outer loop
      vertex 4.83684 6.23931 23.6
      vertex 4.67648 6.20741 15.6
      vertex 4.83684 6.23931 15.6
    endloop
  endfacet
  facet normal -0.659357 -0.75183 0
    outer loop
      vertex 5.76095 5.99169 15.6
      vertex 5.88388 5.88388 23.6
      vertex 5.76095 5.99169 23.6
    endloop
  endfacet
  facet normal -0.659357 -0.75183 -0
    outer loop
      vertex 5.88388 5.88388 23.6
      vertex 5.76095 5.99169 15.6
      vertex 5.88388 5.88388 15.6
    endloop
  endfacet
  facet normal -0.997861 0.0653783 0
    outer loop
      vertex 6.23931 4.83684 15.6
      vertex 6.25 5 23.6
      vertex 6.25 5 15.6
    endloop
  endfacet
  facet normal -0.997861 0.0653783 0
    outer loop
      vertex 6.25 5 23.6
      vertex 6.23931 4.83684 15.6
      vertex 6.23931 4.83684 23.6
    endloop
  endfacet
  facet normal -0.44229 -0.896872 0
    outer loop
      vertex 5.47835 6.15485 15.6
      vertex 5.625 6.08253 23.6
      vertex 5.47835 6.15485 23.6
    endloop
  endfacet
  facet normal -0.44229 -0.896872 -0
    outer loop
      vertex 5.625 6.08253 23.6
      vertex 5.47835 6.15485 15.6
      vertex 5.625 6.08253 15.6
    endloop
  endfacet
  facet normal 0.321452 0.946926 -0
    outer loop
      vertex 4.67648 3.79259 15.6
      vertex 4.52165 3.84515 23.6
      vertex 4.67648 3.79259 23.6
    endloop
  endfacet
  facet normal 0.321452 0.946926 0
    outer loop
      vertex 4.52165 3.84515 23.6
      vertex 4.67648 3.79259 15.6
      vertex 4.52165 3.84515 15.6
    endloop
  endfacet
  facet normal 0.980782 -0.195105 0
    outer loop
      vertex 3.76069 5.16316 23.6
      vertex 3.79259 5.32352 15.6
      vertex 3.79259 5.32352 23.6
    endloop
  endfacet
  facet normal 0.980782 -0.195105 0
    outer loop
      vertex 3.79259 5.32352 15.6
      vertex 3.76069 5.16316 23.6
      vertex 3.76069 5.16316 15.6
    endloop
  endfacet
  facet normal 0.0653783 -0.997861 0
    outer loop
      vertex 4.83684 6.23931 15.6
      vertex 5 6.25 23.6
      vertex 4.83684 6.23931 23.6
    endloop
  endfacet
  facet normal 0.0653783 -0.997861 0
    outer loop
      vertex 5 6.25 23.6
      vertex 4.83684 6.23931 15.6
      vertex 5 6.25 15.6
    endloop
  endfacet
  facet normal 0.195105 0.980782 -0
    outer loop
      vertex 4.83684 3.76069 15.6
      vertex 4.67648 3.79259 23.6
      vertex 4.83684 3.76069 23.6
    endloop
  endfacet
  facet normal 0.195105 0.980782 0
    outer loop
      vertex 4.67648 3.79259 23.6
      vertex 4.83684 3.76069 15.6
      vertex 4.67648 3.79259 15.6
    endloop
  endfacet
  facet normal -0.946926 0.321452 0
    outer loop
      vertex 6.15485 4.52165 15.6
      vertex 6.20741 4.67648 23.6
      vertex 6.20741 4.67648 15.6
    endloop
  endfacet
  facet normal -0.946926 0.321452 0
    outer loop
      vertex 6.20741 4.67648 23.6
      vertex 6.15485 4.52165 15.6
      vertex 6.15485 4.52165 23.6
    endloop
  endfacet
  facet normal -0.831466 -0.555575 0
    outer loop
      vertex 6.08253 5.625 15.6
      vertex 5.99169 5.76095 23.6
      vertex 5.99169 5.76095 15.6
    endloop
  endfacet
  facet normal -0.831466 -0.555575 0
    outer loop
      vertex 5.99169 5.76095 23.6
      vertex 6.08253 5.625 15.6
      vertex 6.08253 5.625 23.6
    endloop
  endfacet
  facet normal 0.896872 0.44229 0
    outer loop
      vertex 3.91747 4.375 23.6
      vertex 3.84515 4.52165 15.6
      vertex 3.84515 4.52165 23.6
    endloop
  endfacet
  facet normal 0.896872 0.44229 0
    outer loop
      vertex 3.84515 4.52165 15.6
      vertex 3.91747 4.375 23.6
      vertex 3.91747 4.375 15.6
    endloop
  endfacet
  facet normal -0.896872 0.44229 0
    outer loop
      vertex 6.08253 4.375 15.6
      vertex 6.15485 4.52165 23.6
      vertex 6.15485 4.52165 15.6
    endloop
  endfacet
  facet normal -0.896872 0.44229 0
    outer loop
      vertex 6.15485 4.52165 23.6
      vertex 6.08253 4.375 15.6
      vertex 6.08253 4.375 23.6
    endloop
  endfacet
  facet normal 0.75183 0.659357 0
    outer loop
      vertex 4.11612 4.11612 23.6
      vertex 4.00831 4.23905 15.6
      vertex 4.00831 4.23905 23.6
    endloop
  endfacet
  facet normal 0.75183 0.659357 0
    outer loop
      vertex 4.00831 4.23905 15.6
      vertex 4.11612 4.11612 23.6
      vertex 4.11612 4.11612 15.6
    endloop
  endfacet
  facet normal -0.831466 0.555575 0
    outer loop
      vertex 5.99169 4.23905 15.6
      vertex 6.08253 4.375 23.6
      vertex 6.08253 4.375 15.6
    endloop
  endfacet
  facet normal -0.831466 0.555575 0
    outer loop
      vertex 6.08253 4.375 23.6
      vertex 5.99169 4.23905 15.6
      vertex 5.99169 4.23905 23.6
    endloop
  endfacet
  facet normal 0 0 1
    outer loop
      vertex 6.23931 5.16316 15.6
      vertex 6.23931 4.83684 15.6
      vertex 6.25 5 15.6
    endloop
  endfacet
  facet normal 0 0 1
    outer loop
      vertex 6.20741 5.32352 15.6
      vertex 6.23931 4.83684 15.6
      vertex 6.23931 5.16316 15.6
    endloop
  endfacet
  facet normal 0 0 1
    outer loop
      vertex 6.20741 5.32352 15.6
      vertex 6.20741 4.67648 15.6
      vertex 6.23931 4.83684 15.6
    endloop
  endfacet
  facet normal 0 0 1
    outer loop
      vertex 6.15485 5.47835 15.6
      vertex 6.20741 4.67648 15.6
      vertex 6.20741 5.32352 15.6
    endloop
  endfacet
  facet normal 0 0 1
    outer loop
      vertex 6.15485 5.47835 15.6
      vertex 6.15485 4.52165 15.6
      vertex 6.20741 4.67648 15.6
    endloop
  endfacet
  facet normal 0 0 1
    outer loop
      vertex 6.08253 5.625 15.6
      vertex 6.15485 4.52165 15.6
      vertex 6.15485 5.47835 15.6
    endloop
  endfacet
  facet normal 0 0 1
    outer loop
      vertex 6.08253 5.625 15.6
      vertex 6.08253 4.375 15.6
      vertex 6.15485 4.52165 15.6
    endloop
  endfacet
  facet normal 0 0 1
    outer loop
      vertex 5.99169 5.76095 15.6
      vertex 6.08253 4.375 15.6
      vertex 6.08253 5.625 15.6
    endloop
  endfacet
  facet normal 0 0 1
    outer loop
      vertex 5.99169 5.76095 15.6
      vertex 5.99169 4.23905 15.6
      vertex 6.08253 4.375 15.6
    endloop
  endfacet
  facet normal 0 0 1
    outer loop
      vertex 5.88388 5.88388 15.6
      vertex 5.99169 4.23905 15.6
      vertex 5.99169 5.76095 15.6
    endloop
  endfacet
  facet normal 0 0 1
    outer loop
      vertex 5.88388 5.88388 15.6
      vertex 5.88388 4.11612 15.6
      vertex 5.99169 4.23905 15.6
    endloop
  endfacet
  facet normal 0 0 1
    outer loop
      vertex 5.76095 5.99169 15.6
      vertex 5.88388 4.11612 15.6
      vertex 5.88388 5.88388 15.6
    endloop
  endfacet
  facet normal 0 0 1
    outer loop
      vertex 5.76095 5.99169 15.6
      vertex 5.76095 4.00831 15.6
      vertex 5.88388 4.11612 15.6
    endloop
  endfacet
  facet normal 0 0 1
    outer loop
      vertex 5.625 6.08253 15.6
      vertex 5.76095 4.00831 15.6
      vertex 5.76095 5.99169 15.6
    endloop
  endfacet
  facet normal 0 0 1
    outer loop
      vertex 5.625 6.08253 15.6
      vertex 5.625 3.91747 15.6
      vertex 5.76095 4.00831 15.6
    endloop
  endfacet
  facet normal 0 0 1
    outer loop
      vertex 5.47835 6.15485 15.6
      vertex 5.625 3.91747 15.6
      vertex 5.625 6.08253 15.6
    endloop
  endfacet
  facet normal 0 0 1
    outer loop
      vertex 5.47835 6.15485 15.6
      vertex 5.47835 3.84515 15.6
      vertex 5.625 3.91747 15.6
    endloop
  endfacet
  facet normal 0 0 1
    outer loop
      vertex 5.32352 6.20741 15.6
      vertex 5.47835 3.84515 15.6
      vertex 5.47835 6.15485 15.6
    endloop
  endfacet
  facet normal 0 0 1
    outer loop
      vertex 5.32352 6.20741 15.6
      vertex 5.32352 3.79259 15.6
      vertex 5.47835 3.84515 15.6
    endloop
  endfacet
  facet normal 0 0 1
    outer loop
      vertex 5.16316 6.23931 15.6
      vertex 5.32352 3.79259 15.6
      vertex 5.32352 6.20741 15.6
    endloop
  endfacet
  facet normal 0 0 1
    outer loop
      vertex 5.16316 6.23931 15.6
      vertex 5.16316 3.76069 15.6
      vertex 5.32352 3.79259 15.6
    endloop
  endfacet
  facet normal 0 0 1
    outer loop
      vertex 5 6.25 15.6
      vertex 5.16316 3.76069 15.6
      vertex 5.16316 6.23931 15.6
    endloop
  endfacet
  facet normal 0 0 1
    outer loop
      vertex 5 6.25 15.6
      vertex 5 3.75 15.6
      vertex 5.16316 3.76069 15.6
    endloop
  endfacet
  facet normal -0 0 1
    outer loop
      vertex 4.83684 6.23931 15.6
      vertex 5 3.75 15.6
      vertex 5 6.25 15.6
    endloop
  endfacet
  facet normal 0 0 1
    outer loop
      vertex 4.83684 6.23931 15.6
      vertex 4.83684 3.76069 15.6
      vertex 5 3.75 15.6
    endloop
  endfacet
  facet normal -0 0 1
    outer loop
      vertex 4.67648 6.20741 15.6
      vertex 4.83684 3.76069 15.6
      vertex 4.83684 6.23931 15.6
    endloop
  endfacet
  facet normal 0 0 1
    outer loop
      vertex 4.67648 6.20741 15.6
      vertex 4.67648 3.79259 15.6
      vertex 4.83684 3.76069 15.6
    endloop
  endfacet
  facet normal -0 0 1
    outer loop
      vertex 4.52165 6.15485 15.6
      vertex 4.67648 3.79259 15.6
      vertex 4.67648 6.20741 15.6
    endloop
  endfacet
  facet normal 0 0 1
    outer loop
      vertex 4.52165 6.15485 15.6
      vertex 4.52165 3.84515 15.6
      vertex 4.67648 3.79259 15.6
    endloop
  endfacet
  facet normal -0 0 1
    outer loop
      vertex 4.375 6.08253 15.6
      vertex 4.52165 3.84515 15.6
      vertex 4.52165 6.15485 15.6
    endloop
  endfacet
  facet normal 0 0 1
    outer loop
      vertex 4.375 6.08253 15.6
      vertex 4.375 3.91747 15.6
      vertex 4.52165 3.84515 15.6
    endloop
  endfacet
  facet normal -0 0 1
    outer loop
      vertex 4.23905 5.99169 15.6
      vertex 4.375 3.91747 15.6
      vertex 4.375 6.08253 15.6
    endloop
  endfacet
  facet normal 0 0 1
    outer loop
      vertex 4.23905 5.99169 15.6
      vertex 4.23905 4.00831 15.6
      vertex 4.375 3.91747 15.6
    endloop
  endfacet
  facet normal -0 0 1
    outer loop
      vertex 4.11612 5.88388 15.6
      vertex 4.23905 4.00831 15.6
      vertex 4.23905 5.99169 15.6
    endloop
  endfacet
  facet normal 0 0 1
    outer loop
      vertex 4.11612 5.88388 15.6
      vertex 4.11612 4.11612 15.6
      vertex 4.23905 4.00831 15.6
    endloop
  endfacet
  facet normal -0 0 1
    outer loop
      vertex 4.00831 5.76095 15.6
      vertex 4.11612 4.11612 15.6
      vertex 4.11612 5.88388 15.6
    endloop
  endfacet
  facet normal 0 0 1
    outer loop
      vertex 4.00831 5.76095 15.6
      vertex 4.00831 4.23905 15.6
      vertex 4.11612 4.11612 15.6
    endloop
  endfacet
  facet normal -0 0 1
    outer loop
      vertex 3.91747 5.625 15.6
      vertex 4.00831 4.23905 15.6
      vertex 4.00831 5.76095 15.6
    endloop
  endfacet
  facet normal 0 0 1
    outer loop
      vertex 3.91747 5.625 15.6
      vertex 3.91747 4.375 15.6
      vertex 4.00831 4.23905 15.6
    endloop
  endfacet
  facet normal -0 0 1
    outer loop
      vertex 3.84515 5.47835 15.6
      vertex 3.91747 4.375 15.6
      vertex 3.91747 5.625 15.6
    endloop
  endfacet
  facet normal 0 0 1
    outer loop
      vertex 3.84515 5.47835 15.6
      vertex 3.84515 4.52165 15.6
      vertex 3.91747 4.375 15.6
    endloop
  endfacet
  facet normal -0 0 1
    outer loop
      vertex 3.79259 5.32352 15.6
      vertex 3.84515 4.52165 15.6
      vertex 3.84515 5.47835 15.6
    endloop
  endfacet
  facet normal 0 0 1
    outer loop
      vertex 3.79259 5.32352 15.6
      vertex 3.79259 4.67648 15.6
      vertex 3.84515 4.52165 15.6
    endloop
  endfacet
  facet normal -0 0 1
    outer loop
      vertex 3.76069 5.16316 15.6
      vertex 3.79259 4.67648 15.6
      vertex 3.79259 5.32352 15.6
    endloop
  endfacet
  facet normal 0 0 1
    outer loop
      vertex 3.76069 5.16316 15.6
      vertex 3.76069 4.83684 15.6
      vertex 3.79259 4.67648 15.6
    endloop
  endfacet
  facet normal 0 -0 1
    outer loop
      vertex 3.76069 4.83684 15.6
      vertex 3.76069 5.16316 15.6
      vertex 3.75 5 15.6
    endloop
  endfacet
  facet normal 0.75183 -0.659357 0
    outer loop
      vertex 4.00831 5.76095 23.6
      vertex 4.11612 5.88388 15.6
      vertex 4.11612 5.88388 23.6
    endloop
  endfacet
  facet normal 0.75183 -0.659357 0
    outer loop
      vertex 4.11612 5.88388 15.6
      vertex 4.00831 5.76095 23.6
      vertex 4.00831 5.76095 15.6
    endloop
  endfacet
  facet normal -0.0653783 -0.997861 0
    outer loop
      vertex 5 6.25 15.6
      vertex 5.16316 6.23931 23.6
      vertex 5 6.25 23.6
    endloop
  endfacet
  facet normal -0.0653783 -0.997861 -0
    outer loop
      vertex 5.16316 6.23931 23.6
      vertex 5 6.25 15.6
      vertex 5.16316 6.23931 15.6
    endloop
  endfacet
  facet normal -0.555575 -0.831466 0
    outer loop
      vertex 5.625 6.08253 15.6
      vertex 5.76095 5.99169 23.6
      vertex 5.625 6.08253 23.6
    endloop
  endfacet
  facet normal -0.555575 -0.831466 -0
    outer loop
      vertex 5.76095 5.99169 23.6
      vertex 5.625 6.08253 15.6
      vertex 5.76095 5.99169 15.6
    endloop
  endfacet
  facet normal 0.44229 0.896872 -0
    outer loop
      vertex 4.52165 3.84515 15.6
      vertex 4.375 3.91747 23.6
      vertex 4.52165 3.84515 23.6
    endloop
  endfacet
  facet normal 0.44229 0.896872 0
    outer loop
      vertex 4.375 3.91747 23.6
      vertex 4.52165 3.84515 15.6
      vertex 4.375 3.91747 15.6
    endloop
  endfacet
  facet normal 0.831466 0.555575 0
    outer loop
      vertex 4.00831 4.23905 23.6
      vertex 3.91747 4.375 15.6
      vertex 3.91747 4.375 23.6
    endloop
  endfacet
  facet normal 0.831466 0.555575 0
    outer loop
      vertex 3.91747 4.375 15.6
      vertex 4.00831 4.23905 23.6
      vertex 4.00831 4.23905 15.6
    endloop
  endfacet
  facet normal 0.980782 0.195105 0
    outer loop
      vertex 3.79259 4.67648 23.6
      vertex 3.76069 4.83684 15.6
      vertex 3.76069 4.83684 23.6
    endloop
  endfacet
  facet normal 0.980782 0.195105 0
    outer loop
      vertex 3.76069 4.83684 15.6
      vertex 3.79259 4.67648 23.6
      vertex 3.79259 4.67648 15.6
    endloop
  endfacet
  facet normal 0.659357 0.75183 -0
    outer loop
      vertex 4.23905 4.00831 15.6
      vertex 4.11612 4.11612 23.6
      vertex 4.23905 4.00831 23.6
    endloop
  endfacet
  facet normal 0.659357 0.75183 0
    outer loop
      vertex 4.11612 4.11612 23.6
      vertex 4.23905 4.00831 15.6
      vertex 4.11612 4.11612 15.6
    endloop
  endfacet
  facet normal 0.896872 -0.44229 0
    outer loop
      vertex 3.84515 5.47835 23.6
      vertex 3.91747 5.625 15.6
      vertex 3.91747 5.625 23.6
    endloop
  endfacet
  facet normal 0.896872 -0.44229 0
    outer loop
      vertex 3.91747 5.625 15.6
      vertex 3.84515 5.47835 23.6
      vertex 3.84515 5.47835 15.6
    endloop
  endfacet
  facet normal 0.997861 0.0653783 0
    outer loop
      vertex 3.76069 4.83684 23.6
      vertex 3.75 5 15.6
      vertex 3.75 5 23.6
    endloop
  endfacet
  facet normal 0.997861 0.0653783 0
    outer loop
      vertex 3.75 5 15.6
      vertex 3.76069 4.83684 23.6
      vertex 3.76069 4.83684 15.6
    endloop
  endfacet
  facet normal -0.555575 0.831466 0
    outer loop
      vertex 5.76095 4.00831 15.6
      vertex 5.625 3.91747 23.6
      vertex 5.76095 4.00831 23.6
    endloop
  endfacet
  facet normal -0.555575 0.831466 0
    outer loop
      vertex 5.625 3.91747 23.6
      vertex 5.76095 4.00831 15.6
      vertex 5.625 3.91747 15.6
    endloop
  endfacet
  facet normal 0.555575 0.831466 -0
    outer loop
      vertex 4.375 3.91747 15.6
      vertex 4.23905 4.00831 23.6
      vertex 4.375 3.91747 23.6
    endloop
  endfacet
  facet normal 0.555575 0.831466 0
    outer loop
      vertex 4.23905 4.00831 23.6
      vertex 4.375 3.91747 15.6
      vertex 4.23905 4.00831 15.6
    endloop
  endfacet
  facet normal 0.831767 0.555125 0
    outer loop
      vertex 163 6.79653 23.6
      vertex 162.777 7.13066 2
      vertex 162.777 7.13066 23.6
    endloop
  endfacet
  facet normal 0.831767 0.555125 0
    outer loop
      vertex 162.777 7.13066 2
      vertex 163 6.79653 23.6
      vertex 163 6.79653 2
    endloop
  endfacet
  facet normal -0.896431 0.443183 0
    outer loop
      vertex 156.766 6.33939 2
      vertex 156.969 6.75 23.6
      vertex 156.969 6.75 2
    endloop
  endfacet
  facet normal -0.896431 0.443183 0
    outer loop
      vertex 156.969 6.75 23.6
      vertex 156.766 6.33939 2
      vertex 156.766 6.33939 23.6
    endloop
  endfacet
  facet normal -0.555229 0.831697 0
    outer loop
      vertex 158.25 8.03109 2
      vertex 157.869 7.77674 23.6
      vertex 158.25 8.03109 23.6
    endloop
  endfacet
  facet normal -0.555229 0.831697 0
    outer loop
      vertex 157.869 7.77674 23.6
      vertex 158.25 8.03109 2
      vertex 157.869 7.77674 2
    endloop
  endfacet
  facet normal -0.659581 0.751634 0
    outer loop
      vertex 157.869 7.77674 2
      vertex 157.525 7.47487 23.6
      vertex 157.869 7.77674 23.6
    endloop
  endfacet
  facet normal -0.659581 0.751634 0
    outer loop
      vertex 157.525 7.47487 23.6
      vertex 157.869 7.77674 2
      vertex 157.525 7.47487 2
    endloop
  endfacet
  facet normal -0.751693 0.659514 0
    outer loop
      vertex 157.223 7.13066 2
      vertex 157.525 7.47487 23.6
      vertex 157.525 7.47487 2
    endloop
  endfacet
  facet normal -0.751693 0.659514 0
    outer loop
      vertex 157.525 7.47487 23.6
      vertex 157.223 7.13066 2
      vertex 157.223 7.13066 23.6
    endloop
  endfacet
  facet normal -0.997851 0.0655274 0
    outer loop
      vertex 156.5 5 2
      vertex 156.53 5.45684 23.6
      vertex 156.53 5.45684 2
    endloop
  endfacet
  facet normal -0.997851 0.0655274 0
    outer loop
      vertex 156.53 5.45684 23.6
      vertex 156.5 5 2
      vertex 156.5 5 23.6
    endloop
  endfacet
  facet normal 0.555229 0.831697 -0
    outer loop
      vertex 162.131 7.77674 2
      vertex 161.75 8.03109 23.6
      vertex 162.131 7.77674 23.6
    endloop
  endfacet
  facet normal 0.555229 0.831697 0
    outer loop
      vertex 161.75 8.03109 23.6
      vertex 162.131 7.77674 2
      vertex 161.75 8.03109 2
    endloop
  endfacet
  facet normal -0.751693 -0.659514 0
    outer loop
      vertex 157.525 2.52513 21.6
      vertex 157.223 2.86934 23.6
      vertex 157.223 2.86934 21.6
    endloop
  endfacet
  facet normal -0.751693 -0.659514 0
    outer loop
      vertex 157.223 2.86934 23.6
      vertex 157.525 2.52513 21.6
      vertex 157.525 2.52513 23.6
    endloop
  endfacet
  facet normal -0.751693 -0.659514 0
    outer loop
      vertex 157.525 2.52513 2
      vertex 157.223 2.86934 4
      vertex 157.223 2.86934 2
    endloop
  endfacet
  facet normal -0.751693 -0.659514 0
    outer loop
      vertex 157.223 2.86934 4
      vertex 157.525 2.52513 2
      vertex 157.525 2.52513 4
    endloop
  endfacet
  facet normal -0.321785 0.946813 0
    outer loop
      vertex 159.094 8.38074 2
      vertex 158.661 8.23358 23.6
      vertex 159.094 8.38074 23.6
    endloop
  endfacet
  facet normal -0.321785 0.946813 0
    outer loop
      vertex 158.661 8.23358 23.6
      vertex 159.094 8.38074 2
      vertex 158.661 8.23358 2
    endloop
  endfacet
  facet normal -0.831538 -0.555468 0
    outer loop
      vertex 156.969 3.25 2
      vertex 157.136 3 4
      vertex 156.969 3.25 23.6
    endloop
  endfacet
  facet normal -0.831822 -0.555043 7.67227e-05
    outer loop
      vertex 157.223 2.86934 2
      vertex 157.136 3 4
      vertex 156.969 3.25 2
    endloop
  endfacet
  facet normal -0.832364 -0.55423 0
    outer loop
      vertex 157.136 3 4
      vertex 157.223 2.86934 2
      vertex 157.223 2.86934 4
    endloop
  endfacet
  facet normal -0.831538 -0.555468 -0
    outer loop
      vertex 157.136 3 21.6
      vertex 156.969 3.25 23.6
      vertex 157.136 3 4
    endloop
  endfacet
  facet normal -0.832364 -0.55423 -0
    outer loop
      vertex 157.223 2.86934 23.6
      vertex 157.136 3 21.6
      vertex 157.223 2.86934 21.6
    endloop
  endfacet
  facet normal -0.831822 -0.555043 -7.67227e-05
    outer loop
      vertex 157.136 3 21.6
      vertex 157.223 2.86934 23.6
      vertex 156.969 3.25 23.6
    endloop
  endfacet
  facet normal 0.555722 -0.831368 0
    outer loop
      vertex 161.797 2 21.6
      vertex 162.131 2.22326 23.6
      vertex 161.797 2 23.6
    endloop
  endfacet
  facet normal 0.555722 -0.831368 0
    outer loop
      vertex 162.131 2.22326 23.6
      vertex 161.797 2 21.6
      vertex 162.131 2.22326 21.6
    endloop
  endfacet
  facet normal 0.555722 -0.831368 0
    outer loop
      vertex 161.797 2 2
      vertex 162.131 2.22326 4
      vertex 161.797 2 4
    endloop
  endfacet
  facet normal 0.555722 -0.831368 0
    outer loop
      vertex 162.131 2.22326 4
      vertex 161.797 2 2
      vertex 162.131 2.22326 2
    endloop
  endfacet
  facet normal -0.947037 0.321126 0
    outer loop
      vertex 156.619 5.90587 2
      vertex 156.766 6.33939 23.6
      vertex 156.766 6.33939 2
    endloop
  endfacet
  facet normal -0.947037 0.321126 0
    outer loop
      vertex 156.766 6.33939 23.6
      vertex 156.619 5.90587 2
      vertex 156.619 5.90587 23.6
    endloop
  endfacet
  facet normal 0.321785 0.946813 -0
    outer loop
      vertex 161.339 8.23358 2
      vertex 160.906 8.38074 23.6
      vertex 161.339 8.23358 23.6
    endloop
  endfacet
  facet normal 0.321785 0.946813 0
    outer loop
      vertex 160.906 8.38074 23.6
      vertex 161.339 8.23358 2
      vertex 160.906 8.38074 2
    endloop
  endfacet
  facet normal 0.0653741 0.997861 -0
    outer loop
      vertex 160.457 8.47006 2
      vertex 160 8.5 23.6
      vertex 160.457 8.47006 23.6
    endloop
  endfacet
  facet normal 0.0653741 0.997861 0
    outer loop
      vertex 160 8.5 23.6
      vertex 160.457 8.47006 2
      vertex 160 8.5 2
    endloop
  endfacet
  facet normal -0.44195 0.89704 0
    outer loop
      vertex 158.661 8.23358 2
      vertex 158.25 8.03109 23.6
      vertex 158.661 8.23358 23.6
    endloop
  endfacet
  facet normal -0.44195 0.89704 0
    outer loop
      vertex 158.25 8.03109 23.6
      vertex 158.661 8.23358 2
      vertex 158.25 8.03109 2
    endloop
  endfacet
  facet normal 0.831383 -0.555699 0
    outer loop
      vertex 163 3.20347 23.6
      vertex 162.864 3 21.6
      vertex 163 3.20347 2
    endloop
  endfacet
  facet normal 0.831767 -0.555125 -8.44761e-05
    outer loop
      vertex 162.777 2.86934 23.6
      vertex 162.864 3 21.6
      vertex 163 3.20347 23.6
    endloop
  endfacet
  facet normal 0.832364 -0.55423 0
    outer loop
      vertex 162.864 3 21.6
      vertex 162.777 2.86934 23.6
      vertex 162.777 2.86934 21.6
    endloop
  endfacet
  facet normal 0.831383 -0.555699 0
    outer loop
      vertex 162.864 3 4
      vertex 163 3.20347 2
      vertex 162.864 3 21.6
    endloop
  endfacet
  facet normal 0.832364 -0.55423 0
    outer loop
      vertex 162.777 2.86934 2
      vertex 162.864 3 4
      vertex 162.777 2.86934 4
    endloop
  endfacet
  facet normal 0.831767 -0.555125 8.44761e-05
    outer loop
      vertex 162.864 3 4
      vertex 162.777 2.86934 2
      vertex 163 3.20347 2
    endloop
  endfacet
  facet normal -0.997851 -0.0655274 0
    outer loop
      vertex 156.53 4.54316 2
      vertex 156.5 5 23.6
      vertex 156.5 5 2
    endloop
  endfacet
  facet normal -0.997851 -0.0655274 0
    outer loop
      vertex 156.5 5 23.6
      vertex 156.53 4.54316 2
      vertex 156.53 4.54316 23.6
    endloop
  endfacet
  facet normal -0.947037 -0.321126 0
    outer loop
      vertex 156.766 3.66061 2
      vertex 156.619 4.09413 23.6
      vertex 156.619 4.09413 2
    endloop
  endfacet
  facet normal -0.947037 -0.321126 0
    outer loop
      vertex 156.619 4.09413 23.6
      vertex 156.766 3.66061 2
      vertex 156.766 3.66061 23.6
    endloop
  endfacet
  facet normal -0.659581 -0.751634 0
    outer loop
      vertex 157.525 2.52513 21.6
      vertex 157.869 2.22326 23.6
      vertex 157.525 2.52513 23.6
    endloop
  endfacet
  facet normal -0.659581 -0.751634 -0
    outer loop
      vertex 157.869 2.22326 23.6
      vertex 157.525 2.52513 21.6
      vertex 157.869 2.22326 21.6
    endloop
  endfacet
  facet normal -0.659581 -0.751634 0
    outer loop
      vertex 157.525 2.52513 2
      vertex 157.869 2.22326 4
      vertex 157.525 2.52513 4
    endloop
  endfacet
  facet normal -0.659581 -0.751634 -0
    outer loop
      vertex 157.869 2.22326 4
      vertex 157.525 2.52513 2
      vertex 157.869 2.22326 2
    endloop
  endfacet
  facet normal 0.44195 0.89704 -0
    outer loop
      vertex 161.75 8.03109 2
      vertex 161.339 8.23358 23.6
      vertex 161.75 8.03109 23.6
    endloop
  endfacet
  facet normal 0.44195 0.89704 0
    outer loop
      vertex 161.339 8.23358 23.6
      vertex 161.75 8.03109 2
      vertex 161.339 8.23358 2
    endloop
  endfacet
  facet normal -0.195108 0.980782 0
    outer loop
      vertex 159.543 8.47006 2
      vertex 159.094 8.38074 23.6
      vertex 159.543 8.47006 23.6
    endloop
  endfacet
  facet normal -0.195108 0.980782 0
    outer loop
      vertex 159.094 8.38074 23.6
      vertex 159.543 8.47006 2
      vertex 159.094 8.38074 2
    endloop
  endfacet
  facet normal 0.751693 0.659514 0
    outer loop
      vertex 162.777 7.13066 23.6
      vertex 162.475 7.47487 2
      vertex 162.475 7.47487 23.6
    endloop
  endfacet
  facet normal 0.751693 0.659514 0
    outer loop
      vertex 162.475 7.47487 2
      vertex 162.777 7.13066 23.6
      vertex 162.777 7.13066 2
    endloop
  endfacet
  facet normal 0.195108 0.980782 -0
    outer loop
      vertex 160.906 8.38074 2
      vertex 160.457 8.47006 23.6
      vertex 160.906 8.38074 23.6
    endloop
  endfacet
  facet normal 0.195108 0.980782 0
    outer loop
      vertex 160.457 8.47006 23.6
      vertex 160.906 8.38074 2
      vertex 160.457 8.47006 2
    endloop
  endfacet
  facet normal 0.751693 -0.659514 0
    outer loop
      vertex 162.475 2.52513 23.6
      vertex 162.777 2.86934 21.6
      vertex 162.777 2.86934 23.6
    endloop
  endfacet
  facet normal 0.751693 -0.659514 0
    outer loop
      vertex 162.777 2.86934 21.6
      vertex 162.475 2.52513 23.6
      vertex 162.475 2.52513 21.6
    endloop
  endfacet
  facet normal 0.751693 -0.659514 0
    outer loop
      vertex 162.475 2.52513 4
      vertex 162.777 2.86934 2
      vertex 162.777 2.86934 4
    endloop
  endfacet
  facet normal 0.751693 -0.659514 0
    outer loop
      vertex 162.777 2.86934 2
      vertex 162.475 2.52513 4
      vertex 162.475 2.52513 2
    endloop
  endfacet
  facet normal -0.980918 0.194423 0
    outer loop
      vertex 156.53 5.45684 2
      vertex 156.619 5.90587 23.6
      vertex 156.619 5.90587 2
    endloop
  endfacet
  facet normal -0.980918 0.194423 0
    outer loop
      vertex 156.619 5.90587 23.6
      vertex 156.53 5.45684 2
      vertex 156.53 5.45684 23.6
    endloop
  endfacet
  facet normal 0.659581 -0.751634 0
    outer loop
      vertex 162.131 2.22326 21.6
      vertex 162.475 2.52513 23.6
      vertex 162.131 2.22326 23.6
    endloop
  endfacet
  facet normal 0.659581 -0.751634 0
    outer loop
      vertex 162.475 2.52513 23.6
      vertex 162.131 2.22326 21.6
      vertex 162.475 2.52513 21.6
    endloop
  endfacet
  facet normal 0.659581 -0.751634 0
    outer loop
      vertex 162.131 2.22326 2
      vertex 162.475 2.52513 4
      vertex 162.131 2.22326 4
    endloop
  endfacet
  facet normal 0.659581 -0.751634 0
    outer loop
      vertex 162.475 2.52513 4
      vertex 162.131 2.22326 2
      vertex 162.475 2.52513 2
    endloop
  endfacet
  facet normal -0.896431 -0.443183 0
    outer loop
      vertex 156.969 3.25 2
      vertex 156.766 3.66061 23.6
      vertex 156.766 3.66061 2
    endloop
  endfacet
  facet normal -0.896431 -0.443183 0
    outer loop
      vertex 156.766 3.66061 23.6
      vertex 156.969 3.25 2
      vertex 156.969 3.25 23.6
    endloop
  endfacet
  facet normal 0.659581 0.751634 -0
    outer loop
      vertex 162.475 7.47487 2
      vertex 162.131 7.77674 23.6
      vertex 162.475 7.47487 23.6
    endloop
  endfacet
  facet normal 0.659581 0.751634 0
    outer loop
      vertex 162.131 7.77674 23.6
      vertex 162.475 7.47487 2
      vertex 162.131 7.77674 2
    endloop
  endfacet
  facet normal -0.555722 -0.831368 0
    outer loop
      vertex 157.869 2.22326 21.6
      vertex 158.203 2 23.6
      vertex 157.869 2.22326 23.6
    endloop
  endfacet
  facet normal -0.555722 -0.831368 -0
    outer loop
      vertex 158.203 2 23.6
      vertex 157.869 2.22326 21.6
      vertex 158.203 2 21.6
    endloop
  endfacet
  facet normal -0.555722 -0.831368 0
    outer loop
      vertex 157.869 2.22326 2
      vertex 158.203 2 4
      vertex 157.869 2.22326 4
    endloop
  endfacet
  facet normal -0.555722 -0.831368 -0
    outer loop
      vertex 158.203 2 4
      vertex 157.869 2.22326 2
      vertex 158.203 2 2
    endloop
  endfacet
  facet normal -0.0653741 0.997861 0
    outer loop
      vertex 160 8.5 2
      vertex 159.543 8.47006 23.6
      vertex 160 8.5 23.6
    endloop
  endfacet
  facet normal -0.0653741 0.997861 0
    outer loop
      vertex 159.543 8.47006 23.6
      vertex 160 8.5 2
      vertex 159.543 8.47006 2
    endloop
  endfacet
  facet normal -0.980918 -0.194423 0
    outer loop
      vertex 156.619 4.09413 2
      vertex 156.53 4.54316 23.6
      vertex 156.53 4.54316 2
    endloop
  endfacet
  facet normal -0.980918 -0.194423 0
    outer loop
      vertex 156.53 4.54316 23.6
      vertex 156.619 4.09413 2
      vertex 156.619 4.09413 23.6
    endloop
  endfacet
  facet normal -0.831822 0.555043 0
    outer loop
      vertex 156.969 6.75 2
      vertex 157.223 7.13066 23.6
      vertex 157.223 7.13066 2
    endloop
  endfacet
  facet normal -0.831822 0.555043 0
    outer loop
      vertex 157.223 7.13066 23.6
      vertex 156.969 6.75 2
      vertex 156.969 6.75 23.6
    endloop
  endfacet
  facet normal -0.980665 0.195693 0
    outer loop
      vertex 161.207 4.67648 15.6
      vertex 161.239 4.83684 23.6
      vertex 161.239 4.83684 15.6
    endloop
  endfacet
  facet normal -0.980665 0.195693 0
    outer loop
      vertex 161.239 4.83684 23.6
      vertex 161.207 4.67648 15.6
      vertex 161.207 4.67648 23.6
    endloop
  endfacet
  facet normal -0.980665 -0.195693 0
    outer loop
      vertex 161.239 5.16316 15.6
      vertex 161.207 5.32352 23.6
      vertex 161.207 5.32352 15.6
    endloop
  endfacet
  facet normal -0.980665 -0.195693 0
    outer loop
      vertex 161.207 5.32352 23.6
      vertex 161.239 5.16316 15.6
      vertex 161.239 5.16316 23.6
    endloop
  endfacet
  facet normal -0.997735 -0.0672658 0
    outer loop
      vertex 161.25 5 15.6
      vertex 161.239 5.16316 23.6
      vertex 161.239 5.16316 15.6
    endloop
  endfacet
  facet normal -0.997735 -0.0672658 0
    outer loop
      vertex 161.239 5.16316 23.6
      vertex 161.25 5 15.6
      vertex 161.25 5 23.6
    endloop
  endfacet
  facet normal -0.947965 -0.318376 0
    outer loop
      vertex 161.207 5.32352 15.6
      vertex 161.155 5.47835 23.6
      vertex 161.155 5.47835 15.6
    endloop
  endfacet
  facet normal -0.947965 -0.318376 0
    outer loop
      vertex 161.155 5.47835 23.6
      vertex 161.207 5.32352 15.6
      vertex 161.207 5.32352 23.6
    endloop
  endfacet
  facet normal 0.997735 -0.0672658 0
    outer loop
      vertex 158.75 5 23.6
      vertex 158.761 5.16316 15.6
      vertex 158.761 5.16316 23.6
    endloop
  endfacet
  facet normal 0.997735 -0.0672658 0
    outer loop
      vertex 158.761 5.16316 15.6
      vertex 158.75 5 23.6
      vertex 158.75 5 15.6
    endloop
  endfacet
  facet normal -0.441442 0.89729 0
    outer loop
      vertex 160.625 3.91747 15.6
      vertex 160.478 3.84515 23.6
      vertex 160.625 3.91747 23.6
    endloop
  endfacet
  facet normal -0.441442 0.89729 0
    outer loop
      vertex 160.478 3.84515 23.6
      vertex 160.625 3.91747 15.6
      vertex 160.478 3.84515 15.6
    endloop
  endfacet
  facet normal -0.194358 -0.980931 0
    outer loop
      vertex 160.163 6.23931 15.6
      vertex 160.324 6.20741 23.6
      vertex 160.163 6.23931 23.6
    endloop
  endfacet
  facet normal -0.194358 -0.980931 -0
    outer loop
      vertex 160.324 6.20741 23.6
      vertex 160.163 6.23931 15.6
      vertex 160.324 6.20741 15.6
    endloop
  endfacet
  facet normal -0.194358 0.980931 0
    outer loop
      vertex 160.324 3.79259 15.6
      vertex 160.163 3.76069 23.6
      vertex 160.324 3.79259 23.6
    endloop
  endfacet
  facet normal -0.194358 0.980931 0
    outer loop
      vertex 160.163 3.76069 23.6
      vertex 160.324 3.79259 15.6
      vertex 160.163 3.76069 15.6
    endloop
  endfacet
  facet normal -0.0654422 0.997856 0
    outer loop
      vertex 160.163 3.76069 15.6
      vertex 160 3.75 23.6
      vertex 160.163 3.76069 23.6
    endloop
  endfacet
  facet normal -0.0654422 0.997856 0
    outer loop
      vertex 160 3.75 23.6
      vertex 160.163 3.76069 15.6
      vertex 160 3.75 15.6
    endloop
  endfacet
  facet normal 0.659145 -0.752016 0
    outer loop
      vertex 159.116 5.88388 15.6
      vertex 159.239 5.99169 23.6
      vertex 159.116 5.88388 23.6
    endloop
  endfacet
  facet normal 0.659145 -0.752016 0
    outer loop
      vertex 159.239 5.99169 23.6
      vertex 159.116 5.88388 15.6
      vertex 159.239 5.99169 15.6
    endloop
  endfacet
  facet normal 0.831014 -0.556251 0
    outer loop
      vertex 158.917 5.625 23.6
      vertex 159.008 5.76095 15.6
      vertex 159.008 5.76095 23.6
    endloop
  endfacet
  facet normal 0.831014 -0.556251 0
    outer loop
      vertex 159.008 5.76095 15.6
      vertex 158.917 5.625 23.6
      vertex 158.917 5.625 15.6
    endloop
  endfacet
  facet normal -0.323004 -0.946398 0
    outer loop
      vertex 160.324 6.20741 15.6
      vertex 160.478 6.15485 23.6
      vertex 160.324 6.20741 23.6
    endloop
  endfacet
  facet normal -0.323004 -0.946398 -0
    outer loop
      vertex 160.478 6.15485 23.6
      vertex 160.324 6.20741 15.6
      vertex 160.478 6.15485 15.6
    endloop
  endfacet
  facet normal -0.659145 0.752016 0
    outer loop
      vertex 160.884 4.11612 15.6
      vertex 160.761 4.00831 23.6
      vertex 160.884 4.11612 23.6
    endloop
  endfacet
  facet normal -0.659145 0.752016 0
    outer loop
      vertex 160.761 4.00831 23.6
      vertex 160.884 4.11612 15.6
      vertex 160.761 4.00831 15.6
    endloop
  endfacet
  facet normal 0.441442 -0.89729 0
    outer loop
      vertex 159.375 6.08253 15.6
      vertex 159.522 6.15485 23.6
      vertex 159.375 6.08253 23.6
    endloop
  endfacet
  facet normal 0.441442 -0.89729 0
    outer loop
      vertex 159.522 6.15485 23.6
      vertex 159.375 6.08253 15.6
      vertex 159.522 6.15485 15.6
    endloop
  endfacet
  facet normal 0.0654422 0.997856 -0
    outer loop
      vertex 160 3.75 15.6
      vertex 159.837 3.76069 23.6
      vertex 160 3.75 23.6
    endloop
  endfacet
  facet normal 0.0654422 0.997856 0
    outer loop
      vertex 159.837 3.76069 23.6
      vertex 160 3.75 15.6
      vertex 159.837 3.76069 15.6
    endloop
  endfacet
  facet normal -0.751254 0.660013 0
    outer loop
      vertex 160.884 4.11612 15.6
      vertex 160.992 4.23905 23.6
      vertex 160.992 4.23905 15.6
    endloop
  endfacet
  facet normal -0.751254 0.660013 0
    outer loop
      vertex 160.992 4.23905 23.6
      vertex 160.884 4.11612 15.6
      vertex 160.884 4.11612 23.6
    endloop
  endfacet
  facet normal 0.947965 0.318376 0
    outer loop
      vertex 158.845 4.52165 23.6
      vertex 158.793 4.67648 15.6
      vertex 158.793 4.67648 23.6
    endloop
  endfacet
  facet normal 0.947965 0.318376 0
    outer loop
      vertex 158.793 4.67648 15.6
      vertex 158.845 4.52165 23.6
      vertex 158.845 4.52165 15.6
    endloop
  endfacet
  facet normal -0.323004 0.946398 0
    outer loop
      vertex 160.478 3.84515 15.6
      vertex 160.324 3.79259 23.6
      vertex 160.478 3.84515 23.6
    endloop
  endfacet
  facet normal -0.323004 0.946398 0
    outer loop
      vertex 160.324 3.79259 23.6
      vertex 160.478 3.84515 15.6
      vertex 160.324 3.79259 15.6
    endloop
  endfacet
  facet normal 0.323004 -0.946398 0
    outer loop
      vertex 159.522 6.15485 15.6
      vertex 159.676 6.20741 23.6
      vertex 159.522 6.15485 23.6
    endloop
  endfacet
  facet normal 0.323004 -0.946398 0
    outer loop
      vertex 159.676 6.20741 23.6
      vertex 159.522 6.15485 15.6
      vertex 159.676 6.20741 15.6
    endloop
  endfacet
  facet normal -0.751254 -0.660013 0
    outer loop
      vertex 160.992 5.76095 15.6
      vertex 160.884 5.88388 23.6
      vertex 160.884 5.88388 15.6
    endloop
  endfacet
  facet normal -0.751254 -0.660013 0
    outer loop
      vertex 160.884 5.88388 23.6
      vertex 160.992 5.76095 15.6
      vertex 160.992 5.76095 23.6
    endloop
  endfacet
  facet normal 0.555434 -0.831561 0
    outer loop
      vertex 159.239 5.99169 15.6
      vertex 159.375 6.08253 23.6
      vertex 159.239 5.99169 23.6
    endloop
  endfacet
  facet normal 0.555434 -0.831561 0
    outer loop
      vertex 159.375 6.08253 23.6
      vertex 159.239 5.99169 15.6
      vertex 159.375 6.08253 15.6
    endloop
  endfacet
  facet normal 0.947965 -0.318376 0
    outer loop
      vertex 158.793 5.32352 23.6
      vertex 158.845 5.47835 15.6
      vertex 158.845 5.47835 23.6
    endloop
  endfacet
  facet normal 0.947965 -0.318376 0
    outer loop
      vertex 158.845 5.47835 15.6
      vertex 158.793 5.32352 23.6
      vertex 158.793 5.32352 15.6
    endloop
  endfacet
  facet normal -0.897648 -0.440714 0
    outer loop
      vertex 161.155 5.47835 15.6
      vertex 161.083 5.625 23.6
      vertex 161.083 5.625 15.6
    endloop
  endfacet
  facet normal -0.897648 -0.440714 0
    outer loop
      vertex 161.083 5.625 23.6
      vertex 161.155 5.47835 15.6
      vertex 161.155 5.47835 23.6
    endloop
  endfacet
  facet normal 0.194358 -0.980931 0
    outer loop
      vertex 159.676 6.20741 15.6
      vertex 159.837 6.23931 23.6
      vertex 159.676 6.20741 23.6
    endloop
  endfacet
  facet normal 0.194358 -0.980931 0
    outer loop
      vertex 159.837 6.23931 23.6
      vertex 159.676 6.20741 15.6
      vertex 159.837 6.23931 15.6
    endloop
  endfacet
  facet normal -0.659145 -0.752016 0
    outer loop
      vertex 160.761 5.99169 15.6
      vertex 160.884 5.88388 23.6
      vertex 160.761 5.99169 23.6
    endloop
  endfacet
  facet normal -0.659145 -0.752016 -0
    outer loop
      vertex 160.884 5.88388 23.6
      vertex 160.761 5.99169 15.6
      vertex 160.884 5.88388 15.6
    endloop
  endfacet
  facet normal -0.997735 0.0672658 0
    outer loop
      vertex 161.239 4.83684 15.6
      vertex 161.25 5 23.6
      vertex 161.25 5 15.6
    endloop
  endfacet
  facet normal -0.997735 0.0672658 0
    outer loop
      vertex 161.25 5 23.6
      vertex 161.239 4.83684 15.6
      vertex 161.239 4.83684 23.6
    endloop
  endfacet
  facet normal -0.441442 -0.89729 0
    outer loop
      vertex 160.478 6.15485 15.6
      vertex 160.625 6.08253 23.6
      vertex 160.478 6.15485 23.6
    endloop
  endfacet
  facet normal -0.441442 -0.89729 -0
    outer loop
      vertex 160.625 6.08253 23.6
      vertex 160.478 6.15485 15.6
      vertex 160.625 6.08253 15.6
    endloop
  endfacet
  facet normal 0.323004 0.946398 -0
    outer loop
      vertex 159.676 3.79259 15.6
      vertex 159.522 3.84515 23.6
      vertex 159.676 3.79259 23.6
    endloop
  endfacet
  facet normal 0.323004 0.946398 0
    outer loop
      vertex 159.522 3.84515 23.6
      vertex 159.676 3.79259 15.6
      vertex 159.522 3.84515 15.6
    endloop
  endfacet
  facet normal 0.980665 -0.195693 0
    outer loop
      vertex 158.761 5.16316 23.6
      vertex 158.793 5.32352 15.6
      vertex 158.793 5.32352 23.6
    endloop
  endfacet
  facet normal 0.980665 -0.195693 0
    outer loop
      vertex 158.793 5.32352 15.6
      vertex 158.761 5.16316 23.6
      vertex 158.761 5.16316 15.6
    endloop
  endfacet
  facet normal 0.0654422 -0.997856 0
    outer loop
      vertex 159.837 6.23931 15.6
      vertex 160 6.25 23.6
      vertex 159.837 6.23931 23.6
    endloop
  endfacet
  facet normal 0.0654422 -0.997856 0
    outer loop
      vertex 160 6.25 23.6
      vertex 159.837 6.23931 15.6
      vertex 160 6.25 15.6
    endloop
  endfacet
  facet normal 0.194358 0.980931 -0
    outer loop
      vertex 159.837 3.76069 15.6
      vertex 159.676 3.79259 23.6
      vertex 159.837 3.76069 23.6
    endloop
  endfacet
  facet normal 0.194358 0.980931 0
    outer loop
      vertex 159.676 3.79259 23.6
      vertex 159.837 3.76069 15.6
      vertex 159.676 3.79259 15.6
    endloop
  endfacet
  facet normal -0.947965 0.318376 0
    outer loop
      vertex 161.155 4.52165 15.6
      vertex 161.207 4.67648 23.6
      vertex 161.207 4.67648 15.6
    endloop
  endfacet
  facet normal -0.947965 0.318376 0
    outer loop
      vertex 161.207 4.67648 23.6
      vertex 161.155 4.52165 15.6
      vertex 161.155 4.52165 23.6
    endloop
  endfacet
  facet normal -0.831014 -0.556251 0
    outer loop
      vertex 161.083 5.625 15.6
      vertex 160.992 5.76095 23.6
      vertex 160.992 5.76095 15.6
    endloop
  endfacet
  facet normal -0.831014 -0.556251 0
    outer loop
      vertex 160.992 5.76095 23.6
      vertex 161.083 5.625 15.6
      vertex 161.083 5.625 23.6
    endloop
  endfacet
  facet normal 0.897648 0.440714 0
    outer loop
      vertex 158.917 4.375 23.6
      vertex 158.845 4.52165 15.6
      vertex 158.845 4.52165 23.6
    endloop
  endfacet
  facet normal 0.897648 0.440714 0
    outer loop
      vertex 158.845 4.52165 15.6
      vertex 158.917 4.375 23.6
      vertex 158.917 4.375 15.6
    endloop
  endfacet
  facet normal -0.897648 0.440714 0
    outer loop
      vertex 161.083 4.375 15.6
      vertex 161.155 4.52165 23.6
      vertex 161.155 4.52165 15.6
    endloop
  endfacet
  facet normal -0.897648 0.440714 0
    outer loop
      vertex 161.155 4.52165 23.6
      vertex 161.083 4.375 15.6
      vertex 161.083 4.375 23.6
    endloop
  endfacet
  facet normal 0.751254 0.660013 0
    outer loop
      vertex 159.116 4.11612 23.6
      vertex 159.008 4.23905 15.6
      vertex 159.008 4.23905 23.6
    endloop
  endfacet
  facet normal 0.751254 0.660013 0
    outer loop
      vertex 159.008 4.23905 15.6
      vertex 159.116 4.11612 23.6
      vertex 159.116 4.11612 15.6
    endloop
  endfacet
  facet normal -0.831014 0.556251 0
    outer loop
      vertex 160.992 4.23905 15.6
      vertex 161.083 4.375 23.6
      vertex 161.083 4.375 15.6
    endloop
  endfacet
  facet normal -0.831014 0.556251 0
    outer loop
      vertex 161.083 4.375 23.6
      vertex 160.992 4.23905 15.6
      vertex 160.992 4.23905 23.6
    endloop
  endfacet
  facet normal 0 0 1
    outer loop
      vertex 161.239 5.16316 15.6
      vertex 161.239 4.83684 15.6
      vertex 161.25 5 15.6
    endloop
  endfacet
  facet normal 0 0 1
    outer loop
      vertex 161.207 5.32352 15.6
      vertex 161.239 4.83684 15.6
      vertex 161.239 5.16316 15.6
    endloop
  endfacet
  facet normal 0 0 1
    outer loop
      vertex 161.207 5.32352 15.6
      vertex 161.207 4.67648 15.6
      vertex 161.239 4.83684 15.6
    endloop
  endfacet
  facet normal 0 0 1
    outer loop
      vertex 161.155 5.47835 15.6
      vertex 161.207 4.67648 15.6
      vertex 161.207 5.32352 15.6
    endloop
  endfacet
  facet normal 0 0 1
    outer loop
      vertex 161.155 5.47835 15.6
      vertex 161.155 4.52165 15.6
      vertex 161.207 4.67648 15.6
    endloop
  endfacet
  facet normal 0 0 1
    outer loop
      vertex 161.083 5.625 15.6
      vertex 161.155 4.52165 15.6
      vertex 161.155 5.47835 15.6
    endloop
  endfacet
  facet normal 0 0 1
    outer loop
      vertex 161.083 5.625 15.6
      vertex 161.083 4.375 15.6
      vertex 161.155 4.52165 15.6
    endloop
  endfacet
  facet normal 0 0 1
    outer loop
      vertex 160.992 5.76095 15.6
      vertex 161.083 4.375 15.6
      vertex 161.083 5.625 15.6
    endloop
  endfacet
  facet normal 0 0 1
    outer loop
      vertex 160.992 5.76095 15.6
      vertex 160.992 4.23905 15.6
      vertex 161.083 4.375 15.6
    endloop
  endfacet
  facet normal 0 0 1
    outer loop
      vertex 160.884 5.88388 15.6
      vertex 160.992 4.23905 15.6
      vertex 160.992 5.76095 15.6
    endloop
  endfacet
  facet normal 0 0 1
    outer loop
      vertex 160.884 5.88388 15.6
      vertex 160.884 4.11612 15.6
      vertex 160.992 4.23905 15.6
    endloop
  endfacet
  facet normal 0 0 1
    outer loop
      vertex 160.761 5.99169 15.6
      vertex 160.884 4.11612 15.6
      vertex 160.884 5.88388 15.6
    endloop
  endfacet
  facet normal 0 0 1
    outer loop
      vertex 160.761 5.99169 15.6
      vertex 160.761 4.00831 15.6
      vertex 160.884 4.11612 15.6
    endloop
  endfacet
  facet normal 0 0 1
    outer loop
      vertex 160.625 6.08253 15.6
      vertex 160.761 4.00831 15.6
      vertex 160.761 5.99169 15.6
    endloop
  endfacet
  facet normal 0 0 1
    outer loop
      vertex 160.625 6.08253 15.6
      vertex 160.625 3.91747 15.6
      vertex 160.761 4.00831 15.6
    endloop
  endfacet
  facet normal 0 0 1
    outer loop
      vertex 160.478 6.15485 15.6
      vertex 160.625 3.91747 15.6
      vertex 160.625 6.08253 15.6
    endloop
  endfacet
  facet normal 0 0 1
    outer loop
      vertex 160.478 6.15485 15.6
      vertex 160.478 3.84515 15.6
      vertex 160.625 3.91747 15.6
    endloop
  endfacet
  facet normal 0 0 1
    outer loop
      vertex 160.324 6.20741 15.6
      vertex 160.478 3.84515 15.6
      vertex 160.478 6.15485 15.6
    endloop
  endfacet
  facet normal 0 0 1
    outer loop
      vertex 160.324 6.20741 15.6
      vertex 160.324 3.79259 15.6
      vertex 160.478 3.84515 15.6
    endloop
  endfacet
  facet normal 0 0 1
    outer loop
      vertex 160.163 6.23931 15.6
      vertex 160.324 3.79259 15.6
      vertex 160.324 6.20741 15.6
    endloop
  endfacet
  facet normal 0 0 1
    outer loop
      vertex 160.163 6.23931 15.6
      vertex 160.163 3.76069 15.6
      vertex 160.324 3.79259 15.6
    endloop
  endfacet
  facet normal 0 0 1
    outer loop
      vertex 160 6.25 15.6
      vertex 160.163 3.76069 15.6
      vertex 160.163 6.23931 15.6
    endloop
  endfacet
  facet normal 0 0 1
    outer loop
      vertex 160 6.25 15.6
      vertex 160 3.75 15.6
      vertex 160.163 3.76069 15.6
    endloop
  endfacet
  facet normal -0 0 1
    outer loop
      vertex 159.837 6.23931 15.6
      vertex 160 3.75 15.6
      vertex 160 6.25 15.6
    endloop
  endfacet
  facet normal 0 0 1
    outer loop
      vertex 159.837 6.23931 15.6
      vertex 159.837 3.76069 15.6
      vertex 160 3.75 15.6
    endloop
  endfacet
  facet normal -0 0 1
    outer loop
      vertex 159.676 6.20741 15.6
      vertex 159.837 3.76069 15.6
      vertex 159.837 6.23931 15.6
    endloop
  endfacet
  facet normal 0 0 1
    outer loop
      vertex 159.676 6.20741 15.6
      vertex 159.676 3.79259 15.6
      vertex 159.837 3.76069 15.6
    endloop
  endfacet
  facet normal -0 0 1
    outer loop
      vertex 159.522 6.15485 15.6
      vertex 159.676 3.79259 15.6
      vertex 159.676 6.20741 15.6
    endloop
  endfacet
  facet normal 0 0 1
    outer loop
      vertex 159.522 6.15485 15.6
      vertex 159.522 3.84515 15.6
      vertex 159.676 3.79259 15.6
    endloop
  endfacet
  facet normal -0 0 1
    outer loop
      vertex 159.375 6.08253 15.6
      vertex 159.522 3.84515 15.6
      vertex 159.522 6.15485 15.6
    endloop
  endfacet
  facet normal 0 0 1
    outer loop
      vertex 159.375 6.08253 15.6
      vertex 159.375 3.91747 15.6
      vertex 159.522 3.84515 15.6
    endloop
  endfacet
  facet normal -0 0 1
    outer loop
      vertex 159.239 5.99169 15.6
      vertex 159.375 3.91747 15.6
      vertex 159.375 6.08253 15.6
    endloop
  endfacet
  facet normal 0 0 1
    outer loop
      vertex 159.239 5.99169 15.6
      vertex 159.239 4.00831 15.6
      vertex 159.375 3.91747 15.6
    endloop
  endfacet
  facet normal -0 0 1
    outer loop
      vertex 159.116 5.88388 15.6
      vertex 159.239 4.00831 15.6
      vertex 159.239 5.99169 15.6
    endloop
  endfacet
  facet normal 0 0 1
    outer loop
      vertex 159.116 5.88388 15.6
      vertex 159.116 4.11612 15.6
      vertex 159.239 4.00831 15.6
    endloop
  endfacet
  facet normal -0 0 1
    outer loop
      vertex 159.008 5.76095 15.6
      vertex 159.116 4.11612 15.6
      vertex 159.116 5.88388 15.6
    endloop
  endfacet
  facet normal 0 0 1
    outer loop
      vertex 159.008 5.76095 15.6
      vertex 159.008 4.23905 15.6
      vertex 159.116 4.11612 15.6
    endloop
  endfacet
  facet normal -0 0 1
    outer loop
      vertex 158.917 5.625 15.6
      vertex 159.008 4.23905 15.6
      vertex 159.008 5.76095 15.6
    endloop
  endfacet
  facet normal 0 0 1
    outer loop
      vertex 158.917 5.625 15.6
      vertex 158.917 4.375 15.6
      vertex 159.008 4.23905 15.6
    endloop
  endfacet
  facet normal -0 0 1
    outer loop
      vertex 158.845 5.47835 15.6
      vertex 158.917 4.375 15.6
      vertex 158.917 5.625 15.6
    endloop
  endfacet
  facet normal 0 0 1
    outer loop
      vertex 158.845 5.47835 15.6
      vertex 158.845 4.52165 15.6
      vertex 158.917 4.375 15.6
    endloop
  endfacet
  facet normal -0 0 1
    outer loop
      vertex 158.793 5.32352 15.6
      vertex 158.845 4.52165 15.6
      vertex 158.845 5.47835 15.6
    endloop
  endfacet
  facet normal 0 0 1
    outer loop
      vertex 158.793 5.32352 15.6
      vertex 158.793 4.67648 15.6
      vertex 158.845 4.52165 15.6
    endloop
  endfacet
  facet normal -0 0 1
    outer loop
      vertex 158.761 5.16316 15.6
      vertex 158.793 4.67648 15.6
      vertex 158.793 5.32352 15.6
    endloop
  endfacet
  facet normal 0 0 1
    outer loop
      vertex 158.761 5.16316 15.6
      vertex 158.761 4.83684 15.6
      vertex 158.793 4.67648 15.6
    endloop
  endfacet
  facet normal 0 -0 1
    outer loop
      vertex 158.761 4.83684 15.6
      vertex 158.761 5.16316 15.6
      vertex 158.75 5 15.6
    endloop
  endfacet
  facet normal 0.751254 -0.660013 0
    outer loop
      vertex 159.008 5.76095 23.6
      vertex 159.116 5.88388 15.6
      vertex 159.116 5.88388 23.6
    endloop
  endfacet
  facet normal 0.751254 -0.660013 0
    outer loop
      vertex 159.116 5.88388 15.6
      vertex 159.008 5.76095 23.6
      vertex 159.008 5.76095 15.6
    endloop
  endfacet
  facet normal -0.0654422 -0.997856 0
    outer loop
      vertex 160 6.25 15.6
      vertex 160.163 6.23931 23.6
      vertex 160 6.25 23.6
    endloop
  endfacet
  facet normal -0.0654422 -0.997856 -0
    outer loop
      vertex 160.163 6.23931 23.6
      vertex 160 6.25 15.6
      vertex 160.163 6.23931 15.6
    endloop
  endfacet
  facet normal -0.555434 -0.831561 0
    outer loop
      vertex 160.625 6.08253 15.6
      vertex 160.761 5.99169 23.6
      vertex 160.625 6.08253 23.6
    endloop
  endfacet
  facet normal -0.555434 -0.831561 -0
    outer loop
      vertex 160.761 5.99169 23.6
      vertex 160.625 6.08253 15.6
      vertex 160.761 5.99169 15.6
    endloop
  endfacet
  facet normal 0.441442 0.89729 -0
    outer loop
      vertex 159.522 3.84515 15.6
      vertex 159.375 3.91747 23.6
      vertex 159.522 3.84515 23.6
    endloop
  endfacet
  facet normal 0.441442 0.89729 0
    outer loop
      vertex 159.375 3.91747 23.6
      vertex 159.522 3.84515 15.6
      vertex 159.375 3.91747 15.6
    endloop
  endfacet
  facet normal 0.831014 0.556251 0
    outer loop
      vertex 159.008 4.23905 23.6
      vertex 158.917 4.375 15.6
      vertex 158.917 4.375 23.6
    endloop
  endfacet
  facet normal 0.831014 0.556251 0
    outer loop
      vertex 158.917 4.375 15.6
      vertex 159.008 4.23905 23.6
      vertex 159.008 4.23905 15.6
    endloop
  endfacet
  facet normal 0.980665 0.195693 0
    outer loop
      vertex 158.793 4.67648 23.6
      vertex 158.761 4.83684 15.6
      vertex 158.761 4.83684 23.6
    endloop
  endfacet
  facet normal 0.980665 0.195693 0
    outer loop
      vertex 158.761 4.83684 15.6
      vertex 158.793 4.67648 23.6
      vertex 158.793 4.67648 15.6
    endloop
  endfacet
  facet normal 0.659145 0.752016 -0
    outer loop
      vertex 159.239 4.00831 15.6
      vertex 159.116 4.11612 23.6
      vertex 159.239 4.00831 23.6
    endloop
  endfacet
  facet normal 0.659145 0.752016 0
    outer loop
      vertex 159.116 4.11612 23.6
      vertex 159.239 4.00831 15.6
      vertex 159.116 4.11612 15.6
    endloop
  endfacet
  facet normal 0.897648 -0.440714 0
    outer loop
      vertex 158.845 5.47835 23.6
      vertex 158.917 5.625 15.6
      vertex 158.917 5.625 23.6
    endloop
  endfacet
  facet normal 0.897648 -0.440714 0
    outer loop
      vertex 158.917 5.625 15.6
      vertex 158.845 5.47835 23.6
      vertex 158.845 5.47835 15.6
    endloop
  endfacet
  facet normal 0.997735 0.0672658 0
    outer loop
      vertex 158.761 4.83684 23.6
      vertex 158.75 5 15.6
      vertex 158.75 5 23.6
    endloop
  endfacet
  facet normal 0.997735 0.0672658 0
    outer loop
      vertex 158.75 5 15.6
      vertex 158.761 4.83684 23.6
      vertex 158.761 4.83684 15.6
    endloop
  endfacet
  facet normal -0.555434 0.831561 0
    outer loop
      vertex 160.761 4.00831 15.6
      vertex 160.625 3.91747 23.6
      vertex 160.761 4.00831 23.6
    endloop
  endfacet
  facet normal -0.555434 0.831561 0
    outer loop
      vertex 160.625 3.91747 23.6
      vertex 160.761 4.00831 15.6
      vertex 160.625 3.91747 15.6
    endloop
  endfacet
  facet normal 0.555434 0.831561 -0
    outer loop
      vertex 159.375 3.91747 15.6
      vertex 159.239 4.00831 23.6
      vertex 159.375 3.91747 23.6
    endloop
  endfacet
  facet normal 0.555434 0.831561 0
    outer loop
      vertex 159.239 4.00831 23.6
      vertex 159.375 3.91747 15.6
      vertex 159.239 4.00831 15.6
    endloop
  endfacet
  facet normal 0.98079 0.195066 0
    outer loop
      vertex 8.47006 95.4568 23.6
      vertex 8.38074 95.9059 2
      vertex 8.38074 95.9059 23.6
    endloop
  endfacet
  facet normal 0.98079 0.195066 0
    outer loop
      vertex 8.38074 95.9059 2
      vertex 8.47006 95.4568 23.6
      vertex 8.47006 95.4568 2
    endloop
  endfacet
  facet normal 0.997859 0.0654026 0
    outer loop
      vertex 8.5 95 23.6
      vertex 8.47006 95.4568 2
      vertex 8.47006 95.4568 23.6
    endloop
  endfacet
  facet normal 0.997859 0.0654026 0
    outer loop
      vertex 8.47006 95.4568 2
      vertex 8.5 95 23.6
      vertex 8.5 95 2
    endloop
  endfacet
  facet normal 0.321322 -0.94697 0
    outer loop
      vertex 5.90587 91.6193 2
      vertex 6.33939 91.7664 23.6
      vertex 5.90587 91.6193 23.6
    endloop
  endfacet
  facet normal 0.321322 -0.94697 0
    outer loop
      vertex 6.33939 91.7664 23.6
      vertex 5.90587 91.6193 2
      vertex 6.33939 91.7664 2
    endloop
  endfacet
  facet normal 0.831495 0.555532 0
    outer loop
      vertex 8.03109 96.75 23.6
      vertex 7.77674 97.1307 2
      vertex 7.77674 97.1307 23.6
    endloop
  endfacet
  facet normal 0.831495 0.555532 0
    outer loop
      vertex 7.77674 97.1307 2
      vertex 8.03109 96.75 23.6
      vertex 8.03109 96.75 2
    endloop
  endfacet
  facet normal -0.555642 0.831422 0
    outer loop
      vertex 3.20347 98 2
      vertex 2.86934 97.7767 23.6
      vertex 3.20347 98 23.6
    endloop
  endfacet
  facet normal -0.555642 0.831422 0
    outer loop
      vertex 2.86934 97.7767 23.6
      vertex 3.20347 98 2
      vertex 2.86934 97.7767 2
    endloop
  endfacet
  facet normal -0.659267 0.751909 0
    outer loop
      vertex 2.86934 97.7767 2
      vertex 2.52513 97.4749 23.6
      vertex 2.86934 97.7767 23.6
    endloop
  endfacet
  facet normal -0.659267 0.751909 0
    outer loop
      vertex 2.52513 97.4749 23.6
      vertex 2.86934 97.7767 2
      vertex 2.52513 97.4749 2
    endloop
  endfacet
  facet normal -0.751824 0.659364 0
    outer loop
      vertex 2.22326 97.1307 2
      vertex 2.52513 97.4749 23.6
      vertex 2.52513 97.4749 2
    endloop
  endfacet
  facet normal -0.751824 0.659364 0
    outer loop
      vertex 2.52513 97.4749 23.6
      vertex 2.22326 97.1307 2
      vertex 2.22326 97.1307 23.6
    endloop
  endfacet
  facet normal 0.946926 -0.321452 0
    outer loop
      vertex 8.23358 93.6606 23.6
      vertex 8.38074 94.0941 2
      vertex 8.38074 94.0941 23.6
    endloop
  endfacet
  facet normal 0.946926 -0.321452 0
    outer loop
      vertex 8.38074 94.0941 2
      vertex 8.23358 93.6606 23.6
      vertex 8.23358 93.6606 2
    endloop
  endfacet
  facet normal 0.555642 0.831422 -0
    outer loop
      vertex 7.13066 97.7767 2
      vertex 6.79653 98 23.6
      vertex 7.13066 97.7767 23.6
    endloop
  endfacet
  facet normal 0.555642 0.831422 0
    outer loop
      vertex 6.79653 98 23.6
      vertex 7.13066 97.7767 2
      vertex 6.79653 98 2
    endloop
  endfacet
  facet normal -0.321322 -0.94697 0
    outer loop
      vertex 3.66061 91.7664 2
      vertex 4.09413 91.6193 23.6
      vertex 3.66061 91.7664 23.6
    endloop
  endfacet
  facet normal -0.321322 -0.94697 -0
    outer loop
      vertex 4.09413 91.6193 23.6
      vertex 3.66061 91.7664 2
      vertex 4.09413 91.6193 2
    endloop
  endfacet
  facet normal -0.751824 -0.659364 0
    outer loop
      vertex 2.52513 92.5251 2
      vertex 2.22326 92.8693 23.6
      vertex 2.22326 92.8693 2
    endloop
  endfacet
  facet normal -0.751824 -0.659364 0
    outer loop
      vertex 2.22326 92.8693 23.6
      vertex 2.52513 92.5251 2
      vertex 2.52513 92.5251 23.6
    endloop
  endfacet
  facet normal 0.195263 -0.980751 0
    outer loop
      vertex 5.45684 91.5299 2
      vertex 5.90587 91.6193 23.6
      vertex 5.45684 91.5299 23.6
    endloop
  endfacet
  facet normal 0.195263 -0.980751 0
    outer loop
      vertex 5.90587 91.6193 23.6
      vertex 5.45684 91.5299 2
      vertex 5.90587 91.6193 2
    endloop
  endfacet
  facet normal -0.831522 -0.555492 0
    outer loop
      vertex 2.22326 92.8693 2
      vertex 2 93.2035 23.6
      vertex 2 93.2035 2
    endloop
  endfacet
  facet normal -0.831522 -0.555492 0
    outer loop
      vertex 2 93.2035 23.6
      vertex 2.22326 92.8693 2
      vertex 2.22326 92.8693 23.6
    endloop
  endfacet
  facet normal 0.555647 -0.831418 0
    outer loop
      vertex 6.75 91.9689 2
      vertex 7.13066 92.2233 23.6
      vertex 6.75 91.9689 23.6
    endloop
  endfacet
  facet normal 0.555647 -0.831418 0
    outer loop
      vertex 7.13066 92.2233 23.6
      vertex 6.75 91.9689 2
      vertex 7.13066 92.2233 2
    endloop
  endfacet
  facet normal 0.831495 -0.555532 0
    outer loop
      vertex 7.77674 92.8693 23.6
      vertex 8.03109 93.25 2
      vertex 8.03109 93.25 23.6
    endloop
  endfacet
  facet normal 0.831495 -0.555532 0
    outer loop
      vertex 8.03109 93.25 2
      vertex 7.77674 92.8693 23.6
      vertex 7.77674 92.8693 2
    endloop
  endfacet
  facet normal 0.98079 -0.195066 0
    outer loop
      vertex 8.38074 94.0941 23.6
      vertex 8.47006 94.5432 2
      vertex 8.47006 94.5432 23.6
    endloop
  endfacet
  facet normal 0.98079 -0.195066 0
    outer loop
      vertex 8.47006 94.5432 2
      vertex 8.38074 94.0941 23.6
      vertex 8.38074 94.0941 2
    endloop
  endfacet
  facet normal -0.659267 -0.751909 0
    outer loop
      vertex 2.52513 92.5251 2
      vertex 2.86934 92.2233 23.6
      vertex 2.52513 92.5251 23.6
    endloop
  endfacet
  facet normal -0.659267 -0.751909 -0
    outer loop
      vertex 2.86934 92.2233 23.6
      vertex 2.52513 92.5251 2
      vertex 2.86934 92.2233 2
    endloop
  endfacet
  facet normal 0.751824 0.659364 0
    outer loop
      vertex 7.77674 97.1307 23.6
      vertex 7.47487 97.4749 2
      vertex 7.47487 97.4749 23.6
    endloop
  endfacet
  facet normal 0.751824 0.659364 0
    outer loop
      vertex 7.47487 97.4749 2
      vertex 7.77674 97.1307 23.6
      vertex 7.77674 97.1307 2
    endloop
  endfacet
  facet normal 0.751824 -0.659364 0
    outer loop
      vertex 7.47487 92.5251 23.6
      vertex 7.77674 92.8693 2
      vertex 7.77674 92.8693 23.6
    endloop
  endfacet
  facet normal 0.751824 -0.659364 0
    outer loop
      vertex 7.77674 92.8693 2
      vertex 7.47487 92.5251 23.6
      vertex 7.47487 92.5251 2
    endloop
  endfacet
  facet normal -0.442305 -0.896864 0
    outer loop
      vertex 3.25 91.9689 2
      vertex 3.66061 91.7664 23.6
      vertex 3.25 91.9689 23.6
    endloop
  endfacet
  facet normal -0.442305 -0.896864 -0
    outer loop
      vertex 3.66061 91.7664 23.6
      vertex 3.25 91.9689 2
      vertex 3.66061 91.7664 2
    endloop
  endfacet
  facet normal 0.0653099 -0.997865 0
    outer loop
      vertex 5 91.5 2
      vertex 5.45684 91.5299 23.6
      vertex 5 91.5 23.6
    endloop
  endfacet
  facet normal 0.0653099 -0.997865 0
    outer loop
      vertex 5.45684 91.5299 23.6
      vertex 5 91.5 2
      vertex 5.45684 91.5299 2
    endloop
  endfacet
  facet normal 0.442305 -0.896864 0
    outer loop
      vertex 6.33939 91.7664 2
      vertex 6.75 91.9689 23.6
      vertex 6.33939 91.7664 23.6
    endloop
  endfacet
  facet normal 0.442305 -0.896864 0
    outer loop
      vertex 6.75 91.9689 23.6
      vertex 6.33939 91.7664 2
      vertex 6.75 91.9689 2
    endloop
  endfacet
  facet normal 0.659267 -0.751909 0
    outer loop
      vertex 7.13066 92.2233 2
      vertex 7.47487 92.5251 23.6
      vertex 7.13066 92.2233 23.6
    endloop
  endfacet
  facet normal 0.659267 -0.751909 0
    outer loop
      vertex 7.47487 92.5251 23.6
      vertex 7.13066 92.2233 2
      vertex 7.47487 92.5251 2
    endloop
  endfacet
  facet normal 0.896869 -0.442297 0
    outer loop
      vertex 8.03109 93.25 23.6
      vertex 8.23358 93.6606 2
      vertex 8.23358 93.6606 23.6
    endloop
  endfacet
  facet normal 0.896869 -0.442297 0
    outer loop
      vertex 8.23358 93.6606 2
      vertex 8.03109 93.25 23.6
      vertex 8.03109 93.25 2
    endloop
  endfacet
  facet normal 0.659267 0.751909 -0
    outer loop
      vertex 7.47487 97.4749 2
      vertex 7.13066 97.7767 23.6
      vertex 7.47487 97.4749 23.6
    endloop
  endfacet
  facet normal 0.659267 0.751909 0
    outer loop
      vertex 7.13066 97.7767 23.6
      vertex 7.47487 97.4749 2
      vertex 7.13066 97.7767 2
    endloop
  endfacet
  facet normal 0.997859 -0.0654026 0
    outer loop
      vertex 8.47006 94.5432 23.6
      vertex 8.5 95 2
      vertex 8.5 95 23.6
    endloop
  endfacet
  facet normal 0.997859 -0.0654026 0
    outer loop
      vertex 8.5 95 2
      vertex 8.47006 94.5432 23.6
      vertex 8.47006 94.5432 2
    endloop
  endfacet
  facet normal -0.555647 -0.831418 0
    outer loop
      vertex 2.86934 92.2233 2
      vertex 3.25 91.9689 23.6
      vertex 2.86934 92.2233 23.6
    endloop
  endfacet
  facet normal -0.555647 -0.831418 -0
    outer loop
      vertex 3.25 91.9689 23.6
      vertex 2.86934 92.2233 2
      vertex 3.25 91.9689 2
    endloop
  endfacet
  facet normal 0.896869 0.442297 0
    outer loop
      vertex 8.23358 96.3394 23.6
      vertex 8.03109 96.75 2
      vertex 8.03109 96.75 23.6
    endloop
  endfacet
  facet normal 0.896869 0.442297 0
    outer loop
      vertex 8.03109 96.75 2
      vertex 8.23358 96.3394 23.6
      vertex 8.23358 96.3394 2
    endloop
  endfacet
  facet normal 0.946926 0.321452 0
    outer loop
      vertex 8.38074 95.9059 23.6
      vertex 8.23358 96.3394 2
      vertex 8.23358 96.3394 23.6
    endloop
  endfacet
  facet normal 0.946926 0.321452 0
    outer loop
      vertex 8.23358 96.3394 2
      vertex 8.38074 95.9059 23.6
      vertex 8.38074 95.9059 2
    endloop
  endfacet
  facet normal -0.195263 -0.980751 0
    outer loop
      vertex 4.09413 91.6193 2
      vertex 4.54316 91.5299 23.6
      vertex 4.09413 91.6193 23.6
    endloop
  endfacet
  facet normal -0.195263 -0.980751 -0
    outer loop
      vertex 4.54316 91.5299 23.6
      vertex 4.09413 91.6193 2
      vertex 4.54316 91.5299 2
    endloop
  endfacet
  facet normal -0.831522 0.555492 0
    outer loop
      vertex 2 96.7965 2
      vertex 2.22326 97.1307 23.6
      vertex 2.22326 97.1307 2
    endloop
  endfacet
  facet normal -0.831522 0.555492 0
    outer loop
      vertex 2.22326 97.1307 23.6
      vertex 2 96.7965 2
      vertex 2 96.7965 23.6
    endloop
  endfacet
  facet normal -0.0653099 -0.997865 0
    outer loop
      vertex 4.54316 91.5299 2
      vertex 5 91.5 23.6
      vertex 4.54316 91.5299 23.6
    endloop
  endfacet
  facet normal -0.0653099 -0.997865 -0
    outer loop
      vertex 5 91.5 23.6
      vertex 4.54316 91.5299 2
      vertex 5 91.5 2
    endloop
  endfacet
  facet normal -0.980768 0.195175 0
    outer loop
      vertex 6.20741 94.6765 15.6
      vertex 6.23931 94.8368 23.6
      vertex 6.23931 94.8368 15.6
    endloop
  endfacet
  facet normal -0.980768 0.195175 0
    outer loop
      vertex 6.23931 94.8368 23.6
      vertex 6.20741 94.6765 15.6
      vertex 6.20741 94.6765 23.6
    endloop
  endfacet
  facet normal -0.980768 -0.195175 0
    outer loop
      vertex 6.23931 95.1632 15.6
      vertex 6.20741 95.3235 23.6
      vertex 6.20741 95.3235 15.6
    endloop
  endfacet
  facet normal -0.980768 -0.195175 0
    outer loop
      vertex 6.20741 95.3235 23.6
      vertex 6.23931 95.1632 15.6
      vertex 6.23931 95.1632 23.6
    endloop
  endfacet
  facet normal -0.997862 -0.0653624 0
    outer loop
      vertex 6.25 95 15.6
      vertex 6.23931 95.1632 23.6
      vertex 6.23931 95.1632 15.6
    endloop
  endfacet
  facet normal -0.997862 -0.0653624 0
    outer loop
      vertex 6.23931 95.1632 23.6
      vertex 6.25 95 15.6
      vertex 6.25 95 23.6
    endloop
  endfacet
  facet normal -0.94697 -0.321322 0
    outer loop
      vertex 6.20741 95.3235 15.6
      vertex 6.15485 95.4784 23.6
      vertex 6.15485 95.4784 15.6
    endloop
  endfacet
  facet normal -0.94697 -0.321322 0
    outer loop
      vertex 6.15485 95.4784 23.6
      vertex 6.20741 95.3235 15.6
      vertex 6.20741 95.3235 23.6
    endloop
  endfacet
  facet normal 0.997862 -0.0653624 0
    outer loop
      vertex 3.75 95 23.6
      vertex 3.76069 95.1632 15.6
      vertex 3.76069 95.1632 23.6
    endloop
  endfacet
  facet normal 0.997862 -0.0653624 0
    outer loop
      vertex 3.76069 95.1632 15.6
      vertex 3.75 95 23.6
      vertex 3.75 95 15.6
    endloop
  endfacet
  facet normal -0.442191 0.896921 0
    outer loop
      vertex 5.625 93.9175 15.6
      vertex 5.47835 93.8452 23.6
      vertex 5.625 93.9175 23.6
    endloop
  endfacet
  facet normal -0.442191 0.896921 0
    outer loop
      vertex 5.47835 93.8452 23.6
      vertex 5.625 93.9175 15.6
      vertex 5.47835 93.8452 15.6
    endloop
  endfacet
  facet normal -0.195105 -0.980782 0
    outer loop
      vertex 5.16316 96.2393 15.6
      vertex 5.32352 96.2074 23.6
      vertex 5.16316 96.2393 23.6
    endloop
  endfacet
  facet normal -0.195105 -0.980782 -0
    outer loop
      vertex 5.32352 96.2074 23.6
      vertex 5.16316 96.2393 15.6
      vertex 5.32352 96.2074 15.6
    endloop
  endfacet
  facet normal -0.195105 0.980782 0
    outer loop
      vertex 5.32352 93.7926 15.6
      vertex 5.16316 93.7607 23.6
      vertex 5.32352 93.7926 23.6
    endloop
  endfacet
  facet normal -0.195105 0.980782 0
    outer loop
      vertex 5.16316 93.7607 23.6
      vertex 5.32352 93.7926 15.6
      vertex 5.16316 93.7607 15.6
    endloop
  endfacet
  facet normal -0.0654392 0.997857 0
    outer loop
      vertex 5.16316 93.7607 15.6
      vertex 5 93.75 23.6
      vertex 5.16316 93.7607 23.6
    endloop
  endfacet
  facet normal -0.0654392 0.997857 0
    outer loop
      vertex 5 93.75 23.6
      vertex 5.16316 93.7607 15.6
      vertex 5 93.75 15.6
    endloop
  endfacet
  facet normal 0.659323 -0.75186 0
    outer loop
      vertex 4.11612 95.8839 15.6
      vertex 4.23905 95.9917 23.6
      vertex 4.11612 95.8839 23.6
    endloop
  endfacet
  facet normal 0.659323 -0.75186 0
    outer loop
      vertex 4.23905 95.9917 23.6
      vertex 4.11612 95.8839 15.6
      vertex 4.23905 95.9917 15.6
    endloop
  endfacet
  facet normal 0.831372 -0.555716 0
    outer loop
      vertex 3.91747 95.625 23.6
      vertex 4.00831 95.7609 15.6
      vertex 4.00831 95.7609 23.6
    endloop
  endfacet
  facet normal 0.831372 -0.555716 0
    outer loop
      vertex 4.00831 95.7609 15.6
      vertex 3.91747 95.625 23.6
      vertex 3.91747 95.625 15.6
    endloop
  endfacet
  facet normal -0.321671 -0.946851 0
    outer loop
      vertex 5.32352 96.2074 15.6
      vertex 5.47835 96.1548 23.6
      vertex 5.32352 96.2074 23.6
    endloop
  endfacet
  facet normal -0.321671 -0.946851 -0
    outer loop
      vertex 5.47835 96.1548 23.6
      vertex 5.32352 96.2074 15.6
      vertex 5.47835 96.1548 15.6
    endloop
  endfacet
  facet normal -0.659323 0.75186 0
    outer loop
      vertex 5.88388 94.1161 15.6
      vertex 5.76095 94.0083 23.6
      vertex 5.88388 94.1161 23.6
    endloop
  endfacet
  facet normal -0.659323 0.75186 0
    outer loop
      vertex 5.76095 94.0083 23.6
      vertex 5.88388 94.1161 15.6
      vertex 5.76095 94.0083 15.6
    endloop
  endfacet
  facet normal 0.442191 -0.896921 0
    outer loop
      vertex 4.375 96.0825 15.6
      vertex 4.52165 96.1548 23.6
      vertex 4.375 96.0825 23.6
    endloop
  endfacet
  facet normal 0.442191 -0.896921 0
    outer loop
      vertex 4.52165 96.1548 23.6
      vertex 4.375 96.0825 15.6
      vertex 4.52165 96.1548 15.6
    endloop
  endfacet
  facet normal 0.0654392 0.997857 -0
    outer loop
      vertex 5 93.75 15.6
      vertex 4.83684 93.7607 23.6
      vertex 5 93.75 23.6
    endloop
  endfacet
  facet normal 0.0654392 0.997857 0
    outer loop
      vertex 4.83684 93.7607 23.6
      vertex 5 93.75 15.6
      vertex 4.83684 93.7607 15.6
    endloop
  endfacet
  facet normal -0.752016 0.659145 0
    outer loop
      vertex 5.88388 94.1161 15.6
      vertex 5.99169 94.2391 23.6
      vertex 5.99169 94.2391 15.6
    endloop
  endfacet
  facet normal -0.752016 0.659145 0
    outer loop
      vertex 5.99169 94.2391 23.6
      vertex 5.88388 94.1161 15.6
      vertex 5.88388 94.1161 23.6
    endloop
  endfacet
  facet normal 0.94697 0.321322 0
    outer loop
      vertex 3.84515 94.5216 23.6
      vertex 3.79259 94.6765 15.6
      vertex 3.79259 94.6765 23.6
    endloop
  endfacet
  facet normal 0.94697 0.321322 0
    outer loop
      vertex 3.79259 94.6765 15.6
      vertex 3.84515 94.5216 23.6
      vertex 3.84515 94.5216 15.6
    endloop
  endfacet
  facet normal -0.321671 0.946851 0
    outer loop
      vertex 5.47835 93.8452 15.6
      vertex 5.32352 93.7926 23.6
      vertex 5.47835 93.8452 23.6
    endloop
  endfacet
  facet normal -0.321671 0.946851 0
    outer loop
      vertex 5.32352 93.7926 23.6
      vertex 5.47835 93.8452 15.6
      vertex 5.32352 93.7926 15.6
    endloop
  endfacet
  facet normal 0.321671 -0.946851 0
    outer loop
      vertex 4.52165 96.1548 15.6
      vertex 4.67648 96.2074 23.6
      vertex 4.52165 96.1548 23.6
    endloop
  endfacet
  facet normal 0.321671 -0.946851 0
    outer loop
      vertex 4.67648 96.2074 23.6
      vertex 4.52165 96.1548 15.6
      vertex 4.67648 96.2074 15.6
    endloop
  endfacet
  facet normal -0.752016 -0.659145 0
    outer loop
      vertex 5.99169 95.7609 15.6
      vertex 5.88388 95.8839 23.6
      vertex 5.88388 95.8839 15.6
    endloop
  endfacet
  facet normal -0.752016 -0.659145 0
    outer loop
      vertex 5.88388 95.8839 23.6
      vertex 5.99169 95.7609 15.6
      vertex 5.99169 95.7609 23.6
    endloop
  endfacet
  facet normal 0.555406 -0.831579 0
    outer loop
      vertex 4.23905 95.9917 15.6
      vertex 4.375 96.0825 23.6
      vertex 4.23905 95.9917 23.6
    endloop
  endfacet
  facet normal 0.555406 -0.831579 0
    outer loop
      vertex 4.375 96.0825 23.6
      vertex 4.23905 95.9917 15.6
      vertex 4.375 96.0825 15.6
    endloop
  endfacet
  facet normal 0.94697 -0.321322 0
    outer loop
      vertex 3.79259 95.3235 23.6
      vertex 3.84515 95.4784 15.6
      vertex 3.84515 95.4784 23.6
    endloop
  endfacet
  facet normal 0.94697 -0.321322 0
    outer loop
      vertex 3.84515 95.4784 15.6
      vertex 3.79259 95.3235 23.6
      vertex 3.79259 95.3235 15.6
    endloop
  endfacet
  facet normal -0.896812 -0.442411 0
    outer loop
      vertex 6.15485 95.4784 15.6
      vertex 6.08253 95.625 23.6
      vertex 6.08253 95.625 15.6
    endloop
  endfacet
  facet normal -0.896812 -0.442411 0
    outer loop
      vertex 6.08253 95.625 23.6
      vertex 6.15485 95.4784 15.6
      vertex 6.15485 95.4784 23.6
    endloop
  endfacet
  facet normal 0.195105 -0.980782 0
    outer loop
      vertex 4.67648 96.2074 15.6
      vertex 4.83684 96.2393 23.6
      vertex 4.67648 96.2074 23.6
    endloop
  endfacet
  facet normal 0.195105 -0.980782 0
    outer loop
      vertex 4.83684 96.2393 23.6
      vertex 4.67648 96.2074 15.6
      vertex 4.83684 96.2393 15.6
    endloop
  endfacet
  facet normal -0.659323 -0.75186 0
    outer loop
      vertex 5.76095 95.9917 15.6
      vertex 5.88388 95.8839 23.6
      vertex 5.76095 95.9917 23.6
    endloop
  endfacet
  facet normal -0.659323 -0.75186 -0
    outer loop
      vertex 5.88388 95.8839 23.6
      vertex 5.76095 95.9917 15.6
      vertex 5.88388 95.8839 15.6
    endloop
  endfacet
  facet normal -0.997862 0.0653624 0
    outer loop
      vertex 6.23931 94.8368 15.6
      vertex 6.25 95 23.6
      vertex 6.25 95 15.6
    endloop
  endfacet
  facet normal -0.997862 0.0653624 0
    outer loop
      vertex 6.25 95 23.6
      vertex 6.23931 94.8368 15.6
      vertex 6.23931 94.8368 23.6
    endloop
  endfacet
  facet normal -0.442191 -0.896921 0
    outer loop
      vertex 5.47835 96.1548 15.6
      vertex 5.625 96.0825 23.6
      vertex 5.47835 96.1548 23.6
    endloop
  endfacet
  facet normal -0.442191 -0.896921 -0
    outer loop
      vertex 5.625 96.0825 23.6
      vertex 5.47835 96.1548 15.6
      vertex 5.625 96.0825 15.6
    endloop
  endfacet
  facet normal 0.321671 0.946851 -0
    outer loop
      vertex 4.67648 93.7926 15.6
      vertex 4.52165 93.8452 23.6
      vertex 4.67648 93.7926 23.6
    endloop
  endfacet
  facet normal 0.321671 0.946851 0
    outer loop
      vertex 4.52165 93.8452 23.6
      vertex 4.67648 93.7926 15.6
      vertex 4.52165 93.8452 15.6
    endloop
  endfacet
  facet normal 0.980768 -0.195175 0
    outer loop
      vertex 3.76069 95.1632 23.6
      vertex 3.79259 95.3235 15.6
      vertex 3.79259 95.3235 23.6
    endloop
  endfacet
  facet normal 0.980768 -0.195175 0
    outer loop
      vertex 3.79259 95.3235 15.6
      vertex 3.76069 95.1632 23.6
      vertex 3.76069 95.1632 15.6
    endloop
  endfacet
  facet normal 0.0654392 -0.997857 0
    outer loop
      vertex 4.83684 96.2393 15.6
      vertex 5 96.25 23.6
      vertex 4.83684 96.2393 23.6
    endloop
  endfacet
  facet normal 0.0654392 -0.997857 0
    outer loop
      vertex 5 96.25 23.6
      vertex 4.83684 96.2393 15.6
      vertex 5 96.25 15.6
    endloop
  endfacet
  facet normal 0.195105 0.980782 -0
    outer loop
      vertex 4.83684 93.7607 15.6
      vertex 4.67648 93.7926 23.6
      vertex 4.83684 93.7607 23.6
    endloop
  endfacet
  facet normal 0.195105 0.980782 0
    outer loop
      vertex 4.67648 93.7926 23.6
      vertex 4.83684 93.7607 15.6
      vertex 4.67648 93.7926 15.6
    endloop
  endfacet
  facet normal -0.94697 0.321322 0
    outer loop
      vertex 6.15485 94.5216 15.6
      vertex 6.20741 94.6765 23.6
      vertex 6.20741 94.6765 15.6
    endloop
  endfacet
  facet normal -0.94697 0.321322 0
    outer loop
      vertex 6.20741 94.6765 23.6
      vertex 6.15485 94.5216 15.6
      vertex 6.15485 94.5216 23.6
    endloop
  endfacet
  facet normal -0.831372 -0.555716 0
    outer loop
      vertex 6.08253 95.625 15.6
      vertex 5.99169 95.7609 23.6
      vertex 5.99169 95.7609 15.6
    endloop
  endfacet
  facet normal -0.831372 -0.555716 0
    outer loop
      vertex 5.99169 95.7609 23.6
      vertex 6.08253 95.625 15.6
      vertex 6.08253 95.625 23.6
    endloop
  endfacet
  facet normal 0.896812 0.442411 0
    outer loop
      vertex 3.91747 94.375 23.6
      vertex 3.84515 94.5216 15.6
      vertex 3.84515 94.5216 23.6
    endloop
  endfacet
  facet normal 0.896812 0.442411 0
    outer loop
      vertex 3.84515 94.5216 15.6
      vertex 3.91747 94.375 23.6
      vertex 3.91747 94.375 15.6
    endloop
  endfacet
  facet normal -0.896812 0.442411 0
    outer loop
      vertex 6.08253 94.375 15.6
      vertex 6.15485 94.5216 23.6
      vertex 6.15485 94.5216 15.6
    endloop
  endfacet
  facet normal -0.896812 0.442411 0
    outer loop
      vertex 6.15485 94.5216 23.6
      vertex 6.08253 94.375 15.6
      vertex 6.08253 94.375 23.6
    endloop
  endfacet
  facet normal 0.752016 0.659145 0
    outer loop
      vertex 4.11612 94.1161 23.6
      vertex 4.00831 94.2391 15.6
      vertex 4.00831 94.2391 23.6
    endloop
  endfacet
  facet normal 0.752016 0.659145 0
    outer loop
      vertex 4.00831 94.2391 15.6
      vertex 4.11612 94.1161 23.6
      vertex 4.11612 94.1161 15.6
    endloop
  endfacet
  facet normal -0.831372 0.555716 0
    outer loop
      vertex 5.99169 94.2391 15.6
      vertex 6.08253 94.375 23.6
      vertex 6.08253 94.375 15.6
    endloop
  endfacet
  facet normal -0.831372 0.555716 0
    outer loop
      vertex 6.08253 94.375 23.6
      vertex 5.99169 94.2391 15.6
      vertex 5.99169 94.2391 23.6
    endloop
  endfacet
  facet normal 0 0 1
    outer loop
      vertex 6.23931 95.1632 15.6
      vertex 6.23931 94.8368 15.6
      vertex 6.25 95 15.6
    endloop
  endfacet
  facet normal 0 0 1
    outer loop
      vertex 6.20741 95.3235 15.6
      vertex 6.23931 94.8368 15.6
      vertex 6.23931 95.1632 15.6
    endloop
  endfacet
  facet normal 0 0 1
    outer loop
      vertex 6.20741 95.3235 15.6
      vertex 6.20741 94.6765 15.6
      vertex 6.23931 94.8368 15.6
    endloop
  endfacet
  facet normal 0 0 1
    outer loop
      vertex 6.15485 95.4784 15.6
      vertex 6.20741 94.6765 15.6
      vertex 6.20741 95.3235 15.6
    endloop
  endfacet
  facet normal 0 0 1
    outer loop
      vertex 6.15485 95.4784 15.6
      vertex 6.15485 94.5216 15.6
      vertex 6.20741 94.6765 15.6
    endloop
  endfacet
  facet normal 0 0 1
    outer loop
      vertex 6.08253 95.625 15.6
      vertex 6.15485 94.5216 15.6
      vertex 6.15485 95.4784 15.6
    endloop
  endfacet
  facet normal 0 0 1
    outer loop
      vertex 6.08253 95.625 15.6
      vertex 6.08253 94.375 15.6
      vertex 6.15485 94.5216 15.6
    endloop
  endfacet
  facet normal 0 0 1
    outer loop
      vertex 5.99169 95.7609 15.6
      vertex 6.08253 94.375 15.6
      vertex 6.08253 95.625 15.6
    endloop
  endfacet
  facet normal 0 0 1
    outer loop
      vertex 5.99169 95.7609 15.6
      vertex 5.99169 94.2391 15.6
      vertex 6.08253 94.375 15.6
    endloop
  endfacet
  facet normal 0 0 1
    outer loop
      vertex 5.88388 95.8839 15.6
      vertex 5.99169 94.2391 15.6
      vertex 5.99169 95.7609 15.6
    endloop
  endfacet
  facet normal 0 0 1
    outer loop
      vertex 5.88388 95.8839 15.6
      vertex 5.88388 94.1161 15.6
      vertex 5.99169 94.2391 15.6
    endloop
  endfacet
  facet normal 0 0 1
    outer loop
      vertex 5.76095 95.9917 15.6
      vertex 5.88388 94.1161 15.6
      vertex 5.88388 95.8839 15.6
    endloop
  endfacet
  facet normal 0 0 1
    outer loop
      vertex 5.76095 95.9917 15.6
      vertex 5.76095 94.0083 15.6
      vertex 5.88388 94.1161 15.6
    endloop
  endfacet
  facet normal 0 0 1
    outer loop
      vertex 5.625 96.0825 15.6
      vertex 5.76095 94.0083 15.6
      vertex 5.76095 95.9917 15.6
    endloop
  endfacet
  facet normal 0 0 1
    outer loop
      vertex 5.625 96.0825 15.6
      vertex 5.625 93.9175 15.6
      vertex 5.76095 94.0083 15.6
    endloop
  endfacet
  facet normal 0 0 1
    outer loop
      vertex 5.47835 96.1548 15.6
      vertex 5.625 93.9175 15.6
      vertex 5.625 96.0825 15.6
    endloop
  endfacet
  facet normal 0 0 1
    outer loop
      vertex 5.47835 96.1548 15.6
      vertex 5.47835 93.8452 15.6
      vertex 5.625 93.9175 15.6
    endloop
  endfacet
  facet normal 0 0 1
    outer loop
      vertex 5.32352 96.2074 15.6
      vertex 5.47835 93.8452 15.6
      vertex 5.47835 96.1548 15.6
    endloop
  endfacet
  facet normal 0 0 1
    outer loop
      vertex 5.32352 96.2074 15.6
      vertex 5.32352 93.7926 15.6
      vertex 5.47835 93.8452 15.6
    endloop
  endfacet
  facet normal 0 0 1
    outer loop
      vertex 5.16316 96.2393 15.6
      vertex 5.32352 93.7926 15.6
      vertex 5.32352 96.2074 15.6
    endloop
  endfacet
  facet normal 0 0 1
    outer loop
      vertex 5.16316 96.2393 15.6
      vertex 5.16316 93.7607 15.6
      vertex 5.32352 93.7926 15.6
    endloop
  endfacet
  facet normal 0 0 1
    outer loop
      vertex 5 96.25 15.6
      vertex 5.16316 93.7607 15.6
      vertex 5.16316 96.2393 15.6
    endloop
  endfacet
  facet normal 0 0 1
    outer loop
      vertex 5 96.25 15.6
      vertex 5 93.75 15.6
      vertex 5.16316 93.7607 15.6
    endloop
  endfacet
  facet normal -0 0 1
    outer loop
      vertex 4.83684 96.2393 15.6
      vertex 5 93.75 15.6
      vertex 5 96.25 15.6
    endloop
  endfacet
  facet normal 0 0 1
    outer loop
      vertex 4.83684 96.2393 15.6
      vertex 4.83684 93.7607 15.6
      vertex 5 93.75 15.6
    endloop
  endfacet
  facet normal -0 0 1
    outer loop
      vertex 4.67648 96.2074 15.6
      vertex 4.83684 93.7607 15.6
      vertex 4.83684 96.2393 15.6
    endloop
  endfacet
  facet normal 0 0 1
    outer loop
      vertex 4.67648 96.2074 15.6
      vertex 4.67648 93.7926 15.6
      vertex 4.83684 93.7607 15.6
    endloop
  endfacet
  facet normal -0 0 1
    outer loop
      vertex 4.52165 96.1548 15.6
      vertex 4.67648 93.7926 15.6
      vertex 4.67648 96.2074 15.6
    endloop
  endfacet
  facet normal 0 0 1
    outer loop
      vertex 4.52165 96.1548 15.6
      vertex 4.52165 93.8452 15.6
      vertex 4.67648 93.7926 15.6
    endloop
  endfacet
  facet normal -0 0 1
    outer loop
      vertex 4.375 96.0825 15.6
      vertex 4.52165 93.8452 15.6
      vertex 4.52165 96.1548 15.6
    endloop
  endfacet
  facet normal 0 0 1
    outer loop
      vertex 4.375 96.0825 15.6
      vertex 4.375 93.9175 15.6
      vertex 4.52165 93.8452 15.6
    endloop
  endfacet
  facet normal -0 0 1
    outer loop
      vertex 4.23905 95.9917 15.6
      vertex 4.375 93.9175 15.6
      vertex 4.375 96.0825 15.6
    endloop
  endfacet
  facet normal 0 0 1
    outer loop
      vertex 4.23905 95.9917 15.6
      vertex 4.23905 94.0083 15.6
      vertex 4.375 93.9175 15.6
    endloop
  endfacet
  facet normal -0 0 1
    outer loop
      vertex 4.11612 95.8839 15.6
      vertex 4.23905 94.0083 15.6
      vertex 4.23905 95.9917 15.6
    endloop
  endfacet
  facet normal 0 0 1
    outer loop
      vertex 4.11612 95.8839 15.6
      vertex 4.11612 94.1161 15.6
      vertex 4.23905 94.0083 15.6
    endloop
  endfacet
  facet normal -0 0 1
    outer loop
      vertex 4.00831 95.7609 15.6
      vertex 4.11612 94.1161 15.6
      vertex 4.11612 95.8839 15.6
    endloop
  endfacet
  facet normal 0 0 1
    outer loop
      vertex 4.00831 95.7609 15.6
      vertex 4.00831 94.2391 15.6
      vertex 4.11612 94.1161 15.6
    endloop
  endfacet
  facet normal -0 0 1
    outer loop
      vertex 3.91747 95.625 15.6
      vertex 4.00831 94.2391 15.6
      vertex 4.00831 95.7609 15.6
    endloop
  endfacet
  facet normal 0 0 1
    outer loop
      vertex 3.91747 95.625 15.6
      vertex 3.91747 94.375 15.6
      vertex 4.00831 94.2391 15.6
    endloop
  endfacet
  facet normal -0 0 1
    outer loop
      vertex 3.84515 95.4784 15.6
      vertex 3.91747 94.375 15.6
      vertex 3.91747 95.625 15.6
    endloop
  endfacet
  facet normal 0 0 1
    outer loop
      vertex 3.84515 95.4784 15.6
      vertex 3.84515 94.5216 15.6
      vertex 3.91747 94.375 15.6
    endloop
  endfacet
  facet normal -0 0 1
    outer loop
      vertex 3.79259 95.3235 15.6
      vertex 3.84515 94.5216 15.6
      vertex 3.84515 95.4784 15.6
    endloop
  endfacet
  facet normal 0 0 1
    outer loop
      vertex 3.79259 95.3235 15.6
      vertex 3.79259 94.6765 15.6
      vertex 3.84515 94.5216 15.6
    endloop
  endfacet
  facet normal -0 0 1
    outer loop
      vertex 3.76069 95.1632 15.6
      vertex 3.79259 94.6765 15.6
      vertex 3.79259 95.3235 15.6
    endloop
  endfacet
  facet normal 0 0 1
    outer loop
      vertex 3.76069 95.1632 15.6
      vertex 3.76069 94.8368 15.6
      vertex 3.79259 94.6765 15.6
    endloop
  endfacet
  facet normal 0 -0 1
    outer loop
      vertex 3.76069 94.8368 15.6
      vertex 3.76069 95.1632 15.6
      vertex 3.75 95 15.6
    endloop
  endfacet
  facet normal 0.752016 -0.659145 0
    outer loop
      vertex 4.00831 95.7609 23.6
      vertex 4.11612 95.8839 15.6
      vertex 4.11612 95.8839 23.6
    endloop
  endfacet
  facet normal 0.752016 -0.659145 0
    outer loop
      vertex 4.11612 95.8839 15.6
      vertex 4.00831 95.7609 23.6
      vertex 4.00831 95.7609 15.6
    endloop
  endfacet
  facet normal -0.0654392 -0.997857 0
    outer loop
      vertex 5 96.25 15.6
      vertex 5.16316 96.2393 23.6
      vertex 5 96.25 23.6
    endloop
  endfacet
  facet normal -0.0654392 -0.997857 -0
    outer loop
      vertex 5.16316 96.2393 23.6
      vertex 5 96.25 15.6
      vertex 5.16316 96.2393 15.6
    endloop
  endfacet
  facet normal -0.555406 -0.831579 0
    outer loop
      vertex 5.625 96.0825 15.6
      vertex 5.76095 95.9917 23.6
      vertex 5.625 96.0825 23.6
    endloop
  endfacet
  facet normal -0.555406 -0.831579 -0
    outer loop
      vertex 5.76095 95.9917 23.6
      vertex 5.625 96.0825 15.6
      vertex 5.76095 95.9917 15.6
    endloop
  endfacet
  facet normal 0.442191 0.896921 -0
    outer loop
      vertex 4.52165 93.8452 15.6
      vertex 4.375 93.9175 23.6
      vertex 4.52165 93.8452 23.6
    endloop
  endfacet
  facet normal 0.442191 0.896921 0
    outer loop
      vertex 4.375 93.9175 23.6
      vertex 4.52165 93.8452 15.6
      vertex 4.375 93.9175 15.6
    endloop
  endfacet
  facet normal 0.831372 0.555716 0
    outer loop
      vertex 4.00831 94.2391 23.6
      vertex 3.91747 94.375 15.6
      vertex 3.91747 94.375 23.6
    endloop
  endfacet
  facet normal 0.831372 0.555716 0
    outer loop
      vertex 3.91747 94.375 15.6
      vertex 4.00831 94.2391 23.6
      vertex 4.00831 94.2391 15.6
    endloop
  endfacet
  facet normal 0.980768 0.195175 0
    outer loop
      vertex 3.79259 94.6765 23.6
      vertex 3.76069 94.8368 15.6
      vertex 3.76069 94.8368 23.6
    endloop
  endfacet
  facet normal 0.980768 0.195175 0
    outer loop
      vertex 3.76069 94.8368 15.6
      vertex 3.79259 94.6765 23.6
      vertex 3.79259 94.6765 15.6
    endloop
  endfacet
  facet normal 0.659323 0.75186 -0
    outer loop
      vertex 4.23905 94.0083 15.6
      vertex 4.11612 94.1161 23.6
      vertex 4.23905 94.0083 23.6
    endloop
  endfacet
  facet normal 0.659323 0.75186 0
    outer loop
      vertex 4.11612 94.1161 23.6
      vertex 4.23905 94.0083 15.6
      vertex 4.11612 94.1161 15.6
    endloop
  endfacet
  facet normal 0.896812 -0.442411 0
    outer loop
      vertex 3.84515 95.4784 23.6
      vertex 3.91747 95.625 15.6
      vertex 3.91747 95.625 23.6
    endloop
  endfacet
  facet normal 0.896812 -0.442411 0
    outer loop
      vertex 3.91747 95.625 15.6
      vertex 3.84515 95.4784 23.6
      vertex 3.84515 95.4784 15.6
    endloop
  endfacet
  facet normal 0.997862 0.0653624 0
    outer loop
      vertex 3.76069 94.8368 23.6
      vertex 3.75 95 15.6
      vertex 3.75 95 23.6
    endloop
  endfacet
  facet normal 0.997862 0.0653624 0
    outer loop
      vertex 3.75 95 15.6
      vertex 3.76069 94.8368 23.6
      vertex 3.76069 94.8368 15.6
    endloop
  endfacet
  facet normal -0.555406 0.831579 0
    outer loop
      vertex 5.76095 94.0083 15.6
      vertex 5.625 93.9175 23.6
      vertex 5.76095 94.0083 23.6
    endloop
  endfacet
  facet normal -0.555406 0.831579 0
    outer loop
      vertex 5.625 93.9175 23.6
      vertex 5.76095 94.0083 15.6
      vertex 5.625 93.9175 15.6
    endloop
  endfacet
  facet normal 0.555406 0.831579 -0
    outer loop
      vertex 4.375 93.9175 15.6
      vertex 4.23905 94.0083 23.6
      vertex 4.375 93.9175 23.6
    endloop
  endfacet
  facet normal 0.555406 0.831579 0
    outer loop
      vertex 4.23905 94.0083 23.6
      vertex 4.375 93.9175 15.6
      vertex 4.23905 94.0083 15.6
    endloop
  endfacet
  facet normal 0.321668 -0.946853 0
    outer loop
      vertex 160.906 91.6193 2
      vertex 161.339 91.7664 23.6
      vertex 160.906 91.6193 23.6
    endloop
  endfacet
  facet normal 0.321668 -0.946853 0
    outer loop
      vertex 161.339 91.7664 23.6
      vertex 160.906 91.6193 2
      vertex 161.339 91.7664 2
    endloop
  endfacet
  facet normal 0.83182 0.555045 0
    outer loop
      vertex 163 96.7965 23.6
      vertex 162.777 97.1307 2
      vertex 162.777 97.1307 23.6
    endloop
  endfacet
  facet normal 0.83182 0.555045 0
    outer loop
      vertex 162.777 97.1307 2
      vertex 163 96.7965 23.6
      vertex 163 96.7965 2
    endloop
  endfacet
  facet normal -0.896427 0.443192 0
    outer loop
      vertex 156.766 96.3394 2
      vertex 156.969 96.75 23.6
      vertex 156.969 96.75 2
    endloop
  endfacet
  facet normal -0.896427 0.443192 0
    outer loop
      vertex 156.969 96.75 23.6
      vertex 156.766 96.3394 2
      vertex 156.766 96.3394 23.6
    endloop
  endfacet
  facet normal -0.555791 0.831322 0
    outer loop
      vertex 158.203 98 2
      vertex 157.869 97.7767 23.6
      vertex 158.203 98 23.6
    endloop
  endfacet
  facet normal -0.555791 0.831322 0
    outer loop
      vertex 157.869 97.7767 23.6
      vertex 158.203 98 2
      vertex 157.869 97.7767 2
    endloop
  endfacet
  facet normal -0.659494 0.75171 0
    outer loop
      vertex 157.869 97.7767 2
      vertex 157.525 97.4749 23.6
      vertex 157.869 97.7767 23.6
    endloop
  endfacet
  facet normal -0.659494 0.75171 0
    outer loop
      vertex 157.525 97.4749 23.6
      vertex 157.869 97.7767 2
      vertex 157.525 97.4749 2
    endloop
  endfacet
  facet normal -0.751683 0.659524 0
    outer loop
      vertex 157.223 97.1307 2
      vertex 157.525 97.4749 23.6
      vertex 157.525 97.4749 2
    endloop
  endfacet
  facet normal -0.751683 0.659524 0
    outer loop
      vertex 157.525 97.4749 23.6
      vertex 157.223 97.1307 2
      vertex 157.223 97.1307 23.6
    endloop
  endfacet
  facet normal -0.99785 0.0655331 0
    outer loop
      vertex 156.5 95 2
      vertex 156.53 95.4568 23.6
      vertex 156.53 95.4568 2
    endloop
  endfacet
  facet normal -0.99785 0.0655331 0
    outer loop
      vertex 156.53 95.4568 23.6
      vertex 156.5 95 2
      vertex 156.5 95 23.6
    endloop
  endfacet
  facet normal 0.555791 0.831322 -0
    outer loop
      vertex 162.131 97.7767 2
      vertex 161.797 98 23.6
      vertex 162.131 97.7767 23.6
    endloop
  endfacet
  facet normal 0.555791 0.831322 0
    outer loop
      vertex 161.797 98 23.6
      vertex 162.131 97.7767 2
      vertex 161.797 98 2
    endloop
  endfacet
  facet normal -0.321668 -0.946853 0
    outer loop
      vertex 158.661 91.7664 2
      vertex 159.094 91.6193 23.6
      vertex 158.661 91.7664 23.6
    endloop
  endfacet
  facet normal -0.321668 -0.946853 -0
    outer loop
      vertex 159.094 91.6193 23.6
      vertex 158.661 91.7664 2
      vertex 159.094 91.6193 2
    endloop
  endfacet
  facet normal -0.751683 -0.659524 0
    outer loop
      vertex 157.525 92.5251 2
      vertex 157.223 92.8693 23.6
      vertex 157.223 92.8693 2
    endloop
  endfacet
  facet normal -0.751683 -0.659524 0
    outer loop
      vertex 157.223 92.8693 23.6
      vertex 157.525 92.5251 2
      vertex 157.525 92.5251 23.6
    endloop
  endfacet
  facet normal 0.195276 -0.980748 0
    outer loop
      vertex 160.457 91.5299 2
      vertex 160.906 91.6193 23.6
      vertex 160.457 91.5299 23.6
    endloop
  endfacet
  facet normal 0.195276 -0.980748 0
    outer loop
      vertex 160.906 91.6193 23.6
      vertex 160.457 91.5299 2
      vertex 160.906 91.6193 2
    endloop
  endfacet
  facet normal -0.831849 -0.555003 0
    outer loop
      vertex 157.223 92.8693 2
      vertex 156.969 93.25 23.6
      vertex 156.969 93.25 2
    endloop
  endfacet
  facet normal -0.831849 -0.555003 0
    outer loop
      vertex 156.969 93.25 23.6
      vertex 157.223 92.8693 2
      vertex 157.223 92.8693 23.6
    endloop
  endfacet
  facet normal 0.555305 -0.831647 0
    outer loop
      vertex 161.75 91.9689 2
      vertex 162.131 92.2233 23.6
      vertex 161.75 91.9689 23.6
    endloop
  endfacet
  facet normal 0.555305 -0.831647 0
    outer loop
      vertex 162.131 92.2233 23.6
      vertex 161.75 91.9689 2
      vertex 162.131 92.2233 2
    endloop
  endfacet
  facet normal -0.947032 0.321139 0
    outer loop
      vertex 156.619 95.9059 2
      vertex 156.766 96.3394 23.6
      vertex 156.766 96.3394 2
    endloop
  endfacet
  facet normal -0.947032 0.321139 0
    outer loop
      vertex 156.766 96.3394 23.6
      vertex 156.619 95.9059 2
      vertex 156.619 95.9059 23.6
    endloop
  endfacet
  facet normal 0.83182 -0.555045 0
    outer loop
      vertex 162.777 92.8693 23.6
      vertex 163 93.2035 2
      vertex 163 93.2035 23.6
    endloop
  endfacet
  facet normal 0.83182 -0.555045 0
    outer loop
      vertex 163 93.2035 2
      vertex 162.777 92.8693 23.6
      vertex 162.777 92.8693 2
    endloop
  endfacet
  facet normal -0.99785 -0.0655331 0
    outer loop
      vertex 156.53 94.5432 2
      vertex 156.5 95 23.6
      vertex 156.5 95 2
    endloop
  endfacet
  facet normal -0.99785 -0.0655331 0
    outer loop
      vertex 156.5 95 23.6
      vertex 156.53 94.5432 2
      vertex 156.53 94.5432 23.6
    endloop
  endfacet
  facet normal -0.947032 -0.321139 0
    outer loop
      vertex 156.766 93.6606 2
      vertex 156.619 94.0941 23.6
      vertex 156.619 94.0941 2
    endloop
  endfacet
  facet normal -0.947032 -0.321139 0
    outer loop
      vertex 156.619 94.0941 23.6
      vertex 156.766 93.6606 2
      vertex 156.766 93.6606 23.6
    endloop
  endfacet
  facet normal -0.659494 -0.75171 0
    outer loop
      vertex 157.525 92.5251 2
      vertex 157.869 92.2233 23.6
      vertex 157.525 92.5251 23.6
    endloop
  endfacet
  facet normal -0.659494 -0.75171 -0
    outer loop
      vertex 157.869 92.2233 23.6
      vertex 157.525 92.5251 2
      vertex 157.869 92.2233 2
    endloop
  endfacet
  facet normal 0.751683 0.659524 0
    outer loop
      vertex 162.777 97.1307 23.6
      vertex 162.475 97.4749 2
      vertex 162.475 97.4749 23.6
    endloop
  endfacet
  facet normal 0.751683 0.659524 0
    outer loop
      vertex 162.475 97.4749 2
      vertex 162.777 97.1307 23.6
      vertex 162.777 97.1307 2
    endloop
  endfacet
  facet normal 0.751683 -0.659524 0
    outer loop
      vertex 162.475 92.5251 23.6
      vertex 162.777 92.8693 2
      vertex 162.777 92.8693 23.6
    endloop
  endfacet
  facet normal 0.751683 -0.659524 0
    outer loop
      vertex 162.777 92.8693 2
      vertex 162.475 92.5251 23.6
      vertex 162.475 92.5251 2
    endloop
  endfacet
  facet normal -0.441968 -0.897031 0
    outer loop
      vertex 158.25 91.9689 2
      vertex 158.661 91.7664 23.6
      vertex 158.25 91.9689 23.6
    endloop
  endfacet
  facet normal -0.441968 -0.897031 -0
    outer loop
      vertex 158.661 91.7664 23.6
      vertex 158.25 91.9689 2
      vertex 158.661 91.7664 2
    endloop
  endfacet
  facet normal -0.980924 0.194394 0
    outer loop
      vertex 156.53 95.4568 2
      vertex 156.619 95.9059 23.6
      vertex 156.619 95.9059 2
    endloop
  endfacet
  facet normal -0.980924 0.194394 0
    outer loop
      vertex 156.619 95.9059 23.6
      vertex 156.53 95.4568 2
      vertex 156.53 95.4568 23.6
    endloop
  endfacet
  facet normal 0.0652871 -0.997867 0
    outer loop
      vertex 160 91.5 2
      vertex 160.457 91.5299 23.6
      vertex 160 91.5 23.6
    endloop
  endfacet
  facet normal 0.0652871 -0.997867 0
    outer loop
      vertex 160.457 91.5299 23.6
      vertex 160 91.5 2
      vertex 160.457 91.5299 2
    endloop
  endfacet
  facet normal 0.441968 -0.897031 0
    outer loop
      vertex 161.339 91.7664 2
      vertex 161.75 91.9689 23.6
      vertex 161.339 91.7664 23.6
    endloop
  endfacet
  facet normal 0.441968 -0.897031 0
    outer loop
      vertex 161.75 91.9689 23.6
      vertex 161.339 91.7664 2
      vertex 161.75 91.9689 2
    endloop
  endfacet
  facet normal 0.659494 -0.75171 0
    outer loop
      vertex 162.131 92.2233 2
      vertex 162.475 92.5251 23.6
      vertex 162.131 92.2233 23.6
    endloop
  endfacet
  facet normal 0.659494 -0.75171 0
    outer loop
      vertex 162.475 92.5251 23.6
      vertex 162.131 92.2233 2
      vertex 162.475 92.5251 2
    endloop
  endfacet
  facet normal -0.896427 -0.443192 0
    outer loop
      vertex 156.969 93.25 2
      vertex 156.766 93.6606 23.6
      vertex 156.766 93.6606 2
    endloop
  endfacet
  facet normal -0.896427 -0.443192 0
    outer loop
      vertex 156.766 93.6606 23.6
      vertex 156.969 93.25 2
      vertex 156.969 93.25 23.6
    endloop
  endfacet
  facet normal 0.659494 0.75171 -0
    outer loop
      vertex 162.475 97.4749 2
      vertex 162.131 97.7767 23.6
      vertex 162.475 97.4749 23.6
    endloop
  endfacet
  facet normal 0.659494 0.75171 0
    outer loop
      vertex 162.131 97.7767 23.6
      vertex 162.475 97.4749 2
      vertex 162.131 97.7767 2
    endloop
  endfacet
  facet normal -0.555305 -0.831647 0
    outer loop
      vertex 157.869 92.2233 2
      vertex 158.25 91.9689 23.6
      vertex 157.869 92.2233 23.6
    endloop
  endfacet
  facet normal -0.555305 -0.831647 -0
    outer loop
      vertex 158.25 91.9689 23.6
      vertex 157.869 92.2233 2
      vertex 158.25 91.9689 2
    endloop
  endfacet
  facet normal -0.980924 -0.194394 0
    outer loop
      vertex 156.619 94.0941 2
      vertex 156.53 94.5432 23.6
      vertex 156.53 94.5432 2
    endloop
  endfacet
  facet normal -0.980924 -0.194394 0
    outer loop
      vertex 156.53 94.5432 23.6
      vertex 156.619 94.0941 2
      vertex 156.619 94.0941 23.6
    endloop
  endfacet
  facet normal -0.195276 -0.980748 0
    outer loop
      vertex 159.094 91.6193 2
      vertex 159.543 91.5299 23.6
      vertex 159.094 91.6193 23.6
    endloop
  endfacet
  facet normal -0.195276 -0.980748 -0
    outer loop
      vertex 159.543 91.5299 23.6
      vertex 159.094 91.6193 2
      vertex 159.543 91.5299 2
    endloop
  endfacet
  facet normal -0.831849 0.555003 0
    outer loop
      vertex 156.969 96.75 2
      vertex 157.223 97.1307 23.6
      vertex 157.223 97.1307 2
    endloop
  endfacet
  facet normal -0.831849 0.555003 0
    outer loop
      vertex 157.223 97.1307 23.6
      vertex 156.969 96.75 2
      vertex 156.969 96.75 23.6
    endloop
  endfacet
  facet normal -0.0652871 -0.997867 0
    outer loop
      vertex 159.543 91.5299 2
      vertex 160 91.5 23.6
      vertex 159.543 91.5299 23.6
    endloop
  endfacet
  facet normal -0.0652871 -0.997867 -0
    outer loop
      vertex 160 91.5 23.6
      vertex 159.543 91.5299 2
      vertex 160 91.5 2
    endloop
  endfacet
  facet normal -0.980651 0.195763 0
    outer loop
      vertex 161.207 94.6765 15.6
      vertex 161.239 94.8368 23.6
      vertex 161.239 94.8368 15.6
    endloop
  endfacet
  facet normal -0.980651 0.195763 0
    outer loop
      vertex 161.239 94.8368 23.6
      vertex 161.207 94.6765 15.6
      vertex 161.207 94.6765 23.6
    endloop
  endfacet
  facet normal -0.980651 -0.195763 0
    outer loop
      vertex 161.239 95.1632 15.6
      vertex 161.207 95.3235 23.6
      vertex 161.207 95.3235 15.6
    endloop
  endfacet
  facet normal -0.980651 -0.195763 0
    outer loop
      vertex 161.207 95.3235 23.6
      vertex 161.239 95.1632 15.6
      vertex 161.239 95.1632 23.6
    endloop
  endfacet
  facet normal -0.997736 -0.0672494 0
    outer loop
      vertex 161.25 95 15.6
      vertex 161.239 95.1632 23.6
      vertex 161.239 95.1632 15.6
    endloop
  endfacet
  facet normal -0.997736 -0.0672494 0
    outer loop
      vertex 161.239 95.1632 23.6
      vertex 161.25 95 15.6
      vertex 161.25 95 23.6
    endloop
  endfacet
  facet normal -0.948008 -0.318247 0
    outer loop
      vertex 161.207 95.3235 15.6
      vertex 161.155 95.4784 23.6
      vertex 161.155 95.4784 15.6
    endloop
  endfacet
  facet normal -0.948008 -0.318247 0
    outer loop
      vertex 161.155 95.4784 23.6
      vertex 161.207 95.3235 15.6
      vertex 161.207 95.3235 23.6
    endloop
  endfacet
  facet normal 0.997736 -0.0672494 0
    outer loop
      vertex 158.75 95 23.6
      vertex 158.761 95.1632 15.6
      vertex 158.761 95.1632 23.6
    endloop
  endfacet
  facet normal 0.997736 -0.0672494 0
    outer loop
      vertex 158.761 95.1632 15.6
      vertex 158.75 95 23.6
      vertex 158.75 95 15.6
    endloop
  endfacet
  facet normal -0.441344 0.897338 0
    outer loop
      vertex 160.625 93.9175 15.6
      vertex 160.478 93.8452 23.6
      vertex 160.625 93.9175 23.6
    endloop
  endfacet
  facet normal -0.441344 0.897338 0
    outer loop
      vertex 160.478 93.8452 23.6
      vertex 160.625 93.9175 15.6
      vertex 160.478 93.8452 15.6
    endloop
  endfacet
  facet normal -0.194358 -0.980931 0
    outer loop
      vertex 160.163 96.2393 15.6
      vertex 160.324 96.2074 23.6
      vertex 160.163 96.2393 23.6
    endloop
  endfacet
  facet normal -0.194358 -0.980931 -0
    outer loop
      vertex 160.324 96.2074 23.6
      vertex 160.163 96.2393 15.6
      vertex 160.324 96.2074 15.6
    endloop
  endfacet
  facet normal -0.194358 0.980931 0
    outer loop
      vertex 160.324 93.7926 15.6
      vertex 160.163 93.7607 23.6
      vertex 160.324 93.7926 23.6
    endloop
  endfacet
  facet normal -0.194358 0.980931 0
    outer loop
      vertex 160.163 93.7607 23.6
      vertex 160.324 93.7926 15.6
      vertex 160.163 93.7607 15.6
    endloop
  endfacet
  facet normal -0.0655032 0.997852 0
    outer loop
      vertex 160.163 93.7607 15.6
      vertex 160 93.75 23.6
      vertex 160.163 93.7607 23.6
    endloop
  endfacet
  facet normal -0.0655032 0.997852 0
    outer loop
      vertex 160 93.75 23.6
      vertex 160.163 93.7607 15.6
      vertex 160 93.75 15.6
    endloop
  endfacet
  facet normal 0.65911 -0.752046 0
    outer loop
      vertex 159.116 95.8839 15.6
      vertex 159.239 95.9917 23.6
      vertex 159.116 95.8839 23.6
    endloop
  endfacet
  facet normal 0.65911 -0.752046 0
    outer loop
      vertex 159.239 95.9917 23.6
      vertex 159.116 95.8839 15.6
      vertex 159.239 95.9917 15.6
    endloop
  endfacet
  facet normal 0.83092 -0.556392 0
    outer loop
      vertex 158.917 95.625 23.6
      vertex 159.008 95.7609 15.6
      vertex 159.008 95.7609 23.6
    endloop
  endfacet
  facet normal 0.83092 -0.556392 0
    outer loop
      vertex 159.008 95.7609 15.6
      vertex 158.917 95.625 23.6
      vertex 158.917 95.625 15.6
    endloop
  endfacet
  facet normal -0.323224 -0.946322 0
    outer loop
      vertex 160.324 96.2074 15.6
      vertex 160.478 96.1548 23.6
      vertex 160.324 96.2074 23.6
    endloop
  endfacet
  facet normal -0.323224 -0.946322 -0
    outer loop
      vertex 160.478 96.1548 23.6
      vertex 160.324 96.2074 15.6
      vertex 160.478 96.1548 15.6
    endloop
  endfacet
  facet normal -0.65911 0.752046 0
    outer loop
      vertex 160.884 94.1161 15.6
      vertex 160.761 94.0083 23.6
      vertex 160.884 94.1161 23.6
    endloop
  endfacet
  facet normal -0.65911 0.752046 0
    outer loop
      vertex 160.761 94.0083 23.6
      vertex 160.884 94.1161 15.6
      vertex 160.761 94.0083 15.6
    endloop
  endfacet
  facet normal 0.441344 -0.897338 0
    outer loop
      vertex 159.375 96.0825 15.6
      vertex 159.522 96.1548 23.6
      vertex 159.375 96.0825 23.6
    endloop
  endfacet
  facet normal 0.441344 -0.897338 0
    outer loop
      vertex 159.522 96.1548 23.6
      vertex 159.375 96.0825 15.6
      vertex 159.522 96.1548 15.6
    endloop
  endfacet
  facet normal 0.0655032 0.997852 -0
    outer loop
      vertex 160 93.75 15.6
      vertex 159.837 93.7607 23.6
      vertex 160 93.75 23.6
    endloop
  endfacet
  facet normal 0.0655032 0.997852 0
    outer loop
      vertex 159.837 93.7607 23.6
      vertex 160 93.75 15.6
      vertex 159.837 93.7607 15.6
    endloop
  endfacet
  facet normal -0.75144 0.659801 0
    outer loop
      vertex 160.884 94.1161 15.6
      vertex 160.992 94.2391 23.6
      vertex 160.992 94.2391 15.6
    endloop
  endfacet
  facet normal -0.75144 0.659801 0
    outer loop
      vertex 160.992 94.2391 23.6
      vertex 160.884 94.1161 15.6
      vertex 160.884 94.1161 23.6
    endloop
  endfacet
  facet normal 0.948008 0.318247 0
    outer loop
      vertex 158.845 94.5216 23.6
      vertex 158.793 94.6765 15.6
      vertex 158.793 94.6765 23.6
    endloop
  endfacet
  facet normal 0.948008 0.318247 0
    outer loop
      vertex 158.793 94.6765 15.6
      vertex 158.845 94.5216 23.6
      vertex 158.845 94.5216 15.6
    endloop
  endfacet
  facet normal -0.323224 0.946322 0
    outer loop
      vertex 160.478 93.8452 15.6
      vertex 160.324 93.7926 23.6
      vertex 160.478 93.8452 23.6
    endloop
  endfacet
  facet normal -0.323224 0.946322 0
    outer loop
      vertex 160.324 93.7926 23.6
      vertex 160.478 93.8452 15.6
      vertex 160.324 93.7926 15.6
    endloop
  endfacet
  facet normal 0.323224 -0.946322 0
    outer loop
      vertex 159.522 96.1548 15.6
      vertex 159.676 96.2074 23.6
      vertex 159.522 96.1548 23.6
    endloop
  endfacet
  facet normal 0.323224 -0.946322 0
    outer loop
      vertex 159.676 96.2074 23.6
      vertex 159.522 96.1548 15.6
      vertex 159.676 96.2074 15.6
    endloop
  endfacet
  facet normal -0.75144 -0.659801 0
    outer loop
      vertex 160.992 95.7609 15.6
      vertex 160.884 95.8839 23.6
      vertex 160.884 95.8839 15.6
    endloop
  endfacet
  facet normal -0.75144 -0.659801 0
    outer loop
      vertex 160.884 95.8839 23.6
      vertex 160.992 95.7609 15.6
      vertex 160.992 95.7609 23.6
    endloop
  endfacet
  facet normal 0.555265 -0.831674 0
    outer loop
      vertex 159.239 95.9917 15.6
      vertex 159.375 96.0825 23.6
      vertex 159.239 95.9917 23.6
    endloop
  endfacet
  facet normal 0.555265 -0.831674 0
    outer loop
      vertex 159.375 96.0825 23.6
      vertex 159.239 95.9917 15.6
      vertex 159.375 96.0825 15.6
    endloop
  endfacet
  facet normal 0.948008 -0.318247 0
    outer loop
      vertex 158.793 95.3235 23.6
      vertex 158.845 95.4784 15.6
      vertex 158.845 95.4784 23.6
    endloop
  endfacet
  facet normal 0.948008 -0.318247 0
    outer loop
      vertex 158.845 95.4784 15.6
      vertex 158.793 95.3235 23.6
      vertex 158.793 95.3235 15.6
    endloop
  endfacet
  facet normal -0.897588 -0.440835 0
    outer loop
      vertex 161.155 95.4784 15.6
      vertex 161.083 95.625 23.6
      vertex 161.083 95.625 15.6
    endloop
  endfacet
  facet normal -0.897588 -0.440835 0
    outer loop
      vertex 161.083 95.625 23.6
      vertex 161.155 95.4784 15.6
      vertex 161.155 95.4784 23.6
    endloop
  endfacet
  facet normal 0.194358 -0.980931 0
    outer loop
      vertex 159.676 96.2074 15.6
      vertex 159.837 96.2393 23.6
      vertex 159.676 96.2074 23.6
    endloop
  endfacet
  facet normal 0.194358 -0.980931 0
    outer loop
      vertex 159.837 96.2393 23.6
      vertex 159.676 96.2074 15.6
      vertex 159.837 96.2393 15.6
    endloop
  endfacet
  facet normal -0.65911 -0.752046 0
    outer loop
      vertex 160.761 95.9917 15.6
      vertex 160.884 95.8839 23.6
      vertex 160.761 95.9917 23.6
    endloop
  endfacet
  facet normal -0.65911 -0.752046 -0
    outer loop
      vertex 160.884 95.8839 23.6
      vertex 160.761 95.9917 15.6
      vertex 160.884 95.8839 15.6
    endloop
  endfacet
  facet normal -0.997736 0.0672494 0
    outer loop
      vertex 161.239 94.8368 15.6
      vertex 161.25 95 23.6
      vertex 161.25 95 15.6
    endloop
  endfacet
  facet normal -0.997736 0.0672494 0
    outer loop
      vertex 161.25 95 23.6
      vertex 161.239 94.8368 15.6
      vertex 161.239 94.8368 23.6
    endloop
  endfacet
  facet normal -0.441344 -0.897338 0
    outer loop
      vertex 160.478 96.1548 15.6
      vertex 160.625 96.0825 23.6
      vertex 160.478 96.1548 23.6
    endloop
  endfacet
  facet normal -0.441344 -0.897338 -0
    outer loop
      vertex 160.625 96.0825 23.6
      vertex 160.478 96.1548 15.6
      vertex 160.625 96.0825 15.6
    endloop
  endfacet
  facet normal 0.323224 0.946322 -0
    outer loop
      vertex 159.676 93.7926 15.6
      vertex 159.522 93.8452 23.6
      vertex 159.676 93.7926 23.6
    endloop
  endfacet
  facet normal 0.323224 0.946322 0
    outer loop
      vertex 159.522 93.8452 23.6
      vertex 159.676 93.7926 15.6
      vertex 159.522 93.8452 15.6
    endloop
  endfacet
  facet normal 0.980651 -0.195763 0
    outer loop
      vertex 158.761 95.1632 23.6
      vertex 158.793 95.3235 15.6
      vertex 158.793 95.3235 23.6
    endloop
  endfacet
  facet normal 0.980651 -0.195763 0
    outer loop
      vertex 158.793 95.3235 15.6
      vertex 158.761 95.1632 23.6
      vertex 158.761 95.1632 15.6
    endloop
  endfacet
  facet normal 0.0655032 -0.997852 0
    outer loop
      vertex 159.837 96.2393 15.6
      vertex 160 96.25 23.6
      vertex 159.837 96.2393 23.6
    endloop
  endfacet
  facet normal 0.0655032 -0.997852 0
    outer loop
      vertex 160 96.25 23.6
      vertex 159.837 96.2393 15.6
      vertex 160 96.25 15.6
    endloop
  endfacet
  facet normal 0.194358 0.980931 -0
    outer loop
      vertex 159.837 93.7607 15.6
      vertex 159.676 93.7926 23.6
      vertex 159.837 93.7607 23.6
    endloop
  endfacet
  facet normal 0.194358 0.980931 0
    outer loop
      vertex 159.676 93.7926 23.6
      vertex 159.837 93.7607 15.6
      vertex 159.676 93.7926 15.6
    endloop
  endfacet
  facet normal -0.948008 0.318247 0
    outer loop
      vertex 161.155 94.5216 15.6
      vertex 161.207 94.6765 23.6
      vertex 161.207 94.6765 15.6
    endloop
  endfacet
  facet normal -0.948008 0.318247 0
    outer loop
      vertex 161.207 94.6765 23.6
      vertex 161.155 94.5216 15.6
      vertex 161.155 94.5216 23.6
    endloop
  endfacet
  facet normal -0.83092 -0.556392 0
    outer loop
      vertex 161.083 95.625 15.6
      vertex 160.992 95.7609 23.6
      vertex 160.992 95.7609 15.6
    endloop
  endfacet
  facet normal -0.83092 -0.556392 0
    outer loop
      vertex 160.992 95.7609 23.6
      vertex 161.083 95.625 15.6
      vertex 161.083 95.625 23.6
    endloop
  endfacet
  facet normal 0.897588 0.440835 0
    outer loop
      vertex 158.917 94.375 23.6
      vertex 158.845 94.5216 15.6
      vertex 158.845 94.5216 23.6
    endloop
  endfacet
  facet normal 0.897588 0.440835 0
    outer loop
      vertex 158.845 94.5216 15.6
      vertex 158.917 94.375 23.6
      vertex 158.917 94.375 15.6
    endloop
  endfacet
  facet normal -0.897588 0.440835 0
    outer loop
      vertex 161.083 94.375 15.6
      vertex 161.155 94.5216 23.6
      vertex 161.155 94.5216 15.6
    endloop
  endfacet
  facet normal -0.897588 0.440835 0
    outer loop
      vertex 161.155 94.5216 23.6
      vertex 161.083 94.375 15.6
      vertex 161.083 94.375 23.6
    endloop
  endfacet
  facet normal 0.75144 0.659801 0
    outer loop
      vertex 159.116 94.1161 23.6
      vertex 159.008 94.2391 15.6
      vertex 159.008 94.2391 23.6
    endloop
  endfacet
  facet normal 0.75144 0.659801 0
    outer loop
      vertex 159.008 94.2391 15.6
      vertex 159.116 94.1161 23.6
      vertex 159.116 94.1161 15.6
    endloop
  endfacet
  facet normal -0.83092 0.556392 0
    outer loop
      vertex 160.992 94.2391 15.6
      vertex 161.083 94.375 23.6
      vertex 161.083 94.375 15.6
    endloop
  endfacet
  facet normal -0.83092 0.556392 0
    outer loop
      vertex 161.083 94.375 23.6
      vertex 160.992 94.2391 15.6
      vertex 160.992 94.2391 23.6
    endloop
  endfacet
  facet normal 0 0 1
    outer loop
      vertex 161.239 95.1632 15.6
      vertex 161.239 94.8368 15.6
      vertex 161.25 95 15.6
    endloop
  endfacet
  facet normal 0 0 1
    outer loop
      vertex 161.207 95.3235 15.6
      vertex 161.239 94.8368 15.6
      vertex 161.239 95.1632 15.6
    endloop
  endfacet
  facet normal 0 0 1
    outer loop
      vertex 161.207 95.3235 15.6
      vertex 161.207 94.6765 15.6
      vertex 161.239 94.8368 15.6
    endloop
  endfacet
  facet normal 0 0 1
    outer loop
      vertex 161.155 95.4784 15.6
      vertex 161.207 94.6765 15.6
      vertex 161.207 95.3235 15.6
    endloop
  endfacet
  facet normal 0 0 1
    outer loop
      vertex 161.155 95.4784 15.6
      vertex 161.155 94.5216 15.6
      vertex 161.207 94.6765 15.6
    endloop
  endfacet
  facet normal 0 0 1
    outer loop
      vertex 161.083 95.625 15.6
      vertex 161.155 94.5216 15.6
      vertex 161.155 95.4784 15.6
    endloop
  endfacet
  facet normal 0 0 1
    outer loop
      vertex 161.083 95.625 15.6
      vertex 161.083 94.375 15.6
      vertex 161.155 94.5216 15.6
    endloop
  endfacet
  facet normal 0 0 1
    outer loop
      vertex 160.992 95.7609 15.6
      vertex 161.083 94.375 15.6
      vertex 161.083 95.625 15.6
    endloop
  endfacet
  facet normal 0 0 1
    outer loop
      vertex 160.992 95.7609 15.6
      vertex 160.992 94.2391 15.6
      vertex 161.083 94.375 15.6
    endloop
  endfacet
  facet normal 0 0 1
    outer loop
      vertex 160.884 95.8839 15.6
      vertex 160.992 94.2391 15.6
      vertex 160.992 95.7609 15.6
    endloop
  endfacet
  facet normal 0 0 1
    outer loop
      vertex 160.884 95.8839 15.6
      vertex 160.884 94.1161 15.6
      vertex 160.992 94.2391 15.6
    endloop
  endfacet
  facet normal 0 0 1
    outer loop
      vertex 160.761 95.9917 15.6
      vertex 160.884 94.1161 15.6
      vertex 160.884 95.8839 15.6
    endloop
  endfacet
  facet normal 0 0 1
    outer loop
      vertex 160.761 95.9917 15.6
      vertex 160.761 94.0083 15.6
      vertex 160.884 94.1161 15.6
    endloop
  endfacet
  facet normal 0 0 1
    outer loop
      vertex 160.625 96.0825 15.6
      vertex 160.761 94.0083 15.6
      vertex 160.761 95.9917 15.6
    endloop
  endfacet
  facet normal 0 0 1
    outer loop
      vertex 160.625 96.0825 15.6
      vertex 160.625 93.9175 15.6
      vertex 160.761 94.0083 15.6
    endloop
  endfacet
  facet normal 0 0 1
    outer loop
      vertex 160.478 96.1548 15.6
      vertex 160.625 93.9175 15.6
      vertex 160.625 96.0825 15.6
    endloop
  endfacet
  facet normal 0 0 1
    outer loop
      vertex 160.478 96.1548 15.6
      vertex 160.478 93.8452 15.6
      vertex 160.625 93.9175 15.6
    endloop
  endfacet
  facet normal 0 0 1
    outer loop
      vertex 160.324 96.2074 15.6
      vertex 160.478 93.8452 15.6
      vertex 160.478 96.1548 15.6
    endloop
  endfacet
  facet normal 0 0 1
    outer loop
      vertex 160.324 96.2074 15.6
      vertex 160.324 93.7926 15.6
      vertex 160.478 93.8452 15.6
    endloop
  endfacet
  facet normal 0 0 1
    outer loop
      vertex 160.163 96.2393 15.6
      vertex 160.324 93.7926 15.6
      vertex 160.324 96.2074 15.6
    endloop
  endfacet
  facet normal 0 0 1
    outer loop
      vertex 160.163 96.2393 15.6
      vertex 160.163 93.7607 15.6
      vertex 160.324 93.7926 15.6
    endloop
  endfacet
  facet normal 0 0 1
    outer loop
      vertex 160 96.25 15.6
      vertex 160.163 93.7607 15.6
      vertex 160.163 96.2393 15.6
    endloop
  endfacet
  facet normal 0 0 1
    outer loop
      vertex 160 96.25 15.6
      vertex 160 93.75 15.6
      vertex 160.163 93.7607 15.6
    endloop
  endfacet
  facet normal -0 0 1
    outer loop
      vertex 159.837 96.2393 15.6
      vertex 160 93.75 15.6
      vertex 160 96.25 15.6
    endloop
  endfacet
  facet normal 0 0 1
    outer loop
      vertex 159.837 96.2393 15.6
      vertex 159.837 93.7607 15.6
      vertex 160 93.75 15.6
    endloop
  endfacet
  facet normal -0 0 1
    outer loop
      vertex 159.676 96.2074 15.6
      vertex 159.837 93.7607 15.6
      vertex 159.837 96.2393 15.6
    endloop
  endfacet
  facet normal 0 0 1
    outer loop
      vertex 159.676 96.2074 15.6
      vertex 159.676 93.7926 15.6
      vertex 159.837 93.7607 15.6
    endloop
  endfacet
  facet normal -0 0 1
    outer loop
      vertex 159.522 96.1548 15.6
      vertex 159.676 93.7926 15.6
      vertex 159.676 96.2074 15.6
    endloop
  endfacet
  facet normal 0 0 1
    outer loop
      vertex 159.522 96.1548 15.6
      vertex 159.522 93.8452 15.6
      vertex 159.676 93.7926 15.6
    endloop
  endfacet
  facet normal -0 0 1
    outer loop
      vertex 159.375 96.0825 15.6
      vertex 159.522 93.8452 15.6
      vertex 159.522 96.1548 15.6
    endloop
  endfacet
  facet normal 0 0 1
    outer loop
      vertex 159.375 96.0825 15.6
      vertex 159.375 93.9175 15.6
      vertex 159.522 93.8452 15.6
    endloop
  endfacet
  facet normal -0 0 1
    outer loop
      vertex 159.239 95.9917 15.6
      vertex 159.375 93.9175 15.6
      vertex 159.375 96.0825 15.6
    endloop
  endfacet
  facet normal 0 0 1
    outer loop
      vertex 159.239 95.9917 15.6
      vertex 159.239 94.0083 15.6
      vertex 159.375 93.9175 15.6
    endloop
  endfacet
  facet normal -0 0 1
    outer loop
      vertex 159.116 95.8839 15.6
      vertex 159.239 94.0083 15.6
      vertex 159.239 95.9917 15.6
    endloop
  endfacet
  facet normal 0 0 1
    outer loop
      vertex 159.116 95.8839 15.6
      vertex 159.116 94.1161 15.6
      vertex 159.239 94.0083 15.6
    endloop
  endfacet
  facet normal -0 0 1
    outer loop
      vertex 159.008 95.7609 15.6
      vertex 159.116 94.1161 15.6
      vertex 159.116 95.8839 15.6
    endloop
  endfacet
  facet normal 0 0 1
    outer loop
      vertex 159.008 95.7609 15.6
      vertex 159.008 94.2391 15.6
      vertex 159.116 94.1161 15.6
    endloop
  endfacet
  facet normal -0 0 1
    outer loop
      vertex 158.917 95.625 15.6
      vertex 159.008 94.2391 15.6
      vertex 159.008 95.7609 15.6
    endloop
  endfacet
  facet normal 0 0 1
    outer loop
      vertex 158.917 95.625 15.6
      vertex 158.917 94.375 15.6
      vertex 159.008 94.2391 15.6
    endloop
  endfacet
  facet normal -0 0 1
    outer loop
      vertex 158.845 95.4784 15.6
      vertex 158.917 94.375 15.6
      vertex 158.917 95.625 15.6
    endloop
  endfacet
  facet normal 0 0 1
    outer loop
      vertex 158.845 95.4784 15.6
      vertex 158.845 94.5216 15.6
      vertex 158.917 94.375 15.6
    endloop
  endfacet
  facet normal -0 0 1
    outer loop
      vertex 158.793 95.3235 15.6
      vertex 158.845 94.5216 15.6
      vertex 158.845 95.4784 15.6
    endloop
  endfacet
  facet normal 0 0 1
    outer loop
      vertex 158.793 95.3235 15.6
      vertex 158.793 94.6765 15.6
      vertex 158.845 94.5216 15.6
    endloop
  endfacet
  facet normal -0 0 1
    outer loop
      vertex 158.761 95.1632 15.6
      vertex 158.793 94.6765 15.6
      vertex 158.793 95.3235 15.6
    endloop
  endfacet
  facet normal 0 0 1
    outer loop
      vertex 158.761 95.1632 15.6
      vertex 158.761 94.8368 15.6
      vertex 158.793 94.6765 15.6
    endloop
  endfacet
  facet normal 0 -0 1
    outer loop
      vertex 158.761 94.8368 15.6
      vertex 158.761 95.1632 15.6
      vertex 158.75 95 15.6
    endloop
  endfacet
  facet normal 0.75144 -0.659801 0
    outer loop
      vertex 159.008 95.7609 23.6
      vertex 159.116 95.8839 15.6
      vertex 159.116 95.8839 23.6
    endloop
  endfacet
  facet normal 0.75144 -0.659801 0
    outer loop
      vertex 159.116 95.8839 15.6
      vertex 159.008 95.7609 23.6
      vertex 159.008 95.7609 15.6
    endloop
  endfacet
  facet normal -0.0655032 -0.997852 0
    outer loop
      vertex 160 96.25 15.6
      vertex 160.163 96.2393 23.6
      vertex 160 96.25 23.6
    endloop
  endfacet
  facet normal -0.0655032 -0.997852 -0
    outer loop
      vertex 160.163 96.2393 23.6
      vertex 160 96.25 15.6
      vertex 160.163 96.2393 15.6
    endloop
  endfacet
  facet normal -0.555265 -0.831674 0
    outer loop
      vertex 160.625 96.0825 15.6
      vertex 160.761 95.9917 23.6
      vertex 160.625 96.0825 23.6
    endloop
  endfacet
  facet normal -0.555265 -0.831674 -0
    outer loop
      vertex 160.761 95.9917 23.6
      vertex 160.625 96.0825 15.6
      vertex 160.761 95.9917 15.6
    endloop
  endfacet
  facet normal 0.441344 0.897338 -0
    outer loop
      vertex 159.522 93.8452 15.6
      vertex 159.375 93.9175 23.6
      vertex 159.522 93.8452 23.6
    endloop
  endfacet
  facet normal 0.441344 0.897338 0
    outer loop
      vertex 159.375 93.9175 23.6
      vertex 159.522 93.8452 15.6
      vertex 159.375 93.9175 15.6
    endloop
  endfacet
  facet normal 0.83092 0.556392 0
    outer loop
      vertex 159.008 94.2391 23.6
      vertex 158.917 94.375 15.6
      vertex 158.917 94.375 23.6
    endloop
  endfacet
  facet normal 0.83092 0.556392 0
    outer loop
      vertex 158.917 94.375 15.6
      vertex 159.008 94.2391 23.6
      vertex 159.008 94.2391 15.6
    endloop
  endfacet
  facet normal 0.980651 0.195763 0
    outer loop
      vertex 158.793 94.6765 23.6
      vertex 158.761 94.8368 15.6
      vertex 158.761 94.8368 23.6
    endloop
  endfacet
  facet normal 0.980651 0.195763 0
    outer loop
      vertex 158.761 94.8368 15.6
      vertex 158.793 94.6765 23.6
      vertex 158.793 94.6765 15.6
    endloop
  endfacet
  facet normal 0.65911 0.752046 -0
    outer loop
      vertex 159.239 94.0083 15.6
      vertex 159.116 94.1161 23.6
      vertex 159.239 94.0083 23.6
    endloop
  endfacet
  facet normal 0.65911 0.752046 0
    outer loop
      vertex 159.116 94.1161 23.6
      vertex 159.239 94.0083 15.6
      vertex 159.116 94.1161 15.6
    endloop
  endfacet
  facet normal 0.897588 -0.440835 0
    outer loop
      vertex 158.845 95.4784 23.6
      vertex 158.917 95.625 15.6
      vertex 158.917 95.625 23.6
    endloop
  endfacet
  facet normal 0.897588 -0.440835 0
    outer loop
      vertex 158.917 95.625 15.6
      vertex 158.845 95.4784 23.6
      vertex 158.845 95.4784 15.6
    endloop
  endfacet
  facet normal 0.997736 0.0672494 0
    outer loop
      vertex 158.761 94.8368 23.6
      vertex 158.75 95 15.6
      vertex 158.75 95 23.6
    endloop
  endfacet
  facet normal 0.997736 0.0672494 0
    outer loop
      vertex 158.75 95 15.6
      vertex 158.761 94.8368 23.6
      vertex 158.761 94.8368 15.6
    endloop
  endfacet
  facet normal -0.555265 0.831674 0
    outer loop
      vertex 160.761 94.0083 15.6
      vertex 160.625 93.9175 23.6
      vertex 160.761 94.0083 23.6
    endloop
  endfacet
  facet normal -0.555265 0.831674 0
    outer loop
      vertex 160.625 93.9175 23.6
      vertex 160.761 94.0083 15.6
      vertex 160.625 93.9175 15.6
    endloop
  endfacet
  facet normal 0.555265 0.831674 -0
    outer loop
      vertex 159.375 93.9175 15.6
      vertex 159.239 94.0083 23.6
      vertex 159.375 93.9175 23.6
    endloop
  endfacet
  facet normal 0.555265 0.831674 0
    outer loop
      vertex 159.239 94.0083 23.6
      vertex 159.375 93.9175 15.6
      vertex 159.239 94.0083 15.6
    endloop
  endfacet
  facet normal 0.980815 0.19494 0
    outer loop
      vertex 13.9743 11.3916 7
      vertex 13.8978 11.7765 2
      vertex 13.8978 11.7765 7
    endloop
  endfacet
  facet normal 0.980815 0.19494 0
    outer loop
      vertex 13.8978 11.7765 2
      vertex 13.9743 11.3916 7
      vertex 13.9743 11.3916 2
    endloop
  endfacet
  facet normal 0.997853 0.0654873 0
    outer loop
      vertex 14 11 7
      vertex 13.9743 11.3916 2
      vertex 13.9743 11.3916 7
    endloop
  endfacet
  facet normal 0.997853 0.0654873 0
    outer loop
      vertex 13.9743 11.3916 2
      vertex 14 11 7
      vertex 14 11 2
    endloop
  endfacet
  facet normal 0.980815 -0.19494 0
    outer loop
      vertex 13.8978 10.2235 7
      vertex 13.9743 10.6084 2
      vertex 13.9743 10.6084 7
    endloop
  endfacet
  facet normal 0.980815 -0.19494 0
    outer loop
      vertex 13.9743 10.6084 2
      vertex 13.8978 10.2235 7
      vertex 13.8978 10.2235 2
    endloop
  endfacet
  facet normal 0 0 1
    outer loop
      vertex 12.25 11 7
      vertex 14 11 7
      vertex 13.9743 11.3916 7
    endloop
  endfacet
  facet normal 0 0 1
    outer loop
      vertex 12.2393 11.1632 7
      vertex 13.9743 11.3916 7
      vertex 13.8978 11.7765 7
    endloop
  endfacet
  facet normal 0 0 1
    outer loop
      vertex 14 11 7
      vertex 12.25 11 7
      vertex 13.9743 10.6084 7
    endloop
  endfacet
  facet normal 0 0 1
    outer loop
      vertex 12.2074 11.3235 7
      vertex 13.8978 11.7765 7
      vertex 13.7716 12.148 7
    endloop
  endfacet
  facet normal -0 0 1
    outer loop
      vertex 12.2393 10.8368 7
      vertex 13.9743 10.6084 7
      vertex 12.25 11 7
    endloop
  endfacet
  facet normal 0 0 1
    outer loop
      vertex 12.1548 11.4784 7
      vertex 13.7716 12.148 7
      vertex 13.5981 12.5 7
    endloop
  endfacet
  facet normal 0 0 1
    outer loop
      vertex 13.9743 10.6084 7
      vertex 12.2393 10.8368 7
      vertex 13.8978 10.2235 7
    endloop
  endfacet
  facet normal 0 0 1
    outer loop
      vertex 12.0825 11.625 7
      vertex 13.5981 12.5 7
      vertex 13.3801 12.8263 7
    endloop
  endfacet
  facet normal -0 0 1
    outer loop
      vertex 12.2074 10.6765 7
      vertex 13.8978 10.2235 7
      vertex 12.2393 10.8368 7
    endloop
  endfacet
  facet normal 0 0 1
    outer loop
      vertex 11.9917 11.761 7
      vertex 13.3801 12.8263 7
      vertex 13.1213 13.1213 7
    endloop
  endfacet
  facet normal 0 0 1
    outer loop
      vertex 13.8978 10.2235 7
      vertex 12.2074 10.6765 7
      vertex 13.7716 9.85195 7
    endloop
  endfacet
  facet normal 0 0 1
    outer loop
      vertex 11.8839 11.8839 7
      vertex 13.1213 13.1213 7
      vertex 12.8263 13.3801 7
    endloop
  endfacet
  facet normal -0 0 1
    outer loop
      vertex 12.1548 10.5216 7
      vertex 13.7716 9.85195 7
      vertex 12.2074 10.6765 7
    endloop
  endfacet
  facet normal 0 0 1
    outer loop
      vertex 11.761 11.9917 7
      vertex 12.8263 13.3801 7
      vertex 12.5 13.5981 7
    endloop
  endfacet
  facet normal 0 0 1
    outer loop
      vertex 13.7716 9.85195 7
      vertex 12.1548 10.5216 7
      vertex 13.5981 9.5 7
    endloop
  endfacet
  facet normal -0 0 1
    outer loop
      vertex 12.0825 10.375 7
      vertex 13.5981 9.5 7
      vertex 12.1548 10.5216 7
    endloop
  endfacet
  facet normal 0 0 1
    outer loop
      vertex 13.9743 11.3916 7
      vertex 12.2393 11.1632 7
      vertex 12.25 11 7
    endloop
  endfacet
  facet normal 0 0 1
    outer loop
      vertex 13.8978 11.7765 7
      vertex 12.2074 11.3235 7
      vertex 12.2393 11.1632 7
    endloop
  endfacet
  facet normal 0 0 1
    outer loop
      vertex 13.7716 12.148 7
      vertex 12.1548 11.4784 7
      vertex 12.2074 11.3235 7
    endloop
  endfacet
  facet normal 0 0 1
    outer loop
      vertex 11.625 12.0825 7
      vertex 12.5 13.5981 7
      vertex 12.148 13.7716 7
    endloop
  endfacet
  facet normal 0 0 1
    outer loop
      vertex 13.5981 12.5 7
      vertex 12.0825 11.625 7
      vertex 12.1548 11.4784 7
    endloop
  endfacet
  facet normal 0 0 1
    outer loop
      vertex 13.3801 12.8263 7
      vertex 11.9917 11.761 7
      vertex 12.0825 11.625 7
    endloop
  endfacet
  facet normal 0 0 1
    outer loop
      vertex 13.1213 13.1213 7
      vertex 11.8839 11.8839 7
      vertex 11.9917 11.761 7
    endloop
  endfacet
  facet normal 0 0 1
    outer loop
      vertex 11.4784 12.1548 7
      vertex 12.148 13.7716 7
      vertex 11.7765 13.8978 7
    endloop
  endfacet
  facet normal 0 0 1
    outer loop
      vertex 12.8263 13.3801 7
      vertex 11.761 11.9917 7
      vertex 11.8839 11.8839 7
    endloop
  endfacet
  facet normal 0 0 1
    outer loop
      vertex 12.5 13.5981 7
      vertex 11.625 12.0825 7
      vertex 11.761 11.9917 7
    endloop
  endfacet
  facet normal 0 0 1
    outer loop
      vertex 12.148 13.7716 7
      vertex 11.4784 12.1548 7
      vertex 11.625 12.0825 7
    endloop
  endfacet
  facet normal 0 0 1
    outer loop
      vertex 11.3235 12.2074 7
      vertex 11.7765 13.8978 7
      vertex 11.3916 13.9743 7
    endloop
  endfacet
  facet normal 0 0 1
    outer loop
      vertex 11.7765 13.8978 7
      vertex 11.3235 12.2074 7
      vertex 11.4784 12.1548 7
    endloop
  endfacet
  facet normal 0 0 1
    outer loop
      vertex 11.3916 13.9743 7
      vertex 11.1632 12.2393 7
      vertex 11.3235 12.2074 7
    endloop
  endfacet
  facet normal 0 0 1
    outer loop
      vertex 11 14 7
      vertex 11.1632 12.2393 7
      vertex 11.3916 13.9743 7
    endloop
  endfacet
  facet normal 0 0 1
    outer loop
      vertex 11 14 7
      vertex 11 12.25 7
      vertex 11.1632 12.2393 7
    endloop
  endfacet
  facet normal 0 0 1
    outer loop
      vertex 11 14 7
      vertex 10.8368 12.2393 7
      vertex 11 12.25 7
    endloop
  endfacet
  facet normal -0 0 1
    outer loop
      vertex 10.6084 13.9743 7
      vertex 10.8368 12.2393 7
      vertex 11 14 7
    endloop
  endfacet
  facet normal 0 0 1
    outer loop
      vertex 10.8368 12.2393 7
      vertex 10.6084 13.9743 7
      vertex 10.6765 12.2074 7
    endloop
  endfacet
  facet normal -0 0 1
    outer loop
      vertex 10.2235 13.8978 7
      vertex 10.6765 12.2074 7
      vertex 10.6084 13.9743 7
    endloop
  endfacet
  facet normal 0 0 1
    outer loop
      vertex 10.6765 12.2074 7
      vertex 10.2235 13.8978 7
      vertex 10.5216 12.1548 7
    endloop
  endfacet
  facet normal -0 0 1
    outer loop
      vertex 9.85195 13.7716 7
      vertex 10.5216 12.1548 7
      vertex 10.2235 13.8978 7
    endloop
  endfacet
  facet normal 0 0 1
    outer loop
      vertex 10.5216 12.1548 7
      vertex 9.85195 13.7716 7
      vertex 10.375 12.0825 7
    endloop
  endfacet
  facet normal -0 0 1
    outer loop
      vertex 9.5 13.5981 7
      vertex 10.375 12.0825 7
      vertex 9.85195 13.7716 7
    endloop
  endfacet
  facet normal 0 0 1
    outer loop
      vertex 10.375 12.0825 7
      vertex 9.5 13.5981 7
      vertex 10.239 11.9917 7
    endloop
  endfacet
  facet normal -0 0 1
    outer loop
      vertex 9.17372 13.3801 7
      vertex 10.239 11.9917 7
      vertex 9.5 13.5981 7
    endloop
  endfacet
  facet normal 0 0 1
    outer loop
      vertex 10.239 11.9917 7
      vertex 9.17372 13.3801 7
      vertex 10.1161 11.8839 7
    endloop
  endfacet
  facet normal -0 0 1
    outer loop
      vertex 8.87868 13.1213 7
      vertex 10.1161 11.8839 7
      vertex 9.17372 13.3801 7
    endloop
  endfacet
  facet normal 0 0 1
    outer loop
      vertex 10.1161 11.8839 7
      vertex 8.87868 13.1213 7
      vertex 10.0083 11.761 7
    endloop
  endfacet
  facet normal -0 0 1
    outer loop
      vertex 8.61994 12.8263 7
      vertex 10.0083 11.761 7
      vertex 8.87868 13.1213 7
    endloop
  endfacet
  facet normal 0 0 1
    outer loop
      vertex 10.0083 11.761 7
      vertex 8.61994 12.8263 7
      vertex 9.91747 11.625 7
    endloop
  endfacet
  facet normal -0 0 1
    outer loop
      vertex 8.40192 12.5 7
      vertex 9.91747 11.625 7
      vertex 8.61994 12.8263 7
    endloop
  endfacet
  facet normal 0 0 1
    outer loop
      vertex 13.5981 9.5 7
      vertex 12.0825 10.375 7
      vertex 13.3801 9.17372 7
    endloop
  endfacet
  facet normal -0 0 1
    outer loop
      vertex 11.9917 10.239 7
      vertex 13.3801 9.17372 7
      vertex 12.0825 10.375 7
    endloop
  endfacet
  facet normal 0 0 1
    outer loop
      vertex 13.3801 9.17372 7
      vertex 11.9917 10.239 7
      vertex 13.1213 8.87868 7
    endloop
  endfacet
  facet normal -0 0 1
    outer loop
      vertex 11.8839 10.1161 7
      vertex 13.1213 8.87868 7
      vertex 11.9917 10.239 7
    endloop
  endfacet
  facet normal 0 0 1
    outer loop
      vertex 13.1213 8.87868 7
      vertex 11.8839 10.1161 7
      vertex 12.8263 8.61994 7
    endloop
  endfacet
  facet normal -0 0 1
    outer loop
      vertex 11.761 10.0083 7
      vertex 12.8263 8.61994 7
      vertex 11.8839 10.1161 7
    endloop
  endfacet
  facet normal 0 0 1
    outer loop
      vertex 12.8263 8.61994 7
      vertex 11.761 10.0083 7
      vertex 12.5 8.40192 7
    endloop
  endfacet
  facet normal -0 0 1
    outer loop
      vertex 11.625 9.91747 7
      vertex 12.5 8.40192 7
      vertex 11.761 10.0083 7
    endloop
  endfacet
  facet normal 0 0 1
    outer loop
      vertex 12.5 8.40192 7
      vertex 11.625 9.91747 7
      vertex 12.148 8.22836 7
    endloop
  endfacet
  facet normal -0 0 1
    outer loop
      vertex 11.4784 9.84515 7
      vertex 12.148 8.22836 7
      vertex 11.625 9.91747 7
    endloop
  endfacet
  facet normal 0 0 1
    outer loop
      vertex 12.148 8.22836 7
      vertex 11.4784 9.84515 7
      vertex 11.7765 8.10222 7
    endloop
  endfacet
  facet normal -0 0 1
    outer loop
      vertex 11.3235 9.79259 7
      vertex 11.7765 8.10222 7
      vertex 11.4784 9.84515 7
    endloop
  endfacet
  facet normal 0 0 1
    outer loop
      vertex 11.7765 8.10222 7
      vertex 11.3235 9.79259 7
      vertex 11.3916 8.02567 7
    endloop
  endfacet
  facet normal -0 0 1
    outer loop
      vertex 11.1632 9.76069 7
      vertex 11.3916 8.02567 7
      vertex 11.3235 9.79259 7
    endloop
  endfacet
  facet normal -0 0 1
    outer loop
      vertex 11 9.75 7
      vertex 11.3916 8.02567 7
      vertex 11.1632 9.76069 7
    endloop
  endfacet
  facet normal 0 0 1
    outer loop
      vertex 11 9.75 7
      vertex 11 8 7
      vertex 11.3916 8.02567 7
    endloop
  endfacet
  facet normal 0 0 1
    outer loop
      vertex 10.8368 9.76069 7
      vertex 11 8 7
      vertex 11 9.75 7
    endloop
  endfacet
  facet normal 0 0 1
    outer loop
      vertex 10.6084 8.02567 7
      vertex 10.8368 9.76069 7
      vertex 10.6765 9.79259 7
    endloop
  endfacet
  facet normal 0 0 1
    outer loop
      vertex 10.8368 9.76069 7
      vertex 10.6084 8.02567 7
      vertex 11 8 7
    endloop
  endfacet
  facet normal 0 0 1
    outer loop
      vertex 10.2235 8.10222 7
      vertex 10.6765 9.79259 7
      vertex 10.5216 9.84515 7
    endloop
  endfacet
  facet normal 0 0 1
    outer loop
      vertex 9.85195 8.22836 7
      vertex 10.5216 9.84515 7
      vertex 10.375 9.91747 7
    endloop
  endfacet
  facet normal 0 0 1
    outer loop
      vertex 9.5 8.40192 7
      vertex 10.375 9.91747 7
      vertex 10.239 10.0083 7
    endloop
  endfacet
  facet normal 0 0 1
    outer loop
      vertex 10.6765 9.79259 7
      vertex 10.2235 8.10222 7
      vertex 10.6084 8.02567 7
    endloop
  endfacet
  facet normal 0 0 1
    outer loop
      vertex 9.17372 8.61994 7
      vertex 10.239 10.0083 7
      vertex 10.1161 10.1161 7
    endloop
  endfacet
  facet normal 0 0 1
    outer loop
      vertex 8.87868 8.87868 7
      vertex 10.1161 10.1161 7
      vertex 10.0083 10.239 7
    endloop
  endfacet
  facet normal 0 0 1
    outer loop
      vertex 8.61994 9.17372 7
      vertex 10.0083 10.239 7
      vertex 9.91747 10.375 7
    endloop
  endfacet
  facet normal 0 0 1
    outer loop
      vertex 10.5216 9.84515 7
      vertex 9.85195 8.22836 7
      vertex 10.2235 8.10222 7
    endloop
  endfacet
  facet normal 0 0 1
    outer loop
      vertex 8.40192 9.5 7
      vertex 9.91747 10.375 7
      vertex 9.84515 10.5216 7
    endloop
  endfacet
  facet normal 0 0 1
    outer loop
      vertex 8.22836 9.85195 7
      vertex 9.84515 10.5216 7
      vertex 9.79259 10.6765 7
    endloop
  endfacet
  facet normal 0 0 1
    outer loop
      vertex 8.10222 10.2235 7
      vertex 9.79259 10.6765 7
      vertex 9.76069 10.8368 7
    endloop
  endfacet
  facet normal 0 0 1
    outer loop
      vertex 8.02567 10.6084 7
      vertex 9.76069 10.8368 7
      vertex 9.75 11 7
    endloop
  endfacet
  facet normal 0 0 1
    outer loop
      vertex 9.91747 11.625 7
      vertex 8.40192 12.5 7
      vertex 9.84515 11.4784 7
    endloop
  endfacet
  facet normal 0 0 1
    outer loop
      vertex 10.375 9.91747 7
      vertex 9.5 8.40192 7
      vertex 9.85195 8.22836 7
    endloop
  endfacet
  facet normal -0 0 1
    outer loop
      vertex 8.22836 12.148 7
      vertex 9.84515 11.4784 7
      vertex 8.40192 12.5 7
    endloop
  endfacet
  facet normal 0 0 1
    outer loop
      vertex 10.239 10.0083 7
      vertex 9.17372 8.61994 7
      vertex 9.5 8.40192 7
    endloop
  endfacet
  facet normal 0 0 1
    outer loop
      vertex 9.84515 11.4784 7
      vertex 8.22836 12.148 7
      vertex 9.79259 11.3235 7
    endloop
  endfacet
  facet normal 0 0 1
    outer loop
      vertex 10.1161 10.1161 7
      vertex 8.87868 8.87868 7
      vertex 9.17372 8.61994 7
    endloop
  endfacet
  facet normal -0 0 1
    outer loop
      vertex 8.10222 11.7765 7
      vertex 9.79259 11.3235 7
      vertex 8.22836 12.148 7
    endloop
  endfacet
  facet normal 0 0 1
    outer loop
      vertex 10.0083 10.239 7
      vertex 8.61994 9.17372 7
      vertex 8.87868 8.87868 7
    endloop
  endfacet
  facet normal 0 0 1
    outer loop
      vertex 9.79259 11.3235 7
      vertex 8.10222 11.7765 7
      vertex 9.76069 11.1632 7
    endloop
  endfacet
  facet normal 0 0 1
    outer loop
      vertex 9.91747 10.375 7
      vertex 8.40192 9.5 7
      vertex 8.61994 9.17372 7
    endloop
  endfacet
  facet normal -0 0 1
    outer loop
      vertex 8.02567 11.3916 7
      vertex 9.76069 11.1632 7
      vertex 8.10222 11.7765 7
    endloop
  endfacet
  facet normal 0 0 1
    outer loop
      vertex 9.84515 10.5216 7
      vertex 8.22836 9.85195 7
      vertex 8.40192 9.5 7
    endloop
  endfacet
  facet normal 0 0 1
    outer loop
      vertex 9.76069 11.1632 7
      vertex 8.02567 11.3916 7
      vertex 9.75 11 7
    endloop
  endfacet
  facet normal 0 0 1
    outer loop
      vertex 9.79259 10.6765 7
      vertex 8.10222 10.2235 7
      vertex 8.22836 9.85195 7
    endloop
  endfacet
  facet normal 0 0 1
    outer loop
      vertex 8 11 7
      vertex 9.75 11 7
      vertex 8.02567 11.3916 7
    endloop
  endfacet
  facet normal 0 0 1
    outer loop
      vertex 9.76069 10.8368 7
      vertex 8.02567 10.6084 7
      vertex 8.10222 10.2235 7
    endloop
  endfacet
  facet normal 0 0 1
    outer loop
      vertex 9.75 11 7
      vertex 8 11 7
      vertex 8.02567 10.6084 7
    endloop
  endfacet
  facet normal 0.831501 0.555523 0
    outer loop
      vertex 13.5981 12.5 7
      vertex 13.3801 12.8263 2
      vertex 13.3801 12.8263 7
    endloop
  endfacet
  facet normal 0.831501 0.555523 0
    outer loop
      vertex 13.3801 12.8263 2
      vertex 13.5981 12.5 7
      vertex 13.5981 12.5 2
    endloop
  endfacet
  facet normal 0.555523 0.831501 -0
    outer loop
      vertex 12.8263 13.3801 2
      vertex 12.5 13.5981 7
      vertex 12.8263 13.3801 7
    endloop
  endfacet
  facet normal 0.555523 0.831501 0
    outer loop
      vertex 12.5 13.5981 7
      vertex 12.8263 13.3801 2
      vertex 12.5 13.5981 2
    endloop
  endfacet
  facet normal 0.896936 -0.44216 0
    outer loop
      vertex 13.5981 9.5 7
      vertex 13.7716 9.85195 2
      vertex 13.7716 9.85195 7
    endloop
  endfacet
  facet normal 0.896936 -0.44216 0
    outer loop
      vertex 13.7716 9.85195 2
      vertex 13.5981 9.5 7
      vertex 13.5981 9.5 2
    endloop
  endfacet
  facet normal 0.997853 -0.0654873 0
    outer loop
      vertex 13.9743 10.6084 7
      vertex 14 11 2
      vertex 14 11 7
    endloop
  endfacet
  facet normal 0.997853 -0.0654873 0
    outer loop
      vertex 14 11 2
      vertex 13.9743 10.6084 7
      vertex 13.9743 10.6084 2
    endloop
  endfacet
  facet normal 0.321651 0.946858 -0
    outer loop
      vertex 12.148 13.7716 2
      vertex 11.7765 13.8978 7
      vertex 12.148 13.7716 7
    endloop
  endfacet
  facet normal 0.321651 0.946858 0
    outer loop
      vertex 11.7765 13.8978 7
      vertex 12.148 13.7716 2
      vertex 11.7765 13.8978 2
    endloop
  endfacet
  facet normal -0.8969 0.442233 0
    outer loop
      vertex 8.22836 12.148 2
      vertex 8.40192 12.5 7
      vertex 8.40192 12.5 2
    endloop
  endfacet
  facet normal -0.8969 0.442233 0
    outer loop
      vertex 8.40192 12.5 7
      vertex 8.22836 12.148 2
      vertex 8.22836 12.148 7
    endloop
  endfacet
  facet normal -0.659428 0.751768 0
    outer loop
      vertex 9.17372 13.3801 2
      vertex 8.87868 13.1213 7
      vertex 9.17372 13.3801 7
    endloop
  endfacet
  facet normal -0.659428 0.751768 0
    outer loop
      vertex 8.87868 13.1213 7
      vertex 9.17372 13.3801 2
      vertex 8.87868 13.1213 2
    endloop
  endfacet
  facet normal 0.321514 -0.946905 0
    outer loop
      vertex 11.7765 8.10222 2
      vertex 12.148 8.22836 7
      vertex 11.7765 8.10222 7
    endloop
  endfacet
  facet normal 0.321514 -0.946905 0
    outer loop
      vertex 12.148 8.22836 7
      vertex 11.7765 8.10222 2
      vertex 12.148 8.22836 2
    endloop
  endfacet
  facet normal -0.997858 -0.0654112 0
    outer loop
      vertex 8.02567 10.6084 2
      vertex 8 11 7
      vertex 8 11 2
    endloop
  endfacet
  facet normal -0.997858 -0.0654112 0
    outer loop
      vertex 8 11 7
      vertex 8.02567 10.6084 2
      vertex 8.02567 10.6084 7
    endloop
  endfacet
  facet normal -0.659341 -0.751844 0
    outer loop
      vertex 8.87868 8.87868 2
      vertex 9.17372 8.61994 7
      vertex 8.87868 8.87868 7
    endloop
  endfacet
  facet normal -0.659341 -0.751844 -0
    outer loop
      vertex 9.17372 8.61994 7
      vertex 8.87868 8.87868 2
      vertex 9.17372 8.61994 2
    endloop
  endfacet
  facet normal -0.321613 0.946871 0
    outer loop
      vertex 10.2235 13.8978 2
      vertex 9.85195 13.7716 7
      vertex 10.2235 13.8978 7
    endloop
  endfacet
  facet normal -0.321613 0.946871 0
    outer loop
      vertex 9.85195 13.7716 7
      vertex 10.2235 13.8978 2
      vertex 9.85195 13.7716 2
    endloop
  endfacet
  facet normal -0.831462 -0.555582 0
    outer loop
      vertex 8.61994 9.17372 2
      vertex 8.40192 9.5 7
      vertex 8.40192 9.5 2
    endloop
  endfacet
  facet normal -0.831462 -0.555582 0
    outer loop
      vertex 8.40192 9.5 7
      vertex 8.61994 9.17372 2
      vertex 8.61994 9.17372 7
    endloop
  endfacet
  facet normal -0.555547 0.831485 0
    outer loop
      vertex 9.5 13.5981 2
      vertex 9.17372 13.3801 7
      vertex 9.5 13.5981 7
    endloop
  endfacet
  facet normal -0.555547 0.831485 0
    outer loop
      vertex 9.17372 13.3801 7
      vertex 9.5 13.5981 2
      vertex 9.17372 13.3801 2
    endloop
  endfacet
  facet normal -0.997858 0.0654112 0
    outer loop
      vertex 8 11 2
      vertex 8.02567 11.3916 7
      vertex 8.02567 11.3916 2
    endloop
  endfacet
  facet normal -0.997858 0.0654112 0
    outer loop
      vertex 8.02567 11.3916 7
      vertex 8 11 2
      vertex 8 11 7
    endloop
  endfacet
  facet normal 0.19494 0.980815 -0
    outer loop
      vertex 11.7765 13.8978 2
      vertex 11.3916 13.9743 7
      vertex 11.7765 13.8978 7
    endloop
  endfacet
  facet normal 0.19494 0.980815 0
    outer loop
      vertex 11.3916 13.9743 7
      vertex 11.7765 13.8978 2
      vertex 11.3916 13.9743 2
    endloop
  endfacet
  facet normal -0.44216 0.896936 0
    outer loop
      vertex 9.85195 13.7716 2
      vertex 9.5 13.5981 7
      vertex 9.85195 13.7716 7
    endloop
  endfacet
  facet normal -0.44216 0.896936 0
    outer loop
      vertex 9.5 13.5981 7
      vertex 9.85195 13.7716 2
      vertex 9.5 13.5981 2
    endloop
  endfacet
  facet normal 0.0654112 -0.997858 0
    outer loop
      vertex 11 8 2
      vertex 11.3916 8.02567 7
      vertex 11 8 7
    endloop
  endfacet
  facet normal 0.0654112 -0.997858 0
    outer loop
      vertex 11.3916 8.02567 7
      vertex 11 8 2
      vertex 11.3916 8.02567 2
    endloop
  endfacet
  facet normal 0.659392 -0.751799 0
    outer loop
      vertex 12.8263 8.61994 2
      vertex 13.1213 8.87868 7
      vertex 12.8263 8.61994 7
    endloop
  endfacet
  facet normal 0.659392 -0.751799 0
    outer loop
      vertex 13.1213 8.87868 7
      vertex 12.8263 8.61994 2
      vertex 13.1213 8.87868 2
    endloop
  endfacet
  facet normal -0.946918 -0.321476 0
    outer loop
      vertex 8.22836 9.85195 2
      vertex 8.10222 10.2235 7
      vertex 8.10222 10.2235 2
    endloop
  endfacet
  facet normal -0.946918 -0.321476 0
    outer loop
      vertex 8.10222 10.2235 7
      vertex 8.22836 9.85195 2
      vertex 8.22836 9.85195 7
    endloop
  endfacet
  facet normal 0.946871 -0.321613 0
    outer loop
      vertex 13.7716 9.85195 7
      vertex 13.8978 10.2235 2
      vertex 13.8978 10.2235 7
    endloop
  endfacet
  facet normal 0.946871 -0.321613 0
    outer loop
      vertex 13.8978 10.2235 2
      vertex 13.7716 9.85195 7
      vertex 13.7716 9.85195 2
    endloop
  endfacet
  facet normal 0.44211 0.896961 -0
    outer loop
      vertex 12.5 13.5981 2
      vertex 12.148 13.7716 7
      vertex 12.5 13.5981 7
    endloop
  endfacet
  facet normal 0.44211 0.896961 0
    outer loop
      vertex 12.148 13.7716 7
      vertex 12.5 13.5981 2
      vertex 12.148 13.7716 2
    endloop
  endfacet
  facet normal -0.19494 0.980815 0
    outer loop
      vertex 10.6084 13.9743 2
      vertex 10.2235 13.8978 7
      vertex 10.6084 13.9743 7
    endloop
  endfacet
  facet normal -0.19494 0.980815 0
    outer loop
      vertex 10.2235 13.8978 7
      vertex 10.6084 13.9743 2
      vertex 10.2235 13.8978 2
    endloop
  endfacet
  facet normal 0.751724 0.659478 0
    outer loop
      vertex 13.3801 12.8263 7
      vertex 13.1213 13.1213 2
      vertex 13.1213 13.1213 7
    endloop
  endfacet
  facet normal 0.751724 0.659478 0
    outer loop
      vertex 13.1213 13.1213 2
      vertex 13.3801 12.8263 7
      vertex 13.3801 12.8263 2
    endloop
  endfacet
  facet normal 0.751768 -0.659428 0
    outer loop
      vertex 13.1213 8.87868 7
      vertex 13.3801 9.17372 2
      vertex 13.3801 9.17372 7
    endloop
  endfacet
  facet normal 0.751768 -0.659428 0
    outer loop
      vertex 13.3801 9.17372 2
      vertex 13.1213 8.87868 7
      vertex 13.1213 8.87868 2
    endloop
  endfacet
  facet normal -0.442283 -0.896875 0
    outer loop
      vertex 9.5 8.40192 2
      vertex 9.85195 8.22836 7
      vertex 9.5 8.40192 7
    endloop
  endfacet
  facet normal -0.442283 -0.896875 -0
    outer loop
      vertex 9.85195 8.22836 7
      vertex 9.5 8.40192 2
      vertex 9.85195 8.22836 2
    endloop
  endfacet
  facet normal -0.946905 0.321514 0
    outer loop
      vertex 8.10222 11.7765 2
      vertex 8.22836 12.148 7
      vertex 8.22836 12.148 2
    endloop
  endfacet
  facet normal -0.946905 0.321514 0
    outer loop
      vertex 8.22836 12.148 7
      vertex 8.10222 11.7765 2
      vertex 8.10222 11.7765 7
    endloop
  endfacet
  facet normal 0.195062 -0.980791 0
    outer loop
      vertex 11.3916 8.02567 2
      vertex 11.7765 8.10222 7
      vertex 11.3916 8.02567 7
    endloop
  endfacet
  facet normal 0.195062 -0.980791 0
    outer loop
      vertex 11.7765 8.10222 7
      vertex 11.3916 8.02567 2
      vertex 11.7765 8.10222 2
    endloop
  endfacet
  facet normal 0.442233 -0.8969 0
    outer loop
      vertex 12.148 8.22836 2
      vertex 12.5 8.40192 7
      vertex 12.148 8.22836 7
    endloop
  endfacet
  facet normal 0.442233 -0.8969 0
    outer loop
      vertex 12.5 8.40192 7
      vertex 12.148 8.22836 2
      vertex 12.5 8.40192 2
    endloop
  endfacet
  facet normal -0.751799 0.659392 0
    outer loop
      vertex 8.61994 12.8263 2
      vertex 8.87868 13.1213 7
      vertex 8.87868 13.1213 2
    endloop
  endfacet
  facet normal -0.751799 0.659392 0
    outer loop
      vertex 8.87868 13.1213 7
      vertex 8.61994 12.8263 2
      vertex 8.61994 12.8263 7
    endloop
  endfacet
  facet normal 0.659478 0.751724 -0
    outer loop
      vertex 13.1213 13.1213 2
      vertex 12.8263 13.3801 7
      vertex 13.1213 13.1213 7
    endloop
  endfacet
  facet normal 0.659478 0.751724 0
    outer loop
      vertex 12.8263 13.3801 7
      vertex 13.1213 13.1213 2
      vertex 12.8263 13.3801 2
    endloop
  endfacet
  facet normal -0.896875 -0.442283 0
    outer loop
      vertex 8.40192 9.5 2
      vertex 8.22836 9.85195 7
      vertex 8.22836 9.85195 2
    endloop
  endfacet
  facet normal -0.896875 -0.442283 0
    outer loop
      vertex 8.22836 9.85195 7
      vertex 8.40192 9.5 2
      vertex 8.40192 9.5 7
    endloop
  endfacet
  facet normal 0.831485 -0.555547 0
    outer loop
      vertex 13.3801 9.17372 7
      vertex 13.5981 9.5 2
      vertex 13.5981 9.5 7
    endloop
  endfacet
  facet normal 0.831485 -0.555547 0
    outer loop
      vertex 13.5981 9.5 2
      vertex 13.3801 9.17372 7
      vertex 13.3801 9.17372 2
    endloop
  endfacet
  facet normal 0.896961 0.44211 0
    outer loop
      vertex 13.7716 12.148 7
      vertex 13.5981 12.5 2
      vertex 13.5981 12.5 7
    endloop
  endfacet
  facet normal 0.896961 0.44211 0
    outer loop
      vertex 13.5981 12.5 2
      vertex 13.7716 12.148 7
      vertex 13.7716 12.148 2
    endloop
  endfacet
  facet normal -0.0654112 -0.997858 0
    outer loop
      vertex 10.6084 8.02567 2
      vertex 11 8 7
      vertex 10.6084 8.02567 7
    endloop
  endfacet
  facet normal -0.0654112 -0.997858 -0
    outer loop
      vertex 11 8 7
      vertex 10.6084 8.02567 2
      vertex 11 8 2
    endloop
  endfacet
  facet normal 0.0654873 0.997853 -0
    outer loop
      vertex 11.3916 13.9743 2
      vertex 11 14 7
      vertex 11.3916 13.9743 7
    endloop
  endfacet
  facet normal 0.0654873 0.997853 0
    outer loop
      vertex 11 14 7
      vertex 11.3916 13.9743 2
      vertex 11 14 2
    endloop
  endfacet
  facet normal -0.555582 -0.831462 0
    outer loop
      vertex 9.17372 8.61994 2
      vertex 9.5 8.40192 7
      vertex 9.17372 8.61994 7
    endloop
  endfacet
  facet normal -0.555582 -0.831462 -0
    outer loop
      vertex 9.5 8.40192 7
      vertex 9.17372 8.61994 2
      vertex 9.5 8.40192 2
    endloop
  endfacet
  facet normal 0.555558 -0.831477 0
    outer loop
      vertex 12.5 8.40192 2
      vertex 12.8263 8.61994 7
      vertex 12.5 8.40192 7
    endloop
  endfacet
  facet normal 0.555558 -0.831477 0
    outer loop
      vertex 12.8263 8.61994 7
      vertex 12.5 8.40192 2
      vertex 12.8263 8.61994 2
    endloop
  endfacet
  facet normal 0.946858 0.321651 0
    outer loop
      vertex 13.8978 11.7765 7
      vertex 13.7716 12.148 2
      vertex 13.7716 12.148 7
    endloop
  endfacet
  facet normal 0.946858 0.321651 0
    outer loop
      vertex 13.7716 12.148 2
      vertex 13.8978 11.7765 7
      vertex 13.8978 11.7765 2
    endloop
  endfacet
  facet normal -0.980791 0.195062 0
    outer loop
      vertex 8.02567 11.3916 2
      vertex 8.10222 11.7765 7
      vertex 8.10222 11.7765 2
    endloop
  endfacet
  facet normal -0.980791 0.195062 0
    outer loop
      vertex 8.10222 11.7765 7
      vertex 8.02567 11.3916 2
      vertex 8.02567 11.3916 7
    endloop
  endfacet
  facet normal -0.0654873 0.997853 0
    outer loop
      vertex 11 14 2
      vertex 10.6084 13.9743 7
      vertex 11 14 7
    endloop
  endfacet
  facet normal -0.0654873 0.997853 0
    outer loop
      vertex 10.6084 13.9743 7
      vertex 11 14 2
      vertex 10.6084 13.9743 2
    endloop
  endfacet
  facet normal -0.321476 -0.946918 0
    outer loop
      vertex 9.85195 8.22836 2
      vertex 10.2235 8.10222 7
      vertex 9.85195 8.22836 7
    endloop
  endfacet
  facet normal -0.321476 -0.946918 -0
    outer loop
      vertex 10.2235 8.10222 7
      vertex 9.85195 8.22836 2
      vertex 10.2235 8.10222 2
    endloop
  endfacet
  facet normal -0.980791 -0.195062 0
    outer loop
      vertex 8.10222 10.2235 2
      vertex 8.02567 10.6084 7
      vertex 8.02567 10.6084 2
    endloop
  endfacet
  facet normal -0.980791 -0.195062 0
    outer loop
      vertex 8.02567 10.6084 7
      vertex 8.10222 10.2235 2
      vertex 8.10222 10.2235 7
    endloop
  endfacet
  facet normal -0.751844 -0.659341 0
    outer loop
      vertex 8.87868 8.87868 2
      vertex 8.61994 9.17372 7
      vertex 8.61994 9.17372 2
    endloop
  endfacet
  facet normal -0.751844 -0.659341 0
    outer loop
      vertex 8.61994 9.17372 7
      vertex 8.87868 8.87868 2
      vertex 8.87868 8.87868 7
    endloop
  endfacet
  facet normal -0.195062 -0.980791 0
    outer loop
      vertex 10.2235 8.10222 2
      vertex 10.6084 8.02567 7
      vertex 10.2235 8.10222 7
    endloop
  endfacet
  facet normal -0.195062 -0.980791 -0
    outer loop
      vertex 10.6084 8.02567 7
      vertex 10.2235 8.10222 2
      vertex 10.6084 8.02567 2
    endloop
  endfacet
  facet normal -0.831477 0.555558 0
    outer loop
      vertex 8.40192 12.5 2
      vertex 8.61994 12.8263 7
      vertex 8.61994 12.8263 2
    endloop
  endfacet
  facet normal -0.831477 0.555558 0
    outer loop
      vertex 8.61994 12.8263 7
      vertex 8.40192 12.5 2
      vertex 8.40192 12.5 7
    endloop
  endfacet
  facet normal -0.980768 0.195175 0
    outer loop
      vertex 12.2074 10.6765 2.1
      vertex 12.2393 10.8368 7
      vertex 12.2393 10.8368 2.1
    endloop
  endfacet
  facet normal -0.980768 0.195175 0
    outer loop
      vertex 12.2393 10.8368 7
      vertex 12.2074 10.6765 2.1
      vertex 12.2074 10.6765 7
    endloop
  endfacet
  facet normal -0.980768 -0.195175 0
    outer loop
      vertex 12.2393 11.1632 2.1
      vertex 12.2074 11.3235 7
      vertex 12.2074 11.3235 2.1
    endloop
  endfacet
  facet normal -0.980768 -0.195175 0
    outer loop
      vertex 12.2074 11.3235 7
      vertex 12.2393 11.1632 2.1
      vertex 12.2393 11.1632 7
    endloop
  endfacet
  facet normal -0.997858 -0.0654233 0
    outer loop
      vertex 12.25 11 2.1
      vertex 12.2393 11.1632 7
      vertex 12.2393 11.1632 2.1
    endloop
  endfacet
  facet normal -0.997858 -0.0654233 0
    outer loop
      vertex 12.2393 11.1632 7
      vertex 12.25 11 2.1
      vertex 12.25 11 7
    endloop
  endfacet
  facet normal -0.946896 -0.321541 0
    outer loop
      vertex 12.2074 11.3235 2.1
      vertex 12.1548 11.4784 7
      vertex 12.1548 11.4784 2.1
    endloop
  endfacet
  facet normal -0.946896 -0.321541 0
    outer loop
      vertex 12.1548 11.4784 7
      vertex 12.2074 11.3235 2.1
      vertex 12.2074 11.3235 7
    endloop
  endfacet
  facet normal 0.997862 -0.0653624 0
    outer loop
      vertex 9.75 11 7
      vertex 9.76069 11.1632 2.1
      vertex 9.76069 11.1632 7
    endloop
  endfacet
  facet normal 0.997862 -0.0653624 0
    outer loop
      vertex 9.76069 11.1632 2.1
      vertex 9.75 11 7
      vertex 9.75 11 2.1
    endloop
  endfacet
  facet normal -0.442411 0.896812 0
    outer loop
      vertex 11.625 9.91747 2.1
      vertex 11.4784 9.84515 7
      vertex 11.625 9.91747 7
    endloop
  endfacet
  facet normal -0.442411 0.896812 0
    outer loop
      vertex 11.4784 9.84515 7
      vertex 11.625 9.91747 2.1
      vertex 11.4784 9.84515 2.1
    endloop
  endfacet
  facet normal -0.195175 -0.980768 0
    outer loop
      vertex 11.1632 12.2393 2.1
      vertex 11.3235 12.2074 7
      vertex 11.1632 12.2393 7
    endloop
  endfacet
  facet normal -0.195175 -0.980768 -0
    outer loop
      vertex 11.3235 12.2074 7
      vertex 11.1632 12.2393 2.1
      vertex 11.3235 12.2074 2.1
    endloop
  endfacet
  facet normal -0.195175 0.980768 0
    outer loop
      vertex 11.3235 9.79259 2.1
      vertex 11.1632 9.76069 7
      vertex 11.3235 9.79259 7
    endloop
  endfacet
  facet normal -0.195175 0.980768 0
    outer loop
      vertex 11.1632 9.76069 7
      vertex 11.3235 9.79259 2.1
      vertex 11.1632 9.76069 2.1
    endloop
  endfacet
  facet normal -0.0653624 0.997862 0
    outer loop
      vertex 11.1632 9.76069 2.1
      vertex 11 9.75 7
      vertex 11.1632 9.76069 7
    endloop
  endfacet
  facet normal -0.0653624 0.997862 0
    outer loop
      vertex 11 9.75 7
      vertex 11.1632 9.76069 2.1
      vertex 11 9.75 2.1
    endloop
  endfacet
  facet normal 0.659414 -0.75178 0
    outer loop
      vertex 10.1161 11.8839 2.1
      vertex 10.239 11.9917 7
      vertex 10.1161 11.8839 7
    endloop
  endfacet
  facet normal 0.659414 -0.75178 0
    outer loop
      vertex 10.239 11.9917 7
      vertex 10.1161 11.8839 2.1
      vertex 10.239 11.9917 2.1
    endloop
  endfacet
  facet normal 0.831589 -0.555391 0
    outer loop
      vertex 9.91747 11.625 7
      vertex 10.0083 11.761 2.1
      vertex 10.0083 11.761 7
    endloop
  endfacet
  facet normal 0.831589 -0.555391 0
    outer loop
      vertex 10.0083 11.761 2.1
      vertex 9.91747 11.625 7
      vertex 9.91747 11.625 2.1
    endloop
  endfacet
  facet normal -0.321541 -0.946896 0
    outer loop
      vertex 11.3235 12.2074 2.1
      vertex 11.4784 12.1548 7
      vertex 11.3235 12.2074 7
    endloop
  endfacet
  facet normal -0.321541 -0.946896 -0
    outer loop
      vertex 11.4784 12.1548 7
      vertex 11.3235 12.2074 2.1
      vertex 11.4784 12.1548 2.1
    endloop
  endfacet
  facet normal -0.659414 0.75178 0
    outer loop
      vertex 11.8839 10.1161 2.1
      vertex 11.761 10.0083 7
      vertex 11.8839 10.1161 7
    endloop
  endfacet
  facet normal -0.659414 0.75178 0
    outer loop
      vertex 11.761 10.0083 7
      vertex 11.8839 10.1161 2.1
      vertex 11.761 10.0083 2.1
    endloop
  endfacet
  facet normal 0.442313 -0.896861 0
    outer loop
      vertex 10.375 12.0825 2.1
      vertex 10.5216 12.1548 7
      vertex 10.375 12.0825 7
    endloop
  endfacet
  facet normal 0.442313 -0.896861 0
    outer loop
      vertex 10.5216 12.1548 7
      vertex 10.375 12.0825 2.1
      vertex 10.5216 12.1548 2.1
    endloop
  endfacet
  facet normal 0.0653624 0.997862 -0
    outer loop
      vertex 11 9.75 2.1
      vertex 10.8368 9.76069 7
      vertex 11 9.75 7
    endloop
  endfacet
  facet normal 0.0653624 0.997862 0
    outer loop
      vertex 10.8368 9.76069 7
      vertex 11 9.75 2.1
      vertex 10.8368 9.76069 2.1
    endloop
  endfacet
  facet normal -0.75178 0.659414 0
    outer loop
      vertex 11.8839 10.1161 2.1
      vertex 11.9917 10.239 7
      vertex 11.9917 10.239 2.1
    endloop
  endfacet
  facet normal -0.75178 0.659414 0
    outer loop
      vertex 11.9917 10.239 7
      vertex 11.8839 10.1161 2.1
      vertex 11.8839 10.1161 7
    endloop
  endfacet
  facet normal 0.94697 0.321322 0
    outer loop
      vertex 9.84515 10.5216 7
      vertex 9.79259 10.6765 2.1
      vertex 9.79259 10.6765 7
    endloop
  endfacet
  facet normal 0.94697 0.321322 0
    outer loop
      vertex 9.79259 10.6765 2.1
      vertex 9.84515 10.5216 7
      vertex 9.84515 10.5216 2.1
    endloop
  endfacet
  facet normal -0.321322 0.94697 0
    outer loop
      vertex 11.4784 9.84515 2.1
      vertex 11.3235 9.79259 7
      vertex 11.4784 9.84515 7
    endloop
  endfacet
  facet normal -0.321322 0.94697 0
    outer loop
      vertex 11.3235 9.79259 7
      vertex 11.4784 9.84515 2.1
      vertex 11.3235 9.79259 2.1
    endloop
  endfacet
  facet normal 0.321541 -0.946896 0
    outer loop
      vertex 10.5216 12.1548 2.1
      vertex 10.6765 12.2074 7
      vertex 10.5216 12.1548 7
    endloop
  endfacet
  facet normal 0.321541 -0.946896 0
    outer loop
      vertex 10.6765 12.2074 7
      vertex 10.5216 12.1548 2.1
      vertex 10.6765 12.2074 2.1
    endloop
  endfacet
  facet normal -0.75178 -0.659414 0
    outer loop
      vertex 11.9917 11.761 2.1
      vertex 11.8839 11.8839 7
      vertex 11.8839 11.8839 2.1
    endloop
  endfacet
  facet normal -0.75178 -0.659414 0
    outer loop
      vertex 11.8839 11.8839 7
      vertex 11.9917 11.761 2.1
      vertex 11.9917 11.761 7
    endloop
  endfacet
  facet normal 0.555265 -0.831674 0
    outer loop
      vertex 10.239 11.9917 2.1
      vertex 10.375 12.0825 7
      vertex 10.239 11.9917 7
    endloop
  endfacet
  facet normal 0.555265 -0.831674 0
    outer loop
      vertex 10.375 12.0825 7
      vertex 10.239 11.9917 2.1
      vertex 10.375 12.0825 2.1
    endloop
  endfacet
  facet normal 0.94697 -0.321322 0
    outer loop
      vertex 9.79259 11.3235 7
      vertex 9.84515 11.4784 2.1
      vertex 9.84515 11.4784 7
    endloop
  endfacet
  facet normal 0.94697 -0.321322 0
    outer loop
      vertex 9.84515 11.4784 2.1
      vertex 9.79259 11.3235 7
      vertex 9.79259 11.3235 2.1
    endloop
  endfacet
  facet normal -0.896861 -0.442313 0
    outer loop
      vertex 12.1548 11.4784 2.1
      vertex 12.0825 11.625 7
      vertex 12.0825 11.625 2.1
    endloop
  endfacet
  facet normal -0.896861 -0.442313 0
    outer loop
      vertex 12.0825 11.625 7
      vertex 12.1548 11.4784 2.1
      vertex 12.1548 11.4784 7
    endloop
  endfacet
  facet normal 0.195175 -0.980768 0
    outer loop
      vertex 10.6765 12.2074 2.1
      vertex 10.8368 12.2393 7
      vertex 10.6765 12.2074 7
    endloop
  endfacet
  facet normal 0.195175 -0.980768 0
    outer loop
      vertex 10.8368 12.2393 7
      vertex 10.6765 12.2074 2.1
      vertex 10.8368 12.2393 2.1
    endloop
  endfacet
  facet normal -0.659414 -0.75178 0
    outer loop
      vertex 11.761 11.9917 2.1
      vertex 11.8839 11.8839 7
      vertex 11.761 11.9917 7
    endloop
  endfacet
  facet normal -0.659414 -0.75178 -0
    outer loop
      vertex 11.8839 11.8839 7
      vertex 11.761 11.9917 2.1
      vertex 11.8839 11.8839 2.1
    endloop
  endfacet
  facet normal -0.997858 0.0654233 0
    outer loop
      vertex 12.2393 10.8368 2.1
      vertex 12.25 11 7
      vertex 12.25 11 2.1
    endloop
  endfacet
  facet normal -0.997858 0.0654233 0
    outer loop
      vertex 12.25 11 7
      vertex 12.2393 10.8368 2.1
      vertex 12.2393 10.8368 7
    endloop
  endfacet
  facet normal -0.442313 -0.896861 0
    outer loop
      vertex 11.4784 12.1548 2.1
      vertex 11.625 12.0825 7
      vertex 11.4784 12.1548 7
    endloop
  endfacet
  facet normal -0.442313 -0.896861 -0
    outer loop
      vertex 11.625 12.0825 7
      vertex 11.4784 12.1548 2.1
      vertex 11.625 12.0825 2.1
    endloop
  endfacet
  facet normal 0.321322 0.94697 -0
    outer loop
      vertex 10.6765 9.79259 2.1
      vertex 10.5216 9.84515 7
      vertex 10.6765 9.79259 7
    endloop
  endfacet
  facet normal 0.321322 0.94697 0
    outer loop
      vertex 10.5216 9.84515 7
      vertex 10.6765 9.79259 2.1
      vertex 10.5216 9.84515 2.1
    endloop
  endfacet
  facet normal 0.980768 -0.195175 0
    outer loop
      vertex 9.76069 11.1632 7
      vertex 9.79259 11.3235 2.1
      vertex 9.79259 11.3235 7
    endloop
  endfacet
  facet normal 0.980768 -0.195175 0
    outer loop
      vertex 9.79259 11.3235 2.1
      vertex 9.76069 11.1632 7
      vertex 9.76069 11.1632 2.1
    endloop
  endfacet
  facet normal 0.0654233 -0.997858 0
    outer loop
      vertex 10.8368 12.2393 2.1
      vertex 11 12.25 7
      vertex 10.8368 12.2393 7
    endloop
  endfacet
  facet normal 0.0654233 -0.997858 0
    outer loop
      vertex 11 12.25 7
      vertex 10.8368 12.2393 2.1
      vertex 11 12.25 2.1
    endloop
  endfacet
  facet normal -0.946896 0.321541 0
    outer loop
      vertex 12.1548 10.5216 2.1
      vertex 12.2074 10.6765 7
      vertex 12.2074 10.6765 2.1
    endloop
  endfacet
  facet normal -0.946896 0.321541 0
    outer loop
      vertex 12.2074 10.6765 7
      vertex 12.1548 10.5216 2.1
      vertex 12.1548 10.5216 7
    endloop
  endfacet
  facet normal -0.831674 -0.555265 0
    outer loop
      vertex 12.0825 11.625 2.1
      vertex 11.9917 11.761 7
      vertex 11.9917 11.761 2.1
    endloop
  endfacet
  facet normal -0.831674 -0.555265 0
    outer loop
      vertex 11.9917 11.761 7
      vertex 12.0825 11.625 2.1
      vertex 12.0825 11.625 7
    endloop
  endfacet
  facet normal 0.896812 0.442411 0
    outer loop
      vertex 9.91747 10.375 7
      vertex 9.84515 10.5216 2.1
      vertex 9.84515 10.5216 7
    endloop
  endfacet
  facet normal 0.896812 0.442411 0
    outer loop
      vertex 9.84515 10.5216 2.1
      vertex 9.91747 10.375 7
      vertex 9.91747 10.375 2.1
    endloop
  endfacet
  facet normal -0.896861 0.442313 0
    outer loop
      vertex 12.0825 10.375 2.1
      vertex 12.1548 10.5216 7
      vertex 12.1548 10.5216 2.1
    endloop
  endfacet
  facet normal -0.896861 0.442313 0
    outer loop
      vertex 12.1548 10.5216 7
      vertex 12.0825 10.375 2.1
      vertex 12.0825 10.375 7
    endloop
  endfacet
  facet normal 0.75178 0.659414 0
    outer loop
      vertex 10.1161 10.1161 7
      vertex 10.0083 10.239 2.1
      vertex 10.0083 10.239 7
    endloop
  endfacet
  facet normal 0.75178 0.659414 0
    outer loop
      vertex 10.0083 10.239 2.1
      vertex 10.1161 10.1161 7
      vertex 10.1161 10.1161 2.1
    endloop
  endfacet
  facet normal -0.831674 0.555265 0
    outer loop
      vertex 11.9917 10.239 2.1
      vertex 12.0825 10.375 7
      vertex 12.0825 10.375 2.1
    endloop
  endfacet
  facet normal -0.831674 0.555265 0
    outer loop
      vertex 12.0825 10.375 7
      vertex 11.9917 10.239 2.1
      vertex 11.9917 10.239 7
    endloop
  endfacet
  facet normal 0 0 1
    outer loop
      vertex 12.2393 11.1632 2.1
      vertex 12.2393 10.8368 2.1
      vertex 12.25 11 2.1
    endloop
  endfacet
  facet normal 0 0 1
    outer loop
      vertex 12.2074 11.3235 2.1
      vertex 12.2393 10.8368 2.1
      vertex 12.2393 11.1632 2.1
    endloop
  endfacet
  facet normal 0 0 1
    outer loop
      vertex 12.2074 11.3235 2.1
      vertex 12.2074 10.6765 2.1
      vertex 12.2393 10.8368 2.1
    endloop
  endfacet
  facet normal 0 0 1
    outer loop
      vertex 12.1548 11.4784 2.1
      vertex 12.2074 10.6765 2.1
      vertex 12.2074 11.3235 2.1
    endloop
  endfacet
  facet normal 0 0 1
    outer loop
      vertex 12.1548 11.4784 2.1
      vertex 12.1548 10.5216 2.1
      vertex 12.2074 10.6765 2.1
    endloop
  endfacet
  facet normal 0 0 1
    outer loop
      vertex 12.0825 11.625 2.1
      vertex 12.1548 10.5216 2.1
      vertex 12.1548 11.4784 2.1
    endloop
  endfacet
  facet normal 0 0 1
    outer loop
      vertex 12.0825 11.625 2.1
      vertex 12.0825 10.375 2.1
      vertex 12.1548 10.5216 2.1
    endloop
  endfacet
  facet normal 0 0 1
    outer loop
      vertex 11.9917 11.761 2.1
      vertex 12.0825 10.375 2.1
      vertex 12.0825 11.625 2.1
    endloop
  endfacet
  facet normal 0 0 1
    outer loop
      vertex 11.9917 11.761 2.1
      vertex 11.9917 10.239 2.1
      vertex 12.0825 10.375 2.1
    endloop
  endfacet
  facet normal 0 0 1
    outer loop
      vertex 11.8839 11.8839 2.1
      vertex 11.9917 10.239 2.1
      vertex 11.9917 11.761 2.1
    endloop
  endfacet
  facet normal 0 0 1
    outer loop
      vertex 11.8839 11.8839 2.1
      vertex 11.8839 10.1161 2.1
      vertex 11.9917 10.239 2.1
    endloop
  endfacet
  facet normal 0 0 1
    outer loop
      vertex 11.761 11.9917 2.1
      vertex 11.8839 10.1161 2.1
      vertex 11.8839 11.8839 2.1
    endloop
  endfacet
  facet normal 0 0 1
    outer loop
      vertex 11.761 11.9917 2.1
      vertex 11.761 10.0083 2.1
      vertex 11.8839 10.1161 2.1
    endloop
  endfacet
  facet normal 0 0 1
    outer loop
      vertex 11.625 12.0825 2.1
      vertex 11.761 10.0083 2.1
      vertex 11.761 11.9917 2.1
    endloop
  endfacet
  facet normal 0 0 1
    outer loop
      vertex 11.625 12.0825 2.1
      vertex 11.625 9.91747 2.1
      vertex 11.761 10.0083 2.1
    endloop
  endfacet
  facet normal 0 0 1
    outer loop
      vertex 11.4784 12.1548 2.1
      vertex 11.625 9.91747 2.1
      vertex 11.625 12.0825 2.1
    endloop
  endfacet
  facet normal 0 0 1
    outer loop
      vertex 11.4784 12.1548 2.1
      vertex 11.4784 9.84515 2.1
      vertex 11.625 9.91747 2.1
    endloop
  endfacet
  facet normal 0 0 1
    outer loop
      vertex 11.3235 12.2074 2.1
      vertex 11.4784 9.84515 2.1
      vertex 11.4784 12.1548 2.1
    endloop
  endfacet
  facet normal 0 0 1
    outer loop
      vertex 11.3235 12.2074 2.1
      vertex 11.3235 9.79259 2.1
      vertex 11.4784 9.84515 2.1
    endloop
  endfacet
  facet normal 0 0 1
    outer loop
      vertex 11.1632 12.2393 2.1
      vertex 11.3235 9.79259 2.1
      vertex 11.3235 12.2074 2.1
    endloop
  endfacet
  facet normal 0 0 1
    outer loop
      vertex 11.1632 12.2393 2.1
      vertex 11.1632 9.76069 2.1
      vertex 11.3235 9.79259 2.1
    endloop
  endfacet
  facet normal 0 0 1
    outer loop
      vertex 11 12.25 2.1
      vertex 11.1632 9.76069 2.1
      vertex 11.1632 12.2393 2.1
    endloop
  endfacet
  facet normal 0 0 1
    outer loop
      vertex 11 12.25 2.1
      vertex 11 9.75 2.1
      vertex 11.1632 9.76069 2.1
    endloop
  endfacet
  facet normal -0 0 1
    outer loop
      vertex 10.8368 12.2393 2.1
      vertex 11 9.75 2.1
      vertex 11 12.25 2.1
    endloop
  endfacet
  facet normal 0 0 1
    outer loop
      vertex 10.8368 12.2393 2.1
      vertex 10.8368 9.76069 2.1
      vertex 11 9.75 2.1
    endloop
  endfacet
  facet normal -0 0 1
    outer loop
      vertex 10.6765 12.2074 2.1
      vertex 10.8368 9.76069 2.1
      vertex 10.8368 12.2393 2.1
    endloop
  endfacet
  facet normal 0 0 1
    outer loop
      vertex 10.6765 12.2074 2.1
      vertex 10.6765 9.79259 2.1
      vertex 10.8368 9.76069 2.1
    endloop
  endfacet
  facet normal -0 0 1
    outer loop
      vertex 10.5216 12.1548 2.1
      vertex 10.6765 9.79259 2.1
      vertex 10.6765 12.2074 2.1
    endloop
  endfacet
  facet normal 0 0 1
    outer loop
      vertex 10.5216 12.1548 2.1
      vertex 10.5216 9.84515 2.1
      vertex 10.6765 9.79259 2.1
    endloop
  endfacet
  facet normal -0 0 1
    outer loop
      vertex 10.375 12.0825 2.1
      vertex 10.5216 9.84515 2.1
      vertex 10.5216 12.1548 2.1
    endloop
  endfacet
  facet normal 0 0 1
    outer loop
      vertex 10.375 12.0825 2.1
      vertex 10.375 9.91747 2.1
      vertex 10.5216 9.84515 2.1
    endloop
  endfacet
  facet normal -0 0 1
    outer loop
      vertex 10.239 11.9917 2.1
      vertex 10.375 9.91747 2.1
      vertex 10.375 12.0825 2.1
    endloop
  endfacet
  facet normal 0 0 1
    outer loop
      vertex 10.239 11.9917 2.1
      vertex 10.239 10.0083 2.1
      vertex 10.375 9.91747 2.1
    endloop
  endfacet
  facet normal -0 0 1
    outer loop
      vertex 10.1161 11.8839 2.1
      vertex 10.239 10.0083 2.1
      vertex 10.239 11.9917 2.1
    endloop
  endfacet
  facet normal 0 0 1
    outer loop
      vertex 10.1161 11.8839 2.1
      vertex 10.1161 10.1161 2.1
      vertex 10.239 10.0083 2.1
    endloop
  endfacet
  facet normal -0 0 1
    outer loop
      vertex 10.0083 11.761 2.1
      vertex 10.1161 10.1161 2.1
      vertex 10.1161 11.8839 2.1
    endloop
  endfacet
  facet normal 0 0 1
    outer loop
      vertex 10.0083 11.761 2.1
      vertex 10.0083 10.239 2.1
      vertex 10.1161 10.1161 2.1
    endloop
  endfacet
  facet normal -0 0 1
    outer loop
      vertex 9.91747 11.625 2.1
      vertex 10.0083 10.239 2.1
      vertex 10.0083 11.761 2.1
    endloop
  endfacet
  facet normal 0 0 1
    outer loop
      vertex 9.91747 11.625 2.1
      vertex 9.91747 10.375 2.1
      vertex 10.0083 10.239 2.1
    endloop
  endfacet
  facet normal -0 0 1
    outer loop
      vertex 9.84515 11.4784 2.1
      vertex 9.91747 10.375 2.1
      vertex 9.91747 11.625 2.1
    endloop
  endfacet
  facet normal 0 0 1
    outer loop
      vertex 9.84515 11.4784 2.1
      vertex 9.84515 10.5216 2.1
      vertex 9.91747 10.375 2.1
    endloop
  endfacet
  facet normal -0 0 1
    outer loop
      vertex 9.79259 11.3235 2.1
      vertex 9.84515 10.5216 2.1
      vertex 9.84515 11.4784 2.1
    endloop
  endfacet
  facet normal 0 0 1
    outer loop
      vertex 9.79259 11.3235 2.1
      vertex 9.79259 10.6765 2.1
      vertex 9.84515 10.5216 2.1
    endloop
  endfacet
  facet normal -0 0 1
    outer loop
      vertex 9.76069 11.1632 2.1
      vertex 9.79259 10.6765 2.1
      vertex 9.79259 11.3235 2.1
    endloop
  endfacet
  facet normal 0 0 1
    outer loop
      vertex 9.76069 11.1632 2.1
      vertex 9.76069 10.8368 2.1
      vertex 9.79259 10.6765 2.1
    endloop
  endfacet
  facet normal 0 -0 1
    outer loop
      vertex 9.76069 10.8368 2.1
      vertex 9.76069 11.1632 2.1
      vertex 9.75 11 2.1
    endloop
  endfacet
  facet normal 0.75178 -0.659414 0
    outer loop
      vertex 10.0083 11.761 7
      vertex 10.1161 11.8839 2.1
      vertex 10.1161 11.8839 7
    endloop
  endfacet
  facet normal 0.75178 -0.659414 0
    outer loop
      vertex 10.1161 11.8839 2.1
      vertex 10.0083 11.761 7
      vertex 10.0083 11.761 2.1
    endloop
  endfacet
  facet normal -0.0654233 -0.997858 0
    outer loop
      vertex 11 12.25 2.1
      vertex 11.1632 12.2393 7
      vertex 11 12.25 7
    endloop
  endfacet
  facet normal -0.0654233 -0.997858 -0
    outer loop
      vertex 11.1632 12.2393 7
      vertex 11 12.25 2.1
      vertex 11.1632 12.2393 2.1
    endloop
  endfacet
  facet normal -0.555265 -0.831674 0
    outer loop
      vertex 11.625 12.0825 2.1
      vertex 11.761 11.9917 7
      vertex 11.625 12.0825 7
    endloop
  endfacet
  facet normal -0.555265 -0.831674 -0
    outer loop
      vertex 11.761 11.9917 7
      vertex 11.625 12.0825 2.1
      vertex 11.761 11.9917 2.1
    endloop
  endfacet
  facet normal 0.442411 0.896812 -0
    outer loop
      vertex 10.5216 9.84515 2.1
      vertex 10.375 9.91747 7
      vertex 10.5216 9.84515 7
    endloop
  endfacet
  facet normal 0.442411 0.896812 0
    outer loop
      vertex 10.375 9.91747 7
      vertex 10.5216 9.84515 2.1
      vertex 10.375 9.91747 2.1
    endloop
  endfacet
  facet normal 0.831589 0.555391 0
    outer loop
      vertex 10.0083 10.239 7
      vertex 9.91747 10.375 2.1
      vertex 9.91747 10.375 7
    endloop
  endfacet
  facet normal 0.831589 0.555391 0
    outer loop
      vertex 9.91747 10.375 2.1
      vertex 10.0083 10.239 7
      vertex 10.0083 10.239 2.1
    endloop
  endfacet
  facet normal 0.980768 0.195175 0
    outer loop
      vertex 9.79259 10.6765 7
      vertex 9.76069 10.8368 2.1
      vertex 9.76069 10.8368 7
    endloop
  endfacet
  facet normal 0.980768 0.195175 0
    outer loop
      vertex 9.76069 10.8368 2.1
      vertex 9.79259 10.6765 7
      vertex 9.79259 10.6765 2.1
    endloop
  endfacet
  facet normal 0.195175 0.980768 -0
    outer loop
      vertex 10.8368 9.76069 2.1
      vertex 10.6765 9.79259 7
      vertex 10.8368 9.76069 7
    endloop
  endfacet
  facet normal 0.195175 0.980768 0
    outer loop
      vertex 10.6765 9.79259 7
      vertex 10.8368 9.76069 2.1
      vertex 10.6765 9.79259 2.1
    endloop
  endfacet
  facet normal 0.659414 0.75178 -0
    outer loop
      vertex 10.239 10.0083 2.1
      vertex 10.1161 10.1161 7
      vertex 10.239 10.0083 7
    endloop
  endfacet
  facet normal 0.659414 0.75178 0
    outer loop
      vertex 10.1161 10.1161 7
      vertex 10.239 10.0083 2.1
      vertex 10.1161 10.1161 2.1
    endloop
  endfacet
  facet normal 0.896812 -0.442411 0
    outer loop
      vertex 9.84515 11.4784 7
      vertex 9.91747 11.625 2.1
      vertex 9.91747 11.625 7
    endloop
  endfacet
  facet normal 0.896812 -0.442411 0
    outer loop
      vertex 9.91747 11.625 2.1
      vertex 9.84515 11.4784 7
      vertex 9.84515 11.4784 2.1
    endloop
  endfacet
  facet normal 0.997862 0.0653624 0
    outer loop
      vertex 9.76069 10.8368 7
      vertex 9.75 11 2.1
      vertex 9.75 11 7
    endloop
  endfacet
  facet normal 0.997862 0.0653624 0
    outer loop
      vertex 9.75 11 2.1
      vertex 9.76069 10.8368 7
      vertex 9.76069 10.8368 2.1
    endloop
  endfacet
  facet normal -0.555391 0.831589 0
    outer loop
      vertex 11.761 10.0083 2.1
      vertex 11.625 9.91747 7
      vertex 11.761 10.0083 7
    endloop
  endfacet
  facet normal -0.555391 0.831589 0
    outer loop
      vertex 11.625 9.91747 7
      vertex 11.761 10.0083 2.1
      vertex 11.625 9.91747 2.1
    endloop
  endfacet
  facet normal 0.555391 0.831589 -0
    outer loop
      vertex 10.375 9.91747 2.1
      vertex 10.239 10.0083 7
      vertex 10.375 9.91747 7
    endloop
  endfacet
  facet normal 0.555391 0.831589 0
    outer loop
      vertex 10.239 10.0083 7
      vertex 10.375 9.91747 2.1
      vertex 10.239 10.0083 2.1
    endloop
  endfacet
  facet normal 0.981058 0.193714 0
    outer loop
      vertex 157.974 11.3916 7
      vertex 157.898 11.7765 2
      vertex 157.898 11.7765 7
    endloop
  endfacet
  facet normal 0.981058 0.193714 0
    outer loop
      vertex 157.898 11.7765 2
      vertex 157.974 11.3916 7
      vertex 157.974 11.3916 2
    endloop
  endfacet
  facet normal 0.997803 0.0662484 0
    outer loop
      vertex 158 11 7
      vertex 157.974 11.3916 2
      vertex 157.974 11.3916 7
    endloop
  endfacet
  facet normal 0.997803 0.0662484 0
    outer loop
      vertex 157.974 11.3916 2
      vertex 158 11 7
      vertex 158 11 2
    endloop
  endfacet
  facet normal 0.981058 -0.193714 0
    outer loop
      vertex 157.898 10.2235 7
      vertex 157.974 10.6084 2
      vertex 157.974 10.6084 7
    endloop
  endfacet
  facet normal 0.981058 -0.193714 0
    outer loop
      vertex 157.974 10.6084 2
      vertex 157.898 10.2235 7
      vertex 157.898 10.2235 2
    endloop
  endfacet
  facet normal 0 0 1
    outer loop
      vertex 156.25 11 7
      vertex 158 11 7
      vertex 157.974 11.3916 7
    endloop
  endfacet
  facet normal 0 0 1
    outer loop
      vertex 156.239 11.1632 7
      vertex 157.974 11.3916 7
      vertex 157.898 11.7765 7
    endloop
  endfacet
  facet normal 0 0 1
    outer loop
      vertex 158 11 7
      vertex 156.25 11 7
      vertex 157.974 10.6084 7
    endloop
  endfacet
  facet normal 0 0 1
    outer loop
      vertex 156.207 11.3235 7
      vertex 157.898 11.7765 7
      vertex 157.772 12.148 7
    endloop
  endfacet
  facet normal -0 0 1
    outer loop
      vertex 156.239 10.8368 7
      vertex 157.974 10.6084 7
      vertex 156.25 11 7
    endloop
  endfacet
  facet normal 0 0 1
    outer loop
      vertex 156.155 11.4784 7
      vertex 157.772 12.148 7
      vertex 157.598 12.5 7
    endloop
  endfacet
  facet normal 0 0 1
    outer loop
      vertex 157.974 10.6084 7
      vertex 156.239 10.8368 7
      vertex 157.898 10.2235 7
    endloop
  endfacet
  facet normal 0 0 1
    outer loop
      vertex 156.083 11.625 7
      vertex 157.598 12.5 7
      vertex 157.38 12.8263 7
    endloop
  endfacet
  facet normal -0 0 1
    outer loop
      vertex 156.207 10.6765 7
      vertex 157.898 10.2235 7
      vertex 156.239 10.8368 7
    endloop
  endfacet
  facet normal 0 0 1
    outer loop
      vertex 155.992 11.761 7
      vertex 157.38 12.8263 7
      vertex 157.121 13.1213 7
    endloop
  endfacet
  facet normal 0 0 1
    outer loop
      vertex 157.898 10.2235 7
      vertex 156.207 10.6765 7
      vertex 157.772 9.85195 7
    endloop
  endfacet
  facet normal 0 0 1
    outer loop
      vertex 155.884 11.8839 7
      vertex 157.121 13.1213 7
      vertex 156.826 13.3801 7
    endloop
  endfacet
  facet normal -0 0 1
    outer loop
      vertex 156.155 10.5216 7
      vertex 157.772 9.85195 7
      vertex 156.207 10.6765 7
    endloop
  endfacet
  facet normal 0 0 1
    outer loop
      vertex 155.761 11.9917 7
      vertex 156.826 13.3801 7
      vertex 156.5 13.5981 7
    endloop
  endfacet
  facet normal 0 0 1
    outer loop
      vertex 157.772 9.85195 7
      vertex 156.155 10.5216 7
      vertex 157.598 9.5 7
    endloop
  endfacet
  facet normal -0 0 1
    outer loop
      vertex 156.083 10.375 7
      vertex 157.598 9.5 7
      vertex 156.155 10.5216 7
    endloop
  endfacet
  facet normal 0 0 1
    outer loop
      vertex 157.974 11.3916 7
      vertex 156.239 11.1632 7
      vertex 156.25 11 7
    endloop
  endfacet
  facet normal 0 0 1
    outer loop
      vertex 157.898 11.7765 7
      vertex 156.207 11.3235 7
      vertex 156.239 11.1632 7
    endloop
  endfacet
  facet normal 0 0 1
    outer loop
      vertex 157.772 12.148 7
      vertex 156.155 11.4784 7
      vertex 156.207 11.3235 7
    endloop
  endfacet
  facet normal 0 0 1
    outer loop
      vertex 155.625 12.0825 7
      vertex 156.5 13.5981 7
      vertex 156.148 13.7716 7
    endloop
  endfacet
  facet normal 0 0 1
    outer loop
      vertex 157.598 12.5 7
      vertex 156.083 11.625 7
      vertex 156.155 11.4784 7
    endloop
  endfacet
  facet normal 0 0 1
    outer loop
      vertex 157.38 12.8263 7
      vertex 155.992 11.761 7
      vertex 156.083 11.625 7
    endloop
  endfacet
  facet normal 0 0 1
    outer loop
      vertex 157.121 13.1213 7
      vertex 155.884 11.8839 7
      vertex 155.992 11.761 7
    endloop
  endfacet
  facet normal 0 0 1
    outer loop
      vertex 155.478 12.1548 7
      vertex 156.148 13.7716 7
      vertex 155.776 13.8978 7
    endloop
  endfacet
  facet normal 0 0 1
    outer loop
      vertex 156.826 13.3801 7
      vertex 155.761 11.9917 7
      vertex 155.884 11.8839 7
    endloop
  endfacet
  facet normal 0 0 1
    outer loop
      vertex 156.5 13.5981 7
      vertex 155.625 12.0825 7
      vertex 155.761 11.9917 7
    endloop
  endfacet
  facet normal 0 0 1
    outer loop
      vertex 156.148 13.7716 7
      vertex 155.478 12.1548 7
      vertex 155.625 12.0825 7
    endloop
  endfacet
  facet normal 0 0 1
    outer loop
      vertex 155.324 12.2074 7
      vertex 155.776 13.8978 7
      vertex 155.392 13.9743 7
    endloop
  endfacet
  facet normal 0 0 1
    outer loop
      vertex 155.776 13.8978 7
      vertex 155.324 12.2074 7
      vertex 155.478 12.1548 7
    endloop
  endfacet
  facet normal 0 0 1
    outer loop
      vertex 155.392 13.9743 7
      vertex 155.163 12.2393 7
      vertex 155.324 12.2074 7
    endloop
  endfacet
  facet normal 0 0 1
    outer loop
      vertex 155 14 7
      vertex 155.163 12.2393 7
      vertex 155.392 13.9743 7
    endloop
  endfacet
  facet normal 0 0 1
    outer loop
      vertex 155 14 7
      vertex 155 12.25 7
      vertex 155.163 12.2393 7
    endloop
  endfacet
  facet normal 0 0 1
    outer loop
      vertex 155 14 7
      vertex 154.837 12.2393 7
      vertex 155 12.25 7
    endloop
  endfacet
  facet normal -0 0 1
    outer loop
      vertex 154.608 13.9743 7
      vertex 154.837 12.2393 7
      vertex 155 14 7
    endloop
  endfacet
  facet normal 0 0 1
    outer loop
      vertex 154.837 12.2393 7
      vertex 154.608 13.9743 7
      vertex 154.676 12.2074 7
    endloop
  endfacet
  facet normal -0 0 1
    outer loop
      vertex 154.224 13.8978 7
      vertex 154.676 12.2074 7
      vertex 154.608 13.9743 7
    endloop
  endfacet
  facet normal 0 0 1
    outer loop
      vertex 154.676 12.2074 7
      vertex 154.224 13.8978 7
      vertex 154.522 12.1548 7
    endloop
  endfacet
  facet normal -0 0 1
    outer loop
      vertex 153.852 13.7716 7
      vertex 154.522 12.1548 7
      vertex 154.224 13.8978 7
    endloop
  endfacet
  facet normal 0 0 1
    outer loop
      vertex 154.522 12.1548 7
      vertex 153.852 13.7716 7
      vertex 154.375 12.0825 7
    endloop
  endfacet
  facet normal -0 0 1
    outer loop
      vertex 153.5 13.5981 7
      vertex 154.375 12.0825 7
      vertex 153.852 13.7716 7
    endloop
  endfacet
  facet normal 0 0 1
    outer loop
      vertex 154.375 12.0825 7
      vertex 153.5 13.5981 7
      vertex 154.239 11.9917 7
    endloop
  endfacet
  facet normal -0 0 1
    outer loop
      vertex 153.174 13.3801 7
      vertex 154.239 11.9917 7
      vertex 153.5 13.5981 7
    endloop
  endfacet
  facet normal 0 0 1
    outer loop
      vertex 154.239 11.9917 7
      vertex 153.174 13.3801 7
      vertex 154.116 11.8839 7
    endloop
  endfacet
  facet normal -0 0 1
    outer loop
      vertex 152.879 13.1213 7
      vertex 154.116 11.8839 7
      vertex 153.174 13.3801 7
    endloop
  endfacet
  facet normal 0 0 1
    outer loop
      vertex 154.116 11.8839 7
      vertex 152.879 13.1213 7
      vertex 154.008 11.761 7
    endloop
  endfacet
  facet normal -0 0 1
    outer loop
      vertex 152.62 12.8263 7
      vertex 154.008 11.761 7
      vertex 152.879 13.1213 7
    endloop
  endfacet
  facet normal 0 0 1
    outer loop
      vertex 154.008 11.761 7
      vertex 152.62 12.8263 7
      vertex 153.917 11.625 7
    endloop
  endfacet
  facet normal -0 0 1
    outer loop
      vertex 152.402 12.5 7
      vertex 153.917 11.625 7
      vertex 152.62 12.8263 7
    endloop
  endfacet
  facet normal 0 0 1
    outer loop
      vertex 157.598 9.5 7
      vertex 156.083 10.375 7
      vertex 157.38 9.17372 7
    endloop
  endfacet
  facet normal -0 0 1
    outer loop
      vertex 155.992 10.239 7
      vertex 157.38 9.17372 7
      vertex 156.083 10.375 7
    endloop
  endfacet
  facet normal 0 0 1
    outer loop
      vertex 157.38 9.17372 7
      vertex 155.992 10.239 7
      vertex 157.121 8.87868 7
    endloop
  endfacet
  facet normal -0 0 1
    outer loop
      vertex 155.884 10.1161 7
      vertex 157.121 8.87868 7
      vertex 155.992 10.239 7
    endloop
  endfacet
  facet normal 0 0 1
    outer loop
      vertex 157.121 8.87868 7
      vertex 155.884 10.1161 7
      vertex 156.826 8.61994 7
    endloop
  endfacet
  facet normal -0 0 1
    outer loop
      vertex 155.761 10.0083 7
      vertex 156.826 8.61994 7
      vertex 155.884 10.1161 7
    endloop
  endfacet
  facet normal 0 0 1
    outer loop
      vertex 156.826 8.61994 7
      vertex 155.761 10.0083 7
      vertex 156.5 8.40192 7
    endloop
  endfacet
  facet normal -0 0 1
    outer loop
      vertex 155.625 9.91747 7
      vertex 156.5 8.40192 7
      vertex 155.761 10.0083 7
    endloop
  endfacet
  facet normal 0 0 1
    outer loop
      vertex 156.5 8.40192 7
      vertex 155.625 9.91747 7
      vertex 156.148 8.22836 7
    endloop
  endfacet
  facet normal -0 0 1
    outer loop
      vertex 155.478 9.84515 7
      vertex 156.148 8.22836 7
      vertex 155.625 9.91747 7
    endloop
  endfacet
  facet normal 0 0 1
    outer loop
      vertex 156.148 8.22836 7
      vertex 155.478 9.84515 7
      vertex 155.776 8.10222 7
    endloop
  endfacet
  facet normal -0 0 1
    outer loop
      vertex 155.324 9.79259 7
      vertex 155.776 8.10222 7
      vertex 155.478 9.84515 7
    endloop
  endfacet
  facet normal 0 0 1
    outer loop
      vertex 155.776 8.10222 7
      vertex 155.324 9.79259 7
      vertex 155.392 8.02567 7
    endloop
  endfacet
  facet normal -0 0 1
    outer loop
      vertex 155.163 9.76069 7
      vertex 155.392 8.02567 7
      vertex 155.324 9.79259 7
    endloop
  endfacet
  facet normal -0 0 1
    outer loop
      vertex 155 9.75 7
      vertex 155.392 8.02567 7
      vertex 155.163 9.76069 7
    endloop
  endfacet
  facet normal 0 0 1
    outer loop
      vertex 155 9.75 7
      vertex 155 8 7
      vertex 155.392 8.02567 7
    endloop
  endfacet
  facet normal 0 0 1
    outer loop
      vertex 154.837 9.76069 7
      vertex 155 8 7
      vertex 155 9.75 7
    endloop
  endfacet
  facet normal 0 0 1
    outer loop
      vertex 154.608 8.02567 7
      vertex 154.837 9.76069 7
      vertex 154.676 9.79259 7
    endloop
  endfacet
  facet normal 0 0 1
    outer loop
      vertex 154.837 9.76069 7
      vertex 154.608 8.02567 7
      vertex 155 8 7
    endloop
  endfacet
  facet normal 0 0 1
    outer loop
      vertex 154.224 8.10222 7
      vertex 154.676 9.79259 7
      vertex 154.522 9.84515 7
    endloop
  endfacet
  facet normal 0 0 1
    outer loop
      vertex 153.852 8.22836 7
      vertex 154.522 9.84515 7
      vertex 154.375 9.91747 7
    endloop
  endfacet
  facet normal 0 0 1
    outer loop
      vertex 153.5 8.40192 7
      vertex 154.375 9.91747 7
      vertex 154.239 10.0083 7
    endloop
  endfacet
  facet normal 0 0 1
    outer loop
      vertex 154.676 9.79259 7
      vertex 154.224 8.10222 7
      vertex 154.608 8.02567 7
    endloop
  endfacet
  facet normal 0 0 1
    outer loop
      vertex 153.174 8.61994 7
      vertex 154.239 10.0083 7
      vertex 154.116 10.1161 7
    endloop
  endfacet
  facet normal 0 0 1
    outer loop
      vertex 152.879 8.87868 7
      vertex 154.116 10.1161 7
      vertex 154.008 10.239 7
    endloop
  endfacet
  facet normal 0 0 1
    outer loop
      vertex 152.62 9.17372 7
      vertex 154.008 10.239 7
      vertex 153.917 10.375 7
    endloop
  endfacet
  facet normal 0 0 1
    outer loop
      vertex 154.522 9.84515 7
      vertex 153.852 8.22836 7
      vertex 154.224 8.10222 7
    endloop
  endfacet
  facet normal 0 0 1
    outer loop
      vertex 152.402 9.5 7
      vertex 153.917 10.375 7
      vertex 153.845 10.5216 7
    endloop
  endfacet
  facet normal 0 0 1
    outer loop
      vertex 152.228 9.85195 7
      vertex 153.845 10.5216 7
      vertex 153.793 10.6765 7
    endloop
  endfacet
  facet normal 0 0 1
    outer loop
      vertex 152.102 10.2235 7
      vertex 153.793 10.6765 7
      vertex 153.761 10.8368 7
    endloop
  endfacet
  facet normal 0 0 1
    outer loop
      vertex 152.026 10.6084 7
      vertex 153.761 10.8368 7
      vertex 153.75 11 7
    endloop
  endfacet
  facet normal 0 0 1
    outer loop
      vertex 153.917 11.625 7
      vertex 152.402 12.5 7
      vertex 153.845 11.4784 7
    endloop
  endfacet
  facet normal 0 0 1
    outer loop
      vertex 154.375 9.91747 7
      vertex 153.5 8.40192 7
      vertex 153.852 8.22836 7
    endloop
  endfacet
  facet normal -0 0 1
    outer loop
      vertex 152.228 12.148 7
      vertex 153.845 11.4784 7
      vertex 152.402 12.5 7
    endloop
  endfacet
  facet normal 0 0 1
    outer loop
      vertex 154.239 10.0083 7
      vertex 153.174 8.61994 7
      vertex 153.5 8.40192 7
    endloop
  endfacet
  facet normal 0 0 1
    outer loop
      vertex 153.845 11.4784 7
      vertex 152.228 12.148 7
      vertex 153.793 11.3235 7
    endloop
  endfacet
  facet normal 0 0 1
    outer loop
      vertex 154.116 10.1161 7
      vertex 152.879 8.87868 7
      vertex 153.174 8.61994 7
    endloop
  endfacet
  facet normal -0 0 1
    outer loop
      vertex 152.102 11.7765 7
      vertex 153.793 11.3235 7
      vertex 152.228 12.148 7
    endloop
  endfacet
  facet normal 0 0 1
    outer loop
      vertex 154.008 10.239 7
      vertex 152.62 9.17372 7
      vertex 152.879 8.87868 7
    endloop
  endfacet
  facet normal 0 0 1
    outer loop
      vertex 153.793 11.3235 7
      vertex 152.102 11.7765 7
      vertex 153.761 11.1632 7
    endloop
  endfacet
  facet normal 0 0 1
    outer loop
      vertex 153.917 10.375 7
      vertex 152.402 9.5 7
      vertex 152.62 9.17372 7
    endloop
  endfacet
  facet normal -0 0 1
    outer loop
      vertex 152.026 11.3916 7
      vertex 153.761 11.1632 7
      vertex 152.102 11.7765 7
    endloop
  endfacet
  facet normal 0 0 1
    outer loop
      vertex 153.845 10.5216 7
      vertex 152.228 9.85195 7
      vertex 152.402 9.5 7
    endloop
  endfacet
  facet normal 0 0 1
    outer loop
      vertex 153.761 11.1632 7
      vertex 152.026 11.3916 7
      vertex 153.75 11 7
    endloop
  endfacet
  facet normal 0 0 1
    outer loop
      vertex 153.793 10.6765 7
      vertex 152.102 10.2235 7
      vertex 152.228 9.85195 7
    endloop
  endfacet
  facet normal 0 0 1
    outer loop
      vertex 152 11 7
      vertex 153.75 11 7
      vertex 152.026 11.3916 7
    endloop
  endfacet
  facet normal 0 0 1
    outer loop
      vertex 153.761 10.8368 7
      vertex 152.026 10.6084 7
      vertex 152.102 10.2235 7
    endloop
  endfacet
  facet normal 0 0 1
    outer loop
      vertex 153.75 11 7
      vertex 152 11 7
      vertex 152.026 10.6084 7
    endloop
  endfacet
  facet normal 0.831501 0.555523 0
    outer loop
      vertex 157.598 12.5 7
      vertex 157.38 12.8263 2
      vertex 157.38 12.8263 7
    endloop
  endfacet
  facet normal 0.831501 0.555523 0
    outer loop
      vertex 157.38 12.8263 2
      vertex 157.598 12.5 7
      vertex 157.598 12.5 2
    endloop
  endfacet
  facet normal 0.555877 0.831265 -0
    outer loop
      vertex 156.826 13.3801 2
      vertex 156.5 13.5981 7
      vertex 156.826 13.3801 7
    endloop
  endfacet
  facet normal 0.555877 0.831265 0
    outer loop
      vertex 156.5 13.5981 7
      vertex 156.826 13.3801 2
      vertex 156.5 13.5981 2
    endloop
  endfacet
  facet normal 0.89643 -0.443185 0
    outer loop
      vertex 157.598 9.5 7
      vertex 157.772 9.85195 2
      vertex 157.772 9.85195 7
    endloop
  endfacet
  facet normal 0.89643 -0.443185 0
    outer loop
      vertex 157.772 9.85195 2
      vertex 157.598 9.5 7
      vertex 157.598 9.5 2
    endloop
  endfacet
  facet normal 0.997803 -0.0662484 0
    outer loop
      vertex 157.974 10.6084 7
      vertex 158 11 2
      vertex 158 11 7
    endloop
  endfacet
  facet normal 0.997803 -0.0662484 0
    outer loop
      vertex 158 11 2
      vertex 157.974 10.6084 7
      vertex 157.974 10.6084 2
    endloop
  endfacet
  facet normal 0.321264 0.94699 -0
    outer loop
      vertex 156.148 13.7716 2
      vertex 155.776 13.8978 7
      vertex 156.148 13.7716 7
    endloop
  endfacet
  facet normal 0.321264 0.94699 0
    outer loop
      vertex 155.776 13.8978 7
      vertex 156.148 13.7716 2
      vertex 155.776 13.8978 2
    endloop
  endfacet
  facet normal -0.896455 0.443134 0
    outer loop
      vertex 152.228 12.148 2
      vertex 152.402 12.5 7
      vertex 152.402 12.5 2
    endloop
  endfacet
  facet normal -0.896455 0.443134 0
    outer loop
      vertex 152.402 12.5 7
      vertex 152.228 12.148 2
      vertex 152.228 12.148 7
    endloop
  endfacet
  facet normal -0.659478 0.751724 0
    outer loop
      vertex 153.174 13.3801 2
      vertex 152.879 13.1213 7
      vertex 153.174 13.3801 7
    endloop
  endfacet
  facet normal -0.659478 0.751724 0
    outer loop
      vertex 152.879 13.1213 7
      vertex 153.174 13.3801 2
      vertex 152.879 13.1213 2
    endloop
  endfacet
  facet normal 0.321127 -0.947036 0
    outer loop
      vertex 155.776 8.10222 2
      vertex 156.148 8.22836 7
      vertex 155.776 8.10222 7
    endloop
  endfacet
  facet normal 0.321127 -0.947036 0
    outer loop
      vertex 156.148 8.22836 7
      vertex 155.776 8.10222 2
      vertex 156.148 8.22836 2
    endloop
  endfacet
  facet normal -0.997803 -0.0662484 0
    outer loop
      vertex 152.026 10.6084 2
      vertex 152 11 7
      vertex 152 11 2
    endloop
  endfacet
  facet normal -0.997803 -0.0662484 0
    outer loop
      vertex 152 11 7
      vertex 152.026 10.6084 2
      vertex 152.026 10.6084 7
    endloop
  endfacet
  facet normal -0.659392 -0.751799 0
    outer loop
      vertex 152.879 8.87868 2
      vertex 153.174 8.61994 7
      vertex 152.879 8.87868 7
    endloop
  endfacet
  facet normal -0.659392 -0.751799 -0
    outer loop
      vertex 153.174 8.61994 7
      vertex 152.879 8.87868 2
      vertex 153.174 8.61994 2
    endloop
  endfacet
  facet normal -0.321264 0.94699 0
    outer loop
      vertex 154.224 13.8978 2
      vertex 153.852 13.7716 7
      vertex 154.224 13.8978 7
    endloop
  endfacet
  facet normal -0.321264 0.94699 0
    outer loop
      vertex 153.852 13.7716 7
      vertex 154.224 13.8978 2
      vertex 153.852 13.7716 2
    endloop
  endfacet
  facet normal -0.831485 -0.555547 0
    outer loop
      vertex 152.62 9.17372 2
      vertex 152.402 9.5 7
      vertex 152.402 9.5 2
    endloop
  endfacet
  facet normal -0.831485 -0.555547 0
    outer loop
      vertex 152.402 9.5 7
      vertex 152.62 9.17372 2
      vertex 152.62 9.17372 7
    endloop
  endfacet
  facet normal -0.555877 0.831265 0
    outer loop
      vertex 153.5 13.5981 2
      vertex 153.174 13.3801 7
      vertex 153.5 13.5981 7
    endloop
  endfacet
  facet normal -0.555877 0.831265 0
    outer loop
      vertex 153.174 13.3801 7
      vertex 153.5 13.5981 2
      vertex 153.174 13.3801 2
    endloop
  endfacet
  facet normal -0.997803 0.0662484 0
    outer loop
      vertex 152 11 2
      vertex 152.026 11.3916 7
      vertex 152.026 11.3916 2
    endloop
  endfacet
  facet normal -0.997803 0.0662484 0
    outer loop
      vertex 152.026 11.3916 7
      vertex 152 11 2
      vertex 152 11 7
    endloop
  endfacet
  facet normal 0.195379 0.980728 -0
    outer loop
      vertex 155.776 13.8978 2
      vertex 155.392 13.9743 7
      vertex 155.776 13.8978 7
    endloop
  endfacet
  facet normal 0.195379 0.980728 0
    outer loop
      vertex 155.392 13.9743 7
      vertex 155.776 13.8978 2
      vertex 155.392 13.9743 2
    endloop
  endfacet
  facet normal -0.44211 0.896961 0
    outer loop
      vertex 153.852 13.7716 2
      vertex 153.5 13.5981 7
      vertex 153.852 13.7716 7
    endloop
  endfacet
  facet normal -0.44211 0.896961 0
    outer loop
      vertex 153.5 13.5981 7
      vertex 153.852 13.7716 2
      vertex 153.5 13.5981 2
    endloop
  endfacet
  facet normal 0.0653447 -0.997863 0
    outer loop
      vertex 155 8 2
      vertex 155.392 8.02567 7
      vertex 155 8 7
    endloop
  endfacet
  facet normal 0.0653447 -0.997863 0
    outer loop
      vertex 155.392 8.02567 7
      vertex 155 8 2
      vertex 155.392 8.02567 2
    endloop
  endfacet
  facet normal 0.659392 -0.751799 0
    outer loop
      vertex 156.826 8.61994 2
      vertex 157.121 8.87868 7
      vertex 156.826 8.61994 7
    endloop
  endfacet
  facet normal 0.659392 -0.751799 0
    outer loop
      vertex 157.121 8.87868 7
      vertex 156.826 8.61994 2
      vertex 157.121 8.87868 2
    endloop
  endfacet
  facet normal -0.947026 -0.321156 0
    outer loop
      vertex 152.228 9.85195 2
      vertex 152.102 10.2235 7
      vertex 152.102 10.2235 2
    endloop
  endfacet
  facet normal -0.947026 -0.321156 0
    outer loop
      vertex 152.102 10.2235 7
      vertex 152.228 9.85195 2
      vertex 152.228 9.85195 7
    endloop
  endfacet
  facet normal 0.947026 -0.321156 0
    outer loop
      vertex 157.772 9.85195 7
      vertex 157.898 10.2235 2
      vertex 157.898 10.2235 7
    endloop
  endfacet
  facet normal 0.947026 -0.321156 0
    outer loop
      vertex 157.898 10.2235 2
      vertex 157.772 9.85195 7
      vertex 157.772 9.85195 2
    endloop
  endfacet
  facet normal 0.44211 0.896961 -0
    outer loop
      vertex 156.5 13.5981 2
      vertex 156.148 13.7716 7
      vertex 156.5 13.5981 7
    endloop
  endfacet
  facet normal 0.44211 0.896961 0
    outer loop
      vertex 156.148 13.7716 7
      vertex 156.5 13.5981 2
      vertex 156.148 13.7716 2
    endloop
  endfacet
  facet normal -0.195379 0.980728 0
    outer loop
      vertex 154.608 13.9743 2
      vertex 154.224 13.8978 7
      vertex 154.608 13.9743 7
    endloop
  endfacet
  facet normal -0.195379 0.980728 0
    outer loop
      vertex 154.224 13.8978 7
      vertex 154.608 13.9743 2
      vertex 154.224 13.8978 2
    endloop
  endfacet
  facet normal 0.751471 0.659766 0
    outer loop
      vertex 157.38 12.8263 7
      vertex 157.121 13.1213 2
      vertex 157.121 13.1213 7
    endloop
  endfacet
  facet normal 0.751471 0.659766 0
    outer loop
      vertex 157.121 13.1213 2
      vertex 157.38 12.8263 7
      vertex 157.38 12.8263 2
    endloop
  endfacet
  facet normal 0.751515 -0.659716 0
    outer loop
      vertex 157.121 8.87868 7
      vertex 157.38 9.17372 2
      vertex 157.38 9.17372 7
    endloop
  endfacet
  facet normal 0.751515 -0.659716 0
    outer loop
      vertex 157.38 9.17372 2
      vertex 157.121 8.87868 7
      vertex 157.121 8.87868 2
    endloop
  endfacet
  facet normal -0.442233 -0.8969 0
    outer loop
      vertex 153.5 8.40192 2
      vertex 153.852 8.22836 7
      vertex 153.5 8.40192 7
    endloop
  endfacet
  facet normal -0.442233 -0.8969 -0
    outer loop
      vertex 153.852 8.22836 7
      vertex 153.5 8.40192 2
      vertex 153.852 8.22836 2
    endloop
  endfacet
  facet normal -0.947013 0.321194 0
    outer loop
      vertex 152.102 11.7765 2
      vertex 152.228 12.148 7
      vertex 152.228 12.148 2
    endloop
  endfacet
  facet normal -0.947013 0.321194 0
    outer loop
      vertex 152.228 12.148 7
      vertex 152.102 11.7765 2
      vertex 152.102 11.7765 7
    endloop
  endfacet
  facet normal 0.195502 -0.980703 0
    outer loop
      vertex 155.392 8.02567 2
      vertex 155.776 8.10222 7
      vertex 155.392 8.02567 7
    endloop
  endfacet
  facet normal 0.195502 -0.980703 0
    outer loop
      vertex 155.776 8.10222 7
      vertex 155.392 8.02567 2
      vertex 155.776 8.10222 2
    endloop
  endfacet
  facet normal 0.442233 -0.8969 0
    outer loop
      vertex 156.148 8.22836 2
      vertex 156.5 8.40192 7
      vertex 156.148 8.22836 7
    endloop
  endfacet
  facet normal 0.442233 -0.8969 0
    outer loop
      vertex 156.5 8.40192 7
      vertex 156.148 8.22836 2
      vertex 156.5 8.40192 2
    endloop
  endfacet
  facet normal -0.751471 0.659766 0
    outer loop
      vertex 152.62 12.8263 2
      vertex 152.879 13.1213 7
      vertex 152.879 13.1213 2
    endloop
  endfacet
  facet normal -0.751471 0.659766 0
    outer loop
      vertex 152.879 13.1213 7
      vertex 152.62 12.8263 2
      vertex 152.62 12.8263 7
    endloop
  endfacet
  facet normal 0.659478 0.751724 -0
    outer loop
      vertex 157.121 13.1213 2
      vertex 156.826 13.3801 7
      vertex 157.121 13.1213 7
    endloop
  endfacet
  facet normal 0.659478 0.751724 0
    outer loop
      vertex 156.826 13.3801 7
      vertex 157.121 13.1213 2
      vertex 156.826 13.3801 2
    endloop
  endfacet
  facet normal -0.89643 -0.443185 0
    outer loop
      vertex 152.402 9.5 2
      vertex 152.228 9.85195 7
      vertex 152.228 9.85195 2
    endloop
  endfacet
  facet normal -0.89643 -0.443185 0
    outer loop
      vertex 152.228 9.85195 7
      vertex 152.402 9.5 2
      vertex 152.402 9.5 7
    endloop
  endfacet
  facet normal 0.831485 -0.555547 0
    outer loop
      vertex 157.38 9.17372 7
      vertex 157.598 9.5 2
      vertex 157.598 9.5 7
    endloop
  endfacet
  facet normal 0.831485 -0.555547 0
    outer loop
      vertex 157.598 9.5 2
      vertex 157.38 9.17372 7
      vertex 157.38 9.17372 2
    endloop
  endfacet
  facet normal 0.896455 0.443134 0
    outer loop
      vertex 157.772 12.148 7
      vertex 157.598 12.5 2
      vertex 157.598 12.5 7
    endloop
  endfacet
  facet normal 0.896455 0.443134 0
    outer loop
      vertex 157.598 12.5 2
      vertex 157.772 12.148 7
      vertex 157.772 12.148 2
    endloop
  endfacet
  facet normal -0.0653447 -0.997863 0
    outer loop
      vertex 154.608 8.02567 2
      vertex 155 8 7
      vertex 154.608 8.02567 7
    endloop
  endfacet
  facet normal -0.0653447 -0.997863 -0
    outer loop
      vertex 155 8 7
      vertex 154.608 8.02567 2
      vertex 155 8 2
    endloop
  endfacet
  facet normal 0.0654208 0.997858 -0
    outer loop
      vertex 155.392 13.9743 2
      vertex 155 14 7
      vertex 155.392 13.9743 7
    endloop
  endfacet
  facet normal 0.0654208 0.997858 0
    outer loop
      vertex 155 14 7
      vertex 155.392 13.9743 2
      vertex 155 14 2
    endloop
  endfacet
  facet normal -0.555912 -0.831241 0
    outer loop
      vertex 153.174 8.61994 2
      vertex 153.5 8.40192 7
      vertex 153.174 8.61994 7
    endloop
  endfacet
  facet normal -0.555912 -0.831241 -0
    outer loop
      vertex 153.5 8.40192 7
      vertex 153.174 8.61994 2
      vertex 153.5 8.40192 2
    endloop
  endfacet
  facet normal 0.555912 -0.831241 0
    outer loop
      vertex 156.5 8.40192 2
      vertex 156.826 8.61994 7
      vertex 156.5 8.40192 7
    endloop
  endfacet
  facet normal 0.555912 -0.831241 0
    outer loop
      vertex 156.826 8.61994 7
      vertex 156.5 8.40192 2
      vertex 156.826 8.61994 2
    endloop
  endfacet
  facet normal 0.947013 0.321194 0
    outer loop
      vertex 157.898 11.7765 7
      vertex 157.772 12.148 2
      vertex 157.772 12.148 7
    endloop
  endfacet
  facet normal 0.947013 0.321194 0
    outer loop
      vertex 157.772 12.148 2
      vertex 157.898 11.7765 7
      vertex 157.898 11.7765 2
    endloop
  endfacet
  facet normal -0.981058 0.193714 0
    outer loop
      vertex 152.026 11.3916 2
      vertex 152.102 11.7765 7
      vertex 152.102 11.7765 2
    endloop
  endfacet
  facet normal -0.981058 0.193714 0
    outer loop
      vertex 152.102 11.7765 7
      vertex 152.026 11.3916 2
      vertex 152.026 11.3916 7
    endloop
  endfacet
  facet normal -0.0654208 0.997858 0
    outer loop
      vertex 155 14 2
      vertex 154.608 13.9743 7
      vertex 155 14 7
    endloop
  endfacet
  facet normal -0.0654208 0.997858 0
    outer loop
      vertex 154.608 13.9743 7
      vertex 155 14 2
      vertex 154.608 13.9743 2
    endloop
  endfacet
  facet normal -0.321127 -0.947036 0
    outer loop
      vertex 153.852 8.22836 2
      vertex 154.224 8.10222 7
      vertex 153.852 8.22836 7
    endloop
  endfacet
  facet normal -0.321127 -0.947036 -0
    outer loop
      vertex 154.224 8.10222 7
      vertex 153.852 8.22836 2
      vertex 154.224 8.10222 2
    endloop
  endfacet
  facet normal -0.981058 -0.193714 0
    outer loop
      vertex 152.102 10.2235 2
      vertex 152.026 10.6084 7
      vertex 152.026 10.6084 2
    endloop
  endfacet
  facet normal -0.981058 -0.193714 0
    outer loop
      vertex 152.026 10.6084 7
      vertex 152.102 10.2235 2
      vertex 152.102 10.2235 7
    endloop
  endfacet
  facet normal -0.751515 -0.659716 0
    outer loop
      vertex 152.879 8.87868 2
      vertex 152.62 9.17372 7
      vertex 152.62 9.17372 2
    endloop
  endfacet
  facet normal -0.751515 -0.659716 0
    outer loop
      vertex 152.62 9.17372 7
      vertex 152.879 8.87868 2
      vertex 152.879 8.87868 7
    endloop
  endfacet
  facet normal -0.195502 -0.980703 0
    outer loop
      vertex 154.224 8.10222 2
      vertex 154.608 8.02567 7
      vertex 154.224 8.10222 7
    endloop
  endfacet
  facet normal -0.195502 -0.980703 -0
    outer loop
      vertex 154.608 8.02567 7
      vertex 154.224 8.10222 2
      vertex 154.608 8.02567 2
    endloop
  endfacet
  facet normal -0.831501 0.555523 0
    outer loop
      vertex 152.402 12.5 2
      vertex 152.62 12.8263 7
      vertex 152.62 12.8263 2
    endloop
  endfacet
  facet normal -0.831501 0.555523 0
    outer loop
      vertex 152.62 12.8263 7
      vertex 152.402 12.5 2
      vertex 152.402 12.5 7
    endloop
  endfacet
  facet normal -0.980651 0.195763 0
    outer loop
      vertex 156.207 10.6765 2.1
      vertex 156.239 10.8368 7
      vertex 156.239 10.8368 2.1
    endloop
  endfacet
  facet normal -0.980651 0.195763 0
    outer loop
      vertex 156.239 10.8368 7
      vertex 156.207 10.6765 2.1
      vertex 156.207 10.6765 7
    endloop
  endfacet
  facet normal -0.980651 -0.195763 0
    outer loop
      vertex 156.239 11.1632 2.1
      vertex 156.207 11.3235 7
      vertex 156.207 11.3235 2.1
    endloop
  endfacet
  facet normal -0.980651 -0.195763 0
    outer loop
      vertex 156.207 11.3235 7
      vertex 156.239 11.1632 2.1
      vertex 156.239 11.1632 7
    endloop
  endfacet
  facet normal -0.997736 -0.0672494 0
    outer loop
      vertex 156.25 11 2.1
      vertex 156.239 11.1632 7
      vertex 156.239 11.1632 2.1
    endloop
  endfacet
  facet normal -0.997736 -0.0672494 0
    outer loop
      vertex 156.239 11.1632 7
      vertex 156.25 11 2.1
      vertex 156.25 11 7
    endloop
  endfacet
  facet normal -0.948008 -0.318247 0
    outer loop
      vertex 156.207 11.3235 2.1
      vertex 156.155 11.4784 7
      vertex 156.155 11.4784 2.1
    endloop
  endfacet
  facet normal -0.948008 -0.318247 0
    outer loop
      vertex 156.155 11.4784 7
      vertex 156.207 11.3235 2.1
      vertex 156.207 11.3235 7
    endloop
  endfacet
  facet normal 0.997736 -0.0672494 0
    outer loop
      vertex 153.75 11 7
      vertex 153.761 11.1632 2.1
      vertex 153.761 11.1632 7
    endloop
  endfacet
  facet normal 0.997736 -0.0672494 0
    outer loop
      vertex 153.761 11.1632 2.1
      vertex 153.75 11 7
      vertex 153.75 11 2.1
    endloop
  endfacet
  facet normal -0.441442 0.89729 0
    outer loop
      vertex 155.625 9.91747 2.1
      vertex 155.478 9.84515 7
      vertex 155.625 9.91747 7
    endloop
  endfacet
  facet normal -0.441442 0.89729 0
    outer loop
      vertex 155.478 9.84515 7
      vertex 155.625 9.91747 2.1
      vertex 155.478 9.84515 2.1
    endloop
  endfacet
  facet normal -0.194358 -0.980931 0
    outer loop
      vertex 155.163 12.2393 2.1
      vertex 155.324 12.2074 7
      vertex 155.163 12.2393 7
    endloop
  endfacet
  facet normal -0.194358 -0.980931 -0
    outer loop
      vertex 155.324 12.2074 7
      vertex 155.163 12.2393 2.1
      vertex 155.324 12.2074 2.1
    endloop
  endfacet
  facet normal -0.194358 0.980931 0
    outer loop
      vertex 155.324 9.79259 2.1
      vertex 155.163 9.76069 7
      vertex 155.324 9.79259 7
    endloop
  endfacet
  facet normal -0.194358 0.980931 0
    outer loop
      vertex 155.163 9.76069 7
      vertex 155.324 9.79259 2.1
      vertex 155.163 9.76069 2.1
    endloop
  endfacet
  facet normal -0.0654422 0.997856 0
    outer loop
      vertex 155.163 9.76069 2.1
      vertex 155 9.75 7
      vertex 155.163 9.76069 7
    endloop
  endfacet
  facet normal -0.0654422 0.997856 0
    outer loop
      vertex 155 9.75 7
      vertex 155.163 9.76069 2.1
      vertex 155 9.75 2.1
    endloop
  endfacet
  facet normal 0.65911 -0.752046 0
    outer loop
      vertex 154.116 11.8839 2.1
      vertex 154.239 11.9917 7
      vertex 154.116 11.8839 7
    endloop
  endfacet
  facet normal 0.65911 -0.752046 0
    outer loop
      vertex 154.239 11.9917 7
      vertex 154.116 11.8839 2.1
      vertex 154.239 11.9917 2.1
    endloop
  endfacet
  facet normal 0.831109 -0.55611 0
    outer loop
      vertex 153.917 11.625 7
      vertex 154.008 11.761 2.1
      vertex 154.008 11.761 7
    endloop
  endfacet
  facet normal 0.831109 -0.55611 0
    outer loop
      vertex 154.008 11.761 2.1
      vertex 153.917 11.625 7
      vertex 153.917 11.625 2.1
    endloop
  endfacet
  facet normal -0.323224 -0.946322 0
    outer loop
      vertex 155.324 12.2074 2.1
      vertex 155.478 12.1548 7
      vertex 155.324 12.2074 7
    endloop
  endfacet
  facet normal -0.323224 -0.946322 -0
    outer loop
      vertex 155.478 12.1548 7
      vertex 155.324 12.2074 2.1
      vertex 155.478 12.1548 2.1
    endloop
  endfacet
  facet normal -0.65911 0.752046 0
    outer loop
      vertex 155.884 10.1161 2.1
      vertex 155.761 10.0083 7
      vertex 155.884 10.1161 7
    endloop
  endfacet
  facet normal -0.65911 0.752046 0
    outer loop
      vertex 155.761 10.0083 7
      vertex 155.884 10.1161 2.1
      vertex 155.761 10.0083 2.1
    endloop
  endfacet
  facet normal 0.441344 -0.897338 0
    outer loop
      vertex 154.375 12.0825 2.1
      vertex 154.522 12.1548 7
      vertex 154.375 12.0825 7
    endloop
  endfacet
  facet normal 0.441344 -0.897338 0
    outer loop
      vertex 154.522 12.1548 7
      vertex 154.375 12.0825 2.1
      vertex 154.522 12.1548 2.1
    endloop
  endfacet
  facet normal 0.0654422 0.997856 -0
    outer loop
      vertex 155 9.75 2.1
      vertex 154.837 9.76069 7
      vertex 155 9.75 7
    endloop
  endfacet
  facet normal 0.0654422 0.997856 0
    outer loop
      vertex 154.837 9.76069 7
      vertex 155 9.75 2.1
      vertex 154.837 9.76069 2.1
    endloop
  endfacet
  facet normal -0.751174 0.660104 0
    outer loop
      vertex 155.884 10.1161 2.1
      vertex 155.992 10.239 7
      vertex 155.992 10.239 2.1
    endloop
  endfacet
  facet normal -0.751174 0.660104 0
    outer loop
      vertex 155.992 10.239 7
      vertex 155.884 10.1161 2.1
      vertex 155.884 10.1161 7
    endloop
  endfacet
  facet normal 0.948008 0.318247 0
    outer loop
      vertex 153.845 10.5216 7
      vertex 153.793 10.6765 2.1
      vertex 153.793 10.6765 7
    endloop
  endfacet
  facet normal 0.948008 0.318247 0
    outer loop
      vertex 153.793 10.6765 2.1
      vertex 153.845 10.5216 7
      vertex 153.845 10.5216 2.1
    endloop
  endfacet
  facet normal -0.323004 0.946398 0
    outer loop
      vertex 155.478 9.84515 2.1
      vertex 155.324 9.79259 7
      vertex 155.478 9.84515 7
    endloop
  endfacet
  facet normal -0.323004 0.946398 0
    outer loop
      vertex 155.324 9.79259 7
      vertex 155.478 9.84515 2.1
      vertex 155.324 9.79259 2.1
    endloop
  endfacet
  facet normal 0.323224 -0.946322 0
    outer loop
      vertex 154.522 12.1548 2.1
      vertex 154.676 12.2074 7
      vertex 154.522 12.1548 7
    endloop
  endfacet
  facet normal 0.323224 -0.946322 0
    outer loop
      vertex 154.676 12.2074 7
      vertex 154.522 12.1548 2.1
      vertex 154.676 12.2074 2.1
    endloop
  endfacet
  facet normal -0.751174 -0.660104 0
    outer loop
      vertex 155.992 11.761 2.1
      vertex 155.884 11.8839 7
      vertex 155.884 11.8839 2.1
    endloop
  endfacet
  facet normal -0.751174 -0.660104 0
    outer loop
      vertex 155.884 11.8839 7
      vertex 155.992 11.761 2.1
      vertex 155.992 11.761 7
    endloop
  endfacet
  facet normal 0.555265 -0.831674 0
    outer loop
      vertex 154.239 11.9917 2.1
      vertex 154.375 12.0825 7
      vertex 154.239 11.9917 7
    endloop
  endfacet
  facet normal 0.555265 -0.831674 0
    outer loop
      vertex 154.375 12.0825 7
      vertex 154.239 11.9917 2.1
      vertex 154.375 12.0825 2.1
    endloop
  endfacet
  facet normal 0.948008 -0.318247 0
    outer loop
      vertex 153.793 11.3235 7
      vertex 153.845 11.4784 2.1
      vertex 153.845 11.4784 7
    endloop
  endfacet
  facet normal 0.948008 -0.318247 0
    outer loop
      vertex 153.845 11.4784 2.1
      vertex 153.793 11.3235 7
      vertex 153.793 11.3235 2.1
    endloop
  endfacet
  facet normal -0.897588 -0.440835 0
    outer loop
      vertex 156.155 11.4784 2.1
      vertex 156.083 11.625 7
      vertex 156.083 11.625 2.1
    endloop
  endfacet
  facet normal -0.897588 -0.440835 0
    outer loop
      vertex 156.083 11.625 7
      vertex 156.155 11.4784 2.1
      vertex 156.155 11.4784 7
    endloop
  endfacet
  facet normal 0.194358 -0.980931 0
    outer loop
      vertex 154.676 12.2074 2.1
      vertex 154.837 12.2393 7
      vertex 154.676 12.2074 7
    endloop
  endfacet
  facet normal 0.194358 -0.980931 0
    outer loop
      vertex 154.837 12.2393 7
      vertex 154.676 12.2074 2.1
      vertex 154.837 12.2393 2.1
    endloop
  endfacet
  facet normal -0.65911 -0.752046 0
    outer loop
      vertex 155.761 11.9917 2.1
      vertex 155.884 11.8839 7
      vertex 155.761 11.9917 7
    endloop
  endfacet
  facet normal -0.65911 -0.752046 -0
    outer loop
      vertex 155.884 11.8839 7
      vertex 155.761 11.9917 2.1
      vertex 155.884 11.8839 2.1
    endloop
  endfacet
  facet normal -0.997736 0.0672494 0
    outer loop
      vertex 156.239 10.8368 2.1
      vertex 156.25 11 7
      vertex 156.25 11 2.1
    endloop
  endfacet
  facet normal -0.997736 0.0672494 0
    outer loop
      vertex 156.25 11 7
      vertex 156.239 10.8368 2.1
      vertex 156.239 10.8368 7
    endloop
  endfacet
  facet normal -0.441344 -0.897338 0
    outer loop
      vertex 155.478 12.1548 2.1
      vertex 155.625 12.0825 7
      vertex 155.478 12.1548 7
    endloop
  endfacet
  facet normal -0.441344 -0.897338 -0
    outer loop
      vertex 155.625 12.0825 7
      vertex 155.478 12.1548 2.1
      vertex 155.625 12.0825 2.1
    endloop
  endfacet
  facet normal 0.323004 0.946398 -0
    outer loop
      vertex 154.676 9.79259 2.1
      vertex 154.522 9.84515 7
      vertex 154.676 9.79259 7
    endloop
  endfacet
  facet normal 0.323004 0.946398 0
    outer loop
      vertex 154.522 9.84515 7
      vertex 154.676 9.79259 2.1
      vertex 154.522 9.84515 2.1
    endloop
  endfacet
  facet normal 0.980651 -0.195763 0
    outer loop
      vertex 153.761 11.1632 7
      vertex 153.793 11.3235 2.1
      vertex 153.793 11.3235 7
    endloop
  endfacet
  facet normal 0.980651 -0.195763 0
    outer loop
      vertex 153.793 11.3235 2.1
      vertex 153.761 11.1632 7
      vertex 153.761 11.1632 2.1
    endloop
  endfacet
  facet normal 0.0655032 -0.997852 0
    outer loop
      vertex 154.837 12.2393 2.1
      vertex 155 12.25 7
      vertex 154.837 12.2393 7
    endloop
  endfacet
  facet normal 0.0655032 -0.997852 0
    outer loop
      vertex 155 12.25 7
      vertex 154.837 12.2393 2.1
      vertex 155 12.25 2.1
    endloop
  endfacet
  facet normal -0.948008 0.318247 0
    outer loop
      vertex 156.155 10.5216 2.1
      vertex 156.207 10.6765 7
      vertex 156.207 10.6765 2.1
    endloop
  endfacet
  facet normal -0.948008 0.318247 0
    outer loop
      vertex 156.207 10.6765 7
      vertex 156.155 10.5216 2.1
      vertex 156.155 10.5216 7
    endloop
  endfacet
  facet normal -0.831109 -0.55611 0
    outer loop
      vertex 156.083 11.625 2.1
      vertex 155.992 11.761 7
      vertex 155.992 11.761 2.1
    endloop
  endfacet
  facet normal -0.831109 -0.55611 0
    outer loop
      vertex 155.992 11.761 7
      vertex 156.083 11.625 2.1
      vertex 156.083 11.625 7
    endloop
  endfacet
  facet normal 0.897588 0.440835 0
    outer loop
      vertex 153.917 10.375 7
      vertex 153.845 10.5216 2.1
      vertex 153.845 10.5216 7
    endloop
  endfacet
  facet normal 0.897588 0.440835 0
    outer loop
      vertex 153.845 10.5216 2.1
      vertex 153.917 10.375 7
      vertex 153.917 10.375 2.1
    endloop
  endfacet
  facet normal -0.897588 0.440835 0
    outer loop
      vertex 156.083 10.375 2.1
      vertex 156.155 10.5216 7
      vertex 156.155 10.5216 2.1
    endloop
  endfacet
  facet normal -0.897588 0.440835 0
    outer loop
      vertex 156.155 10.5216 7
      vertex 156.083 10.375 2.1
      vertex 156.083 10.375 7
    endloop
  endfacet
  facet normal 0.751174 0.660104 0
    outer loop
      vertex 154.116 10.1161 7
      vertex 154.008 10.239 2.1
      vertex 154.008 10.239 7
    endloop
  endfacet
  facet normal 0.751174 0.660104 0
    outer loop
      vertex 154.008 10.239 2.1
      vertex 154.116 10.1161 7
      vertex 154.116 10.1161 2.1
    endloop
  endfacet
  facet normal -0.831109 0.55611 0
    outer loop
      vertex 155.992 10.239 2.1
      vertex 156.083 10.375 7
      vertex 156.083 10.375 2.1
    endloop
  endfacet
  facet normal -0.831109 0.55611 0
    outer loop
      vertex 156.083 10.375 7
      vertex 155.992 10.239 2.1
      vertex 155.992 10.239 7
    endloop
  endfacet
  facet normal 0 0 1
    outer loop
      vertex 156.239 11.1632 2.1
      vertex 156.239 10.8368 2.1
      vertex 156.25 11 2.1
    endloop
  endfacet
  facet normal 0 0 1
    outer loop
      vertex 156.207 11.3235 2.1
      vertex 156.239 10.8368 2.1
      vertex 156.239 11.1632 2.1
    endloop
  endfacet
  facet normal 0 0 1
    outer loop
      vertex 156.207 11.3235 2.1
      vertex 156.207 10.6765 2.1
      vertex 156.239 10.8368 2.1
    endloop
  endfacet
  facet normal 0 0 1
    outer loop
      vertex 156.155 11.4784 2.1
      vertex 156.207 10.6765 2.1
      vertex 156.207 11.3235 2.1
    endloop
  endfacet
  facet normal 0 0 1
    outer loop
      vertex 156.155 11.4784 2.1
      vertex 156.155 10.5216 2.1
      vertex 156.207 10.6765 2.1
    endloop
  endfacet
  facet normal 0 0 1
    outer loop
      vertex 156.083 11.625 2.1
      vertex 156.155 10.5216 2.1
      vertex 156.155 11.4784 2.1
    endloop
  endfacet
  facet normal 0 0 1
    outer loop
      vertex 156.083 11.625 2.1
      vertex 156.083 10.375 2.1
      vertex 156.155 10.5216 2.1
    endloop
  endfacet
  facet normal 0 0 1
    outer loop
      vertex 155.992 11.761 2.1
      vertex 156.083 10.375 2.1
      vertex 156.083 11.625 2.1
    endloop
  endfacet
  facet normal 0 0 1
    outer loop
      vertex 155.992 11.761 2.1
      vertex 155.992 10.239 2.1
      vertex 156.083 10.375 2.1
    endloop
  endfacet
  facet normal 0 0 1
    outer loop
      vertex 155.884 11.8839 2.1
      vertex 155.992 10.239 2.1
      vertex 155.992 11.761 2.1
    endloop
  endfacet
  facet normal 0 0 1
    outer loop
      vertex 155.884 11.8839 2.1
      vertex 155.884 10.1161 2.1
      vertex 155.992 10.239 2.1
    endloop
  endfacet
  facet normal 0 0 1
    outer loop
      vertex 155.761 11.9917 2.1
      vertex 155.884 10.1161 2.1
      vertex 155.884 11.8839 2.1
    endloop
  endfacet
  facet normal 0 0 1
    outer loop
      vertex 155.761 11.9917 2.1
      vertex 155.761 10.0083 2.1
      vertex 155.884 10.1161 2.1
    endloop
  endfacet
  facet normal 0 0 1
    outer loop
      vertex 155.625 12.0825 2.1
      vertex 155.761 10.0083 2.1
      vertex 155.761 11.9917 2.1
    endloop
  endfacet
  facet normal 0 0 1
    outer loop
      vertex 155.625 12.0825 2.1
      vertex 155.625 9.91747 2.1
      vertex 155.761 10.0083 2.1
    endloop
  endfacet
  facet normal 0 0 1
    outer loop
      vertex 155.478 12.1548 2.1
      vertex 155.625 9.91747 2.1
      vertex 155.625 12.0825 2.1
    endloop
  endfacet
  facet normal 0 0 1
    outer loop
      vertex 155.478 12.1548 2.1
      vertex 155.478 9.84515 2.1
      vertex 155.625 9.91747 2.1
    endloop
  endfacet
  facet normal 0 0 1
    outer loop
      vertex 155.324 12.2074 2.1
      vertex 155.478 9.84515 2.1
      vertex 155.478 12.1548 2.1
    endloop
  endfacet
  facet normal 0 0 1
    outer loop
      vertex 155.324 12.2074 2.1
      vertex 155.324 9.79259 2.1
      vertex 155.478 9.84515 2.1
    endloop
  endfacet
  facet normal 0 0 1
    outer loop
      vertex 155.163 12.2393 2.1
      vertex 155.324 9.79259 2.1
      vertex 155.324 12.2074 2.1
    endloop
  endfacet
  facet normal 0 0 1
    outer loop
      vertex 155.163 12.2393 2.1
      vertex 155.163 9.76069 2.1
      vertex 155.324 9.79259 2.1
    endloop
  endfacet
  facet normal 0 0 1
    outer loop
      vertex 155 12.25 2.1
      vertex 155.163 9.76069 2.1
      vertex 155.163 12.2393 2.1
    endloop
  endfacet
  facet normal 0 0 1
    outer loop
      vertex 155 12.25 2.1
      vertex 155 9.75 2.1
      vertex 155.163 9.76069 2.1
    endloop
  endfacet
  facet normal -0 0 1
    outer loop
      vertex 154.837 12.2393 2.1
      vertex 155 9.75 2.1
      vertex 155 12.25 2.1
    endloop
  endfacet
  facet normal 0 0 1
    outer loop
      vertex 154.837 12.2393 2.1
      vertex 154.837 9.76069 2.1
      vertex 155 9.75 2.1
    endloop
  endfacet
  facet normal -0 0 1
    outer loop
      vertex 154.676 12.2074 2.1
      vertex 154.837 9.76069 2.1
      vertex 154.837 12.2393 2.1
    endloop
  endfacet
  facet normal 0 0 1
    outer loop
      vertex 154.676 12.2074 2.1
      vertex 154.676 9.79259 2.1
      vertex 154.837 9.76069 2.1
    endloop
  endfacet
  facet normal -0 0 1
    outer loop
      vertex 154.522 12.1548 2.1
      vertex 154.676 9.79259 2.1
      vertex 154.676 12.2074 2.1
    endloop
  endfacet
  facet normal 0 0 1
    outer loop
      vertex 154.522 12.1548 2.1
      vertex 154.522 9.84515 2.1
      vertex 154.676 9.79259 2.1
    endloop
  endfacet
  facet normal -0 0 1
    outer loop
      vertex 154.375 12.0825 2.1
      vertex 154.522 9.84515 2.1
      vertex 154.522 12.1548 2.1
    endloop
  endfacet
  facet normal 0 0 1
    outer loop
      vertex 154.375 12.0825 2.1
      vertex 154.375 9.91747 2.1
      vertex 154.522 9.84515 2.1
    endloop
  endfacet
  facet normal -0 0 1
    outer loop
      vertex 154.239 11.9917 2.1
      vertex 154.375 9.91747 2.1
      vertex 154.375 12.0825 2.1
    endloop
  endfacet
  facet normal 0 0 1
    outer loop
      vertex 154.239 11.9917 2.1
      vertex 154.239 10.0083 2.1
      vertex 154.375 9.91747 2.1
    endloop
  endfacet
  facet normal -0 0 1
    outer loop
      vertex 154.116 11.8839 2.1
      vertex 154.239 10.0083 2.1
      vertex 154.239 11.9917 2.1
    endloop
  endfacet
  facet normal 0 0 1
    outer loop
      vertex 154.116 11.8839 2.1
      vertex 154.116 10.1161 2.1
      vertex 154.239 10.0083 2.1
    endloop
  endfacet
  facet normal -0 0 1
    outer loop
      vertex 154.008 11.761 2.1
      vertex 154.116 10.1161 2.1
      vertex 154.116 11.8839 2.1
    endloop
  endfacet
  facet normal 0 0 1
    outer loop
      vertex 154.008 11.761 2.1
      vertex 154.008 10.239 2.1
      vertex 154.116 10.1161 2.1
    endloop
  endfacet
  facet normal -0 0 1
    outer loop
      vertex 153.917 11.625 2.1
      vertex 154.008 10.239 2.1
      vertex 154.008 11.761 2.1
    endloop
  endfacet
  facet normal 0 0 1
    outer loop
      vertex 153.917 11.625 2.1
      vertex 153.917 10.375 2.1
      vertex 154.008 10.239 2.1
    endloop
  endfacet
  facet normal -0 0 1
    outer loop
      vertex 153.845 11.4784 2.1
      vertex 153.917 10.375 2.1
      vertex 153.917 11.625 2.1
    endloop
  endfacet
  facet normal 0 0 1
    outer loop
      vertex 153.845 11.4784 2.1
      vertex 153.845 10.5216 2.1
      vertex 153.917 10.375 2.1
    endloop
  endfacet
  facet normal -0 0 1
    outer loop
      vertex 153.793 11.3235 2.1
      vertex 153.845 10.5216 2.1
      vertex 153.845 11.4784 2.1
    endloop
  endfacet
  facet normal 0 0 1
    outer loop
      vertex 153.793 11.3235 2.1
      vertex 153.793 10.6765 2.1
      vertex 153.845 10.5216 2.1
    endloop
  endfacet
  facet normal -0 0 1
    outer loop
      vertex 153.761 11.1632 2.1
      vertex 153.793 10.6765 2.1
      vertex 153.793 11.3235 2.1
    endloop
  endfacet
  facet normal 0 0 1
    outer loop
      vertex 153.761 11.1632 2.1
      vertex 153.761 10.8368 2.1
      vertex 153.793 10.6765 2.1
    endloop
  endfacet
  facet normal 0 -0 1
    outer loop
      vertex 153.761 10.8368 2.1
      vertex 153.761 11.1632 2.1
      vertex 153.75 11 2.1
    endloop
  endfacet
  facet normal 0.751174 -0.660104 0
    outer loop
      vertex 154.008 11.761 7
      vertex 154.116 11.8839 2.1
      vertex 154.116 11.8839 7
    endloop
  endfacet
  facet normal 0.751174 -0.660104 0
    outer loop
      vertex 154.116 11.8839 2.1
      vertex 154.008 11.761 7
      vertex 154.008 11.761 2.1
    endloop
  endfacet
  facet normal -0.0655032 -0.997852 0
    outer loop
      vertex 155 12.25 2.1
      vertex 155.163 12.2393 7
      vertex 155 12.25 7
    endloop
  endfacet
  facet normal -0.0655032 -0.997852 -0
    outer loop
      vertex 155.163 12.2393 7
      vertex 155 12.25 2.1
      vertex 155.163 12.2393 2.1
    endloop
  endfacet
  facet normal -0.555265 -0.831674 0
    outer loop
      vertex 155.625 12.0825 2.1
      vertex 155.761 11.9917 7
      vertex 155.625 12.0825 7
    endloop
  endfacet
  facet normal -0.555265 -0.831674 -0
    outer loop
      vertex 155.761 11.9917 7
      vertex 155.625 12.0825 2.1
      vertex 155.761 11.9917 2.1
    endloop
  endfacet
  facet normal 0.441442 0.89729 -0
    outer loop
      vertex 154.522 9.84515 2.1
      vertex 154.375 9.91747 7
      vertex 154.522 9.84515 7
    endloop
  endfacet
  facet normal 0.441442 0.89729 0
    outer loop
      vertex 154.375 9.91747 7
      vertex 154.522 9.84515 2.1
      vertex 154.375 9.91747 2.1
    endloop
  endfacet
  facet normal 0.831109 0.55611 0
    outer loop
      vertex 154.008 10.239 7
      vertex 153.917 10.375 2.1
      vertex 153.917 10.375 7
    endloop
  endfacet
  facet normal 0.831109 0.55611 0
    outer loop
      vertex 153.917 10.375 2.1
      vertex 154.008 10.239 7
      vertex 154.008 10.239 2.1
    endloop
  endfacet
  facet normal 0.980651 0.195763 0
    outer loop
      vertex 153.793 10.6765 7
      vertex 153.761 10.8368 2.1
      vertex 153.761 10.8368 7
    endloop
  endfacet
  facet normal 0.980651 0.195763 0
    outer loop
      vertex 153.761 10.8368 2.1
      vertex 153.793 10.6765 7
      vertex 153.793 10.6765 2.1
    endloop
  endfacet
  facet normal 0.194358 0.980931 -0
    outer loop
      vertex 154.837 9.76069 2.1
      vertex 154.676 9.79259 7
      vertex 154.837 9.76069 7
    endloop
  endfacet
  facet normal 0.194358 0.980931 0
    outer loop
      vertex 154.676 9.79259 7
      vertex 154.837 9.76069 2.1
      vertex 154.676 9.79259 2.1
    endloop
  endfacet
  facet normal 0.65911 0.752046 -0
    outer loop
      vertex 154.239 10.0083 2.1
      vertex 154.116 10.1161 7
      vertex 154.239 10.0083 7
    endloop
  endfacet
  facet normal 0.65911 0.752046 0
    outer loop
      vertex 154.116 10.1161 7
      vertex 154.239 10.0083 2.1
      vertex 154.116 10.1161 2.1
    endloop
  endfacet
  facet normal 0.897588 -0.440835 0
    outer loop
      vertex 153.845 11.4784 7
      vertex 153.917 11.625 2.1
      vertex 153.917 11.625 7
    endloop
  endfacet
  facet normal 0.897588 -0.440835 0
    outer loop
      vertex 153.917 11.625 2.1
      vertex 153.845 11.4784 7
      vertex 153.845 11.4784 2.1
    endloop
  endfacet
  facet normal 0.997736 0.0672494 0
    outer loop
      vertex 153.761 10.8368 7
      vertex 153.75 11 2.1
      vertex 153.75 11 7
    endloop
  endfacet
  facet normal 0.997736 0.0672494 0
    outer loop
      vertex 153.75 11 2.1
      vertex 153.761 10.8368 7
      vertex 153.761 10.8368 2.1
    endloop
  endfacet
  facet normal -0.555391 0.831589 0
    outer loop
      vertex 155.761 10.0083 2.1
      vertex 155.625 9.91747 7
      vertex 155.761 10.0083 7
    endloop
  endfacet
  facet normal -0.555391 0.831589 0
    outer loop
      vertex 155.625 9.91747 7
      vertex 155.761 10.0083 2.1
      vertex 155.625 9.91747 2.1
    endloop
  endfacet
  facet normal 0.555391 0.831589 -0
    outer loop
      vertex 154.375 9.91747 2.1
      vertex 154.239 10.0083 7
      vertex 154.375 9.91747 7
    endloop
  endfacet
  facet normal 0.555391 0.831589 0
    outer loop
      vertex 154.239 10.0083 7
      vertex 154.375 9.91747 2.1
      vertex 154.239 10.0083 2.1
    endloop
  endfacet
  facet normal 0.980815 0.19494 0
    outer loop
      vertex 13.9743 89.3916 7
      vertex 13.8978 89.7765 2
      vertex 13.8978 89.7765 7
    endloop
  endfacet
  facet normal 0.980815 0.19494 0
    outer loop
      vertex 13.8978 89.7765 2
      vertex 13.9743 89.3916 7
      vertex 13.9743 89.3916 2
    endloop
  endfacet
  facet normal 0.997853 0.0654873 0
    outer loop
      vertex 14 89 7
      vertex 13.9743 89.3916 2
      vertex 13.9743 89.3916 7
    endloop
  endfacet
  facet normal 0.997853 0.0654873 0
    outer loop
      vertex 13.9743 89.3916 2
      vertex 14 89 7
      vertex 14 89 2
    endloop
  endfacet
  facet normal 0.980815 -0.19494 0
    outer loop
      vertex 13.8978 88.2235 7
      vertex 13.9743 88.6084 2
      vertex 13.9743 88.6084 7
    endloop
  endfacet
  facet normal 0.980815 -0.19494 0
    outer loop
      vertex 13.9743 88.6084 2
      vertex 13.8978 88.2235 7
      vertex 13.8978 88.2235 2
    endloop
  endfacet
  facet normal 0 0 1
    outer loop
      vertex 12.25 89 7
      vertex 14 89 7
      vertex 13.9743 89.3916 7
    endloop
  endfacet
  facet normal 0 0 1
    outer loop
      vertex 12.2393 89.1632 7
      vertex 13.9743 89.3916 7
      vertex 13.8978 89.7765 7
    endloop
  endfacet
  facet normal 0 0 1
    outer loop
      vertex 14 89 7
      vertex 12.25 89 7
      vertex 13.9743 88.6084 7
    endloop
  endfacet
  facet normal 0 0 1
    outer loop
      vertex 12.2074 89.3235 7
      vertex 13.8978 89.7765 7
      vertex 13.7716 90.148 7
    endloop
  endfacet
  facet normal -0 0 1
    outer loop
      vertex 12.2393 88.8368 7
      vertex 13.9743 88.6084 7
      vertex 12.25 89 7
    endloop
  endfacet
  facet normal 0 0 1
    outer loop
      vertex 12.1548 89.4784 7
      vertex 13.7716 90.148 7
      vertex 13.5981 90.5 7
    endloop
  endfacet
  facet normal 0 0 1
    outer loop
      vertex 13.9743 88.6084 7
      vertex 12.2393 88.8368 7
      vertex 13.8978 88.2235 7
    endloop
  endfacet
  facet normal 0 0 1
    outer loop
      vertex 12.0825 89.625 7
      vertex 13.5981 90.5 7
      vertex 13.3801 90.8263 7
    endloop
  endfacet
  facet normal -0 0 1
    outer loop
      vertex 12.2074 88.6765 7
      vertex 13.8978 88.2235 7
      vertex 12.2393 88.8368 7
    endloop
  endfacet
  facet normal 0 0 1
    outer loop
      vertex 11.9917 89.7609 7
      vertex 13.3801 90.8263 7
      vertex 13.1213 91.1213 7
    endloop
  endfacet
  facet normal 0 0 1
    outer loop
      vertex 13.8978 88.2235 7
      vertex 12.2074 88.6765 7
      vertex 13.7716 87.852 7
    endloop
  endfacet
  facet normal 0 0 1
    outer loop
      vertex 11.8839 89.8839 7
      vertex 13.1213 91.1213 7
      vertex 12.8263 91.3801 7
    endloop
  endfacet
  facet normal -0 0 1
    outer loop
      vertex 12.1548 88.5216 7
      vertex 13.7716 87.852 7
      vertex 12.2074 88.6765 7
    endloop
  endfacet
  facet normal 0 0 1
    outer loop
      vertex 11.761 89.9917 7
      vertex 12.8263 91.3801 7
      vertex 12.5 91.5981 7
    endloop
  endfacet
  facet normal 0 0 1
    outer loop
      vertex 13.7716 87.852 7
      vertex 12.1548 88.5216 7
      vertex 13.5981 87.5 7
    endloop
  endfacet
  facet normal -0 0 1
    outer loop
      vertex 12.0825 88.375 7
      vertex 13.5981 87.5 7
      vertex 12.1548 88.5216 7
    endloop
  endfacet
  facet normal 0 0 1
    outer loop
      vertex 13.9743 89.3916 7
      vertex 12.2393 89.1632 7
      vertex 12.25 89 7
    endloop
  endfacet
  facet normal 0 0 1
    outer loop
      vertex 13.8978 89.7765 7
      vertex 12.2074 89.3235 7
      vertex 12.2393 89.1632 7
    endloop
  endfacet
  facet normal 0 0 1
    outer loop
      vertex 13.7716 90.148 7
      vertex 12.1548 89.4784 7
      vertex 12.2074 89.3235 7
    endloop
  endfacet
  facet normal 0 0 1
    outer loop
      vertex 11.625 90.0825 7
      vertex 12.5 91.5981 7
      vertex 12.148 91.7716 7
    endloop
  endfacet
  facet normal 0 0 1
    outer loop
      vertex 13.5981 90.5 7
      vertex 12.0825 89.625 7
      vertex 12.1548 89.4784 7
    endloop
  endfacet
  facet normal 0 0 1
    outer loop
      vertex 13.3801 90.8263 7
      vertex 11.9917 89.7609 7
      vertex 12.0825 89.625 7
    endloop
  endfacet
  facet normal 0 0 1
    outer loop
      vertex 13.1213 91.1213 7
      vertex 11.8839 89.8839 7
      vertex 11.9917 89.7609 7
    endloop
  endfacet
  facet normal 0 0 1
    outer loop
      vertex 11.4784 90.1548 7
      vertex 12.148 91.7716 7
      vertex 11.7765 91.8978 7
    endloop
  endfacet
  facet normal 0 0 1
    outer loop
      vertex 12.8263 91.3801 7
      vertex 11.761 89.9917 7
      vertex 11.8839 89.8839 7
    endloop
  endfacet
  facet normal 0 0 1
    outer loop
      vertex 12.5 91.5981 7
      vertex 11.625 90.0825 7
      vertex 11.761 89.9917 7
    endloop
  endfacet
  facet normal 0 0 1
    outer loop
      vertex 12.148 91.7716 7
      vertex 11.4784 90.1548 7
      vertex 11.625 90.0825 7
    endloop
  endfacet
  facet normal 0 0 1
    outer loop
      vertex 11.3235 90.2074 7
      vertex 11.7765 91.8978 7
      vertex 11.3916 91.9743 7
    endloop
  endfacet
  facet normal 0 0 1
    outer loop
      vertex 11.7765 91.8978 7
      vertex 11.3235 90.2074 7
      vertex 11.4784 90.1548 7
    endloop
  endfacet
  facet normal 0 0 1
    outer loop
      vertex 11.3916 91.9743 7
      vertex 11.1632 90.2393 7
      vertex 11.3235 90.2074 7
    endloop
  endfacet
  facet normal 0 0 1
    outer loop
      vertex 11 92 7
      vertex 11.1632 90.2393 7
      vertex 11.3916 91.9743 7
    endloop
  endfacet
  facet normal 0 0 1
    outer loop
      vertex 11 92 7
      vertex 11 90.25 7
      vertex 11.1632 90.2393 7
    endloop
  endfacet
  facet normal 0 0 1
    outer loop
      vertex 11 92 7
      vertex 10.8368 90.2393 7
      vertex 11 90.25 7
    endloop
  endfacet
  facet normal -0 0 1
    outer loop
      vertex 10.6084 91.9743 7
      vertex 10.8368 90.2393 7
      vertex 11 92 7
    endloop
  endfacet
  facet normal 0 0 1
    outer loop
      vertex 10.8368 90.2393 7
      vertex 10.6084 91.9743 7
      vertex 10.6765 90.2074 7
    endloop
  endfacet
  facet normal -0 0 1
    outer loop
      vertex 10.2235 91.8978 7
      vertex 10.6765 90.2074 7
      vertex 10.6084 91.9743 7
    endloop
  endfacet
  facet normal 0 0 1
    outer loop
      vertex 10.6765 90.2074 7
      vertex 10.2235 91.8978 7
      vertex 10.5216 90.1548 7
    endloop
  endfacet
  facet normal -0 0 1
    outer loop
      vertex 9.85195 91.7716 7
      vertex 10.5216 90.1548 7
      vertex 10.2235 91.8978 7
    endloop
  endfacet
  facet normal 0 0 1
    outer loop
      vertex 10.5216 90.1548 7
      vertex 9.85195 91.7716 7
      vertex 10.375 90.0825 7
    endloop
  endfacet
  facet normal -0 0 1
    outer loop
      vertex 9.5 91.5981 7
      vertex 10.375 90.0825 7
      vertex 9.85195 91.7716 7
    endloop
  endfacet
  facet normal 0 0 1
    outer loop
      vertex 10.375 90.0825 7
      vertex 9.5 91.5981 7
      vertex 10.239 89.9917 7
    endloop
  endfacet
  facet normal -0 0 1
    outer loop
      vertex 9.17372 91.3801 7
      vertex 10.239 89.9917 7
      vertex 9.5 91.5981 7
    endloop
  endfacet
  facet normal 0 0 1
    outer loop
      vertex 10.239 89.9917 7
      vertex 9.17372 91.3801 7
      vertex 10.1161 89.8839 7
    endloop
  endfacet
  facet normal -0 0 1
    outer loop
      vertex 8.87868 91.1213 7
      vertex 10.1161 89.8839 7
      vertex 9.17372 91.3801 7
    endloop
  endfacet
  facet normal 0 0 1
    outer loop
      vertex 10.1161 89.8839 7
      vertex 8.87868 91.1213 7
      vertex 10.0083 89.7609 7
    endloop
  endfacet
  facet normal -0 0 1
    outer loop
      vertex 8.61994 90.8263 7
      vertex 10.0083 89.7609 7
      vertex 8.87868 91.1213 7
    endloop
  endfacet
  facet normal 0 0 1
    outer loop
      vertex 10.0083 89.7609 7
      vertex 8.61994 90.8263 7
      vertex 9.91747 89.625 7
    endloop
  endfacet
  facet normal -0 0 1
    outer loop
      vertex 8.40192 90.5 7
      vertex 9.91747 89.625 7
      vertex 8.61994 90.8263 7
    endloop
  endfacet
  facet normal 0 0 1
    outer loop
      vertex 13.5981 87.5 7
      vertex 12.0825 88.375 7
      vertex 13.3801 87.1737 7
    endloop
  endfacet
  facet normal -0 0 1
    outer loop
      vertex 11.9917 88.2391 7
      vertex 13.3801 87.1737 7
      vertex 12.0825 88.375 7
    endloop
  endfacet
  facet normal 0 0 1
    outer loop
      vertex 13.3801 87.1737 7
      vertex 11.9917 88.2391 7
      vertex 13.1213 86.8787 7
    endloop
  endfacet
  facet normal -0 0 1
    outer loop
      vertex 11.8839 88.1161 7
      vertex 13.1213 86.8787 7
      vertex 11.9917 88.2391 7
    endloop
  endfacet
  facet normal 0 0 1
    outer loop
      vertex 13.1213 86.8787 7
      vertex 11.8839 88.1161 7
      vertex 12.8263 86.6199 7
    endloop
  endfacet
  facet normal -0 0 1
    outer loop
      vertex 11.761 88.0083 7
      vertex 12.8263 86.6199 7
      vertex 11.8839 88.1161 7
    endloop
  endfacet
  facet normal 0 0 1
    outer loop
      vertex 12.8263 86.6199 7
      vertex 11.761 88.0083 7
      vertex 12.5 86.4019 7
    endloop
  endfacet
  facet normal -0 0 1
    outer loop
      vertex 11.625 87.9175 7
      vertex 12.5 86.4019 7
      vertex 11.761 88.0083 7
    endloop
  endfacet
  facet normal 0 0 1
    outer loop
      vertex 12.5 86.4019 7
      vertex 11.625 87.9175 7
      vertex 12.148 86.2284 7
    endloop
  endfacet
  facet normal -0 0 1
    outer loop
      vertex 11.4784 87.8452 7
      vertex 12.148 86.2284 7
      vertex 11.625 87.9175 7
    endloop
  endfacet
  facet normal 0 0 1
    outer loop
      vertex 12.148 86.2284 7
      vertex 11.4784 87.8452 7
      vertex 11.7765 86.1022 7
    endloop
  endfacet
  facet normal -0 0 1
    outer loop
      vertex 11.3235 87.7926 7
      vertex 11.7765 86.1022 7
      vertex 11.4784 87.8452 7
    endloop
  endfacet
  facet normal 0 0 1
    outer loop
      vertex 11.7765 86.1022 7
      vertex 11.3235 87.7926 7
      vertex 11.3916 86.0257 7
    endloop
  endfacet
  facet normal -0 0 1
    outer loop
      vertex 11.1632 87.7607 7
      vertex 11.3916 86.0257 7
      vertex 11.3235 87.7926 7
    endloop
  endfacet
  facet normal -0 0 1
    outer loop
      vertex 11 87.75 7
      vertex 11.3916 86.0257 7
      vertex 11.1632 87.7607 7
    endloop
  endfacet
  facet normal 0 0 1
    outer loop
      vertex 11 87.75 7
      vertex 11 86 7
      vertex 11.3916 86.0257 7
    endloop
  endfacet
  facet normal 0 0 1
    outer loop
      vertex 10.8368 87.7607 7
      vertex 11 86 7
      vertex 11 87.75 7
    endloop
  endfacet
  facet normal 0 0 1
    outer loop
      vertex 10.6084 86.0257 7
      vertex 10.8368 87.7607 7
      vertex 10.6765 87.7926 7
    endloop
  endfacet
  facet normal 0 0 1
    outer loop
      vertex 10.8368 87.7607 7
      vertex 10.6084 86.0257 7
      vertex 11 86 7
    endloop
  endfacet
  facet normal 0 0 1
    outer loop
      vertex 10.2235 86.1022 7
      vertex 10.6765 87.7926 7
      vertex 10.5216 87.8452 7
    endloop
  endfacet
  facet normal 0 0 1
    outer loop
      vertex 9.85195 86.2284 7
      vertex 10.5216 87.8452 7
      vertex 10.375 87.9175 7
    endloop
  endfacet
  facet normal 0 0 1
    outer loop
      vertex 9.5 86.4019 7
      vertex 10.375 87.9175 7
      vertex 10.239 88.0083 7
    endloop
  endfacet
  facet normal 0 0 1
    outer loop
      vertex 10.6765 87.7926 7
      vertex 10.2235 86.1022 7
      vertex 10.6084 86.0257 7
    endloop
  endfacet
  facet normal 0 0 1
    outer loop
      vertex 9.17372 86.6199 7
      vertex 10.239 88.0083 7
      vertex 10.1161 88.1161 7
    endloop
  endfacet
  facet normal 0 0 1
    outer loop
      vertex 8.87868 86.8787 7
      vertex 10.1161 88.1161 7
      vertex 10.0083 88.2391 7
    endloop
  endfacet
  facet normal 0 0 1
    outer loop
      vertex 8.61994 87.1737 7
      vertex 10.0083 88.2391 7
      vertex 9.91747 88.375 7
    endloop
  endfacet
  facet normal 0 0 1
    outer loop
      vertex 10.5216 87.8452 7
      vertex 9.85195 86.2284 7
      vertex 10.2235 86.1022 7
    endloop
  endfacet
  facet normal 0 0 1
    outer loop
      vertex 8.40192 87.5 7
      vertex 9.91747 88.375 7
      vertex 9.84515 88.5216 7
    endloop
  endfacet
  facet normal 0 0 1
    outer loop
      vertex 8.22836 87.852 7
      vertex 9.84515 88.5216 7
      vertex 9.79259 88.6765 7
    endloop
  endfacet
  facet normal 0 0 1
    outer loop
      vertex 8.10222 88.2235 7
      vertex 9.79259 88.6765 7
      vertex 9.76069 88.8368 7
    endloop
  endfacet
  facet normal 0 0 1
    outer loop
      vertex 8.02567 88.6084 7
      vertex 9.76069 88.8368 7
      vertex 9.75 89 7
    endloop
  endfacet
  facet normal 0 0 1
    outer loop
      vertex 9.91747 89.625 7
      vertex 8.40192 90.5 7
      vertex 9.84515 89.4784 7
    endloop
  endfacet
  facet normal 0 0 1
    outer loop
      vertex 10.375 87.9175 7
      vertex 9.5 86.4019 7
      vertex 9.85195 86.2284 7
    endloop
  endfacet
  facet normal -0 0 1
    outer loop
      vertex 8.22836 90.148 7
      vertex 9.84515 89.4784 7
      vertex 8.40192 90.5 7
    endloop
  endfacet
  facet normal 0 0 1
    outer loop
      vertex 10.239 88.0083 7
      vertex 9.17372 86.6199 7
      vertex 9.5 86.4019 7
    endloop
  endfacet
  facet normal 0 0 1
    outer loop
      vertex 9.84515 89.4784 7
      vertex 8.22836 90.148 7
      vertex 9.79259 89.3235 7
    endloop
  endfacet
  facet normal 0 0 1
    outer loop
      vertex 10.1161 88.1161 7
      vertex 8.87868 86.8787 7
      vertex 9.17372 86.6199 7
    endloop
  endfacet
  facet normal -0 0 1
    outer loop
      vertex 8.10222 89.7765 7
      vertex 9.79259 89.3235 7
      vertex 8.22836 90.148 7
    endloop
  endfacet
  facet normal 0 0 1
    outer loop
      vertex 10.0083 88.2391 7
      vertex 8.61994 87.1737 7
      vertex 8.87868 86.8787 7
    endloop
  endfacet
  facet normal 0 0 1
    outer loop
      vertex 9.79259 89.3235 7
      vertex 8.10222 89.7765 7
      vertex 9.76069 89.1632 7
    endloop
  endfacet
  facet normal 0 0 1
    outer loop
      vertex 9.91747 88.375 7
      vertex 8.40192 87.5 7
      vertex 8.61994 87.1737 7
    endloop
  endfacet
  facet normal -0 0 1
    outer loop
      vertex 8.02567 89.3916 7
      vertex 9.76069 89.1632 7
      vertex 8.10222 89.7765 7
    endloop
  endfacet
  facet normal 0 0 1
    outer loop
      vertex 9.84515 88.5216 7
      vertex 8.22836 87.852 7
      vertex 8.40192 87.5 7
    endloop
  endfacet
  facet normal 0 0 1
    outer loop
      vertex 9.76069 89.1632 7
      vertex 8.02567 89.3916 7
      vertex 9.75 89 7
    endloop
  endfacet
  facet normal 0 0 1
    outer loop
      vertex 9.79259 88.6765 7
      vertex 8.10222 88.2235 7
      vertex 8.22836 87.852 7
    endloop
  endfacet
  facet normal 0 0 1
    outer loop
      vertex 8 89 7
      vertex 9.75 89 7
      vertex 8.02567 89.3916 7
    endloop
  endfacet
  facet normal 0 0 1
    outer loop
      vertex 9.76069 88.8368 7
      vertex 8.02567 88.6084 7
      vertex 8.10222 88.2235 7
    endloop
  endfacet
  facet normal 0 0 1
    outer loop
      vertex 9.75 89 7
      vertex 8 89 7
      vertex 8.02567 88.6084 7
    endloop
  endfacet
  facet normal 0.831501 0.555523 0
    outer loop
      vertex 13.5981 90.5 7
      vertex 13.3801 90.8263 2
      vertex 13.3801 90.8263 7
    endloop
  endfacet
  facet normal 0.831501 0.555523 0
    outer loop
      vertex 13.3801 90.8263 2
      vertex 13.5981 90.5 7
      vertex 13.5981 90.5 2
    endloop
  endfacet
  facet normal 0.555523 0.831501 -0
    outer loop
      vertex 12.8263 91.3801 2
      vertex 12.5 91.5981 7
      vertex 12.8263 91.3801 7
    endloop
  endfacet
  facet normal 0.555523 0.831501 0
    outer loop
      vertex 12.5 91.5981 7
      vertex 12.8263 91.3801 2
      vertex 12.5 91.5981 2
    endloop
  endfacet
  facet normal 0.896961 -0.44211 0
    outer loop
      vertex 13.5981 87.5 7
      vertex 13.7716 87.852 2
      vertex 13.7716 87.852 7
    endloop
  endfacet
  facet normal 0.896961 -0.44211 0
    outer loop
      vertex 13.7716 87.852 2
      vertex 13.5981 87.5 7
      vertex 13.5981 87.5 2
    endloop
  endfacet
  facet normal 0.997853 -0.0654873 0
    outer loop
      vertex 13.9743 88.6084 7
      vertex 14 89 2
      vertex 14 89 7
    endloop
  endfacet
  facet normal 0.997853 -0.0654873 0
    outer loop
      vertex 14 89 2
      vertex 13.9743 88.6084 7
      vertex 13.9743 88.6084 2
    endloop
  endfacet
  facet normal 0.321651 0.946858 -0
    outer loop
      vertex 12.148 91.7716 2
      vertex 11.7765 91.8978 7
      vertex 12.148 91.7716 7
    endloop
  endfacet
  facet normal 0.321651 0.946858 0
    outer loop
      vertex 11.7765 91.8978 7
      vertex 12.148 91.7716 2
      vertex 11.7765 91.8978 2
    endloop
  endfacet
  facet normal -0.8969 0.442233 0
    outer loop
      vertex 8.22836 90.148 2
      vertex 8.40192 90.5 7
      vertex 8.40192 90.5 2
    endloop
  endfacet
  facet normal -0.8969 0.442233 0
    outer loop
      vertex 8.40192 90.5 7
      vertex 8.22836 90.148 2
      vertex 8.22836 90.148 7
    endloop
  endfacet
  facet normal -0.659428 0.751768 0
    outer loop
      vertex 9.17372 91.3801 2
      vertex 8.87868 91.1213 7
      vertex 9.17372 91.3801 7
    endloop
  endfacet
  facet normal -0.659428 0.751768 0
    outer loop
      vertex 8.87868 91.1213 7
      vertex 9.17372 91.3801 2
      vertex 8.87868 91.1213 2
    endloop
  endfacet
  facet normal 0.321651 -0.946858 0
    outer loop
      vertex 11.7765 86.1022 2
      vertex 12.148 86.2284 7
      vertex 11.7765 86.1022 7
    endloop
  endfacet
  facet normal 0.321651 -0.946858 0
    outer loop
      vertex 12.148 86.2284 7
      vertex 11.7765 86.1022 2
      vertex 12.148 86.2284 2
    endloop
  endfacet
  facet normal -0.997858 -0.0654112 0
    outer loop
      vertex 8.02567 88.6084 2
      vertex 8 89 7
      vertex 8 89 2
    endloop
  endfacet
  facet normal -0.997858 -0.0654112 0
    outer loop
      vertex 8 89 7
      vertex 8.02567 88.6084 2
      vertex 8.02567 88.6084 7
    endloop
  endfacet
  facet normal -0.659428 -0.751768 0
    outer loop
      vertex 8.87868 86.8787 2
      vertex 9.17372 86.6199 7
      vertex 8.87868 86.8787 7
    endloop
  endfacet
  facet normal -0.659428 -0.751768 -0
    outer loop
      vertex 9.17372 86.6199 7
      vertex 8.87868 86.8787 2
      vertex 9.17372 86.6199 2
    endloop
  endfacet
  facet normal -0.321613 0.946871 0
    outer loop
      vertex 10.2235 91.8978 2
      vertex 9.85195 91.7716 7
      vertex 10.2235 91.8978 7
    endloop
  endfacet
  facet normal -0.321613 0.946871 0
    outer loop
      vertex 9.85195 91.7716 7
      vertex 10.2235 91.8978 2
      vertex 9.85195 91.7716 2
    endloop
  endfacet
  facet normal -0.831477 -0.555558 0
    outer loop
      vertex 8.61994 87.1737 2
      vertex 8.40192 87.5 7
      vertex 8.40192 87.5 2
    endloop
  endfacet
  facet normal -0.831477 -0.555558 0
    outer loop
      vertex 8.40192 87.5 7
      vertex 8.61994 87.1737 2
      vertex 8.61994 87.1737 7
    endloop
  endfacet
  facet normal -0.555547 0.831485 0
    outer loop
      vertex 9.5 91.5981 2
      vertex 9.17372 91.3801 7
      vertex 9.5 91.5981 7
    endloop
  endfacet
  facet normal -0.555547 0.831485 0
    outer loop
      vertex 9.17372 91.3801 7
      vertex 9.5 91.5981 2
      vertex 9.17372 91.3801 2
    endloop
  endfacet
  facet normal -0.997858 0.0654112 0
    outer loop
      vertex 8 89 2
      vertex 8.02567 89.3916 7
      vertex 8.02567 89.3916 2
    endloop
  endfacet
  facet normal -0.997858 0.0654112 0
    outer loop
      vertex 8.02567 89.3916 7
      vertex 8 89 2
      vertex 8 89 7
    endloop
  endfacet
  facet normal 0.19494 0.980815 -0
    outer loop
      vertex 11.7765 91.8978 2
      vertex 11.3916 91.9743 7
      vertex 11.7765 91.8978 7
    endloop
  endfacet
  facet normal 0.19494 0.980815 0
    outer loop
      vertex 11.3916 91.9743 7
      vertex 11.7765 91.8978 2
      vertex 11.3916 91.9743 2
    endloop
  endfacet
  facet normal -0.44216 0.896936 0
    outer loop
      vertex 9.85195 91.7716 2
      vertex 9.5 91.5981 7
      vertex 9.85195 91.7716 7
    endloop
  endfacet
  facet normal -0.44216 0.896936 0
    outer loop
      vertex 9.5 91.5981 7
      vertex 9.85195 91.7716 2
      vertex 9.5 91.5981 2
    endloop
  endfacet
  facet normal 0.0654873 -0.997853 0
    outer loop
      vertex 11 86 2
      vertex 11.3916 86.0257 7
      vertex 11 86 7
    endloop
  endfacet
  facet normal 0.0654873 -0.997853 0
    outer loop
      vertex 11.3916 86.0257 7
      vertex 11 86 2
      vertex 11.3916 86.0257 2
    endloop
  endfacet
  facet normal 0.659478 -0.751724 0
    outer loop
      vertex 12.8263 86.6199 2
      vertex 13.1213 86.8787 7
      vertex 12.8263 86.6199 7
    endloop
  endfacet
  facet normal 0.659478 -0.751724 0
    outer loop
      vertex 13.1213 86.8787 7
      vertex 12.8263 86.6199 2
      vertex 13.1213 86.8787 2
    endloop
  endfacet
  facet normal -0.946905 -0.321514 0
    outer loop
      vertex 8.22836 87.852 2
      vertex 8.10222 88.2235 7
      vertex 8.10222 88.2235 2
    endloop
  endfacet
  facet normal -0.946905 -0.321514 0
    outer loop
      vertex 8.10222 88.2235 7
      vertex 8.22836 87.852 2
      vertex 8.22836 87.852 7
    endloop
  endfacet
  facet normal 0.946858 -0.321651 0
    outer loop
      vertex 13.7716 87.852 7
      vertex 13.8978 88.2235 2
      vertex 13.8978 88.2235 7
    endloop
  endfacet
  facet normal 0.946858 -0.321651 0
    outer loop
      vertex 13.8978 88.2235 2
      vertex 13.7716 87.852 7
      vertex 13.7716 87.852 2
    endloop
  endfacet
  facet normal 0.44211 0.896961 -0
    outer loop
      vertex 12.5 91.5981 2
      vertex 12.148 91.7716 7
      vertex 12.5 91.5981 7
    endloop
  endfacet
  facet normal 0.44211 0.896961 0
    outer loop
      vertex 12.148 91.7716 7
      vertex 12.5 91.5981 2
      vertex 12.148 91.7716 2
    endloop
  endfacet
  facet normal -0.19494 0.980815 0
    outer loop
      vertex 10.6084 91.9743 2
      vertex 10.2235 91.8978 7
      vertex 10.6084 91.9743 7
    endloop
  endfacet
  facet normal -0.19494 0.980815 0
    outer loop
      vertex 10.2235 91.8978 7
      vertex 10.6084 91.9743 2
      vertex 10.2235 91.8978 2
    endloop
  endfacet
  facet normal 0.751724 0.659478 0
    outer loop
      vertex 13.3801 90.8263 7
      vertex 13.1213 91.1213 2
      vertex 13.1213 91.1213 7
    endloop
  endfacet
  facet normal 0.751724 0.659478 0
    outer loop
      vertex 13.1213 91.1213 2
      vertex 13.3801 90.8263 7
      vertex 13.3801 90.8263 2
    endloop
  endfacet
  facet normal 0.751724 -0.659478 0
    outer loop
      vertex 13.1213 86.8787 7
      vertex 13.3801 87.1737 2
      vertex 13.3801 87.1737 7
    endloop
  endfacet
  facet normal 0.751724 -0.659478 0
    outer loop
      vertex 13.3801 87.1737 2
      vertex 13.1213 86.8787 7
      vertex 13.1213 86.8787 2
    endloop
  endfacet
  facet normal -0.44216 -0.896936 0
    outer loop
      vertex 9.5 86.4019 2
      vertex 9.85195 86.2284 7
      vertex 9.5 86.4019 7
    endloop
  endfacet
  facet normal -0.44216 -0.896936 -0
    outer loop
      vertex 9.85195 86.2284 7
      vertex 9.5 86.4019 2
      vertex 9.85195 86.2284 2
    endloop
  endfacet
  facet normal -0.946905 0.321514 0
    outer loop
      vertex 8.10222 89.7765 2
      vertex 8.22836 90.148 7
      vertex 8.22836 90.148 2
    endloop
  endfacet
  facet normal -0.946905 0.321514 0
    outer loop
      vertex 8.22836 90.148 7
      vertex 8.10222 89.7765 2
      vertex 8.10222 89.7765 7
    endloop
  endfacet
  facet normal 0.19494 -0.980815 0
    outer loop
      vertex 11.3916 86.0257 2
      vertex 11.7765 86.1022 7
      vertex 11.3916 86.0257 7
    endloop
  endfacet
  facet normal 0.19494 -0.980815 0
    outer loop
      vertex 11.7765 86.1022 7
      vertex 11.3916 86.0257 2
      vertex 11.7765 86.1022 2
    endloop
  endfacet
  facet normal 0.44211 -0.896961 0
    outer loop
      vertex 12.148 86.2284 2
      vertex 12.5 86.4019 7
      vertex 12.148 86.2284 7
    endloop
  endfacet
  facet normal 0.44211 -0.896961 0
    outer loop
      vertex 12.5 86.4019 7
      vertex 12.148 86.2284 2
      vertex 12.5 86.4019 2
    endloop
  endfacet
  facet normal -0.751799 0.659392 0
    outer loop
      vertex 8.61994 90.8263 2
      vertex 8.87868 91.1213 7
      vertex 8.87868 91.1213 2
    endloop
  endfacet
  facet normal -0.751799 0.659392 0
    outer loop
      vertex 8.87868 91.1213 7
      vertex 8.61994 90.8263 2
      vertex 8.61994 90.8263 7
    endloop
  endfacet
  facet normal 0.659478 0.751724 -0
    outer loop
      vertex 13.1213 91.1213 2
      vertex 12.8263 91.3801 7
      vertex 13.1213 91.1213 7
    endloop
  endfacet
  facet normal 0.659478 0.751724 0
    outer loop
      vertex 12.8263 91.3801 7
      vertex 13.1213 91.1213 2
      vertex 12.8263 91.3801 2
    endloop
  endfacet
  facet normal -0.8969 -0.442233 0
    outer loop
      vertex 8.40192 87.5 2
      vertex 8.22836 87.852 7
      vertex 8.22836 87.852 2
    endloop
  endfacet
  facet normal -0.8969 -0.442233 0
    outer loop
      vertex 8.22836 87.852 7
      vertex 8.40192 87.5 2
      vertex 8.40192 87.5 7
    endloop
  endfacet
  facet normal 0.831501 -0.555523 0
    outer loop
      vertex 13.3801 87.1737 7
      vertex 13.5981 87.5 2
      vertex 13.5981 87.5 7
    endloop
  endfacet
  facet normal 0.831501 -0.555523 0
    outer loop
      vertex 13.5981 87.5 2
      vertex 13.3801 87.1737 7
      vertex 13.3801 87.1737 2
    endloop
  endfacet
  facet normal 0.896961 0.44211 0
    outer loop
      vertex 13.7716 90.148 7
      vertex 13.5981 90.5 2
      vertex 13.5981 90.5 7
    endloop
  endfacet
  facet normal 0.896961 0.44211 0
    outer loop
      vertex 13.5981 90.5 2
      vertex 13.7716 90.148 7
      vertex 13.7716 90.148 2
    endloop
  endfacet
  facet normal -0.0654873 -0.997853 0
    outer loop
      vertex 10.6084 86.0257 2
      vertex 11 86 7
      vertex 10.6084 86.0257 7
    endloop
  endfacet
  facet normal -0.0654873 -0.997853 -0
    outer loop
      vertex 11 86 7
      vertex 10.6084 86.0257 2
      vertex 11 86 2
    endloop
  endfacet
  facet normal 0.0654873 0.997853 -0
    outer loop
      vertex 11.3916 91.9743 2
      vertex 11 92 7
      vertex 11.3916 91.9743 7
    endloop
  endfacet
  facet normal 0.0654873 0.997853 0
    outer loop
      vertex 11 92 7
      vertex 11.3916 91.9743 2
      vertex 11 92 2
    endloop
  endfacet
  facet normal -0.555547 -0.831485 0
    outer loop
      vertex 9.17372 86.6199 2
      vertex 9.5 86.4019 7
      vertex 9.17372 86.6199 7
    endloop
  endfacet
  facet normal -0.555547 -0.831485 -0
    outer loop
      vertex 9.5 86.4019 7
      vertex 9.17372 86.6199 2
      vertex 9.5 86.4019 2
    endloop
  endfacet
  facet normal 0.555523 -0.831501 0
    outer loop
      vertex 12.5 86.4019 2
      vertex 12.8263 86.6199 7
      vertex 12.5 86.4019 7
    endloop
  endfacet
  facet normal 0.555523 -0.831501 0
    outer loop
      vertex 12.8263 86.6199 7
      vertex 12.5 86.4019 2
      vertex 12.8263 86.6199 2
    endloop
  endfacet
  facet normal 0.946858 0.321651 0
    outer loop
      vertex 13.8978 89.7765 7
      vertex 13.7716 90.148 2
      vertex 13.7716 90.148 7
    endloop
  endfacet
  facet normal 0.946858 0.321651 0
    outer loop
      vertex 13.7716 90.148 2
      vertex 13.8978 89.7765 7
      vertex 13.8978 89.7765 2
    endloop
  endfacet
  facet normal -0.980791 0.195062 0
    outer loop
      vertex 8.02567 89.3916 2
      vertex 8.10222 89.7765 7
      vertex 8.10222 89.7765 2
    endloop
  endfacet
  facet normal -0.980791 0.195062 0
    outer loop
      vertex 8.10222 89.7765 7
      vertex 8.02567 89.3916 2
      vertex 8.02567 89.3916 7
    endloop
  endfacet
  facet normal -0.0654873 0.997853 0
    outer loop
      vertex 11 92 2
      vertex 10.6084 91.9743 7
      vertex 11 92 7
    endloop
  endfacet
  facet normal -0.0654873 0.997853 0
    outer loop
      vertex 10.6084 91.9743 7
      vertex 11 92 2
      vertex 10.6084 91.9743 2
    endloop
  endfacet
  facet normal -0.321613 -0.946871 0
    outer loop
      vertex 9.85195 86.2284 2
      vertex 10.2235 86.1022 7
      vertex 9.85195 86.2284 7
    endloop
  endfacet
  facet normal -0.321613 -0.946871 -0
    outer loop
      vertex 10.2235 86.1022 7
      vertex 9.85195 86.2284 2
      vertex 10.2235 86.1022 2
    endloop
  endfacet
  facet normal -0.980791 -0.195062 0
    outer loop
      vertex 8.10222 88.2235 2
      vertex 8.02567 88.6084 7
      vertex 8.02567 88.6084 2
    endloop
  endfacet
  facet normal -0.980791 -0.195062 0
    outer loop
      vertex 8.02567 88.6084 7
      vertex 8.10222 88.2235 2
      vertex 8.10222 88.2235 7
    endloop
  endfacet
  facet normal -0.751799 -0.659392 0
    outer loop
      vertex 8.87868 86.8787 2
      vertex 8.61994 87.1737 7
      vertex 8.61994 87.1737 2
    endloop
  endfacet
  facet normal -0.751799 -0.659392 0
    outer loop
      vertex 8.61994 87.1737 7
      vertex 8.87868 86.8787 2
      vertex 8.87868 86.8787 7
    endloop
  endfacet
  facet normal -0.19494 -0.980815 0
    outer loop
      vertex 10.2235 86.1022 2
      vertex 10.6084 86.0257 7
      vertex 10.2235 86.1022 7
    endloop
  endfacet
  facet normal -0.19494 -0.980815 -0
    outer loop
      vertex 10.6084 86.0257 7
      vertex 10.2235 86.1022 2
      vertex 10.6084 86.0257 2
    endloop
  endfacet
  facet normal -0.831477 0.555558 0
    outer loop
      vertex 8.40192 90.5 2
      vertex 8.61994 90.8263 7
      vertex 8.61994 90.8263 2
    endloop
  endfacet
  facet normal -0.831477 0.555558 0
    outer loop
      vertex 8.61994 90.8263 7
      vertex 8.40192 90.5 2
      vertex 8.40192 90.5 7
    endloop
  endfacet
  facet normal -0.980768 0.195175 0
    outer loop
      vertex 12.2074 88.6765 2.1
      vertex 12.2393 88.8368 7
      vertex 12.2393 88.8368 2.1
    endloop
  endfacet
  facet normal -0.980768 0.195175 0
    outer loop
      vertex 12.2393 88.8368 7
      vertex 12.2074 88.6765 2.1
      vertex 12.2074 88.6765 7
    endloop
  endfacet
  facet normal -0.980768 -0.195175 0
    outer loop
      vertex 12.2393 89.1632 2.1
      vertex 12.2074 89.3235 7
      vertex 12.2074 89.3235 2.1
    endloop
  endfacet
  facet normal -0.980768 -0.195175 0
    outer loop
      vertex 12.2074 89.3235 7
      vertex 12.2393 89.1632 2.1
      vertex 12.2393 89.1632 7
    endloop
  endfacet
  facet normal -0.997858 -0.0654233 0
    outer loop
      vertex 12.25 89 2.1
      vertex 12.2393 89.1632 7
      vertex 12.2393 89.1632 2.1
    endloop
  endfacet
  facet normal -0.997858 -0.0654233 0
    outer loop
      vertex 12.2393 89.1632 7
      vertex 12.25 89 2.1
      vertex 12.25 89 7
    endloop
  endfacet
  facet normal -0.946896 -0.321541 0
    outer loop
      vertex 12.2074 89.3235 2.1
      vertex 12.1548 89.4784 7
      vertex 12.1548 89.4784 2.1
    endloop
  endfacet
  facet normal -0.946896 -0.321541 0
    outer loop
      vertex 12.1548 89.4784 7
      vertex 12.2074 89.3235 2.1
      vertex 12.2074 89.3235 7
    endloop
  endfacet
  facet normal 0.997862 -0.0653624 0
    outer loop
      vertex 9.75 89 7
      vertex 9.76069 89.1632 2.1
      vertex 9.76069 89.1632 7
    endloop
  endfacet
  facet normal 0.997862 -0.0653624 0
    outer loop
      vertex 9.76069 89.1632 2.1
      vertex 9.75 89 7
      vertex 9.75 89 2.1
    endloop
  endfacet
  facet normal -0.442313 0.896861 0
    outer loop
      vertex 11.625 87.9175 2.1
      vertex 11.4784 87.8452 7
      vertex 11.625 87.9175 7
    endloop
  endfacet
  facet normal -0.442313 0.896861 0
    outer loop
      vertex 11.4784 87.8452 7
      vertex 11.625 87.9175 2.1
      vertex 11.4784 87.8452 2.1
    endloop
  endfacet
  facet normal -0.195175 -0.980768 0
    outer loop
      vertex 11.1632 90.2393 2.1
      vertex 11.3235 90.2074 7
      vertex 11.1632 90.2393 7
    endloop
  endfacet
  facet normal -0.195175 -0.980768 -0
    outer loop
      vertex 11.3235 90.2074 7
      vertex 11.1632 90.2393 2.1
      vertex 11.3235 90.2074 2.1
    endloop
  endfacet
  facet normal -0.195175 0.980768 0
    outer loop
      vertex 11.3235 87.7926 2.1
      vertex 11.1632 87.7607 7
      vertex 11.3235 87.7926 7
    endloop
  endfacet
  facet normal -0.195175 0.980768 0
    outer loop
      vertex 11.1632 87.7607 7
      vertex 11.3235 87.7926 2.1
      vertex 11.1632 87.7607 2.1
    endloop
  endfacet
  facet normal -0.0654233 0.997858 0
    outer loop
      vertex 11.1632 87.7607 2.1
      vertex 11 87.75 7
      vertex 11.1632 87.7607 7
    endloop
  endfacet
  facet normal -0.0654233 0.997858 0
    outer loop
      vertex 11 87.75 7
      vertex 11.1632 87.7607 2.1
      vertex 11 87.75 2.1
    endloop
  endfacet
  facet normal 0.659414 -0.75178 0
    outer loop
      vertex 10.1161 89.8839 2.1
      vertex 10.239 89.9917 7
      vertex 10.1161 89.8839 7
    endloop
  endfacet
  facet normal 0.659414 -0.75178 0
    outer loop
      vertex 10.239 89.9917 7
      vertex 10.1161 89.8839 2.1
      vertex 10.239 89.9917 2.1
    endloop
  endfacet
  facet normal 0.8314 -0.555674 0
    outer loop
      vertex 9.91747 89.625 7
      vertex 10.0083 89.7609 2.1
      vertex 10.0083 89.7609 7
    endloop
  endfacet
  facet normal 0.8314 -0.555674 0
    outer loop
      vertex 10.0083 89.7609 2.1
      vertex 9.91747 89.625 7
      vertex 9.91747 89.625 2.1
    endloop
  endfacet
  facet normal -0.321541 -0.946896 0
    outer loop
      vertex 11.3235 90.2074 2.1
      vertex 11.4784 90.1548 7
      vertex 11.3235 90.2074 7
    endloop
  endfacet
  facet normal -0.321541 -0.946896 -0
    outer loop
      vertex 11.4784 90.1548 7
      vertex 11.3235 90.2074 2.1
      vertex 11.4784 90.1548 2.1
    endloop
  endfacet
  facet normal -0.659414 0.75178 0
    outer loop
      vertex 11.8839 88.1161 2.1
      vertex 11.761 88.0083 7
      vertex 11.8839 88.1161 7
    endloop
  endfacet
  facet normal -0.659414 0.75178 0
    outer loop
      vertex 11.761 88.0083 7
      vertex 11.8839 88.1161 2.1
      vertex 11.761 88.0083 2.1
    endloop
  endfacet
  facet normal 0.442313 -0.896861 0
    outer loop
      vertex 10.375 90.0825 2.1
      vertex 10.5216 90.1548 7
      vertex 10.375 90.0825 7
    endloop
  endfacet
  facet normal 0.442313 -0.896861 0
    outer loop
      vertex 10.5216 90.1548 7
      vertex 10.375 90.0825 2.1
      vertex 10.5216 90.1548 2.1
    endloop
  endfacet
  facet normal 0.0654233 0.997858 -0
    outer loop
      vertex 11 87.75 2.1
      vertex 10.8368 87.7607 7
      vertex 11 87.75 7
    endloop
  endfacet
  facet normal 0.0654233 0.997858 0
    outer loop
      vertex 10.8368 87.7607 7
      vertex 11 87.75 2.1
      vertex 10.8368 87.7607 2.1
    endloop
  endfacet
  facet normal -0.752046 0.65911 0
    outer loop
      vertex 11.8839 88.1161 2.1
      vertex 11.9917 88.2391 7
      vertex 11.9917 88.2391 2.1
    endloop
  endfacet
  facet normal -0.752046 0.65911 0
    outer loop
      vertex 11.9917 88.2391 7
      vertex 11.8839 88.1161 2.1
      vertex 11.8839 88.1161 7
    endloop
  endfacet
  facet normal 0.94697 0.321322 0
    outer loop
      vertex 9.84515 88.5216 7
      vertex 9.79259 88.6765 2.1
      vertex 9.79259 88.6765 7
    endloop
  endfacet
  facet normal 0.94697 0.321322 0
    outer loop
      vertex 9.79259 88.6765 2.1
      vertex 9.84515 88.5216 7
      vertex 9.84515 88.5216 2.1
    endloop
  endfacet
  facet normal -0.321541 0.946896 0
    outer loop
      vertex 11.4784 87.8452 2.1
      vertex 11.3235 87.7926 7
      vertex 11.4784 87.8452 7
    endloop
  endfacet
  facet normal -0.321541 0.946896 0
    outer loop
      vertex 11.3235 87.7926 7
      vertex 11.4784 87.8452 2.1
      vertex 11.3235 87.7926 2.1
    endloop
  endfacet
  facet normal 0.321541 -0.946896 0
    outer loop
      vertex 10.5216 90.1548 2.1
      vertex 10.6765 90.2074 7
      vertex 10.5216 90.1548 7
    endloop
  endfacet
  facet normal 0.321541 -0.946896 0
    outer loop
      vertex 10.6765 90.2074 7
      vertex 10.5216 90.1548 2.1
      vertex 10.6765 90.2074 2.1
    endloop
  endfacet
  facet normal -0.752046 -0.65911 0
    outer loop
      vertex 11.9917 89.7609 2.1
      vertex 11.8839 89.8839 7
      vertex 11.8839 89.8839 2.1
    endloop
  endfacet
  facet normal -0.752046 -0.65911 0
    outer loop
      vertex 11.8839 89.8839 7
      vertex 11.9917 89.7609 2.1
      vertex 11.9917 89.7609 7
    endloop
  endfacet
  facet normal 0.555265 -0.831674 0
    outer loop
      vertex 10.239 89.9917 2.1
      vertex 10.375 90.0825 7
      vertex 10.239 89.9917 7
    endloop
  endfacet
  facet normal 0.555265 -0.831674 0
    outer loop
      vertex 10.375 90.0825 7
      vertex 10.239 89.9917 2.1
      vertex 10.375 90.0825 2.1
    endloop
  endfacet
  facet normal 0.94697 -0.321322 0
    outer loop
      vertex 9.79259 89.3235 7
      vertex 9.84515 89.4784 2.1
      vertex 9.84515 89.4784 7
    endloop
  endfacet
  facet normal 0.94697 -0.321322 0
    outer loop
      vertex 9.84515 89.4784 2.1
      vertex 9.79259 89.3235 7
      vertex 9.79259 89.3235 2.1
    endloop
  endfacet
  facet normal -0.896861 -0.442313 0
    outer loop
      vertex 12.1548 89.4784 2.1
      vertex 12.0825 89.625 7
      vertex 12.0825 89.625 2.1
    endloop
  endfacet
  facet normal -0.896861 -0.442313 0
    outer loop
      vertex 12.0825 89.625 7
      vertex 12.1548 89.4784 2.1
      vertex 12.1548 89.4784 7
    endloop
  endfacet
  facet normal 0.195175 -0.980768 0
    outer loop
      vertex 10.6765 90.2074 2.1
      vertex 10.8368 90.2393 7
      vertex 10.6765 90.2074 7
    endloop
  endfacet
  facet normal 0.195175 -0.980768 0
    outer loop
      vertex 10.8368 90.2393 7
      vertex 10.6765 90.2074 2.1
      vertex 10.8368 90.2393 2.1
    endloop
  endfacet
  facet normal -0.659414 -0.75178 0
    outer loop
      vertex 11.761 89.9917 2.1
      vertex 11.8839 89.8839 7
      vertex 11.761 89.9917 7
    endloop
  endfacet
  facet normal -0.659414 -0.75178 -0
    outer loop
      vertex 11.8839 89.8839 7
      vertex 11.761 89.9917 2.1
      vertex 11.8839 89.8839 2.1
    endloop
  endfacet
  facet normal -0.997858 0.0654233 0
    outer loop
      vertex 12.2393 88.8368 2.1
      vertex 12.25 89 7
      vertex 12.25 89 2.1
    endloop
  endfacet
  facet normal -0.997858 0.0654233 0
    outer loop
      vertex 12.25 89 7
      vertex 12.2393 88.8368 2.1
      vertex 12.2393 88.8368 7
    endloop
  endfacet
  facet normal -0.442313 -0.896861 0
    outer loop
      vertex 11.4784 90.1548 2.1
      vertex 11.625 90.0825 7
      vertex 11.4784 90.1548 7
    endloop
  endfacet
  facet normal -0.442313 -0.896861 -0
    outer loop
      vertex 11.625 90.0825 7
      vertex 11.4784 90.1548 2.1
      vertex 11.625 90.0825 2.1
    endloop
  endfacet
  facet normal 0.321541 0.946896 -0
    outer loop
      vertex 10.6765 87.7926 2.1
      vertex 10.5216 87.8452 7
      vertex 10.6765 87.7926 7
    endloop
  endfacet
  facet normal 0.321541 0.946896 0
    outer loop
      vertex 10.5216 87.8452 7
      vertex 10.6765 87.7926 2.1
      vertex 10.5216 87.8452 2.1
    endloop
  endfacet
  facet normal 0.980768 -0.195175 0
    outer loop
      vertex 9.76069 89.1632 7
      vertex 9.79259 89.3235 2.1
      vertex 9.79259 89.3235 7
    endloop
  endfacet
  facet normal 0.980768 -0.195175 0
    outer loop
      vertex 9.79259 89.3235 2.1
      vertex 9.76069 89.1632 7
      vertex 9.76069 89.1632 2.1
    endloop
  endfacet
  facet normal 0.0654233 -0.997858 0
    outer loop
      vertex 10.8368 90.2393 2.1
      vertex 11 90.25 7
      vertex 10.8368 90.2393 7
    endloop
  endfacet
  facet normal 0.0654233 -0.997858 0
    outer loop
      vertex 11 90.25 7
      vertex 10.8368 90.2393 2.1
      vertex 11 90.25 2.1
    endloop
  endfacet
  facet normal -0.946896 0.321541 0
    outer loop
      vertex 12.1548 88.5216 2.1
      vertex 12.2074 88.6765 7
      vertex 12.2074 88.6765 2.1
    endloop
  endfacet
  facet normal -0.946896 0.321541 0
    outer loop
      vertex 12.2074 88.6765 7
      vertex 12.1548 88.5216 2.1
      vertex 12.1548 88.5216 7
    endloop
  endfacet
  facet normal -0.831485 -0.555547 0
    outer loop
      vertex 12.0825 89.625 2.1
      vertex 11.9917 89.7609 7
      vertex 11.9917 89.7609 2.1
    endloop
  endfacet
  facet normal -0.831485 -0.555547 0
    outer loop
      vertex 11.9917 89.7609 7
      vertex 12.0825 89.625 2.1
      vertex 12.0825 89.625 7
    endloop
  endfacet
  facet normal 0.896812 0.442411 0
    outer loop
      vertex 9.91747 88.375 7
      vertex 9.84515 88.5216 2.1
      vertex 9.84515 88.5216 7
    endloop
  endfacet
  facet normal 0.896812 0.442411 0
    outer loop
      vertex 9.84515 88.5216 2.1
      vertex 9.91747 88.375 7
      vertex 9.91747 88.375 2.1
    endloop
  endfacet
  facet normal -0.896861 0.442313 0
    outer loop
      vertex 12.0825 88.375 2.1
      vertex 12.1548 88.5216 7
      vertex 12.1548 88.5216 2.1
    endloop
  endfacet
  facet normal -0.896861 0.442313 0
    outer loop
      vertex 12.1548 88.5216 7
      vertex 12.0825 88.375 2.1
      vertex 12.0825 88.375 7
    endloop
  endfacet
  facet normal 0.752046 0.65911 0
    outer loop
      vertex 10.1161 88.1161 7
      vertex 10.0083 88.2391 2.1
      vertex 10.0083 88.2391 7
    endloop
  endfacet
  facet normal 0.752046 0.65911 0
    outer loop
      vertex 10.0083 88.2391 2.1
      vertex 10.1161 88.1161 7
      vertex 10.1161 88.1161 2.1
    endloop
  endfacet
  facet normal -0.831485 0.555547 0
    outer loop
      vertex 11.9917 88.2391 2.1
      vertex 12.0825 88.375 7
      vertex 12.0825 88.375 2.1
    endloop
  endfacet
  facet normal -0.831485 0.555547 0
    outer loop
      vertex 12.0825 88.375 7
      vertex 11.9917 88.2391 2.1
      vertex 11.9917 88.2391 7
    endloop
  endfacet
  facet normal 0 0 1
    outer loop
      vertex 12.2393 89.1632 2.1
      vertex 12.2393 88.8368 2.1
      vertex 12.25 89 2.1
    endloop
  endfacet
  facet normal 0 0 1
    outer loop
      vertex 12.2074 89.3235 2.1
      vertex 12.2393 88.8368 2.1
      vertex 12.2393 89.1632 2.1
    endloop
  endfacet
  facet normal 0 0 1
    outer loop
      vertex 12.2074 89.3235 2.1
      vertex 12.2074 88.6765 2.1
      vertex 12.2393 88.8368 2.1
    endloop
  endfacet
  facet normal 0 0 1
    outer loop
      vertex 12.1548 89.4784 2.1
      vertex 12.2074 88.6765 2.1
      vertex 12.2074 89.3235 2.1
    endloop
  endfacet
  facet normal 0 0 1
    outer loop
      vertex 12.1548 89.4784 2.1
      vertex 12.1548 88.5216 2.1
      vertex 12.2074 88.6765 2.1
    endloop
  endfacet
  facet normal 0 0 1
    outer loop
      vertex 12.0825 89.625 2.1
      vertex 12.1548 88.5216 2.1
      vertex 12.1548 89.4784 2.1
    endloop
  endfacet
  facet normal 0 0 1
    outer loop
      vertex 12.0825 89.625 2.1
      vertex 12.0825 88.375 2.1
      vertex 12.1548 88.5216 2.1
    endloop
  endfacet
  facet normal 0 0 1
    outer loop
      vertex 11.9917 89.7609 2.1
      vertex 12.0825 88.375 2.1
      vertex 12.0825 89.625 2.1
    endloop
  endfacet
  facet normal 0 0 1
    outer loop
      vertex 11.9917 89.7609 2.1
      vertex 11.9917 88.2391 2.1
      vertex 12.0825 88.375 2.1
    endloop
  endfacet
  facet normal 0 0 1
    outer loop
      vertex 11.8839 89.8839 2.1
      vertex 11.9917 88.2391 2.1
      vertex 11.9917 89.7609 2.1
    endloop
  endfacet
  facet normal 0 0 1
    outer loop
      vertex 11.8839 89.8839 2.1
      vertex 11.8839 88.1161 2.1
      vertex 11.9917 88.2391 2.1
    endloop
  endfacet
  facet normal 0 0 1
    outer loop
      vertex 11.761 89.9917 2.1
      vertex 11.8839 88.1161 2.1
      vertex 11.8839 89.8839 2.1
    endloop
  endfacet
  facet normal 0 0 1
    outer loop
      vertex 11.761 89.9917 2.1
      vertex 11.761 88.0083 2.1
      vertex 11.8839 88.1161 2.1
    endloop
  endfacet
  facet normal 0 0 1
    outer loop
      vertex 11.625 90.0825 2.1
      vertex 11.761 88.0083 2.1
      vertex 11.761 89.9917 2.1
    endloop
  endfacet
  facet normal 0 0 1
    outer loop
      vertex 11.625 90.0825 2.1
      vertex 11.625 87.9175 2.1
      vertex 11.761 88.0083 2.1
    endloop
  endfacet
  facet normal 0 0 1
    outer loop
      vertex 11.4784 90.1548 2.1
      vertex 11.625 87.9175 2.1
      vertex 11.625 90.0825 2.1
    endloop
  endfacet
  facet normal 0 0 1
    outer loop
      vertex 11.4784 90.1548 2.1
      vertex 11.4784 87.8452 2.1
      vertex 11.625 87.9175 2.1
    endloop
  endfacet
  facet normal 0 0 1
    outer loop
      vertex 11.3235 90.2074 2.1
      vertex 11.4784 87.8452 2.1
      vertex 11.4784 90.1548 2.1
    endloop
  endfacet
  facet normal 0 0 1
    outer loop
      vertex 11.3235 90.2074 2.1
      vertex 11.3235 87.7926 2.1
      vertex 11.4784 87.8452 2.1
    endloop
  endfacet
  facet normal 0 0 1
    outer loop
      vertex 11.1632 90.2393 2.1
      vertex 11.3235 87.7926 2.1
      vertex 11.3235 90.2074 2.1
    endloop
  endfacet
  facet normal 0 0 1
    outer loop
      vertex 11.1632 90.2393 2.1
      vertex 11.1632 87.7607 2.1
      vertex 11.3235 87.7926 2.1
    endloop
  endfacet
  facet normal 0 0 1
    outer loop
      vertex 11 90.25 2.1
      vertex 11.1632 87.7607 2.1
      vertex 11.1632 90.2393 2.1
    endloop
  endfacet
  facet normal 0 0 1
    outer loop
      vertex 11 90.25 2.1
      vertex 11 87.75 2.1
      vertex 11.1632 87.7607 2.1
    endloop
  endfacet
  facet normal -0 0 1
    outer loop
      vertex 10.8368 90.2393 2.1
      vertex 11 87.75 2.1
      vertex 11 90.25 2.1
    endloop
  endfacet
  facet normal 0 0 1
    outer loop
      vertex 10.8368 90.2393 2.1
      vertex 10.8368 87.7607 2.1
      vertex 11 87.75 2.1
    endloop
  endfacet
  facet normal -0 0 1
    outer loop
      vertex 10.6765 90.2074 2.1
      vertex 10.8368 87.7607 2.1
      vertex 10.8368 90.2393 2.1
    endloop
  endfacet
  facet normal 0 0 1
    outer loop
      vertex 10.6765 90.2074 2.1
      vertex 10.6765 87.7926 2.1
      vertex 10.8368 87.7607 2.1
    endloop
  endfacet
  facet normal -0 0 1
    outer loop
      vertex 10.5216 90.1548 2.1
      vertex 10.6765 87.7926 2.1
      vertex 10.6765 90.2074 2.1
    endloop
  endfacet
  facet normal 0 0 1
    outer loop
      vertex 10.5216 90.1548 2.1
      vertex 10.5216 87.8452 2.1
      vertex 10.6765 87.7926 2.1
    endloop
  endfacet
  facet normal -0 0 1
    outer loop
      vertex 10.375 90.0825 2.1
      vertex 10.5216 87.8452 2.1
      vertex 10.5216 90.1548 2.1
    endloop
  endfacet
  facet normal 0 0 1
    outer loop
      vertex 10.375 90.0825 2.1
      vertex 10.375 87.9175 2.1
      vertex 10.5216 87.8452 2.1
    endloop
  endfacet
  facet normal -0 0 1
    outer loop
      vertex 10.239 89.9917 2.1
      vertex 10.375 87.9175 2.1
      vertex 10.375 90.0825 2.1
    endloop
  endfacet
  facet normal 0 0 1
    outer loop
      vertex 10.239 89.9917 2.1
      vertex 10.239 88.0083 2.1
      vertex 10.375 87.9175 2.1
    endloop
  endfacet
  facet normal -0 0 1
    outer loop
      vertex 10.1161 89.8839 2.1
      vertex 10.239 88.0083 2.1
      vertex 10.239 89.9917 2.1
    endloop
  endfacet
  facet normal 0 0 1
    outer loop
      vertex 10.1161 89.8839 2.1
      vertex 10.1161 88.1161 2.1
      vertex 10.239 88.0083 2.1
    endloop
  endfacet
  facet normal -0 0 1
    outer loop
      vertex 10.0083 89.7609 2.1
      vertex 10.1161 88.1161 2.1
      vertex 10.1161 89.8839 2.1
    endloop
  endfacet
  facet normal 0 0 1
    outer loop
      vertex 10.0083 89.7609 2.1
      vertex 10.0083 88.2391 2.1
      vertex 10.1161 88.1161 2.1
    endloop
  endfacet
  facet normal -0 0 1
    outer loop
      vertex 9.91747 89.625 2.1
      vertex 10.0083 88.2391 2.1
      vertex 10.0083 89.7609 2.1
    endloop
  endfacet
  facet normal 0 0 1
    outer loop
      vertex 9.91747 89.625 2.1
      vertex 9.91747 88.375 2.1
      vertex 10.0083 88.2391 2.1
    endloop
  endfacet
  facet normal -0 0 1
    outer loop
      vertex 9.84515 89.4784 2.1
      vertex 9.91747 88.375 2.1
      vertex 9.91747 89.625 2.1
    endloop
  endfacet
  facet normal 0 0 1
    outer loop
      vertex 9.84515 89.4784 2.1
      vertex 9.84515 88.5216 2.1
      vertex 9.91747 88.375 2.1
    endloop
  endfacet
  facet normal -0 0 1
    outer loop
      vertex 9.79259 89.3235 2.1
      vertex 9.84515 88.5216 2.1
      vertex 9.84515 89.4784 2.1
    endloop
  endfacet
  facet normal 0 0 1
    outer loop
      vertex 9.79259 89.3235 2.1
      vertex 9.79259 88.6765 2.1
      vertex 9.84515 88.5216 2.1
    endloop
  endfacet
  facet normal -0 0 1
    outer loop
      vertex 9.76069 89.1632 2.1
      vertex 9.79259 88.6765 2.1
      vertex 9.79259 89.3235 2.1
    endloop
  endfacet
  facet normal 0 0 1
    outer loop
      vertex 9.76069 89.1632 2.1
      vertex 9.76069 88.8368 2.1
      vertex 9.79259 88.6765 2.1
    endloop
  endfacet
  facet normal 0 -0 1
    outer loop
      vertex 9.76069 88.8368 2.1
      vertex 9.76069 89.1632 2.1
      vertex 9.75 89 2.1
    endloop
  endfacet
  facet normal 0.752046 -0.65911 0
    outer loop
      vertex 10.0083 89.7609 7
      vertex 10.1161 89.8839 2.1
      vertex 10.1161 89.8839 7
    endloop
  endfacet
  facet normal 0.752046 -0.65911 0
    outer loop
      vertex 10.1161 89.8839 2.1
      vertex 10.0083 89.7609 7
      vertex 10.0083 89.7609 2.1
    endloop
  endfacet
  facet normal -0.0654233 -0.997858 0
    outer loop
      vertex 11 90.25 2.1
      vertex 11.1632 90.2393 7
      vertex 11 90.25 7
    endloop
  endfacet
  facet normal -0.0654233 -0.997858 -0
    outer loop
      vertex 11.1632 90.2393 7
      vertex 11 90.25 2.1
      vertex 11.1632 90.2393 2.1
    endloop
  endfacet
  facet normal -0.555265 -0.831674 0
    outer loop
      vertex 11.625 90.0825 2.1
      vertex 11.761 89.9917 7
      vertex 11.625 90.0825 7
    endloop
  endfacet
  facet normal -0.555265 -0.831674 -0
    outer loop
      vertex 11.761 89.9917 7
      vertex 11.625 90.0825 2.1
      vertex 11.761 89.9917 2.1
    endloop
  endfacet
  facet normal 0.442313 0.896861 -0
    outer loop
      vertex 10.5216 87.8452 2.1
      vertex 10.375 87.9175 7
      vertex 10.5216 87.8452 7
    endloop
  endfacet
  facet normal 0.442313 0.896861 0
    outer loop
      vertex 10.375 87.9175 7
      vertex 10.5216 87.8452 2.1
      vertex 10.375 87.9175 2.1
    endloop
  endfacet
  facet normal 0.8314 0.555674 0
    outer loop
      vertex 10.0083 88.2391 7
      vertex 9.91747 88.375 2.1
      vertex 9.91747 88.375 7
    endloop
  endfacet
  facet normal 0.8314 0.555674 0
    outer loop
      vertex 9.91747 88.375 2.1
      vertex 10.0083 88.2391 7
      vertex 10.0083 88.2391 2.1
    endloop
  endfacet
  facet normal 0.980768 0.195175 0
    outer loop
      vertex 9.79259 88.6765 7
      vertex 9.76069 88.8368 2.1
      vertex 9.76069 88.8368 7
    endloop
  endfacet
  facet normal 0.980768 0.195175 0
    outer loop
      vertex 9.76069 88.8368 2.1
      vertex 9.79259 88.6765 7
      vertex 9.79259 88.6765 2.1
    endloop
  endfacet
  facet normal 0.195175 0.980768 -0
    outer loop
      vertex 10.8368 87.7607 2.1
      vertex 10.6765 87.7926 7
      vertex 10.8368 87.7607 7
    endloop
  endfacet
  facet normal 0.195175 0.980768 0
    outer loop
      vertex 10.6765 87.7926 7
      vertex 10.8368 87.7607 2.1
      vertex 10.6765 87.7926 2.1
    endloop
  endfacet
  facet normal 0.659414 0.75178 -0
    outer loop
      vertex 10.239 88.0083 2.1
      vertex 10.1161 88.1161 7
      vertex 10.239 88.0083 7
    endloop
  endfacet
  facet normal 0.659414 0.75178 0
    outer loop
      vertex 10.1161 88.1161 7
      vertex 10.239 88.0083 2.1
      vertex 10.1161 88.1161 2.1
    endloop
  endfacet
  facet normal 0.896812 -0.442411 0
    outer loop
      vertex 9.84515 89.4784 7
      vertex 9.91747 89.625 2.1
      vertex 9.91747 89.625 7
    endloop
  endfacet
  facet normal 0.896812 -0.442411 0
    outer loop
      vertex 9.91747 89.625 2.1
      vertex 9.84515 89.4784 7
      vertex 9.84515 89.4784 2.1
    endloop
  endfacet
  facet normal 0.997862 0.0653624 0
    outer loop
      vertex 9.76069 88.8368 7
      vertex 9.75 89 2.1
      vertex 9.75 89 7
    endloop
  endfacet
  facet normal 0.997862 0.0653624 0
    outer loop
      vertex 9.75 89 2.1
      vertex 9.76069 88.8368 7
      vertex 9.76069 88.8368 2.1
    endloop
  endfacet
  facet normal -0.555265 0.831674 0
    outer loop
      vertex 11.761 88.0083 2.1
      vertex 11.625 87.9175 7
      vertex 11.761 88.0083 7
    endloop
  endfacet
  facet normal -0.555265 0.831674 0
    outer loop
      vertex 11.625 87.9175 7
      vertex 11.761 88.0083 2.1
      vertex 11.625 87.9175 2.1
    endloop
  endfacet
  facet normal 0.555265 0.831674 -0
    outer loop
      vertex 10.375 87.9175 2.1
      vertex 10.239 88.0083 7
      vertex 10.375 87.9175 7
    endloop
  endfacet
  facet normal 0.555265 0.831674 0
    outer loop
      vertex 10.239 88.0083 7
      vertex 10.375 87.9175 2.1
      vertex 10.239 88.0083 2.1
    endloop
  endfacet
  facet normal 0.981058 0.193714 0
    outer loop
      vertex 157.974 89.3916 7
      vertex 157.898 89.7765 2
      vertex 157.898 89.7765 7
    endloop
  endfacet
  facet normal 0.981058 0.193714 0
    outer loop
      vertex 157.898 89.7765 2
      vertex 157.974 89.3916 7
      vertex 157.974 89.3916 2
    endloop
  endfacet
  facet normal 0.997803 0.0662484 0
    outer loop
      vertex 158 89 7
      vertex 157.974 89.3916 2
      vertex 157.974 89.3916 7
    endloop
  endfacet
  facet normal 0.997803 0.0662484 0
    outer loop
      vertex 157.974 89.3916 2
      vertex 158 89 7
      vertex 158 89 2
    endloop
  endfacet
  facet normal 0.981058 -0.193714 0
    outer loop
      vertex 157.898 88.2235 7
      vertex 157.974 88.6084 2
      vertex 157.974 88.6084 7
    endloop
  endfacet
  facet normal 0.981058 -0.193714 0
    outer loop
      vertex 157.974 88.6084 2
      vertex 157.898 88.2235 7
      vertex 157.898 88.2235 2
    endloop
  endfacet
  facet normal 0 0 1
    outer loop
      vertex 156.25 89 7
      vertex 158 89 7
      vertex 157.974 89.3916 7
    endloop
  endfacet
  facet normal 0 0 1
    outer loop
      vertex 156.239 89.1632 7
      vertex 157.974 89.3916 7
      vertex 157.898 89.7765 7
    endloop
  endfacet
  facet normal 0 0 1
    outer loop
      vertex 158 89 7
      vertex 156.25 89 7
      vertex 157.974 88.6084 7
    endloop
  endfacet
  facet normal 0 0 1
    outer loop
      vertex 156.207 89.3235 7
      vertex 157.898 89.7765 7
      vertex 157.772 90.148 7
    endloop
  endfacet
  facet normal -0 0 1
    outer loop
      vertex 156.239 88.8368 7
      vertex 157.974 88.6084 7
      vertex 156.25 89 7
    endloop
  endfacet
  facet normal 0 0 1
    outer loop
      vertex 156.155 89.4784 7
      vertex 157.772 90.148 7
      vertex 157.598 90.5 7
    endloop
  endfacet
  facet normal 0 0 1
    outer loop
      vertex 157.974 88.6084 7
      vertex 156.239 88.8368 7
      vertex 157.898 88.2235 7
    endloop
  endfacet
  facet normal 0 0 1
    outer loop
      vertex 156.083 89.625 7
      vertex 157.598 90.5 7
      vertex 157.38 90.8263 7
    endloop
  endfacet
  facet normal -0 0 1
    outer loop
      vertex 156.207 88.6765 7
      vertex 157.898 88.2235 7
      vertex 156.239 88.8368 7
    endloop
  endfacet
  facet normal 0 0 1
    outer loop
      vertex 155.992 89.7609 7
      vertex 157.38 90.8263 7
      vertex 157.121 91.1213 7
    endloop
  endfacet
  facet normal 0 0 1
    outer loop
      vertex 157.898 88.2235 7
      vertex 156.207 88.6765 7
      vertex 157.772 87.852 7
    endloop
  endfacet
  facet normal 0 0 1
    outer loop
      vertex 155.884 89.8839 7
      vertex 157.121 91.1213 7
      vertex 156.826 91.3801 7
    endloop
  endfacet
  facet normal -0 0 1
    outer loop
      vertex 156.155 88.5216 7
      vertex 157.772 87.852 7
      vertex 156.207 88.6765 7
    endloop
  endfacet
  facet normal 0 0 1
    outer loop
      vertex 155.761 89.9917 7
      vertex 156.826 91.3801 7
      vertex 156.5 91.5981 7
    endloop
  endfacet
  facet normal 0 0 1
    outer loop
      vertex 157.772 87.852 7
      vertex 156.155 88.5216 7
      vertex 157.598 87.5 7
    endloop
  endfacet
  facet normal -0 0 1
    outer loop
      vertex 156.083 88.375 7
      vertex 157.598 87.5 7
      vertex 156.155 88.5216 7
    endloop
  endfacet
  facet normal 0 0 1
    outer loop
      vertex 157.974 89.3916 7
      vertex 156.239 89.1632 7
      vertex 156.25 89 7
    endloop
  endfacet
  facet normal 0 0 1
    outer loop
      vertex 157.898 89.7765 7
      vertex 156.207 89.3235 7
      vertex 156.239 89.1632 7
    endloop
  endfacet
  facet normal 0 0 1
    outer loop
      vertex 157.772 90.148 7
      vertex 156.155 89.4784 7
      vertex 156.207 89.3235 7
    endloop
  endfacet
  facet normal 0 0 1
    outer loop
      vertex 155.625 90.0825 7
      vertex 156.5 91.5981 7
      vertex 156.148 91.7716 7
    endloop
  endfacet
  facet normal 0 0 1
    outer loop
      vertex 157.598 90.5 7
      vertex 156.083 89.625 7
      vertex 156.155 89.4784 7
    endloop
  endfacet
  facet normal 0 0 1
    outer loop
      vertex 157.38 90.8263 7
      vertex 155.992 89.7609 7
      vertex 156.083 89.625 7
    endloop
  endfacet
  facet normal 0 0 1
    outer loop
      vertex 157.121 91.1213 7
      vertex 155.884 89.8839 7
      vertex 155.992 89.7609 7
    endloop
  endfacet
  facet normal 0 0 1
    outer loop
      vertex 155.478 90.1548 7
      vertex 156.148 91.7716 7
      vertex 155.776 91.8978 7
    endloop
  endfacet
  facet normal 0 0 1
    outer loop
      vertex 156.826 91.3801 7
      vertex 155.761 89.9917 7
      vertex 155.884 89.8839 7
    endloop
  endfacet
  facet normal 0 0 1
    outer loop
      vertex 156.5 91.5981 7
      vertex 155.625 90.0825 7
      vertex 155.761 89.9917 7
    endloop
  endfacet
  facet normal 0 0 1
    outer loop
      vertex 156.148 91.7716 7
      vertex 155.478 90.1548 7
      vertex 155.625 90.0825 7
    endloop
  endfacet
  facet normal 0 0 1
    outer loop
      vertex 155.324 90.2074 7
      vertex 155.776 91.8978 7
      vertex 155.392 91.9743 7
    endloop
  endfacet
  facet normal 0 0 1
    outer loop
      vertex 155.776 91.8978 7
      vertex 155.324 90.2074 7
      vertex 155.478 90.1548 7
    endloop
  endfacet
  facet normal 0 0 1
    outer loop
      vertex 155.392 91.9743 7
      vertex 155.163 90.2393 7
      vertex 155.324 90.2074 7
    endloop
  endfacet
  facet normal 0 0 1
    outer loop
      vertex 155 92 7
      vertex 155.163 90.2393 7
      vertex 155.392 91.9743 7
    endloop
  endfacet
  facet normal 0 0 1
    outer loop
      vertex 155 92 7
      vertex 155 90.25 7
      vertex 155.163 90.2393 7
    endloop
  endfacet
  facet normal 0 0 1
    outer loop
      vertex 155 92 7
      vertex 154.837 90.2393 7
      vertex 155 90.25 7
    endloop
  endfacet
  facet normal -0 0 1
    outer loop
      vertex 154.608 91.9743 7
      vertex 154.837 90.2393 7
      vertex 155 92 7
    endloop
  endfacet
  facet normal 0 0 1
    outer loop
      vertex 154.837 90.2393 7
      vertex 154.608 91.9743 7
      vertex 154.676 90.2074 7
    endloop
  endfacet
  facet normal -0 0 1
    outer loop
      vertex 154.224 91.8978 7
      vertex 154.676 90.2074 7
      vertex 154.608 91.9743 7
    endloop
  endfacet
  facet normal 0 0 1
    outer loop
      vertex 154.676 90.2074 7
      vertex 154.224 91.8978 7
      vertex 154.522 90.1548 7
    endloop
  endfacet
  facet normal -0 0 1
    outer loop
      vertex 153.852 91.7716 7
      vertex 154.522 90.1548 7
      vertex 154.224 91.8978 7
    endloop
  endfacet
  facet normal 0 0 1
    outer loop
      vertex 154.522 90.1548 7
      vertex 153.852 91.7716 7
      vertex 154.375 90.0825 7
    endloop
  endfacet
  facet normal -0 0 1
    outer loop
      vertex 153.5 91.5981 7
      vertex 154.375 90.0825 7
      vertex 153.852 91.7716 7
    endloop
  endfacet
  facet normal 0 0 1
    outer loop
      vertex 154.375 90.0825 7
      vertex 153.5 91.5981 7
      vertex 154.239 89.9917 7
    endloop
  endfacet
  facet normal -0 0 1
    outer loop
      vertex 153.174 91.3801 7
      vertex 154.239 89.9917 7
      vertex 153.5 91.5981 7
    endloop
  endfacet
  facet normal 0 0 1
    outer loop
      vertex 154.239 89.9917 7
      vertex 153.174 91.3801 7
      vertex 154.116 89.8839 7
    endloop
  endfacet
  facet normal -0 0 1
    outer loop
      vertex 152.879 91.1213 7
      vertex 154.116 89.8839 7
      vertex 153.174 91.3801 7
    endloop
  endfacet
  facet normal 0 0 1
    outer loop
      vertex 154.116 89.8839 7
      vertex 152.879 91.1213 7
      vertex 154.008 89.7609 7
    endloop
  endfacet
  facet normal -0 0 1
    outer loop
      vertex 152.62 90.8263 7
      vertex 154.008 89.7609 7
      vertex 152.879 91.1213 7
    endloop
  endfacet
  facet normal 0 0 1
    outer loop
      vertex 154.008 89.7609 7
      vertex 152.62 90.8263 7
      vertex 153.917 89.625 7
    endloop
  endfacet
  facet normal -0 0 1
    outer loop
      vertex 152.402 90.5 7
      vertex 153.917 89.625 7
      vertex 152.62 90.8263 7
    endloop
  endfacet
  facet normal 0 0 1
    outer loop
      vertex 157.598 87.5 7
      vertex 156.083 88.375 7
      vertex 157.38 87.1737 7
    endloop
  endfacet
  facet normal -0 0 1
    outer loop
      vertex 155.992 88.2391 7
      vertex 157.38 87.1737 7
      vertex 156.083 88.375 7
    endloop
  endfacet
  facet normal 0 0 1
    outer loop
      vertex 157.38 87.1737 7
      vertex 155.992 88.2391 7
      vertex 157.121 86.8787 7
    endloop
  endfacet
  facet normal -0 0 1
    outer loop
      vertex 155.884 88.1161 7
      vertex 157.121 86.8787 7
      vertex 155.992 88.2391 7
    endloop
  endfacet
  facet normal 0 0 1
    outer loop
      vertex 157.121 86.8787 7
      vertex 155.884 88.1161 7
      vertex 156.826 86.6199 7
    endloop
  endfacet
  facet normal -0 0 1
    outer loop
      vertex 155.761 88.0083 7
      vertex 156.826 86.6199 7
      vertex 155.884 88.1161 7
    endloop
  endfacet
  facet normal 0 0 1
    outer loop
      vertex 156.826 86.6199 7
      vertex 155.761 88.0083 7
      vertex 156.5 86.4019 7
    endloop
  endfacet
  facet normal -0 0 1
    outer loop
      vertex 155.625 87.9175 7
      vertex 156.5 86.4019 7
      vertex 155.761 88.0083 7
    endloop
  endfacet
  facet normal 0 0 1
    outer loop
      vertex 156.5 86.4019 7
      vertex 155.625 87.9175 7
      vertex 156.148 86.2284 7
    endloop
  endfacet
  facet normal -0 0 1
    outer loop
      vertex 155.478 87.8452 7
      vertex 156.148 86.2284 7
      vertex 155.625 87.9175 7
    endloop
  endfacet
  facet normal 0 0 1
    outer loop
      vertex 156.148 86.2284 7
      vertex 155.478 87.8452 7
      vertex 155.776 86.1022 7
    endloop
  endfacet
  facet normal -0 0 1
    outer loop
      vertex 155.324 87.7926 7
      vertex 155.776 86.1022 7
      vertex 155.478 87.8452 7
    endloop
  endfacet
  facet normal 0 0 1
    outer loop
      vertex 155.776 86.1022 7
      vertex 155.324 87.7926 7
      vertex 155.392 86.0257 7
    endloop
  endfacet
  facet normal -0 0 1
    outer loop
      vertex 155.163 87.7607 7
      vertex 155.392 86.0257 7
      vertex 155.324 87.7926 7
    endloop
  endfacet
  facet normal -0 0 1
    outer loop
      vertex 155 87.75 7
      vertex 155.392 86.0257 7
      vertex 155.163 87.7607 7
    endloop
  endfacet
  facet normal 0 0 1
    outer loop
      vertex 155 87.75 7
      vertex 155 86 7
      vertex 155.392 86.0257 7
    endloop
  endfacet
  facet normal 0 0 1
    outer loop
      vertex 154.837 87.7607 7
      vertex 155 86 7
      vertex 155 87.75 7
    endloop
  endfacet
  facet normal 0 0 1
    outer loop
      vertex 154.608 86.0257 7
      vertex 154.837 87.7607 7
      vertex 154.676 87.7926 7
    endloop
  endfacet
  facet normal 0 0 1
    outer loop
      vertex 154.837 87.7607 7
      vertex 154.608 86.0257 7
      vertex 155 86 7
    endloop
  endfacet
  facet normal 0 0 1
    outer loop
      vertex 154.224 86.1022 7
      vertex 154.676 87.7926 7
      vertex 154.522 87.8452 7
    endloop
  endfacet
  facet normal 0 0 1
    outer loop
      vertex 153.852 86.2284 7
      vertex 154.522 87.8452 7
      vertex 154.375 87.9175 7
    endloop
  endfacet
  facet normal 0 0 1
    outer loop
      vertex 153.5 86.4019 7
      vertex 154.375 87.9175 7
      vertex 154.239 88.0083 7
    endloop
  endfacet
  facet normal 0 0 1
    outer loop
      vertex 154.676 87.7926 7
      vertex 154.224 86.1022 7
      vertex 154.608 86.0257 7
    endloop
  endfacet
  facet normal 0 0 1
    outer loop
      vertex 153.174 86.6199 7
      vertex 154.239 88.0083 7
      vertex 154.116 88.1161 7
    endloop
  endfacet
  facet normal 0 0 1
    outer loop
      vertex 152.879 86.8787 7
      vertex 154.116 88.1161 7
      vertex 154.008 88.2391 7
    endloop
  endfacet
  facet normal 0 0 1
    outer loop
      vertex 152.62 87.1737 7
      vertex 154.008 88.2391 7
      vertex 153.917 88.375 7
    endloop
  endfacet
  facet normal 0 0 1
    outer loop
      vertex 154.522 87.8452 7
      vertex 153.852 86.2284 7
      vertex 154.224 86.1022 7
    endloop
  endfacet
  facet normal 0 0 1
    outer loop
      vertex 152.402 87.5 7
      vertex 153.917 88.375 7
      vertex 153.845 88.5216 7
    endloop
  endfacet
  facet normal 0 0 1
    outer loop
      vertex 152.228 87.852 7
      vertex 153.845 88.5216 7
      vertex 153.793 88.6765 7
    endloop
  endfacet
  facet normal 0 0 1
    outer loop
      vertex 152.102 88.2235 7
      vertex 153.793 88.6765 7
      vertex 153.761 88.8368 7
    endloop
  endfacet
  facet normal 0 0 1
    outer loop
      vertex 152.026 88.6084 7
      vertex 153.761 88.8368 7
      vertex 153.75 89 7
    endloop
  endfacet
  facet normal 0 0 1
    outer loop
      vertex 153.917 89.625 7
      vertex 152.402 90.5 7
      vertex 153.845 89.4784 7
    endloop
  endfacet
  facet normal 0 0 1
    outer loop
      vertex 154.375 87.9175 7
      vertex 153.5 86.4019 7
      vertex 153.852 86.2284 7
    endloop
  endfacet
  facet normal -0 0 1
    outer loop
      vertex 152.228 90.148 7
      vertex 153.845 89.4784 7
      vertex 152.402 90.5 7
    endloop
  endfacet
  facet normal 0 0 1
    outer loop
      vertex 154.239 88.0083 7
      vertex 153.174 86.6199 7
      vertex 153.5 86.4019 7
    endloop
  endfacet
  facet normal 0 0 1
    outer loop
      vertex 153.845 89.4784 7
      vertex 152.228 90.148 7
      vertex 153.793 89.3235 7
    endloop
  endfacet
  facet normal 0 0 1
    outer loop
      vertex 154.116 88.1161 7
      vertex 152.879 86.8787 7
      vertex 153.174 86.6199 7
    endloop
  endfacet
  facet normal -0 0 1
    outer loop
      vertex 152.102 89.7765 7
      vertex 153.793 89.3235 7
      vertex 152.228 90.148 7
    endloop
  endfacet
  facet normal 0 0 1
    outer loop
      vertex 154.008 88.2391 7
      vertex 152.62 87.1737 7
      vertex 152.879 86.8787 7
    endloop
  endfacet
  facet normal 0 0 1
    outer loop
      vertex 153.793 89.3235 7
      vertex 152.102 89.7765 7
      vertex 153.761 89.1632 7
    endloop
  endfacet
  facet normal 0 0 1
    outer loop
      vertex 153.917 88.375 7
      vertex 152.402 87.5 7
      vertex 152.62 87.1737 7
    endloop
  endfacet
  facet normal -0 0 1
    outer loop
      vertex 152.026 89.3916 7
      vertex 153.761 89.1632 7
      vertex 152.102 89.7765 7
    endloop
  endfacet
  facet normal 0 0 1
    outer loop
      vertex 153.845 88.5216 7
      vertex 152.228 87.852 7
      vertex 152.402 87.5 7
    endloop
  endfacet
  facet normal 0 0 1
    outer loop
      vertex 153.761 89.1632 7
      vertex 152.026 89.3916 7
      vertex 153.75 89 7
    endloop
  endfacet
  facet normal 0 0 1
    outer loop
      vertex 153.793 88.6765 7
      vertex 152.102 88.2235 7
      vertex 152.228 87.852 7
    endloop
  endfacet
  facet normal 0 0 1
    outer loop
      vertex 152 89 7
      vertex 153.75 89 7
      vertex 152.026 89.3916 7
    endloop
  endfacet
  facet normal 0 0 1
    outer loop
      vertex 153.761 88.8368 7
      vertex 152.026 88.6084 7
      vertex 152.102 88.2235 7
    endloop
  endfacet
  facet normal 0 0 1
    outer loop
      vertex 153.75 89 7
      vertex 152 89 7
      vertex 152.026 88.6084 7
    endloop
  endfacet
  facet normal 0.831501 0.555523 0
    outer loop
      vertex 157.598 90.5 7
      vertex 157.38 90.8263 2
      vertex 157.38 90.8263 7
    endloop
  endfacet
  facet normal 0.831501 0.555523 0
    outer loop
      vertex 157.38 90.8263 2
      vertex 157.598 90.5 7
      vertex 157.598 90.5 2
    endloop
  endfacet
  facet normal 0.555877 0.831265 -0
    outer loop
      vertex 156.826 91.3801 2
      vertex 156.5 91.5981 7
      vertex 156.826 91.3801 7
    endloop
  endfacet
  facet normal 0.555877 0.831265 0
    outer loop
      vertex 156.5 91.5981 7
      vertex 156.826 91.3801 2
      vertex 156.5 91.5981 2
    endloop
  endfacet
  facet normal 0.896455 -0.443134 0
    outer loop
      vertex 157.598 87.5 7
      vertex 157.772 87.852 2
      vertex 157.772 87.852 7
    endloop
  endfacet
  facet normal 0.896455 -0.443134 0
    outer loop
      vertex 157.772 87.852 2
      vertex 157.598 87.5 7
      vertex 157.598 87.5 2
    endloop
  endfacet
  facet normal 0.997803 -0.0662484 0
    outer loop
      vertex 157.974 88.6084 7
      vertex 158 89 2
      vertex 158 89 7
    endloop
  endfacet
  facet normal 0.997803 -0.0662484 0
    outer loop
      vertex 158 89 2
      vertex 157.974 88.6084 7
      vertex 157.974 88.6084 2
    endloop
  endfacet
  facet normal 0.321264 0.94699 -0
    outer loop
      vertex 156.148 91.7716 2
      vertex 155.776 91.8978 7
      vertex 156.148 91.7716 7
    endloop
  endfacet
  facet normal 0.321264 0.94699 0
    outer loop
      vertex 155.776 91.8978 7
      vertex 156.148 91.7716 2
      vertex 155.776 91.8978 2
    endloop
  endfacet
  facet normal -0.896455 0.443134 0
    outer loop
      vertex 152.228 90.148 2
      vertex 152.402 90.5 7
      vertex 152.402 90.5 2
    endloop
  endfacet
  facet normal -0.896455 0.443134 0
    outer loop
      vertex 152.402 90.5 7
      vertex 152.228 90.148 2
      vertex 152.228 90.148 7
    endloop
  endfacet
  facet normal -0.659478 0.751724 0
    outer loop
      vertex 153.174 91.3801 2
      vertex 152.879 91.1213 7
      vertex 153.174 91.3801 7
    endloop
  endfacet
  facet normal -0.659478 0.751724 0
    outer loop
      vertex 152.879 91.1213 7
      vertex 153.174 91.3801 2
      vertex 152.879 91.1213 2
    endloop
  endfacet
  facet normal 0.321264 -0.94699 0
    outer loop
      vertex 155.776 86.1022 2
      vertex 156.148 86.2284 7
      vertex 155.776 86.1022 7
    endloop
  endfacet
  facet normal 0.321264 -0.94699 0
    outer loop
      vertex 156.148 86.2284 7
      vertex 155.776 86.1022 2
      vertex 156.148 86.2284 2
    endloop
  endfacet
  facet normal -0.997803 -0.0662484 0
    outer loop
      vertex 152.026 88.6084 2
      vertex 152 89 7
      vertex 152 89 2
    endloop
  endfacet
  facet normal -0.997803 -0.0662484 0
    outer loop
      vertex 152 89 7
      vertex 152.026 88.6084 2
      vertex 152.026 88.6084 7
    endloop
  endfacet
  facet normal -0.659478 -0.751724 0
    outer loop
      vertex 152.879 86.8787 2
      vertex 153.174 86.6199 7
      vertex 152.879 86.8787 7
    endloop
  endfacet
  facet normal -0.659478 -0.751724 -0
    outer loop
      vertex 153.174 86.6199 7
      vertex 152.879 86.8787 2
      vertex 153.174 86.6199 2
    endloop
  endfacet
  facet normal -0.321264 0.94699 0
    outer loop
      vertex 154.224 91.8978 2
      vertex 153.852 91.7716 7
      vertex 154.224 91.8978 7
    endloop
  endfacet
  facet normal -0.321264 0.94699 0
    outer loop
      vertex 153.852 91.7716 7
      vertex 154.224 91.8978 2
      vertex 153.852 91.7716 2
    endloop
  endfacet
  facet normal -0.831501 -0.555523 0
    outer loop
      vertex 152.62 87.1737 2
      vertex 152.402 87.5 7
      vertex 152.402 87.5 2
    endloop
  endfacet
  facet normal -0.831501 -0.555523 0
    outer loop
      vertex 152.402 87.5 7
      vertex 152.62 87.1737 2
      vertex 152.62 87.1737 7
    endloop
  endfacet
  facet normal -0.555877 0.831265 0
    outer loop
      vertex 153.5 91.5981 2
      vertex 153.174 91.3801 7
      vertex 153.5 91.5981 7
    endloop
  endfacet
  facet normal -0.555877 0.831265 0
    outer loop
      vertex 153.174 91.3801 7
      vertex 153.5 91.5981 2
      vertex 153.174 91.3801 2
    endloop
  endfacet
  facet normal -0.997803 0.0662484 0
    outer loop
      vertex 152 89 2
      vertex 152.026 89.3916 7
      vertex 152.026 89.3916 2
    endloop
  endfacet
  facet normal -0.997803 0.0662484 0
    outer loop
      vertex 152.026 89.3916 7
      vertex 152 89 2
      vertex 152 89 7
    endloop
  endfacet
  facet normal 0.195379 0.980728 -0
    outer loop
      vertex 155.776 91.8978 2
      vertex 155.392 91.9743 7
      vertex 155.776 91.8978 7
    endloop
  endfacet
  facet normal 0.195379 0.980728 0
    outer loop
      vertex 155.392 91.9743 7
      vertex 155.776 91.8978 2
      vertex 155.392 91.9743 2
    endloop
  endfacet
  facet normal -0.44211 0.896961 0
    outer loop
      vertex 153.852 91.7716 2
      vertex 153.5 91.5981 7
      vertex 153.852 91.7716 7
    endloop
  endfacet
  facet normal -0.44211 0.896961 0
    outer loop
      vertex 153.5 91.5981 7
      vertex 153.852 91.7716 2
      vertex 153.5 91.5981 2
    endloop
  endfacet
  facet normal 0.0654208 -0.997858 0
    outer loop
      vertex 155 86 2
      vertex 155.392 86.0257 7
      vertex 155 86 7
    endloop
  endfacet
  facet normal 0.0654208 -0.997858 0
    outer loop
      vertex 155.392 86.0257 7
      vertex 155 86 2
      vertex 155.392 86.0257 2
    endloop
  endfacet
  facet normal 0.659478 -0.751724 0
    outer loop
      vertex 156.826 86.6199 2
      vertex 157.121 86.8787 7
      vertex 156.826 86.6199 7
    endloop
  endfacet
  facet normal 0.659478 -0.751724 0
    outer loop
      vertex 157.121 86.8787 7
      vertex 156.826 86.6199 2
      vertex 157.121 86.8787 2
    endloop
  endfacet
  facet normal -0.947013 -0.321194 0
    outer loop
      vertex 152.228 87.852 2
      vertex 152.102 88.2235 7
      vertex 152.102 88.2235 2
    endloop
  endfacet
  facet normal -0.947013 -0.321194 0
    outer loop
      vertex 152.102 88.2235 7
      vertex 152.228 87.852 2
      vertex 152.228 87.852 7
    endloop
  endfacet
  facet normal 0.947013 -0.321194 0
    outer loop
      vertex 157.772 87.852 7
      vertex 157.898 88.2235 2
      vertex 157.898 88.2235 7
    endloop
  endfacet
  facet normal 0.947013 -0.321194 0
    outer loop
      vertex 157.898 88.2235 2
      vertex 157.772 87.852 7
      vertex 157.772 87.852 2
    endloop
  endfacet
  facet normal 0.44211 0.896961 -0
    outer loop
      vertex 156.5 91.5981 2
      vertex 156.148 91.7716 7
      vertex 156.5 91.5981 7
    endloop
  endfacet
  facet normal 0.44211 0.896961 0
    outer loop
      vertex 156.148 91.7716 7
      vertex 156.5 91.5981 2
      vertex 156.148 91.7716 2
    endloop
  endfacet
  facet normal -0.195379 0.980728 0
    outer loop
      vertex 154.608 91.9743 2
      vertex 154.224 91.8978 7
      vertex 154.608 91.9743 7
    endloop
  endfacet
  facet normal -0.195379 0.980728 0
    outer loop
      vertex 154.224 91.8978 7
      vertex 154.608 91.9743 2
      vertex 154.224 91.8978 2
    endloop
  endfacet
  facet normal 0.751471 0.659766 0
    outer loop
      vertex 157.38 90.8263 7
      vertex 157.121 91.1213 2
      vertex 157.121 91.1213 7
    endloop
  endfacet
  facet normal 0.751471 0.659766 0
    outer loop
      vertex 157.121 91.1213 2
      vertex 157.38 90.8263 7
      vertex 157.38 90.8263 2
    endloop
  endfacet
  facet normal 0.751471 -0.659766 0
    outer loop
      vertex 157.121 86.8787 7
      vertex 157.38 87.1737 2
      vertex 157.38 87.1737 7
    endloop
  endfacet
  facet normal 0.751471 -0.659766 0
    outer loop
      vertex 157.38 87.1737 2
      vertex 157.121 86.8787 7
      vertex 157.121 86.8787 2
    endloop
  endfacet
  facet normal -0.44211 -0.896961 0
    outer loop
      vertex 153.5 86.4019 2
      vertex 153.852 86.2284 7
      vertex 153.5 86.4019 7
    endloop
  endfacet
  facet normal -0.44211 -0.896961 -0
    outer loop
      vertex 153.852 86.2284 7
      vertex 153.5 86.4019 2
      vertex 153.852 86.2284 2
    endloop
  endfacet
  facet normal -0.947013 0.321194 0
    outer loop
      vertex 152.102 89.7765 2
      vertex 152.228 90.148 7
      vertex 152.228 90.148 2
    endloop
  endfacet
  facet normal -0.947013 0.321194 0
    outer loop
      vertex 152.228 90.148 7
      vertex 152.102 89.7765 2
      vertex 152.102 89.7765 7
    endloop
  endfacet
  facet normal 0.195379 -0.980728 0
    outer loop
      vertex 155.392 86.0257 2
      vertex 155.776 86.1022 7
      vertex 155.392 86.0257 7
    endloop
  endfacet
  facet normal 0.195379 -0.980728 0
    outer loop
      vertex 155.776 86.1022 7
      vertex 155.392 86.0257 2
      vertex 155.776 86.1022 2
    endloop
  endfacet
  facet normal 0.44211 -0.896961 0
    outer loop
      vertex 156.148 86.2284 2
      vertex 156.5 86.4019 7
      vertex 156.148 86.2284 7
    endloop
  endfacet
  facet normal 0.44211 -0.896961 0
    outer loop
      vertex 156.5 86.4019 7
      vertex 156.148 86.2284 2
      vertex 156.5 86.4019 2
    endloop
  endfacet
  facet normal -0.751471 0.659766 0
    outer loop
      vertex 152.62 90.8263 2
      vertex 152.879 91.1213 7
      vertex 152.879 91.1213 2
    endloop
  endfacet
  facet normal -0.751471 0.659766 0
    outer loop
      vertex 152.879 91.1213 7
      vertex 152.62 90.8263 2
      vertex 152.62 90.8263 7
    endloop
  endfacet
  facet normal 0.659478 0.751724 -0
    outer loop
      vertex 157.121 91.1213 2
      vertex 156.826 91.3801 7
      vertex 157.121 91.1213 7
    endloop
  endfacet
  facet normal 0.659478 0.751724 0
    outer loop
      vertex 156.826 91.3801 7
      vertex 157.121 91.1213 2
      vertex 156.826 91.3801 2
    endloop
  endfacet
  facet normal -0.896455 -0.443134 0
    outer loop
      vertex 152.402 87.5 2
      vertex 152.228 87.852 7
      vertex 152.228 87.852 2
    endloop
  endfacet
  facet normal -0.896455 -0.443134 0
    outer loop
      vertex 152.228 87.852 7
      vertex 152.402 87.5 2
      vertex 152.402 87.5 7
    endloop
  endfacet
  facet normal 0.831501 -0.555523 0
    outer loop
      vertex 157.38 87.1737 7
      vertex 157.598 87.5 2
      vertex 157.598 87.5 7
    endloop
  endfacet
  facet normal 0.831501 -0.555523 0
    outer loop
      vertex 157.598 87.5 2
      vertex 157.38 87.1737 7
      vertex 157.38 87.1737 2
    endloop
  endfacet
  facet normal 0.896455 0.443134 0
    outer loop
      vertex 157.772 90.148 7
      vertex 157.598 90.5 2
      vertex 157.598 90.5 7
    endloop
  endfacet
  facet normal 0.896455 0.443134 0
    outer loop
      vertex 157.598 90.5 2
      vertex 157.772 90.148 7
      vertex 157.772 90.148 2
    endloop
  endfacet
  facet normal -0.0654208 -0.997858 0
    outer loop
      vertex 154.608 86.0257 2
      vertex 155 86 7
      vertex 154.608 86.0257 7
    endloop
  endfacet
  facet normal -0.0654208 -0.997858 -0
    outer loop
      vertex 155 86 7
      vertex 154.608 86.0257 2
      vertex 155 86 2
    endloop
  endfacet
  facet normal 0.0654208 0.997858 -0
    outer loop
      vertex 155.392 91.9743 2
      vertex 155 92 7
      vertex 155.392 91.9743 7
    endloop
  endfacet
  facet normal 0.0654208 0.997858 0
    outer loop
      vertex 155 92 7
      vertex 155.392 91.9743 2
      vertex 155 92 2
    endloop
  endfacet
  facet normal -0.555877 -0.831265 0
    outer loop
      vertex 153.174 86.6199 2
      vertex 153.5 86.4019 7
      vertex 153.174 86.6199 7
    endloop
  endfacet
  facet normal -0.555877 -0.831265 -0
    outer loop
      vertex 153.5 86.4019 7
      vertex 153.174 86.6199 2
      vertex 153.5 86.4019 2
    endloop
  endfacet
  facet normal 0.555877 -0.831265 0
    outer loop
      vertex 156.5 86.4019 2
      vertex 156.826 86.6199 7
      vertex 156.5 86.4019 7
    endloop
  endfacet
  facet normal 0.555877 -0.831265 0
    outer loop
      vertex 156.826 86.6199 7
      vertex 156.5 86.4019 2
      vertex 156.826 86.6199 2
    endloop
  endfacet
  facet normal 0.947013 0.321194 0
    outer loop
      vertex 157.898 89.7765 7
      vertex 157.772 90.148 2
      vertex 157.772 90.148 7
    endloop
  endfacet
  facet normal 0.947013 0.321194 0
    outer loop
      vertex 157.772 90.148 2
      vertex 157.898 89.7765 7
      vertex 157.898 89.7765 2
    endloop
  endfacet
  facet normal -0.981058 0.193714 0
    outer loop
      vertex 152.026 89.3916 2
      vertex 152.102 89.7765 7
      vertex 152.102 89.7765 2
    endloop
  endfacet
  facet normal -0.981058 0.193714 0
    outer loop
      vertex 152.102 89.7765 7
      vertex 152.026 89.3916 2
      vertex 152.026 89.3916 7
    endloop
  endfacet
  facet normal -0.0654208 0.997858 0
    outer loop
      vertex 155 92 2
      vertex 154.608 91.9743 7
      vertex 155 92 7
    endloop
  endfacet
  facet normal -0.0654208 0.997858 0
    outer loop
      vertex 154.608 91.9743 7
      vertex 155 92 2
      vertex 154.608 91.9743 2
    endloop
  endfacet
  facet normal -0.321264 -0.94699 0
    outer loop
      vertex 153.852 86.2284 2
      vertex 154.224 86.1022 7
      vertex 153.852 86.2284 7
    endloop
  endfacet
  facet normal -0.321264 -0.94699 -0
    outer loop
      vertex 154.224 86.1022 7
      vertex 153.852 86.2284 2
      vertex 154.224 86.1022 2
    endloop
  endfacet
  facet normal -0.981058 -0.193714 0
    outer loop
      vertex 152.102 88.2235 2
      vertex 152.026 88.6084 7
      vertex 152.026 88.6084 2
    endloop
  endfacet
  facet normal -0.981058 -0.193714 0
    outer loop
      vertex 152.026 88.6084 7
      vertex 152.102 88.2235 2
      vertex 152.102 88.2235 7
    endloop
  endfacet
  facet normal -0.751471 -0.659766 0
    outer loop
      vertex 152.879 86.8787 2
      vertex 152.62 87.1737 7
      vertex 152.62 87.1737 2
    endloop
  endfacet
  facet normal -0.751471 -0.659766 0
    outer loop
      vertex 152.62 87.1737 7
      vertex 152.879 86.8787 2
      vertex 152.879 86.8787 7
    endloop
  endfacet
  facet normal -0.195379 -0.980728 0
    outer loop
      vertex 154.224 86.1022 2
      vertex 154.608 86.0257 7
      vertex 154.224 86.1022 7
    endloop
  endfacet
  facet normal -0.195379 -0.980728 -0
    outer loop
      vertex 154.608 86.0257 7
      vertex 154.224 86.1022 2
      vertex 154.608 86.0257 2
    endloop
  endfacet
  facet normal -0.831501 0.555523 0
    outer loop
      vertex 152.402 90.5 2
      vertex 152.62 90.8263 7
      vertex 152.62 90.8263 2
    endloop
  endfacet
  facet normal -0.831501 0.555523 0
    outer loop
      vertex 152.62 90.8263 7
      vertex 152.402 90.5 2
      vertex 152.402 90.5 7
    endloop
  endfacet
  facet normal -0.980651 0.195763 0
    outer loop
      vertex 156.207 88.6765 2.1
      vertex 156.239 88.8368 7
      vertex 156.239 88.8368 2.1
    endloop
  endfacet
  facet normal -0.980651 0.195763 0
    outer loop
      vertex 156.239 88.8368 7
      vertex 156.207 88.6765 2.1
      vertex 156.207 88.6765 7
    endloop
  endfacet
  facet normal -0.980651 -0.195763 0
    outer loop
      vertex 156.239 89.1632 2.1
      vertex 156.207 89.3235 7
      vertex 156.207 89.3235 2.1
    endloop
  endfacet
  facet normal -0.980651 -0.195763 0
    outer loop
      vertex 156.207 89.3235 7
      vertex 156.239 89.1632 2.1
      vertex 156.239 89.1632 7
    endloop
  endfacet
  facet normal -0.997736 -0.0672494 0
    outer loop
      vertex 156.25 89 2.1
      vertex 156.239 89.1632 7
      vertex 156.239 89.1632 2.1
    endloop
  endfacet
  facet normal -0.997736 -0.0672494 0
    outer loop
      vertex 156.239 89.1632 7
      vertex 156.25 89 2.1
      vertex 156.25 89 7
    endloop
  endfacet
  facet normal -0.948008 -0.318247 0
    outer loop
      vertex 156.207 89.3235 2.1
      vertex 156.155 89.4784 7
      vertex 156.155 89.4784 2.1
    endloop
  endfacet
  facet normal -0.948008 -0.318247 0
    outer loop
      vertex 156.155 89.4784 7
      vertex 156.207 89.3235 2.1
      vertex 156.207 89.3235 7
    endloop
  endfacet
  facet normal 0.997736 -0.0672494 0
    outer loop
      vertex 153.75 89 7
      vertex 153.761 89.1632 2.1
      vertex 153.761 89.1632 7
    endloop
  endfacet
  facet normal 0.997736 -0.0672494 0
    outer loop
      vertex 153.761 89.1632 2.1
      vertex 153.75 89 7
      vertex 153.75 89 2.1
    endloop
  endfacet
  facet normal -0.441344 0.897338 0
    outer loop
      vertex 155.625 87.9175 2.1
      vertex 155.478 87.8452 7
      vertex 155.625 87.9175 7
    endloop
  endfacet
  facet normal -0.441344 0.897338 0
    outer loop
      vertex 155.478 87.8452 7
      vertex 155.625 87.9175 2.1
      vertex 155.478 87.8452 2.1
    endloop
  endfacet
  facet normal -0.194358 -0.980931 0
    outer loop
      vertex 155.163 90.2393 2.1
      vertex 155.324 90.2074 7
      vertex 155.163 90.2393 7
    endloop
  endfacet
  facet normal -0.194358 -0.980931 -0
    outer loop
      vertex 155.324 90.2074 7
      vertex 155.163 90.2393 2.1
      vertex 155.324 90.2074 2.1
    endloop
  endfacet
  facet normal -0.194358 0.980931 0
    outer loop
      vertex 155.324 87.7926 2.1
      vertex 155.163 87.7607 7
      vertex 155.324 87.7926 7
    endloop
  endfacet
  facet normal -0.194358 0.980931 0
    outer loop
      vertex 155.163 87.7607 7
      vertex 155.324 87.7926 2.1
      vertex 155.163 87.7607 2.1
    endloop
  endfacet
  facet normal -0.0655032 0.997852 0
    outer loop
      vertex 155.163 87.7607 2.1
      vertex 155 87.75 7
      vertex 155.163 87.7607 7
    endloop
  endfacet
  facet normal -0.0655032 0.997852 0
    outer loop
      vertex 155 87.75 7
      vertex 155.163 87.7607 2.1
      vertex 155 87.75 2.1
    endloop
  endfacet
  facet normal 0.65911 -0.752046 0
    outer loop
      vertex 154.116 89.8839 2.1
      vertex 154.239 89.9917 7
      vertex 154.116 89.8839 7
    endloop
  endfacet
  facet normal 0.65911 -0.752046 0
    outer loop
      vertex 154.239 89.9917 7
      vertex 154.116 89.8839 2.1
      vertex 154.239 89.9917 2.1
    endloop
  endfacet
  facet normal 0.83092 -0.556392 0
    outer loop
      vertex 153.917 89.625 7
      vertex 154.008 89.7609 2.1
      vertex 154.008 89.7609 7
    endloop
  endfacet
  facet normal 0.83092 -0.556392 0
    outer loop
      vertex 154.008 89.7609 2.1
      vertex 153.917 89.625 7
      vertex 153.917 89.625 2.1
    endloop
  endfacet
  facet normal -0.323224 -0.946322 0
    outer loop
      vertex 155.324 90.2074 2.1
      vertex 155.478 90.1548 7
      vertex 155.324 90.2074 7
    endloop
  endfacet
  facet normal -0.323224 -0.946322 -0
    outer loop
      vertex 155.478 90.1548 7
      vertex 155.324 90.2074 2.1
      vertex 155.478 90.1548 2.1
    endloop
  endfacet
  facet normal -0.65911 0.752046 0
    outer loop
      vertex 155.884 88.1161 2.1
      vertex 155.761 88.0083 7
      vertex 155.884 88.1161 7
    endloop
  endfacet
  facet normal -0.65911 0.752046 0
    outer loop
      vertex 155.761 88.0083 7
      vertex 155.884 88.1161 2.1
      vertex 155.761 88.0083 2.1
    endloop
  endfacet
  facet normal 0.441344 -0.897338 0
    outer loop
      vertex 154.375 90.0825 2.1
      vertex 154.522 90.1548 7
      vertex 154.375 90.0825 7
    endloop
  endfacet
  facet normal 0.441344 -0.897338 0
    outer loop
      vertex 154.522 90.1548 7
      vertex 154.375 90.0825 2.1
      vertex 154.522 90.1548 2.1
    endloop
  endfacet
  facet normal 0.0655032 0.997852 -0
    outer loop
      vertex 155 87.75 2.1
      vertex 154.837 87.7607 7
      vertex 155 87.75 7
    endloop
  endfacet
  facet normal 0.0655032 0.997852 0
    outer loop
      vertex 154.837 87.7607 7
      vertex 155 87.75 2.1
      vertex 154.837 87.7607 2.1
    endloop
  endfacet
  facet normal -0.75144 0.659801 0
    outer loop
      vertex 155.884 88.1161 2.1
      vertex 155.992 88.2391 7
      vertex 155.992 88.2391 2.1
    endloop
  endfacet
  facet normal -0.75144 0.659801 0
    outer loop
      vertex 155.992 88.2391 7
      vertex 155.884 88.1161 2.1
      vertex 155.884 88.1161 7
    endloop
  endfacet
  facet normal 0.948008 0.318247 0
    outer loop
      vertex 153.845 88.5216 7
      vertex 153.793 88.6765 2.1
      vertex 153.793 88.6765 7
    endloop
  endfacet
  facet normal 0.948008 0.318247 0
    outer loop
      vertex 153.793 88.6765 2.1
      vertex 153.845 88.5216 7
      vertex 153.845 88.5216 2.1
    endloop
  endfacet
  facet normal -0.323224 0.946322 0
    outer loop
      vertex 155.478 87.8452 2.1
      vertex 155.324 87.7926 7
      vertex 155.478 87.8452 7
    endloop
  endfacet
  facet normal -0.323224 0.946322 0
    outer loop
      vertex 155.324 87.7926 7
      vertex 155.478 87.8452 2.1
      vertex 155.324 87.7926 2.1
    endloop
  endfacet
  facet normal 0.323224 -0.946322 0
    outer loop
      vertex 154.522 90.1548 2.1
      vertex 154.676 90.2074 7
      vertex 154.522 90.1548 7
    endloop
  endfacet
  facet normal 0.323224 -0.946322 0
    outer loop
      vertex 154.676 90.2074 7
      vertex 154.522 90.1548 2.1
      vertex 154.676 90.2074 2.1
    endloop
  endfacet
  facet normal -0.75144 -0.659801 0
    outer loop
      vertex 155.992 89.7609 2.1
      vertex 155.884 89.8839 7
      vertex 155.884 89.8839 2.1
    endloop
  endfacet
  facet normal -0.75144 -0.659801 0
    outer loop
      vertex 155.884 89.8839 7
      vertex 155.992 89.7609 2.1
      vertex 155.992 89.7609 7
    endloop
  endfacet
  facet normal 0.555265 -0.831674 0
    outer loop
      vertex 154.239 89.9917 2.1
      vertex 154.375 90.0825 7
      vertex 154.239 89.9917 7
    endloop
  endfacet
  facet normal 0.555265 -0.831674 0
    outer loop
      vertex 154.375 90.0825 7
      vertex 154.239 89.9917 2.1
      vertex 154.375 90.0825 2.1
    endloop
  endfacet
  facet normal 0.948008 -0.318247 0
    outer loop
      vertex 153.793 89.3235 7
      vertex 153.845 89.4784 2.1
      vertex 153.845 89.4784 7
    endloop
  endfacet
  facet normal 0.948008 -0.318247 0
    outer loop
      vertex 153.845 89.4784 2.1
      vertex 153.793 89.3235 7
      vertex 153.793 89.3235 2.1
    endloop
  endfacet
  facet normal -0.897588 -0.440835 0
    outer loop
      vertex 156.155 89.4784 2.1
      vertex 156.083 89.625 7
      vertex 156.083 89.625 2.1
    endloop
  endfacet
  facet normal -0.897588 -0.440835 0
    outer loop
      vertex 156.083 89.625 7
      vertex 156.155 89.4784 2.1
      vertex 156.155 89.4784 7
    endloop
  endfacet
  facet normal 0.194358 -0.980931 0
    outer loop
      vertex 154.676 90.2074 2.1
      vertex 154.837 90.2393 7
      vertex 154.676 90.2074 7
    endloop
  endfacet
  facet normal 0.194358 -0.980931 0
    outer loop
      vertex 154.837 90.2393 7
      vertex 154.676 90.2074 2.1
      vertex 154.837 90.2393 2.1
    endloop
  endfacet
  facet normal -0.65911 -0.752046 0
    outer loop
      vertex 155.761 89.9917 2.1
      vertex 155.884 89.8839 7
      vertex 155.761 89.9917 7
    endloop
  endfacet
  facet normal -0.65911 -0.752046 -0
    outer loop
      vertex 155.884 89.8839 7
      vertex 155.761 89.9917 2.1
      vertex 155.884 89.8839 2.1
    endloop
  endfacet
  facet normal -0.997736 0.0672494 0
    outer loop
      vertex 156.239 88.8368 2.1
      vertex 156.25 89 7
      vertex 156.25 89 2.1
    endloop
  endfacet
  facet normal -0.997736 0.0672494 0
    outer loop
      vertex 156.25 89 7
      vertex 156.239 88.8368 2.1
      vertex 156.239 88.8368 7
    endloop
  endfacet
  facet normal -0.441344 -0.897338 0
    outer loop
      vertex 155.478 90.1548 2.1
      vertex 155.625 90.0825 7
      vertex 155.478 90.1548 7
    endloop
  endfacet
  facet normal -0.441344 -0.897338 -0
    outer loop
      vertex 155.625 90.0825 7
      vertex 155.478 90.1548 2.1
      vertex 155.625 90.0825 2.1
    endloop
  endfacet
  facet normal 0.323224 0.946322 -0
    outer loop
      vertex 154.676 87.7926 2.1
      vertex 154.522 87.8452 7
      vertex 154.676 87.7926 7
    endloop
  endfacet
  facet normal 0.323224 0.946322 0
    outer loop
      vertex 154.522 87.8452 7
      vertex 154.676 87.7926 2.1
      vertex 154.522 87.8452 2.1
    endloop
  endfacet
  facet normal 0.980651 -0.195763 0
    outer loop
      vertex 153.761 89.1632 7
      vertex 153.793 89.3235 2.1
      vertex 153.793 89.3235 7
    endloop
  endfacet
  facet normal 0.980651 -0.195763 0
    outer loop
      vertex 153.793 89.3235 2.1
      vertex 153.761 89.1632 7
      vertex 153.761 89.1632 2.1
    endloop
  endfacet
  facet normal 0.0655032 -0.997852 0
    outer loop
      vertex 154.837 90.2393 2.1
      vertex 155 90.25 7
      vertex 154.837 90.2393 7
    endloop
  endfacet
  facet normal 0.0655032 -0.997852 0
    outer loop
      vertex 155 90.25 7
      vertex 154.837 90.2393 2.1
      vertex 155 90.25 2.1
    endloop
  endfacet
  facet normal -0.948008 0.318247 0
    outer loop
      vertex 156.155 88.5216 2.1
      vertex 156.207 88.6765 7
      vertex 156.207 88.6765 2.1
    endloop
  endfacet
  facet normal -0.948008 0.318247 0
    outer loop
      vertex 156.207 88.6765 7
      vertex 156.155 88.5216 2.1
      vertex 156.155 88.5216 7
    endloop
  endfacet
  facet normal -0.83092 -0.556392 0
    outer loop
      vertex 156.083 89.625 2.1
      vertex 155.992 89.7609 7
      vertex 155.992 89.7609 2.1
    endloop
  endfacet
  facet normal -0.83092 -0.556392 0
    outer loop
      vertex 155.992 89.7609 7
      vertex 156.083 89.625 2.1
      vertex 156.083 89.625 7
    endloop
  endfacet
  facet normal 0.897588 0.440835 0
    outer loop
      vertex 153.917 88.375 7
      vertex 153.845 88.5216 2.1
      vertex 153.845 88.5216 7
    endloop
  endfacet
  facet normal 0.897588 0.440835 0
    outer loop
      vertex 153.845 88.5216 2.1
      vertex 153.917 88.375 7
      vertex 153.917 88.375 2.1
    endloop
  endfacet
  facet normal -0.897588 0.440835 0
    outer loop
      vertex 156.083 88.375 2.1
      vertex 156.155 88.5216 7
      vertex 156.155 88.5216 2.1
    endloop
  endfacet
  facet normal -0.897588 0.440835 0
    outer loop
      vertex 156.155 88.5216 7
      vertex 156.083 88.375 2.1
      vertex 156.083 88.375 7
    endloop
  endfacet
  facet normal 0.75144 0.659801 0
    outer loop
      vertex 154.116 88.1161 7
      vertex 154.008 88.2391 2.1
      vertex 154.008 88.2391 7
    endloop
  endfacet
  facet normal 0.75144 0.659801 0
    outer loop
      vertex 154.008 88.2391 2.1
      vertex 154.116 88.1161 7
      vertex 154.116 88.1161 2.1
    endloop
  endfacet
  facet normal -0.83092 0.556392 0
    outer loop
      vertex 155.992 88.2391 2.1
      vertex 156.083 88.375 7
      vertex 156.083 88.375 2.1
    endloop
  endfacet
  facet normal -0.83092 0.556392 0
    outer loop
      vertex 156.083 88.375 7
      vertex 155.992 88.2391 2.1
      vertex 155.992 88.2391 7
    endloop
  endfacet
  facet normal 0 0 1
    outer loop
      vertex 156.239 89.1632 2.1
      vertex 156.239 88.8368 2.1
      vertex 156.25 89 2.1
    endloop
  endfacet
  facet normal 0 0 1
    outer loop
      vertex 156.207 89.3235 2.1
      vertex 156.239 88.8368 2.1
      vertex 156.239 89.1632 2.1
    endloop
  endfacet
  facet normal 0 0 1
    outer loop
      vertex 156.207 89.3235 2.1
      vertex 156.207 88.6765 2.1
      vertex 156.239 88.8368 2.1
    endloop
  endfacet
  facet normal 0 0 1
    outer loop
      vertex 156.155 89.4784 2.1
      vertex 156.207 88.6765 2.1
      vertex 156.207 89.3235 2.1
    endloop
  endfacet
  facet normal 0 0 1
    outer loop
      vertex 156.155 89.4784 2.1
      vertex 156.155 88.5216 2.1
      vertex 156.207 88.6765 2.1
    endloop
  endfacet
  facet normal 0 0 1
    outer loop
      vertex 156.083 89.625 2.1
      vertex 156.155 88.5216 2.1
      vertex 156.155 89.4784 2.1
    endloop
  endfacet
  facet normal 0 0 1
    outer loop
      vertex 156.083 89.625 2.1
      vertex 156.083 88.375 2.1
      vertex 156.155 88.5216 2.1
    endloop
  endfacet
  facet normal 0 0 1
    outer loop
      vertex 155.992 89.7609 2.1
      vertex 156.083 88.375 2.1
      vertex 156.083 89.625 2.1
    endloop
  endfacet
  facet normal 0 0 1
    outer loop
      vertex 155.992 89.7609 2.1
      vertex 155.992 88.2391 2.1
      vertex 156.083 88.375 2.1
    endloop
  endfacet
  facet normal 0 0 1
    outer loop
      vertex 155.884 89.8839 2.1
      vertex 155.992 88.2391 2.1
      vertex 155.992 89.7609 2.1
    endloop
  endfacet
  facet normal 0 0 1
    outer loop
      vertex 155.884 89.8839 2.1
      vertex 155.884 88.1161 2.1
      vertex 155.992 88.2391 2.1
    endloop
  endfacet
  facet normal 0 0 1
    outer loop
      vertex 155.761 89.9917 2.1
      vertex 155.884 88.1161 2.1
      vertex 155.884 89.8839 2.1
    endloop
  endfacet
  facet normal 0 0 1
    outer loop
      vertex 155.761 89.9917 2.1
      vertex 155.761 88.0083 2.1
      vertex 155.884 88.1161 2.1
    endloop
  endfacet
  facet normal 0 0 1
    outer loop
      vertex 155.625 90.0825 2.1
      vertex 155.761 88.0083 2.1
      vertex 155.761 89.9917 2.1
    endloop
  endfacet
  facet normal 0 0 1
    outer loop
      vertex 155.625 90.0825 2.1
      vertex 155.625 87.9175 2.1
      vertex 155.761 88.0083 2.1
    endloop
  endfacet
  facet normal 0 0 1
    outer loop
      vertex 155.478 90.1548 2.1
      vertex 155.625 87.9175 2.1
      vertex 155.625 90.0825 2.1
    endloop
  endfacet
  facet normal 0 0 1
    outer loop
      vertex 155.478 90.1548 2.1
      vertex 155.478 87.8452 2.1
      vertex 155.625 87.9175 2.1
    endloop
  endfacet
  facet normal 0 0 1
    outer loop
      vertex 155.324 90.2074 2.1
      vertex 155.478 87.8452 2.1
      vertex 155.478 90.1548 2.1
    endloop
  endfacet
  facet normal 0 0 1
    outer loop
      vertex 155.324 90.2074 2.1
      vertex 155.324 87.7926 2.1
      vertex 155.478 87.8452 2.1
    endloop
  endfacet
  facet normal 0 0 1
    outer loop
      vertex 155.163 90.2393 2.1
      vertex 155.324 87.7926 2.1
      vertex 155.324 90.2074 2.1
    endloop
  endfacet
  facet normal 0 0 1
    outer loop
      vertex 155.163 90.2393 2.1
      vertex 155.163 87.7607 2.1
      vertex 155.324 87.7926 2.1
    endloop
  endfacet
  facet normal 0 0 1
    outer loop
      vertex 155 90.25 2.1
      vertex 155.163 87.7607 2.1
      vertex 155.163 90.2393 2.1
    endloop
  endfacet
  facet normal 0 0 1
    outer loop
      vertex 155 90.25 2.1
      vertex 155 87.75 2.1
      vertex 155.163 87.7607 2.1
    endloop
  endfacet
  facet normal -0 0 1
    outer loop
      vertex 154.837 90.2393 2.1
      vertex 155 87.75 2.1
      vertex 155 90.25 2.1
    endloop
  endfacet
  facet normal 0 0 1
    outer loop
      vertex 154.837 90.2393 2.1
      vertex 154.837 87.7607 2.1
      vertex 155 87.75 2.1
    endloop
  endfacet
  facet normal -0 0 1
    outer loop
      vertex 154.676 90.2074 2.1
      vertex 154.837 87.7607 2.1
      vertex 154.837 90.2393 2.1
    endloop
  endfacet
  facet normal 0 0 1
    outer loop
      vertex 154.676 90.2074 2.1
      vertex 154.676 87.7926 2.1
      vertex 154.837 87.7607 2.1
    endloop
  endfacet
  facet normal -0 0 1
    outer loop
      vertex 154.522 90.1548 2.1
      vertex 154.676 87.7926 2.1
      vertex 154.676 90.2074 2.1
    endloop
  endfacet
  facet normal 0 0 1
    outer loop
      vertex 154.522 90.1548 2.1
      vertex 154.522 87.8452 2.1
      vertex 154.676 87.7926 2.1
    endloop
  endfacet
  facet normal -0 0 1
    outer loop
      vertex 154.375 90.0825 2.1
      vertex 154.522 87.8452 2.1
      vertex 154.522 90.1548 2.1
    endloop
  endfacet
  facet normal 0 0 1
    outer loop
      vertex 154.375 90.0825 2.1
      vertex 154.375 87.9175 2.1
      vertex 154.522 87.8452 2.1
    endloop
  endfacet
  facet normal -0 0 1
    outer loop
      vertex 154.239 89.9917 2.1
      vertex 154.375 87.9175 2.1
      vertex 154.375 90.0825 2.1
    endloop
  endfacet
  facet normal 0 0 1
    outer loop
      vertex 154.239 89.9917 2.1
      vertex 154.239 88.0083 2.1
      vertex 154.375 87.9175 2.1
    endloop
  endfacet
  facet normal -0 0 1
    outer loop
      vertex 154.116 89.8839 2.1
      vertex 154.239 88.0083 2.1
      vertex 154.239 89.9917 2.1
    endloop
  endfacet
  facet normal 0 0 1
    outer loop
      vertex 154.116 89.8839 2.1
      vertex 154.116 88.1161 2.1
      vertex 154.239 88.0083 2.1
    endloop
  endfacet
  facet normal -0 0 1
    outer loop
      vertex 154.008 89.7609 2.1
      vertex 154.116 88.1161 2.1
      vertex 154.116 89.8839 2.1
    endloop
  endfacet
  facet normal 0 0 1
    outer loop
      vertex 154.008 89.7609 2.1
      vertex 154.008 88.2391 2.1
      vertex 154.116 88.1161 2.1
    endloop
  endfacet
  facet normal -0 0 1
    outer loop
      vertex 153.917 89.625 2.1
      vertex 154.008 88.2391 2.1
      vertex 154.008 89.7609 2.1
    endloop
  endfacet
  facet normal 0 0 1
    outer loop
      vertex 153.917 89.625 2.1
      vertex 153.917 88.375 2.1
      vertex 154.008 88.2391 2.1
    endloop
  endfacet
  facet normal -0 0 1
    outer loop
      vertex 153.845 89.4784 2.1
      vertex 153.917 88.375 2.1
      vertex 153.917 89.625 2.1
    endloop
  endfacet
  facet normal 0 0 1
    outer loop
      vertex 153.845 89.4784 2.1
      vertex 153.845 88.5216 2.1
      vertex 153.917 88.375 2.1
    endloop
  endfacet
  facet normal -0 0 1
    outer loop
      vertex 153.793 89.3235 2.1
      vertex 153.845 88.5216 2.1
      vertex 153.845 89.4784 2.1
    endloop
  endfacet
  facet normal 0 0 1
    outer loop
      vertex 153.793 89.3235 2.1
      vertex 153.793 88.6765 2.1
      vertex 153.845 88.5216 2.1
    endloop
  endfacet
  facet normal -0 0 1
    outer loop
      vertex 153.761 89.1632 2.1
      vertex 153.793 88.6765 2.1
      vertex 153.793 89.3235 2.1
    endloop
  endfacet
  facet normal 0 0 1
    outer loop
      vertex 153.761 89.1632 2.1
      vertex 153.761 88.8368 2.1
      vertex 153.793 88.6765 2.1
    endloop
  endfacet
  facet normal 0 -0 1
    outer loop
      vertex 153.761 88.8368 2.1
      vertex 153.761 89.1632 2.1
      vertex 153.75 89 2.1
    endloop
  endfacet
  facet normal 0.75144 -0.659801 0
    outer loop
      vertex 154.008 89.7609 7
      vertex 154.116 89.8839 2.1
      vertex 154.116 89.8839 7
    endloop
  endfacet
  facet normal 0.75144 -0.659801 0
    outer loop
      vertex 154.116 89.8839 2.1
      vertex 154.008 89.7609 7
      vertex 154.008 89.7609 2.1
    endloop
  endfacet
  facet normal -0.0655032 -0.997852 0
    outer loop
      vertex 155 90.25 2.1
      vertex 155.163 90.2393 7
      vertex 155 90.25 7
    endloop
  endfacet
  facet normal -0.0655032 -0.997852 -0
    outer loop
      vertex 155.163 90.2393 7
      vertex 155 90.25 2.1
      vertex 155.163 90.2393 2.1
    endloop
  endfacet
  facet normal -0.555265 -0.831674 0
    outer loop
      vertex 155.625 90.0825 2.1
      vertex 155.761 89.9917 7
      vertex 155.625 90.0825 7
    endloop
  endfacet
  facet normal -0.555265 -0.831674 -0
    outer loop
      vertex 155.761 89.9917 7
      vertex 155.625 90.0825 2.1
      vertex 155.761 89.9917 2.1
    endloop
  endfacet
  facet normal 0.441344 0.897338 -0
    outer loop
      vertex 154.522 87.8452 2.1
      vertex 154.375 87.9175 7
      vertex 154.522 87.8452 7
    endloop
  endfacet
  facet normal 0.441344 0.897338 0
    outer loop
      vertex 154.375 87.9175 7
      vertex 154.522 87.8452 2.1
      vertex 154.375 87.9175 2.1
    endloop
  endfacet
  facet normal 0.83092 0.556392 0
    outer loop
      vertex 154.008 88.2391 7
      vertex 153.917 88.375 2.1
      vertex 153.917 88.375 7
    endloop
  endfacet
  facet normal 0.83092 0.556392 0
    outer loop
      vertex 153.917 88.375 2.1
      vertex 154.008 88.2391 7
      vertex 154.008 88.2391 2.1
    endloop
  endfacet
  facet normal 0.980651 0.195763 0
    outer loop
      vertex 153.793 88.6765 7
      vertex 153.761 88.8368 2.1
      vertex 153.761 88.8368 7
    endloop
  endfacet
  facet normal 0.980651 0.195763 0
    outer loop
      vertex 153.761 88.8368 2.1
      vertex 153.793 88.6765 7
      vertex 153.793 88.6765 2.1
    endloop
  endfacet
  facet normal 0.194358 0.980931 -0
    outer loop
      vertex 154.837 87.7607 2.1
      vertex 154.676 87.7926 7
      vertex 154.837 87.7607 7
    endloop
  endfacet
  facet normal 0.194358 0.980931 0
    outer loop
      vertex 154.676 87.7926 7
      vertex 154.837 87.7607 2.1
      vertex 154.676 87.7926 2.1
    endloop
  endfacet
  facet normal 0.65911 0.752046 -0
    outer loop
      vertex 154.239 88.0083 2.1
      vertex 154.116 88.1161 7
      vertex 154.239 88.0083 7
    endloop
  endfacet
  facet normal 0.65911 0.752046 0
    outer loop
      vertex 154.116 88.1161 7
      vertex 154.239 88.0083 2.1
      vertex 154.116 88.1161 2.1
    endloop
  endfacet
  facet normal 0.897588 -0.440835 0
    outer loop
      vertex 153.845 89.4784 7
      vertex 153.917 89.625 2.1
      vertex 153.917 89.625 7
    endloop
  endfacet
  facet normal 0.897588 -0.440835 0
    outer loop
      vertex 153.917 89.625 2.1
      vertex 153.845 89.4784 7
      vertex 153.845 89.4784 2.1
    endloop
  endfacet
  facet normal 0.997736 0.0672494 0
    outer loop
      vertex 153.761 88.8368 7
      vertex 153.75 89 2.1
      vertex 153.75 89 7
    endloop
  endfacet
  facet normal 0.997736 0.0672494 0
    outer loop
      vertex 153.75 89 2.1
      vertex 153.761 88.8368 7
      vertex 153.761 88.8368 2.1
    endloop
  endfacet
  facet normal -0.555265 0.831674 0
    outer loop
      vertex 155.761 88.0083 2.1
      vertex 155.625 87.9175 7
      vertex 155.761 88.0083 7
    endloop
  endfacet
  facet normal -0.555265 0.831674 0
    outer loop
      vertex 155.625 87.9175 7
      vertex 155.761 88.0083 2.1
      vertex 155.625 87.9175 2.1
    endloop
  endfacet
  facet normal 0.555265 0.831674 -0
    outer loop
      vertex 154.375 87.9175 2.1
      vertex 154.239 88.0083 7
      vertex 154.375 87.9175 7
    endloop
  endfacet
  facet normal 0.555265 0.831674 0
    outer loop
      vertex 154.239 88.0083 7
      vertex 154.375 87.9175 2.1
      vertex 154.239 88.0083 2.1
    endloop
  endfacet
  facet normal 0 0 -1
    outer loop
      vertex 0 13 21.6
      vertex 2 87 21.6
      vertex 2 13 21.6
    endloop
  endfacet
  facet normal -0 0 -1
    outer loop
      vertex 2 87 21.6
      vertex 0 13 21.6
      vertex 0 87 21.6
    endloop
  endfacet
  facet normal -0 0 1
    outer loop
      vertex 0 87 4
      vertex 2 13 4
      vertex 2 87 4
    endloop
  endfacet
  facet normal 0 0 1
    outer loop
      vertex 2 13 4
      vertex 0 87 4
      vertex 0 13 4
    endloop
  endfacet
  facet normal 0 -1 0
    outer loop
      vertex 0 87 4
      vertex 2 87 21.6
      vertex 0 87 21.6
    endloop
  endfacet
  facet normal 0 -1 -0
    outer loop
      vertex 2 87 21.6
      vertex 0 87 4
      vertex 2 87 4
    endloop
  endfacet
  facet normal 0 1 -0
    outer loop
      vertex 2 13 4
      vertex 0 13 21.6
      vertex 2 13 21.6
    endloop
  endfacet
  facet normal 0 1 0
    outer loop
      vertex 0 13 21.6
      vertex 2 13 4
      vertex 0 13 4
    endloop
  endfacet
  facet normal -1 0 0
    outer loop
      vertex 164 0 4
      vertex 164 3 21.6
      vertex 164 3 4
    endloop
  endfacet
  facet normal -1 -0 0
    outer loop
      vertex 164 3 21.6
      vertex 164 0 4
      vertex 164 0 21.6
    endloop
  endfacet
  facet normal 0 0 -1
    outer loop
      vertex 164 0 21.6
      vertex 163 2 21.6
      vertex 164 3 21.6
    endloop
  endfacet
  facet normal 0 0 -1
    outer loop
      vertex 164 0 21.6
      vertex 161.797 2 21.6
      vertex 163 2 21.6
    endloop
  endfacet
  facet normal 0 0 -1
    outer loop
      vertex 164 0 21.6
      vertex 158.203 2 21.6
      vertex 161.797 2 21.6
    endloop
  endfacet
  facet normal 0 0 -1
    outer loop
      vertex 127 0 21.6
      vertex 158.203 2 21.6
      vertex 164 0 21.6
    endloop
  endfacet
  facet normal -0 0 -1
    outer loop
      vertex 158.203 2 21.6
      vertex 127 0 21.6
      vertex 127 2 21.6
    endloop
  endfacet
  facet normal -0 0 -1
    outer loop
      vertex 164 3 21.6
      vertex 163 2 21.6
      vertex 163 3 21.6
    endloop
  endfacet
  facet normal 0 0 -1
    outer loop
      vertex 162.475 2.52513 21.6
      vertex 162.864 3 21.6
      vertex 162.777 2.86934 21.6
    endloop
  endfacet
  facet normal 0 0 -1
    outer loop
      vertex 162.131 2.22326 21.6
      vertex 162.864 3 21.6
      vertex 162.475 2.52513 21.6
    endloop
  endfacet
  facet normal 0 0 -1
    outer loop
      vertex 161.797 2 21.6
      vertex 162.864 3 21.6
      vertex 162.131 2.22326 21.6
    endloop
  endfacet
  facet normal 0 0 -1
    outer loop
      vertex 158.203 2 21.6
      vertex 162.864 3 21.6
      vertex 161.797 2 21.6
    endloop
  endfacet
  facet normal 0 0 -1
    outer loop
      vertex 157.136 3 21.6
      vertex 158.203 2 21.6
      vertex 157.869 2.22326 21.6
    endloop
  endfacet
  facet normal 0 0 -1
    outer loop
      vertex 157.136 3 21.6
      vertex 157.869 2.22326 21.6
      vertex 157.525 2.52513 21.6
    endloop
  endfacet
  facet normal 0 0 -1
    outer loop
      vertex 157.136 3 21.6
      vertex 157.525 2.52513 21.6
      vertex 157.223 2.86934 21.6
    endloop
  endfacet
  facet normal 0 0 -1
    outer loop
      vertex 158.203 2 21.6
      vertex 157.136 3 21.6
      vertex 162.864 3 21.6
    endloop
  endfacet
  facet normal 0 0 1
    outer loop
      vertex 162.864 3 4
      vertex 162.475 2.52513 4
      vertex 162.777 2.86934 4
    endloop
  endfacet
  facet normal 0 0 1
    outer loop
      vertex 162.864 3 4
      vertex 162.131 2.22326 4
      vertex 162.475 2.52513 4
    endloop
  endfacet
  facet normal 0 0 1
    outer loop
      vertex 162.864 3 4
      vertex 161.797 2 4
      vertex 162.131 2.22326 4
    endloop
  endfacet
  facet normal 0 0 1
    outer loop
      vertex 162.864 3 4
      vertex 158.203 2 4
      vertex 161.797 2 4
    endloop
  endfacet
  facet normal -0 0 1
    outer loop
      vertex 157.136 3 4
      vertex 158.203 2 4
      vertex 162.864 3 4
    endloop
  endfacet
  facet normal 0 0 1
    outer loop
      vertex 158.203 2 4
      vertex 157.136 3 4
      vertex 157.869 2.22326 4
    endloop
  endfacet
  facet normal 0 0 1
    outer loop
      vertex 157.869 2.22326 4
      vertex 157.136 3 4
      vertex 157.525 2.52513 4
    endloop
  endfacet
  facet normal 0 0 1
    outer loop
      vertex 157.525 2.52513 4
      vertex 157.136 3 4
      vertex 157.223 2.86934 4
    endloop
  endfacet
  facet normal 0 0 1
    outer loop
      vertex 163 2 4
      vertex 164 3 4
      vertex 163 3 4
    endloop
  endfacet
  facet normal 0 0 1
    outer loop
      vertex 164 3 4
      vertex 163 2 4
      vertex 164 0 4
    endloop
  endfacet
  facet normal -0 0 1
    outer loop
      vertex 161.797 2 4
      vertex 164 0 4
      vertex 163 2 4
    endloop
  endfacet
  facet normal -0 0 1
    outer loop
      vertex 158.203 2 4
      vertex 164 0 4
      vertex 161.797 2 4
    endloop
  endfacet
  facet normal 0 0 1
    outer loop
      vertex 127 0 4
      vertex 158.203 2 4
      vertex 127 2 4
    endloop
  endfacet
  facet normal 0 0 1
    outer loop
      vertex 158.203 2 4
      vertex 127 0 4
      vertex 164 0 4
    endloop
  endfacet
  facet normal 1 -0 0
    outer loop
      vertex 127 0 21.6
      vertex 127 2 4
      vertex 127 2 21.6
    endloop
  endfacet
  facet normal 1 0 0
    outer loop
      vertex 127 2 4
      vertex 127 0 21.6
      vertex 127 0 4
    endloop
  endfacet
  facet normal 0 -1 0
    outer loop
      vertex 163 3 4
      vertex 164 3 21.6
      vertex 163 3 21.6
    endloop
  endfacet
  facet normal 0 -1 -0
    outer loop
      vertex 164 3 21.6
      vertex 163 3 4
      vertex 164 3 4
    endloop
  endfacet
  facet normal 0 -1 0
    outer loop
      vertex 157.136 3 4
      vertex 162.864 3 21.6
      vertex 157.136 3 21.6
    endloop
  endfacet
  facet normal 0 -1 -0
    outer loop
      vertex 162.864 3 21.6
      vertex 157.136 3 4
      vertex 162.864 3 4
    endloop
  endfacet
endsolid OpenSCAD_Model
