solid OpenSCAD_Model
  facet normal -0.195073 0.980789 0
    outer loop
      vertex 5.40117 3.50281 0
      vertex 5.20232 3.46326 2
      vertex 5.40117 3.50281 2
    endloop
  endfacet
  facet normal -0.195073 0.980789 0
    outer loop
      vertex 5.20232 3.46326 2
      vertex 5.40117 3.50281 0
      vertex 5.20232 3.46326 0
    endloop
  endfacet
  facet normal -0.980779 -0.19512 0
    outer loop
      vertex 6.53674 5.20232 0
      vertex 6.49718 5.40117 2
      vertex 6.49718 5.40117 0
    endloop
  endfacet
  facet normal -0.980779 -0.19512 0
    outer loop
      vertex 6.49718 5.40117 2
      vertex 6.53674 5.20232 0
      vertex 6.53674 5.20232 2
    endloop
  endfacet
  facet normal -0.997859 -0.0653994 0
    outer loop
      vertex 6.55 5 0
      vertex 6.53674 5.20232 2
      vertex 6.53674 5.20232 0
    endloop
  endfacet
  facet normal -0.997859 -0.0653994 0
    outer loop
      vertex 6.53674 5.20232 2
      vertex 6.55 5 0
      vertex 6.55 5 2
    endloop
  endfacet
  facet normal -0.0653994 0.997859 0
    outer loop
      vertex 5.20232 3.46326 0
      vertex 5 3.45 2
      vertex 5.20232 3.46326 2
    endloop
  endfacet
  facet normal -0.0653994 0.997859 0
    outer loop
      vertex 5 3.45 2
      vertex 5.20232 3.46326 0
      vertex 5 3.45 0
    endloop
  endfacet
  facet normal -0.980779 0.19512 0
    outer loop
      vertex 6.49718 4.59883 0
      vertex 6.53674 4.79768 2
      vertex 6.53674 4.79768 0
    endloop
  endfacet
  facet normal -0.980779 0.19512 0
    outer loop
      vertex 6.53674 4.79768 2
      vertex 6.49718 4.59883 0
      vertex 6.49718 4.59883 2
    endloop
  endfacet
  facet normal -0.946933 0.321431 0
    outer loop
      vertex 6.43201 4.40684 0
      vertex 6.49718 4.59883 2
      vertex 6.49718 4.59883 0
    endloop
  endfacet
  facet normal -0.946933 0.321431 0
    outer loop
      vertex 6.49718 4.59883 2
      vertex 6.43201 4.40684 0
      vertex 6.43201 4.40684 2
    endloop
  endfacet
  facet normal 0.751855 0.659328 0
    outer loop
      vertex 3.90398 3.90398 2
      vertex 3.7703 4.05642 0
      vertex 3.7703 4.05642 2
    endloop
  endfacet
  facet normal 0.751855 0.659328 0
    outer loop
      vertex 3.7703 4.05642 0
      vertex 3.90398 3.90398 2
      vertex 3.90398 3.90398 0
    endloop
  endfacet
  facet normal -0.321431 -0.946933 0
    outer loop
      vertex 5.40117 6.49718 0
      vertex 5.59316 6.43201 2
      vertex 5.40117 6.49718 2
    endloop
  endfacet
  facet normal -0.321431 -0.946933 -0
    outer loop
      vertex 5.59316 6.43201 2
      vertex 5.40117 6.49718 0
      vertex 5.59316 6.43201 0
    endloop
  endfacet
  facet normal 0.980789 -0.195073 0
    outer loop
      vertex 3.46326 5.20232 2
      vertex 3.50281 5.40117 0
      vertex 3.50281 5.40117 2
    endloop
  endfacet
  facet normal 0.980789 -0.195073 0
    outer loop
      vertex 3.50281 5.40117 0
      vertex 3.46326 5.20232 2
      vertex 3.46326 5.20232 0
    endloop
  endfacet
  facet normal 0.946918 -0.321476 0
    outer loop
      vertex 3.50281 5.40117 2
      vertex 3.56799 5.59316 0
      vertex 3.56799 5.59316 2
    endloop
  endfacet
  facet normal 0.946918 -0.321476 0
    outer loop
      vertex 3.56799 5.59316 0
      vertex 3.50281 5.40117 2
      vertex 3.50281 5.40117 0
    endloop
  endfacet
  facet normal 0.0653994 0.997859 -0
    outer loop
      vertex 5 3.45 0
      vertex 4.79768 3.46326 2
      vertex 5 3.45 2
    endloop
  endfacet
  facet normal 0.0653994 0.997859 0
    outer loop
      vertex 4.79768 3.46326 2
      vertex 5 3.45 0
      vertex 4.79768 3.46326 0
    endloop
  endfacet
  facet normal 0.980789 0.195073 0
    outer loop
      vertex 3.50281 4.59883 2
      vertex 3.46326 4.79768 0
      vertex 3.46326 4.79768 2
    endloop
  endfacet
  facet normal 0.980789 0.195073 0
    outer loop
      vertex 3.46326 4.79768 0
      vertex 3.50281 4.59883 2
      vertex 3.50281 4.59883 0
    endloop
  endfacet
  facet normal -0.831473 0.555565 0
    outer loop
      vertex 6.2297 4.05642 0
      vertex 6.34234 4.225 2
      vertex 6.34234 4.225 0
    endloop
  endfacet
  facet normal -0.831473 0.555565 0
    outer loop
      vertex 6.34234 4.225 2
      vertex 6.2297 4.05642 0
      vertex 6.2297 4.05642 2
    endloop
  endfacet
  facet normal 0.321431 -0.946933 0
    outer loop
      vertex 4.40684 6.43201 0
      vertex 4.59883 6.49718 2
      vertex 4.40684 6.43201 2
    endloop
  endfacet
  facet normal 0.321431 -0.946933 0
    outer loop
      vertex 4.59883 6.49718 2
      vertex 4.40684 6.43201 0
      vertex 4.59883 6.49718 0
    endloop
  endfacet
  facet normal 0.555565 -0.831473 0
    outer loop
      vertex 4.05642 6.2297 0
      vertex 4.225 6.34234 2
      vertex 4.05642 6.2297 2
    endloop
  endfacet
  facet normal 0.555565 -0.831473 0
    outer loop
      vertex 4.225 6.34234 2
      vertex 4.05642 6.2297 0
      vertex 4.225 6.34234 0
    endloop
  endfacet
  facet normal 0.89688 -0.442275 0
    outer loop
      vertex 3.56799 5.59316 2
      vertex 3.65766 5.775 0
      vertex 3.65766 5.775 2
    endloop
  endfacet
  facet normal 0.89688 -0.442275 0
    outer loop
      vertex 3.65766 5.775 0
      vertex 3.56799 5.59316 2
      vertex 3.56799 5.59316 0
    endloop
  endfacet
  facet normal -0.751831 0.659356 0
    outer loop
      vertex 6.09601 3.90398 0
      vertex 6.2297 4.05642 2
      vertex 6.2297 4.05642 0
    endloop
  endfacet
  facet normal -0.751831 0.659356 0
    outer loop
      vertex 6.2297 4.05642 2
      vertex 6.09601 3.90398 0
      vertex 6.09601 3.90398 2
    endloop
  endfacet
  facet normal 0.997859 0.0653994 0
    outer loop
      vertex 3.46326 4.79768 2
      vertex 3.45 5 0
      vertex 3.45 5 2
    endloop
  endfacet
  facet normal 0.997859 0.0653994 0
    outer loop
      vertex 3.45 5 0
      vertex 3.46326 4.79768 2
      vertex 3.46326 4.79768 0
    endloop
  endfacet
  facet normal -0.442275 -0.89688 0
    outer loop
      vertex 5.59316 6.43201 0
      vertex 5.775 6.34234 2
      vertex 5.59316 6.43201 2
    endloop
  endfacet
  facet normal -0.442275 -0.89688 -0
    outer loop
      vertex 5.775 6.34234 2
      vertex 5.59316 6.43201 0
      vertex 5.775 6.34234 0
    endloop
  endfacet
  facet normal -0.831473 -0.555565 0
    outer loop
      vertex 6.34234 5.775 0
      vertex 6.2297 5.94358 2
      vertex 6.2297 5.94358 0
    endloop
  endfacet
  facet normal -0.831473 -0.555565 0
    outer loop
      vertex 6.2297 5.94358 2
      vertex 6.34234 5.775 0
      vertex 6.34234 5.775 2
    endloop
  endfacet
  facet normal 0.659356 -0.751831 0
    outer loop
      vertex 3.90398 6.09601 0
      vertex 4.05642 6.2297 2
      vertex 3.90398 6.09601 2
    endloop
  endfacet
  facet normal 0.659356 -0.751831 0
    outer loop
      vertex 4.05642 6.2297 2
      vertex 3.90398 6.09601 0
      vertex 4.05642 6.2297 0
    endloop
  endfacet
  facet normal 0.831473 -0.555565 0
    outer loop
      vertex 3.65766 5.775 2
      vertex 3.7703 5.94358 0
      vertex 3.7703 5.94358 2
    endloop
  endfacet
  facet normal 0.831473 -0.555565 0
    outer loop
      vertex 3.7703 5.94358 0
      vertex 3.65766 5.775 2
      vertex 3.65766 5.775 0
    endloop
  endfacet
  facet normal -0.997859 0.0653994 0
    outer loop
      vertex 6.53674 4.79768 0
      vertex 6.55 5 2
      vertex 6.55 5 0
    endloop
  endfacet
  facet normal -0.997859 0.0653994 0
    outer loop
      vertex 6.55 5 2
      vertex 6.53674 4.79768 0
      vertex 6.53674 4.79768 2
    endloop
  endfacet
  facet normal 0.946918 0.321476 0
    outer loop
      vertex 3.56799 4.40684 2
      vertex 3.50281 4.59883 0
      vertex 3.50281 4.59883 2
    endloop
  endfacet
  facet normal 0.946918 0.321476 0
    outer loop
      vertex 3.50281 4.59883 0
      vertex 3.56799 4.40684 2
      vertex 3.56799 4.40684 0
    endloop
  endfacet
  facet normal -0.555565 -0.831473 0
    outer loop
      vertex 5.775 6.34234 0
      vertex 5.94358 6.2297 2
      vertex 5.775 6.34234 2
    endloop
  endfacet
  facet normal -0.555565 -0.831473 -0
    outer loop
      vertex 5.94358 6.2297 2
      vertex 5.775 6.34234 0
      vertex 5.94358 6.2297 0
    endloop
  endfacet
  facet normal 0.321476 0.946918 -0
    outer loop
      vertex 4.59883 3.50281 0
      vertex 4.40684 3.56799 2
      vertex 4.59883 3.50281 2
    endloop
  endfacet
  facet normal 0.321476 0.946918 0
    outer loop
      vertex 4.40684 3.56799 2
      vertex 4.59883 3.50281 0
      vertex 4.40684 3.56799 0
    endloop
  endfacet
  facet normal -0.751809 -0.659381 0
    outer loop
      vertex 6.2297 5.94358 0
      vertex 6.09601 6.09601 2
      vertex 6.09601 6.09601 0
    endloop
  endfacet
  facet normal -0.751809 -0.659381 0
    outer loop
      vertex 6.09601 6.09601 2
      vertex 6.2297 5.94358 0
      vertex 6.2297 5.94358 2
    endloop
  endfacet
  facet normal 0.19512 -0.980779 0
    outer loop
      vertex 4.59883 6.49718 0
      vertex 4.79768 6.53674 2
      vertex 4.59883 6.49718 2
    endloop
  endfacet
  facet normal 0.19512 -0.980779 0
    outer loop
      vertex 4.79768 6.53674 2
      vertex 4.59883 6.49718 0
      vertex 4.79768 6.53674 0
    endloop
  endfacet
  facet normal -0.89688 -0.442275 0
    outer loop
      vertex 6.43201 5.59316 0
      vertex 6.34234 5.775 2
      vertex 6.34234 5.775 0
    endloop
  endfacet
  facet normal -0.89688 -0.442275 0
    outer loop
      vertex 6.34234 5.775 2
      vertex 6.43201 5.59316 0
      vertex 6.43201 5.59316 2
    endloop
  endfacet
  facet normal 0.831473 0.555565 0
    outer loop
      vertex 3.7703 4.05642 2
      vertex 3.65766 4.225 0
      vertex 3.65766 4.225 2
    endloop
  endfacet
  facet normal 0.831473 0.555565 0
    outer loop
      vertex 3.65766 4.225 0
      vertex 3.7703 4.05642 2
      vertex 3.7703 4.05642 0
    endloop
  endfacet
  facet normal -0.89688 0.442275 0
    outer loop
      vertex 6.34234 4.225 0
      vertex 6.43201 4.40684 2
      vertex 6.43201 4.40684 0
    endloop
  endfacet
  facet normal -0.89688 0.442275 0
    outer loop
      vertex 6.43201 4.40684 2
      vertex 6.34234 4.225 0
      vertex 6.34234 4.225 2
    endloop
  endfacet
  facet normal -0.555565 0.831473 0
    outer loop
      vertex 5.94358 3.7703 0
      vertex 5.775 3.65766 2
      vertex 5.94358 3.7703 2
    endloop
  endfacet
  facet normal -0.555565 0.831473 0
    outer loop
      vertex 5.775 3.65766 2
      vertex 5.94358 3.7703 0
      vertex 5.775 3.65766 0
    endloop
  endfacet
  facet normal 0.997859 -0.0653994 0
    outer loop
      vertex 3.45 5 2
      vertex 3.46326 5.20232 0
      vertex 3.46326 5.20232 2
    endloop
  endfacet
  facet normal 0.997859 -0.0653994 0
    outer loop
      vertex 3.46326 5.20232 0
      vertex 3.45 5 2
      vertex 3.45 5 0
    endloop
  endfacet
  facet normal 0.0653994 -0.997859 0
    outer loop
      vertex 4.79768 6.53674 0
      vertex 5 6.55 2
      vertex 4.79768 6.53674 2
    endloop
  endfacet
  facet normal 0.0653994 -0.997859 0
    outer loop
      vertex 5 6.55 2
      vertex 4.79768 6.53674 0
      vertex 5 6.55 0
    endloop
  endfacet
  facet normal -0.19512 -0.980779 0
    outer loop
      vertex 5.20232 6.53674 0
      vertex 5.40117 6.49718 2
      vertex 5.20232 6.53674 2
    endloop
  endfacet
  facet normal -0.19512 -0.980779 -0
    outer loop
      vertex 5.40117 6.49718 2
      vertex 5.20232 6.53674 0
      vertex 5.40117 6.49718 0
    endloop
  endfacet
  facet normal -0.946933 -0.321431 0
    outer loop
      vertex 6.49718 5.40117 0
      vertex 6.43201 5.59316 2
      vertex 6.43201 5.59316 0
    endloop
  endfacet
  facet normal -0.946933 -0.321431 0
    outer loop
      vertex 6.43201 5.59316 2
      vertex 6.49718 5.40117 0
      vertex 6.49718 5.40117 2
    endloop
  endfacet
  facet normal 0.442275 -0.89688 0
    outer loop
      vertex 4.225 6.34234 0
      vertex 4.40684 6.43201 2
      vertex 4.225 6.34234 2
    endloop
  endfacet
  facet normal 0.442275 -0.89688 0
    outer loop
      vertex 4.40684 6.43201 2
      vertex 4.225 6.34234 0
      vertex 4.40684 6.43201 0
    endloop
  endfacet
  facet normal 0.659328 0.751855 -0
    outer loop
      vertex 4.05642 3.7703 0
      vertex 3.90398 3.90398 2
      vertex 4.05642 3.7703 2
    endloop
  endfacet
  facet normal 0.659328 0.751855 0
    outer loop
      vertex 3.90398 3.90398 2
      vertex 4.05642 3.7703 0
      vertex 3.90398 3.90398 0
    endloop
  endfacet
  facet normal -0.659381 -0.751809 0
    outer loop
      vertex 5.94358 6.2297 0
      vertex 6.09601 6.09601 2
      vertex 5.94358 6.2297 2
    endloop
  endfacet
  facet normal -0.659381 -0.751809 -0
    outer loop
      vertex 6.09601 6.09601 2
      vertex 5.94358 6.2297 0
      vertex 6.09601 6.09601 0
    endloop
  endfacet
  facet normal -0.0653994 -0.997859 0
    outer loop
      vertex 5 6.55 0
      vertex 5.20232 6.53674 2
      vertex 5 6.55 2
    endloop
  endfacet
  facet normal -0.0653994 -0.997859 -0
    outer loop
      vertex 5.20232 6.53674 2
      vertex 5 6.55 0
      vertex 5.20232 6.53674 0
    endloop
  endfacet
  facet normal -0.442275 0.89688 0
    outer loop
      vertex 5.775 3.65766 0
      vertex 5.59316 3.56799 2
      vertex 5.775 3.65766 2
    endloop
  endfacet
  facet normal -0.442275 0.89688 0
    outer loop
      vertex 5.59316 3.56799 2
      vertex 5.775 3.65766 0
      vertex 5.59316 3.56799 0
    endloop
  endfacet
  facet normal -0.321476 0.946918 0
    outer loop
      vertex 5.59316 3.56799 0
      vertex 5.40117 3.50281 2
      vertex 5.59316 3.56799 2
    endloop
  endfacet
  facet normal -0.321476 0.946918 0
    outer loop
      vertex 5.40117 3.50281 2
      vertex 5.59316 3.56799 0
      vertex 5.40117 3.50281 0
    endloop
  endfacet
  facet normal 0.751834 -0.659353 0
    outer loop
      vertex 3.7703 5.94358 2
      vertex 3.90398 6.09601 0
      vertex 3.90398 6.09601 2
    endloop
  endfacet
  facet normal 0.751834 -0.659353 0
    outer loop
      vertex 3.90398 6.09601 0
      vertex 3.7703 5.94358 2
      vertex 3.7703 5.94358 0
    endloop
  endfacet
  facet normal -0.659353 0.751834 0
    outer loop
      vertex 6.09601 3.90398 0
      vertex 5.94358 3.7703 2
      vertex 6.09601 3.90398 2
    endloop
  endfacet
  facet normal -0.659353 0.751834 0
    outer loop
      vertex 5.94358 3.7703 2
      vertex 6.09601 3.90398 0
      vertex 5.94358 3.7703 0
    endloop
  endfacet
  facet normal 0.195073 0.980789 -0
    outer loop
      vertex 4.79768 3.46326 0
      vertex 4.59883 3.50281 2
      vertex 4.79768 3.46326 2
    endloop
  endfacet
  facet normal 0.195073 0.980789 0
    outer loop
      vertex 4.59883 3.50281 2
      vertex 4.79768 3.46326 0
      vertex 4.59883 3.50281 0
    endloop
  endfacet
  facet normal 0.555565 0.831473 -0
    outer loop
      vertex 4.225 3.65766 0
      vertex 4.05642 3.7703 2
      vertex 4.225 3.65766 2
    endloop
  endfacet
  facet normal 0.555565 0.831473 0
    outer loop
      vertex 4.05642 3.7703 2
      vertex 4.225 3.65766 0
      vertex 4.05642 3.7703 0
    endloop
  endfacet
  facet normal 0.89688 0.442275 0
    outer loop
      vertex 3.65766 4.225 2
      vertex 3.56799 4.40684 0
      vertex 3.56799 4.40684 2
    endloop
  endfacet
  facet normal 0.89688 0.442275 0
    outer loop
      vertex 3.56799 4.40684 0
      vertex 3.65766 4.225 2
      vertex 3.65766 4.225 0
    endloop
  endfacet
  facet normal 0.442275 0.89688 -0
    outer loop
      vertex 4.40684 3.56799 0
      vertex 4.225 3.65766 2
      vertex 4.40684 3.56799 2
    endloop
  endfacet
  facet normal 0.442275 0.89688 0
    outer loop
      vertex 4.225 3.65766 2
      vertex 4.40684 3.56799 0
      vertex 4.225 3.65766 0
    endloop
  endfacet
  facet normal -0.194931 0.980817 0
    outer loop
      vertex 160.401 3.50281 0
      vertex 160.202 3.46326 2
      vertex 160.401 3.50281 2
    endloop
  endfacet
  facet normal -0.194931 0.980817 0
    outer loop
      vertex 160.202 3.46326 2
      vertex 160.401 3.50281 0
      vertex 160.202 3.46326 0
    endloop
  endfacet
  facet normal -0.980362 -0.197206 0
    outer loop
      vertex 161.537 5.20232 0
      vertex 161.497 5.40117 2
      vertex 161.497 5.40117 0
    endloop
  endfacet
  facet normal -0.980362 -0.197206 0
    outer loop
      vertex 161.497 5.40117 2
      vertex 161.537 5.20232 0
      vertex 161.537 5.20232 2
    endloop
  endfacet
  facet normal -0.997942 -0.0641224 0
    outer loop
      vertex 161.55 5 0
      vertex 161.537 5.20232 2
      vertex 161.537 5.20232 0
    endloop
  endfacet
  facet normal -0.997942 -0.0641224 0
    outer loop
      vertex 161.537 5.20232 2
      vertex 161.55 5 0
      vertex 161.55 5 2
    endloop
  endfacet
  facet normal -0.0655026 0.997852 0
    outer loop
      vertex 160.202 3.46326 0
      vertex 160 3.45 2
      vertex 160.202 3.46326 2
    endloop
  endfacet
  facet normal -0.0655026 0.997852 0
    outer loop
      vertex 160 3.45 2
      vertex 160.202 3.46326 0
      vertex 160 3.45 0
    endloop
  endfacet
  facet normal -0.980362 0.197206 0
    outer loop
      vertex 161.497 4.59883 0
      vertex 161.537 4.79768 2
      vertex 161.537 4.79768 0
    endloop
  endfacet
  facet normal -0.980362 0.197206 0
    outer loop
      vertex 161.537 4.79768 2
      vertex 161.497 4.59883 0
      vertex 161.497 4.59883 2
    endloop
  endfacet
  facet normal -0.947188 0.320679 0
    outer loop
      vertex 161.432 4.40684 0
      vertex 161.497 4.59883 2
      vertex 161.497 4.59883 0
    endloop
  endfacet
  facet normal -0.947188 0.320679 0
    outer loop
      vertex 161.497 4.59883 2
      vertex 161.432 4.40684 0
      vertex 161.432 4.40684 2
    endloop
  endfacet
  facet normal 0.751073 0.660219 0
    outer loop
      vertex 158.904 3.90398 2
      vertex 158.77 4.05642 0
      vertex 158.77 4.05642 2
    endloop
  endfacet
  facet normal 0.751073 0.660219 0
    outer loop
      vertex 158.77 4.05642 0
      vertex 158.904 3.90398 2
      vertex 158.904 3.90398 0
    endloop
  endfacet
  facet normal -0.321416 -0.946938 0
    outer loop
      vertex 160.401 6.49718 0
      vertex 160.593 6.43201 2
      vertex 160.401 6.49718 2
    endloop
  endfacet
  facet normal -0.321416 -0.946938 -0
    outer loop
      vertex 160.593 6.43201 2
      vertex 160.401 6.49718 0
      vertex 160.593 6.43201 0
    endloop
  endfacet
  facet normal -0.660405 0.750909 0
    outer loop
      vertex 161.096 3.90398 0
      vertex 160.944 3.7703 2
      vertex 161.096 3.90398 2
    endloop
  endfacet
  facet normal -0.660405 0.750909 0
    outer loop
      vertex 160.944 3.7703 2
      vertex 161.096 3.90398 0
      vertex 160.944 3.7703 0
    endloop
  endfacet
  facet normal 0.896234 0.443582 0
    outer loop
      vertex 158.658 4.225 2
      vertex 158.568 4.40684 0
      vertex 158.568 4.40684 2
    endloop
  endfacet
  facet normal 0.896234 0.443582 0
    outer loop
      vertex 158.568 4.40684 0
      vertex 158.658 4.225 2
      vertex 158.658 4.225 0
    endloop
  endfacet
  facet normal 0.980362 -0.197206 0
    outer loop
      vertex 158.463 5.20232 2
      vertex 158.503 5.40117 0
      vertex 158.503 5.40117 2
    endloop
  endfacet
  facet normal 0.980362 -0.197206 0
    outer loop
      vertex 158.503 5.40117 0
      vertex 158.463 5.20232 2
      vertex 158.463 5.20232 0
    endloop
  endfacet
  facet normal 0.947188 -0.320679 0
    outer loop
      vertex 158.503 5.40117 2
      vertex 158.568 5.59316 0
      vertex 158.568 5.59316 2
    endloop
  endfacet
  facet normal 0.947188 -0.320679 0
    outer loop
      vertex 158.568 5.59316 0
      vertex 158.503 5.40117 2
      vertex 158.503 5.40117 0
    endloop
  endfacet
  facet normal 0.0655026 0.997852 -0
    outer loop
      vertex 160 3.45 0
      vertex 159.798 3.46326 2
      vertex 160 3.45 2
    endloop
  endfacet
  facet normal 0.0655026 0.997852 0
    outer loop
      vertex 159.798 3.46326 2
      vertex 160 3.45 0
      vertex 159.798 3.46326 0
    endloop
  endfacet
  facet normal 0.980362 0.197206 0
    outer loop
      vertex 158.503 4.59883 2
      vertex 158.463 4.79768 0
      vertex 158.463 4.79768 2
    endloop
  endfacet
  facet normal 0.980362 0.197206 0
    outer loop
      vertex 158.463 4.79768 0
      vertex 158.503 4.59883 2
      vertex 158.503 4.59883 0
    endloop
  endfacet
  facet normal -0.832931 0.553377 0
    outer loop
      vertex 161.23 4.05642 0
      vertex 161.342 4.225 2
      vertex 161.342 4.225 0
    endloop
  endfacet
  facet normal -0.832931 0.553377 0
    outer loop
      vertex 161.342 4.225 2
      vertex 161.23 4.05642 0
      vertex 161.23 4.05642 2
    endloop
  endfacet
  facet normal 0.321416 -0.946938 0
    outer loop
      vertex 159.407 6.43201 0
      vertex 159.599 6.49718 2
      vertex 159.407 6.43201 2
    endloop
  endfacet
  facet normal 0.321416 -0.946938 0
    outer loop
      vertex 159.599 6.49718 2
      vertex 159.407 6.43201 0
      vertex 159.599 6.49718 0
    endloop
  endfacet
  facet normal 0.554609 -0.832111 0
    outer loop
      vertex 159.056 6.2297 0
      vertex 159.225 6.34234 2
      vertex 159.056 6.2297 2
    endloop
  endfacet
  facet normal 0.554609 -0.832111 0
    outer loop
      vertex 159.225 6.34234 2
      vertex 159.056 6.2297 0
      vertex 159.225 6.34234 0
    endloop
  endfacet
  facet normal 0.896234 -0.443582 0
    outer loop
      vertex 158.568 5.59316 2
      vertex 158.658 5.775 0
      vertex 158.658 5.775 2
    endloop
  endfacet
  facet normal 0.896234 -0.443582 0
    outer loop
      vertex 158.658 5.775 0
      vertex 158.568 5.59316 2
      vertex 158.568 5.59316 0
    endloop
  endfacet
  facet normal -0.751073 0.660219 0
    outer loop
      vertex 161.096 3.90398 0
      vertex 161.23 4.05642 2
      vertex 161.23 4.05642 0
    endloop
  endfacet
  facet normal -0.751073 0.660219 0
    outer loop
      vertex 161.23 4.05642 2
      vertex 161.096 3.90398 0
      vertex 161.096 3.90398 2
    endloop
  endfacet
  facet normal 0.997942 0.0641224 0
    outer loop
      vertex 158.463 4.79768 2
      vertex 158.45 5 0
      vertex 158.45 5 2
    endloop
  endfacet
  facet normal 0.997942 0.0641224 0
    outer loop
      vertex 158.45 5 0
      vertex 158.463 4.79768 2
      vertex 158.463 4.79768 0
    endloop
  endfacet
  facet normal -0.441962 -0.897034 0
    outer loop
      vertex 160.593 6.43201 0
      vertex 160.775 6.34234 2
      vertex 160.593 6.43201 2
    endloop
  endfacet
  facet normal -0.441962 -0.897034 -0
    outer loop
      vertex 160.775 6.34234 2
      vertex 160.593 6.43201 0
      vertex 160.775 6.34234 0
    endloop
  endfacet
  facet normal -0.832931 -0.553377 0
    outer loop
      vertex 161.342 5.775 0
      vertex 161.23 5.94358 2
      vertex 161.23 5.94358 0
    endloop
  endfacet
  facet normal -0.832931 -0.553377 0
    outer loop
      vertex 161.23 5.94358 2
      vertex 161.342 5.775 0
      vertex 161.342 5.775 2
    endloop
  endfacet
  facet normal 0.660433 -0.750885 0
    outer loop
      vertex 158.904 6.09601 0
      vertex 159.056 6.2297 2
      vertex 158.904 6.09601 2
    endloop
  endfacet
  facet normal 0.660433 -0.750885 0
    outer loop
      vertex 159.056 6.2297 2
      vertex 158.904 6.09601 0
      vertex 159.056 6.2297 0
    endloop
  endfacet
  facet normal 0.832931 -0.553377 0
    outer loop
      vertex 158.658 5.775 2
      vertex 158.77 5.94358 0
      vertex 158.77 5.94358 2
    endloop
  endfacet
  facet normal 0.832931 -0.553377 0
    outer loop
      vertex 158.77 5.94358 0
      vertex 158.658 5.775 2
      vertex 158.658 5.775 0
    endloop
  endfacet
  facet normal -0.997942 0.0641224 0
    outer loop
      vertex 161.537 4.79768 0
      vertex 161.55 5 2
      vertex 161.55 5 0
    endloop
  endfacet
  facet normal -0.997942 0.0641224 0
    outer loop
      vertex 161.55 5 2
      vertex 161.537 4.79768 0
      vertex 161.537 4.79768 2
    endloop
  endfacet
  facet normal 0.947188 0.320679 0
    outer loop
      vertex 158.568 4.40684 2
      vertex 158.503 4.59883 0
      vertex 158.503 4.59883 2
    endloop
  endfacet
  facet normal 0.947188 0.320679 0
    outer loop
      vertex 158.503 4.59883 0
      vertex 158.568 4.40684 2
      vertex 158.568 4.40684 0
    endloop
  endfacet
  facet normal -0.554609 -0.832111 0
    outer loop
      vertex 160.775 6.34234 0
      vertex 160.944 6.2297 2
      vertex 160.775 6.34234 2
    endloop
  endfacet
  facet normal -0.554609 -0.832111 -0
    outer loop
      vertex 160.944 6.2297 2
      vertex 160.775 6.34234 0
      vertex 160.944 6.2297 0
    endloop
  endfacet
  facet normal 0.321461 0.946923 -0
    outer loop
      vertex 159.599 3.50281 0
      vertex 159.407 3.56799 2
      vertex 159.599 3.50281 2
    endloop
  endfacet
  facet normal 0.321461 0.946923 0
    outer loop
      vertex 159.407 3.56799 2
      vertex 159.599 3.50281 0
      vertex 159.407 3.56799 0
    endloop
  endfacet
  facet normal -0.751052 -0.660243 0
    outer loop
      vertex 161.23 5.94358 0
      vertex 161.096 6.09601 2
      vertex 161.096 6.09601 0
    endloop
  endfacet
  facet normal -0.751052 -0.660243 0
    outer loop
      vertex 161.096 6.09601 2
      vertex 161.23 5.94358 0
      vertex 161.23 5.94358 2
    endloop
  endfacet
  facet normal 0.194979 -0.980807 0
    outer loop
      vertex 159.599 6.49718 0
      vertex 159.798 6.53674 2
      vertex 159.599 6.49718 2
    endloop
  endfacet
  facet normal 0.194979 -0.980807 0
    outer loop
      vertex 159.798 6.53674 2
      vertex 159.599 6.49718 0
      vertex 159.798 6.53674 0
    endloop
  endfacet
  facet normal -0.896234 -0.443582 0
    outer loop
      vertex 161.432 5.59316 0
      vertex 161.342 5.775 2
      vertex 161.342 5.775 0
    endloop
  endfacet
  facet normal -0.896234 -0.443582 0
    outer loop
      vertex 161.342 5.775 2
      vertex 161.432 5.59316 0
      vertex 161.432 5.59316 2
    endloop
  endfacet
  facet normal 0.832931 0.553377 0
    outer loop
      vertex 158.77 4.05642 2
      vertex 158.658 4.225 0
      vertex 158.658 4.225 2
    endloop
  endfacet
  facet normal 0.832931 0.553377 0
    outer loop
      vertex 158.658 4.225 0
      vertex 158.77 4.05642 2
      vertex 158.77 4.05642 0
    endloop
  endfacet
  facet normal -0.896234 0.443582 0
    outer loop
      vertex 161.342 4.225 0
      vertex 161.432 4.40684 2
      vertex 161.432 4.40684 0
    endloop
  endfacet
  facet normal -0.896234 0.443582 0
    outer loop
      vertex 161.432 4.40684 2
      vertex 161.342 4.225 0
      vertex 161.342 4.225 2
    endloop
  endfacet
  facet normal -0.554609 0.832111 0
    outer loop
      vertex 160.944 3.7703 0
      vertex 160.775 3.65766 2
      vertex 160.944 3.7703 2
    endloop
  endfacet
  facet normal -0.554609 0.832111 0
    outer loop
      vertex 160.775 3.65766 2
      vertex 160.944 3.7703 0
      vertex 160.775 3.65766 0
    endloop
  endfacet
  facet normal 0.997942 -0.0641224 0
    outer loop
      vertex 158.45 5 2
      vertex 158.463 5.20232 0
      vertex 158.463 5.20232 2
    endloop
  endfacet
  facet normal 0.997942 -0.0641224 0
    outer loop
      vertex 158.463 5.20232 0
      vertex 158.45 5 2
      vertex 158.45 5 0
    endloop
  endfacet
  facet normal 0.0655026 -0.997852 0
    outer loop
      vertex 159.798 6.53674 0
      vertex 160 6.55 2
      vertex 159.798 6.53674 2
    endloop
  endfacet
  facet normal 0.0655026 -0.997852 0
    outer loop
      vertex 160 6.55 2
      vertex 159.798 6.53674 0
      vertex 160 6.55 0
    endloop
  endfacet
  facet normal -0.194979 -0.980807 0
    outer loop
      vertex 160.202 6.53674 0
      vertex 160.401 6.49718 2
      vertex 160.202 6.53674 2
    endloop
  endfacet
  facet normal -0.194979 -0.980807 -0
    outer loop
      vertex 160.401 6.49718 2
      vertex 160.202 6.53674 0
      vertex 160.401 6.49718 0
    endloop
  endfacet
  facet normal -0.947188 -0.320679 0
    outer loop
      vertex 161.497 5.40117 0
      vertex 161.432 5.59316 2
      vertex 161.432 5.59316 0
    endloop
  endfacet
  facet normal -0.947188 -0.320679 0
    outer loop
      vertex 161.432 5.59316 2
      vertex 161.497 5.40117 0
      vertex 161.497 5.40117 2
    endloop
  endfacet
  facet normal 0.441962 -0.897034 0
    outer loop
      vertex 159.225 6.34234 0
      vertex 159.407 6.43201 2
      vertex 159.225 6.34234 2
    endloop
  endfacet
  facet normal 0.441962 -0.897034 0
    outer loop
      vertex 159.407 6.43201 2
      vertex 159.225 6.34234 0
      vertex 159.407 6.43201 0
    endloop
  endfacet
  facet normal 0.660405 0.750909 -0
    outer loop
      vertex 159.056 3.7703 0
      vertex 158.904 3.90398 2
      vertex 159.056 3.7703 2
    endloop
  endfacet
  facet normal 0.660405 0.750909 0
    outer loop
      vertex 158.904 3.90398 2
      vertex 159.056 3.7703 0
      vertex 158.904 3.90398 0
    endloop
  endfacet
  facet normal -0.660433 -0.750885 0
    outer loop
      vertex 160.944 6.2297 0
      vertex 161.096 6.09601 2
      vertex 160.944 6.2297 2
    endloop
  endfacet
  facet normal -0.660433 -0.750885 -0
    outer loop
      vertex 161.096 6.09601 2
      vertex 160.944 6.2297 0
      vertex 161.096 6.09601 0
    endloop
  endfacet
  facet normal -0.0655026 -0.997852 0
    outer loop
      vertex 160 6.55 0
      vertex 160.202 6.53674 2
      vertex 160 6.55 2
    endloop
  endfacet
  facet normal -0.0655026 -0.997852 -0
    outer loop
      vertex 160.202 6.53674 2
      vertex 160 6.55 0
      vertex 160.202 6.53674 0
    endloop
  endfacet
  facet normal -0.441962 0.897034 0
    outer loop
      vertex 160.775 3.65766 0
      vertex 160.593 3.56799 2
      vertex 160.775 3.65766 2
    endloop
  endfacet
  facet normal -0.441962 0.897034 0
    outer loop
      vertex 160.593 3.56799 2
      vertex 160.775 3.65766 0
      vertex 160.593 3.56799 0
    endloop
  endfacet
  facet normal -0.321461 0.946923 0
    outer loop
      vertex 160.593 3.56799 0
      vertex 160.401 3.50281 2
      vertex 160.593 3.56799 2
    endloop
  endfacet
  facet normal -0.321461 0.946923 0
    outer loop
      vertex 160.401 3.50281 2
      vertex 160.593 3.56799 0
      vertex 160.401 3.50281 0
    endloop
  endfacet
  facet normal 0.751052 -0.660243 0
    outer loop
      vertex 158.77 5.94358 2
      vertex 158.904 6.09601 0
      vertex 158.904 6.09601 2
    endloop
  endfacet
  facet normal 0.751052 -0.660243 0
    outer loop
      vertex 158.904 6.09601 0
      vertex 158.77 5.94358 2
      vertex 158.77 5.94358 0
    endloop
  endfacet
  facet normal 0.194931 0.980817 -0
    outer loop
      vertex 159.798 3.46326 0
      vertex 159.599 3.50281 2
      vertex 159.798 3.46326 2
    endloop
  endfacet
  facet normal 0.194931 0.980817 0
    outer loop
      vertex 159.599 3.50281 2
      vertex 159.798 3.46326 0
      vertex 159.599 3.50281 0
    endloop
  endfacet
  facet normal 0.554609 0.832111 -0
    outer loop
      vertex 159.225 3.65766 0
      vertex 159.056 3.7703 2
      vertex 159.225 3.65766 2
    endloop
  endfacet
  facet normal 0.554609 0.832111 0
    outer loop
      vertex 159.056 3.7703 2
      vertex 159.225 3.65766 0
      vertex 159.056 3.7703 0
    endloop
  endfacet
  facet normal 0.441962 0.897034 -0
    outer loop
      vertex 159.407 3.56799 0
      vertex 159.225 3.65766 2
      vertex 159.407 3.56799 2
    endloop
  endfacet
  facet normal 0.441962 0.897034 0
    outer loop
      vertex 159.225 3.65766 2
      vertex 159.407 3.56799 0
      vertex 159.225 3.65766 0
    endloop
  endfacet
  facet normal -0.194835 0.980836 0
    outer loop
      vertex 5.40117 93.5028 0
      vertex 5.20232 93.4633 2
      vertex 5.40117 93.5028 2
    endloop
  endfacet
  facet normal -0.194835 0.980836 0
    outer loop
      vertex 5.20232 93.4633 2
      vertex 5.40117 93.5028 0
      vertex 5.20232 93.4633 0
    endloop
  endfacet
  facet normal -0.980789 -0.195073 0
    outer loop
      vertex 6.53674 95.2023 0
      vertex 6.49718 95.4012 2
      vertex 6.49718 95.4012 0
    endloop
  endfacet
  facet normal -0.980789 -0.195073 0
    outer loop
      vertex 6.49718 95.4012 2
      vertex 6.53674 95.2023 0
      vertex 6.53674 95.2023 2
    endloop
  endfacet
  facet normal -0.997859 -0.0654059 0
    outer loop
      vertex 6.55 95 0
      vertex 6.53674 95.2023 2
      vertex 6.53674 95.2023 0
    endloop
  endfacet
  facet normal -0.997859 -0.0654059 0
    outer loop
      vertex 6.53674 95.2023 2
      vertex 6.55 95 0
      vertex 6.55 95 2
    endloop
  endfacet
  facet normal -0.0655959 0.997846 0
    outer loop
      vertex 5.20232 93.4633 0
      vertex 5 93.45 2
      vertex 5.20232 93.4633 2
    endloop
  endfacet
  facet normal -0.0655959 0.997846 0
    outer loop
      vertex 5 93.45 2
      vertex 5.20232 93.4633 0
      vertex 5 93.45 0
    endloop
  endfacet
  facet normal -0.980789 0.195073 0
    outer loop
      vertex 6.49718 94.5988 0
      vertex 6.53674 94.7977 2
      vertex 6.53674 94.7977 0
    endloop
  endfacet
  facet normal -0.980789 0.195073 0
    outer loop
      vertex 6.53674 94.7977 2
      vertex 6.49718 94.5988 0
      vertex 6.49718 94.5988 2
    endloop
  endfacet
  facet normal -0.946938 0.321416 0
    outer loop
      vertex 6.43201 94.4068 0
      vertex 6.49718 94.5988 2
      vertex 6.49718 94.5988 0
    endloop
  endfacet
  facet normal -0.946938 0.321416 0
    outer loop
      vertex 6.49718 94.5988 2
      vertex 6.43201 94.4068 0
      vertex 6.43201 94.4068 2
    endloop
  endfacet
  facet normal 0.751769 0.659426 0
    outer loop
      vertex 3.90398 93.904 2
      vertex 3.7703 94.0564 0
      vertex 3.7703 94.0564 2
    endloop
  endfacet
  facet normal 0.751769 0.659426 0
    outer loop
      vertex 3.7703 94.0564 0
      vertex 3.90398 93.904 2
      vertex 3.90398 93.904 0
    endloop
  endfacet
  facet normal -0.321564 -0.946888 0
    outer loop
      vertex 5.40117 96.4972 0
      vertex 5.59316 96.432 2
      vertex 5.40117 96.4972 2
    endloop
  endfacet
  facet normal -0.321564 -0.946888 -0
    outer loop
      vertex 5.59316 96.432 2
      vertex 5.40117 96.4972 0
      vertex 5.59316 96.432 0
    endloop
  endfacet
  facet normal 0.442394 0.896821 -0
    outer loop
      vertex 4.40684 93.568 0
      vertex 4.225 93.6577 2
      vertex 4.40684 93.568 2
    endloop
  endfacet
  facet normal 0.442394 0.896821 0
    outer loop
      vertex 4.225 93.6577 2
      vertex 4.40684 93.568 0
      vertex 4.225 93.6577 0
    endloop
  endfacet
  facet normal 0.896841 0.442353 0
    outer loop
      vertex 3.65766 94.225 2
      vertex 3.56799 94.4068 0
      vertex 3.56799 94.4068 2
    endloop
  endfacet
  facet normal 0.896841 0.442353 0
    outer loop
      vertex 3.56799 94.4068 0
      vertex 3.65766 94.225 2
      vertex 3.65766 94.225 0
    endloop
  endfacet
  facet normal 0.980798 -0.195025 0
    outer loop
      vertex 3.46326 95.2023 2
      vertex 3.50281 95.4012 0
      vertex 3.50281 95.4012 2
    endloop
  endfacet
  facet normal 0.980798 -0.195025 0
    outer loop
      vertex 3.50281 95.4012 0
      vertex 3.46326 95.2023 2
      vertex 3.46326 95.2023 0
    endloop
  endfacet
  facet normal 0.946923 -0.321461 0
    outer loop
      vertex 3.50281 95.4012 2
      vertex 3.56799 95.5932 0
      vertex 3.56799 95.5932 2
    endloop
  endfacet
  facet normal 0.946923 -0.321461 0
    outer loop
      vertex 3.56799 95.5932 0
      vertex 3.50281 95.4012 2
      vertex 3.50281 95.4012 0
    endloop
  endfacet
  facet normal 0.0655959 0.997846 -0
    outer loop
      vertex 5 93.45 0
      vertex 4.79768 93.4633 2
      vertex 5 93.45 2
    endloop
  endfacet
  facet normal 0.0655959 0.997846 0
    outer loop
      vertex 4.79768 93.4633 2
      vertex 5 93.45 0
      vertex 4.79768 93.4633 0
    endloop
  endfacet
  facet normal 0.980798 0.195025 0
    outer loop
      vertex 3.50281 94.5988 2
      vertex 3.46326 94.7977 0
      vertex 3.46326 94.7977 2
    endloop
  endfacet
  facet normal 0.980798 0.195025 0
    outer loop
      vertex 3.46326 94.7977 0
      vertex 3.50281 94.5988 2
      vertex 3.50281 94.5988 0
    endloop
  endfacet
  facet normal -0.831504 0.555519 0
    outer loop
      vertex 6.2297 94.0564 0
      vertex 6.34234 94.225 2
      vertex 6.34234 94.225 0
    endloop
  endfacet
  facet normal -0.831504 0.555519 0
    outer loop
      vertex 6.34234 94.225 2
      vertex 6.2297 94.0564 0
      vertex 6.2297 94.0564 2
    endloop
  endfacet
  facet normal 0.321564 -0.946888 0
    outer loop
      vertex 4.40684 96.432 0
      vertex 4.59883 96.4972 2
      vertex 4.40684 96.432 2
    endloop
  endfacet
  facet normal 0.321564 -0.946888 0
    outer loop
      vertex 4.59883 96.4972 2
      vertex 4.40684 96.432 0
      vertex 4.59883 96.4972 0
    endloop
  endfacet
  facet normal 0.555429 -0.831564 0
    outer loop
      vertex 4.05642 96.2297 0
      vertex 4.225 96.3423 2
      vertex 4.05642 96.2297 2
    endloop
  endfacet
  facet normal 0.555429 -0.831564 0
    outer loop
      vertex 4.225 96.3423 2
      vertex 4.05642 96.2297 0
      vertex 4.225 96.3423 0
    endloop
  endfacet
  facet normal 0.896841 -0.442353 0
    outer loop
      vertex 3.56799 95.5932 2
      vertex 3.65766 95.775 0
      vertex 3.65766 95.775 2
    endloop
  endfacet
  facet normal 0.896841 -0.442353 0
    outer loop
      vertex 3.65766 95.775 0
      vertex 3.56799 95.5932 2
      vertex 3.56799 95.5932 0
    endloop
  endfacet
  facet normal -0.751745 0.659454 0
    outer loop
      vertex 6.09601 93.904 0
      vertex 6.2297 94.0564 2
      vertex 6.2297 94.0564 0
    endloop
  endfacet
  facet normal -0.751745 0.659454 0
    outer loop
      vertex 6.2297 94.0564 2
      vertex 6.09601 93.904 0
      vertex 6.09601 93.904 2
    endloop
  endfacet
  facet normal 0.997859 0.0654059 0
    outer loop
      vertex 3.46326 94.7977 2
      vertex 3.45 95 0
      vertex 3.45 95 2
    endloop
  endfacet
  facet normal 0.997859 0.0654059 0
    outer loop
      vertex 3.45 95 0
      vertex 3.46326 94.7977 2
      vertex 3.46326 94.7977 0
    endloop
  endfacet
  facet normal -0.442394 -0.896821 0
    outer loop
      vertex 5.59316 96.432 0
      vertex 5.775 96.3423 2
      vertex 5.59316 96.432 2
    endloop
  endfacet
  facet normal -0.442394 -0.896821 -0
    outer loop
      vertex 5.775 96.3423 2
      vertex 5.59316 96.432 0
      vertex 5.775 96.3423 0
    endloop
  endfacet
  facet normal -0.831504 -0.555519 0
    outer loop
      vertex 6.34234 95.775 0
      vertex 6.2297 95.9436 2
      vertex 6.2297 95.9436 0
    endloop
  endfacet
  facet normal -0.831504 -0.555519 0
    outer loop
      vertex 6.2297 95.9436 2
      vertex 6.34234 95.775 0
      vertex 6.34234 95.775 2
    endloop
  endfacet
  facet normal 0.659384 -0.751806 0
    outer loop
      vertex 3.90398 96.096 0
      vertex 4.05642 96.2297 2
      vertex 3.90398 96.096 2
    endloop
  endfacet
  facet normal 0.659384 -0.751806 0
    outer loop
      vertex 4.05642 96.2297 2
      vertex 3.90398 96.096 0
      vertex 4.05642 96.2297 0
    endloop
  endfacet
  facet normal 0.831504 -0.555519 0
    outer loop
      vertex 3.65766 95.775 2
      vertex 3.7703 95.9436 0
      vertex 3.7703 95.9436 2
    endloop
  endfacet
  facet normal 0.831504 -0.555519 0
    outer loop
      vertex 3.7703 95.9436 0
      vertex 3.65766 95.775 2
      vertex 3.65766 95.775 0
    endloop
  endfacet
  facet normal -0.997859 0.0654059 0
    outer loop
      vertex 6.53674 94.7977 0
      vertex 6.55 95 2
      vertex 6.55 95 0
    endloop
  endfacet
  facet normal -0.997859 0.0654059 0
    outer loop
      vertex 6.55 95 2
      vertex 6.53674 94.7977 0
      vertex 6.53674 94.7977 2
    endloop
  endfacet
  facet normal 0.946923 0.321461 0
    outer loop
      vertex 3.56799 94.4068 2
      vertex 3.50281 94.5988 0
      vertex 3.50281 94.5988 2
    endloop
  endfacet
  facet normal 0.946923 0.321461 0
    outer loop
      vertex 3.50281 94.5988 0
      vertex 3.56799 94.4068 2
      vertex 3.56799 94.4068 0
    endloop
  endfacet
  facet normal -0.555429 -0.831564 0
    outer loop
      vertex 5.775 96.3423 0
      vertex 5.94358 96.2297 2
      vertex 5.775 96.3423 2
    endloop
  endfacet
  facet normal -0.555429 -0.831564 -0
    outer loop
      vertex 5.94358 96.2297 2
      vertex 5.775 96.3423 0
      vertex 5.94358 96.2297 0
    endloop
  endfacet
  facet normal 0.321564 0.946888 -0
    outer loop
      vertex 4.59883 93.5028 0
      vertex 4.40684 93.568 2
      vertex 4.59883 93.5028 2
    endloop
  endfacet
  facet normal 0.321564 0.946888 0
    outer loop
      vertex 4.40684 93.568 2
      vertex 4.59883 93.5028 0
      vertex 4.40684 93.568 0
    endloop
  endfacet
  facet normal -0.751745 -0.659454 0
    outer loop
      vertex 6.2297 95.9436 0
      vertex 6.09601 96.096 2
      vertex 6.09601 96.096 0
    endloop
  endfacet
  facet normal -0.751745 -0.659454 0
    outer loop
      vertex 6.09601 96.096 2
      vertex 6.2297 95.9436 0
      vertex 6.2297 95.9436 2
    endloop
  endfacet
  facet normal 0.194835 -0.980836 0
    outer loop
      vertex 4.59883 96.4972 0
      vertex 4.79768 96.5367 2
      vertex 4.59883 96.4972 2
    endloop
  endfacet
  facet normal 0.194835 -0.980836 0
    outer loop
      vertex 4.79768 96.5367 2
      vertex 4.59883 96.4972 0
      vertex 4.79768 96.5367 0
    endloop
  endfacet
  facet normal -0.896841 -0.442353 0
    outer loop
      vertex 6.43201 95.5932 0
      vertex 6.34234 95.775 2
      vertex 6.34234 95.775 0
    endloop
  endfacet
  facet normal -0.896841 -0.442353 0
    outer loop
      vertex 6.34234 95.775 2
      vertex 6.43201 95.5932 0
      vertex 6.43201 95.5932 2
    endloop
  endfacet
  facet normal 0.831504 0.555519 0
    outer loop
      vertex 3.7703 94.0564 2
      vertex 3.65766 94.225 0
      vertex 3.65766 94.225 2
    endloop
  endfacet
  facet normal 0.831504 0.555519 0
    outer loop
      vertex 3.65766 94.225 0
      vertex 3.7703 94.0564 2
      vertex 3.7703 94.0564 0
    endloop
  endfacet
  facet normal -0.896841 0.442353 0
    outer loop
      vertex 6.34234 94.225 0
      vertex 6.43201 94.4068 2
      vertex 6.43201 94.4068 0
    endloop
  endfacet
  facet normal -0.896841 0.442353 0
    outer loop
      vertex 6.43201 94.4068 2
      vertex 6.34234 94.225 0
      vertex 6.34234 94.225 2
    endloop
  endfacet
  facet normal -0.555429 0.831564 0
    outer loop
      vertex 5.94358 93.7703 0
      vertex 5.775 93.6577 2
      vertex 5.94358 93.7703 2
    endloop
  endfacet
  facet normal -0.555429 0.831564 0
    outer loop
      vertex 5.775 93.6577 2
      vertex 5.94358 93.7703 0
      vertex 5.775 93.6577 0
    endloop
  endfacet
  facet normal 0.997859 -0.0654059 0
    outer loop
      vertex 3.45 95 2
      vertex 3.46326 95.2023 0
      vertex 3.46326 95.2023 2
    endloop
  endfacet
  facet normal 0.997859 -0.0654059 0
    outer loop
      vertex 3.46326 95.2023 0
      vertex 3.45 95 2
      vertex 3.45 95 0
    endloop
  endfacet
  facet normal 0.0655959 -0.997846 0
    outer loop
      vertex 4.79768 96.5367 0
      vertex 5 96.55 2
      vertex 4.79768 96.5367 2
    endloop
  endfacet
  facet normal 0.0655959 -0.997846 0
    outer loop
      vertex 5 96.55 2
      vertex 4.79768 96.5367 0
      vertex 5 96.55 0
    endloop
  endfacet
  facet normal -0.194835 -0.980836 0
    outer loop
      vertex 5.20232 96.5367 0
      vertex 5.40117 96.4972 2
      vertex 5.20232 96.5367 2
    endloop
  endfacet
  facet normal -0.194835 -0.980836 -0
    outer loop
      vertex 5.40117 96.4972 2
      vertex 5.20232 96.5367 0
      vertex 5.40117 96.4972 0
    endloop
  endfacet
  facet normal -0.946938 -0.321416 0
    outer loop
      vertex 6.49718 95.4012 0
      vertex 6.43201 95.5932 2
      vertex 6.43201 95.5932 0
    endloop
  endfacet
  facet normal -0.946938 -0.321416 0
    outer loop
      vertex 6.43201 95.5932 2
      vertex 6.49718 95.4012 0
      vertex 6.49718 95.4012 2
    endloop
  endfacet
  facet normal 0.442394 -0.896821 0
    outer loop
      vertex 4.225 96.3423 0
      vertex 4.40684 96.432 2
      vertex 4.225 96.3423 2
    endloop
  endfacet
  facet normal 0.442394 -0.896821 0
    outer loop
      vertex 4.40684 96.432 2
      vertex 4.225 96.3423 0
      vertex 4.40684 96.432 0
    endloop
  endfacet
  facet normal -0.659408 -0.751785 0
    outer loop
      vertex 5.94358 96.2297 0
      vertex 6.09601 96.096 2
      vertex 5.94358 96.2297 2
    endloop
  endfacet
  facet normal -0.659408 -0.751785 -0
    outer loop
      vertex 6.09601 96.096 2
      vertex 5.94358 96.2297 0
      vertex 6.09601 96.096 0
    endloop
  endfacet
  facet normal -0.0655959 -0.997846 0
    outer loop
      vertex 5 96.55 0
      vertex 5.20232 96.5367 2
      vertex 5 96.55 2
    endloop
  endfacet
  facet normal -0.0655959 -0.997846 -0
    outer loop
      vertex 5.20232 96.5367 2
      vertex 5 96.55 0
      vertex 5.20232 96.5367 0
    endloop
  endfacet
  facet normal -0.442394 0.896821 0
    outer loop
      vertex 5.775 93.6577 0
      vertex 5.59316 93.568 2
      vertex 5.775 93.6577 2
    endloop
  endfacet
  facet normal -0.442394 0.896821 0
    outer loop
      vertex 5.59316 93.568 2
      vertex 5.775 93.6577 0
      vertex 5.59316 93.568 0
    endloop
  endfacet
  facet normal -0.321564 0.946888 0
    outer loop
      vertex 5.59316 93.568 0
      vertex 5.40117 93.5028 2
      vertex 5.59316 93.568 2
    endloop
  endfacet
  facet normal -0.321564 0.946888 0
    outer loop
      vertex 5.40117 93.5028 2
      vertex 5.59316 93.568 0
      vertex 5.40117 93.5028 0
    endloop
  endfacet
  facet normal 0.751769 -0.659426 0
    outer loop
      vertex 3.7703 95.9436 2
      vertex 3.90398 96.096 0
      vertex 3.90398 96.096 2
    endloop
  endfacet
  facet normal 0.751769 -0.659426 0
    outer loop
      vertex 3.90398 96.096 0
      vertex 3.7703 95.9436 2
      vertex 3.7703 95.9436 0
    endloop
  endfacet
  facet normal -0.659408 0.751785 0
    outer loop
      vertex 6.09601 93.904 0
      vertex 5.94358 93.7703 2
      vertex 6.09601 93.904 2
    endloop
  endfacet
  facet normal -0.659408 0.751785 0
    outer loop
      vertex 5.94358 93.7703 2
      vertex 6.09601 93.904 0
      vertex 5.94358 93.7703 0
    endloop
  endfacet
  facet normal 0.194835 0.980836 -0
    outer loop
      vertex 4.79768 93.4633 0
      vertex 4.59883 93.5028 2
      vertex 4.79768 93.4633 2
    endloop
  endfacet
  facet normal 0.194835 0.980836 0
    outer loop
      vertex 4.59883 93.5028 2
      vertex 4.79768 93.4633 0
      vertex 4.59883 93.5028 0
    endloop
  endfacet
  facet normal 0.659384 0.751806 -0
    outer loop
      vertex 4.05642 93.7703 0
      vertex 3.90398 93.904 2
      vertex 4.05642 93.7703 2
    endloop
  endfacet
  facet normal 0.659384 0.751806 0
    outer loop
      vertex 3.90398 93.904 2
      vertex 4.05642 93.7703 0
      vertex 3.90398 93.904 0
    endloop
  endfacet
  facet normal 0.555429 0.831564 -0
    outer loop
      vertex 4.225 93.6577 0
      vertex 4.05642 93.7703 2
      vertex 4.225 93.6577 2
    endloop
  endfacet
  facet normal 0.555429 0.831564 0
    outer loop
      vertex 4.05642 93.7703 2
      vertex 4.225 93.6577 0
      vertex 4.05642 93.7703 0
    endloop
  endfacet
  facet normal -0.194694 0.980864 0
    outer loop
      vertex 160.401 93.5028 0
      vertex 160.202 93.4633 2
      vertex 160.401 93.5028 2
    endloop
  endfacet
  facet normal -0.194694 0.980864 0
    outer loop
      vertex 160.202 93.4633 2
      vertex 160.401 93.5028 0
      vertex 160.202 93.4633 0
    endloop
  endfacet
  facet normal -0.980372 -0.197159 0
    outer loop
      vertex 161.537 95.2023 0
      vertex 161.497 95.4012 2
      vertex 161.497 95.4012 0
    endloop
  endfacet
  facet normal -0.980372 -0.197159 0
    outer loop
      vertex 161.497 95.4012 2
      vertex 161.537 95.2023 0
      vertex 161.537 95.2023 2
    endloop
  endfacet
  facet normal -0.997942 -0.0641287 0
    outer loop
      vertex 161.55 95 0
      vertex 161.537 95.2023 2
      vertex 161.537 95.2023 0
    endloop
  endfacet
  facet normal -0.997942 -0.0641287 0
    outer loop
      vertex 161.537 95.2023 2
      vertex 161.55 95 0
      vertex 161.55 95 2
    endloop
  endfacet
  facet normal -0.0656993 0.997839 0
    outer loop
      vertex 160.202 93.4633 0
      vertex 160 93.45 2
      vertex 160.202 93.4633 2
    endloop
  endfacet
  facet normal -0.0656993 0.997839 0
    outer loop
      vertex 160 93.45 2
      vertex 160.202 93.4633 0
      vertex 160 93.45 0
    endloop
  endfacet
  facet normal -0.980372 0.197159 0
    outer loop
      vertex 161.497 94.5988 0
      vertex 161.537 94.7977 2
      vertex 161.537 94.7977 0
    endloop
  endfacet
  facet normal -0.980372 0.197159 0
    outer loop
      vertex 161.537 94.7977 2
      vertex 161.497 94.5988 0
      vertex 161.497 94.5988 2
    endloop
  endfacet
  facet normal -0.947193 0.320664 0
    outer loop
      vertex 161.432 94.4068 0
      vertex 161.497 94.5988 2
      vertex 161.497 94.5988 0
    endloop
  endfacet
  facet normal -0.947193 0.320664 0
    outer loop
      vertex 161.497 94.5988 2
      vertex 161.432 94.4068 0
      vertex 161.432 94.4068 2
    endloop
  endfacet
  facet normal 0.750987 0.660317 0
    outer loop
      vertex 158.904 93.904 2
      vertex 158.77 94.0564 0
      vertex 158.77 94.0564 2
    endloop
  endfacet
  facet normal 0.750987 0.660317 0
    outer loop
      vertex 158.77 94.0564 0
      vertex 158.904 93.904 2
      vertex 158.904 93.904 0
    endloop
  endfacet
  facet normal -0.321549 -0.946893 0
    outer loop
      vertex 160.401 96.4972 0
      vertex 160.593 96.432 2
      vertex 160.401 96.4972 2
    endloop
  endfacet
  facet normal -0.321549 -0.946893 -0
    outer loop
      vertex 160.593 96.432 2
      vertex 160.401 96.4972 0
      vertex 160.593 96.432 0
    endloop
  endfacet
  facet normal -0.660461 0.75086 0
    outer loop
      vertex 161.096 93.904 0
      vertex 160.944 93.7703 2
      vertex 161.096 93.904 2
    endloop
  endfacet
  facet normal -0.660461 0.75086 0
    outer loop
      vertex 160.944 93.7703 2
      vertex 161.096 93.904 0
      vertex 160.944 93.7703 0
    endloop
  endfacet
  facet normal 0.896195 0.443661 0
    outer loop
      vertex 158.658 94.225 2
      vertex 158.568 94.4068 0
      vertex 158.568 94.4068 2
    endloop
  endfacet
  facet normal 0.896195 0.443661 0
    outer loop
      vertex 158.568 94.4068 0
      vertex 158.658 94.225 2
      vertex 158.658 94.225 0
    endloop
  endfacet
  facet normal 0.980372 -0.197159 0
    outer loop
      vertex 158.463 95.2023 2
      vertex 158.503 95.4012 0
      vertex 158.503 95.4012 2
    endloop
  endfacet
  facet normal 0.980372 -0.197159 0
    outer loop
      vertex 158.503 95.4012 0
      vertex 158.463 95.2023 2
      vertex 158.463 95.2023 0
    endloop
  endfacet
  facet normal 0.947193 -0.320664 0
    outer loop
      vertex 158.503 95.4012 2
      vertex 158.568 95.5932 0
      vertex 158.568 95.5932 2
    endloop
  endfacet
  facet normal 0.947193 -0.320664 0
    outer loop
      vertex 158.568 95.5932 0
      vertex 158.503 95.4012 2
      vertex 158.503 95.4012 0
    endloop
  endfacet
  facet normal 0.0656993 0.997839 -0
    outer loop
      vertex 160 93.45 0
      vertex 159.798 93.4633 2
      vertex 160 93.45 2
    endloop
  endfacet
  facet normal 0.0656993 0.997839 0
    outer loop
      vertex 159.798 93.4633 2
      vertex 160 93.45 0
      vertex 159.798 93.4633 0
    endloop
  endfacet
  facet normal 0.980372 0.197159 0
    outer loop
      vertex 158.503 94.5988 2
      vertex 158.463 94.7977 0
      vertex 158.463 94.7977 2
    endloop
  endfacet
  facet normal 0.980372 0.197159 0
    outer loop
      vertex 158.463 94.7977 0
      vertex 158.503 94.5988 2
      vertex 158.503 94.5988 0
    endloop
  endfacet
  facet normal -0.832961 0.553331 0
    outer loop
      vertex 161.23 94.0564 0
      vertex 161.342 94.225 2
      vertex 161.342 94.225 0
    endloop
  endfacet
  facet normal -0.832961 0.553331 0
    outer loop
      vertex 161.342 94.225 2
      vertex 161.23 94.0564 0
      vertex 161.23 94.0564 2
    endloop
  endfacet
  facet normal 0.321549 -0.946893 0
    outer loop
      vertex 159.407 96.432 0
      vertex 159.599 96.4972 2
      vertex 159.407 96.432 2
    endloop
  endfacet
  facet normal 0.321549 -0.946893 0
    outer loop
      vertex 159.599 96.4972 2
      vertex 159.407 96.432 0
      vertex 159.599 96.4972 0
    endloop
  endfacet
  facet normal 0.554473 -0.832202 0
    outer loop
      vertex 159.056 96.2297 0
      vertex 159.225 96.3423 2
      vertex 159.056 96.2297 2
    endloop
  endfacet
  facet normal 0.554473 -0.832202 0
    outer loop
      vertex 159.225 96.3423 2
      vertex 159.056 96.2297 0
      vertex 159.225 96.3423 0
    endloop
  endfacet
  facet normal 0.896195 -0.443661 0
    outer loop
      vertex 158.568 95.5932 2
      vertex 158.658 95.775 0
      vertex 158.658 95.775 2
    endloop
  endfacet
  facet normal 0.896195 -0.443661 0
    outer loop
      vertex 158.658 95.775 0
      vertex 158.568 95.5932 2
      vertex 158.568 95.5932 0
    endloop
  endfacet
  facet normal -0.750987 0.660317 0
    outer loop
      vertex 161.096 93.904 0
      vertex 161.23 94.0564 2
      vertex 161.23 94.0564 0
    endloop
  endfacet
  facet normal -0.750987 0.660317 0
    outer loop
      vertex 161.23 94.0564 2
      vertex 161.096 93.904 0
      vertex 161.096 93.904 2
    endloop
  endfacet
  facet normal 0.997942 0.0641287 0
    outer loop
      vertex 158.463 94.7977 2
      vertex 158.45 95 0
      vertex 158.45 95 2
    endloop
  endfacet
  facet normal 0.997942 0.0641287 0
    outer loop
      vertex 158.45 95 0
      vertex 158.463 94.7977 2
      vertex 158.463 94.7977 0
    endloop
  endfacet
  facet normal -0.442081 -0.896975 0
    outer loop
      vertex 160.593 96.432 0
      vertex 160.775 96.3423 2
      vertex 160.593 96.432 2
    endloop
  endfacet
  facet normal -0.442081 -0.896975 -0
    outer loop
      vertex 160.775 96.3423 2
      vertex 160.593 96.432 0
      vertex 160.775 96.3423 0
    endloop
  endfacet
  facet normal -0.832961 -0.553331 0
    outer loop
      vertex 161.342 95.775 0
      vertex 161.23 95.9436 2
      vertex 161.23 95.9436 0
    endloop
  endfacet
  facet normal -0.832961 -0.553331 0
    outer loop
      vertex 161.23 95.9436 2
      vertex 161.342 95.775 0
      vertex 161.342 95.775 2
    endloop
  endfacet
  facet normal 0.660461 -0.75086 0
    outer loop
      vertex 158.904 96.096 0
      vertex 159.056 96.2297 2
      vertex 158.904 96.096 2
    endloop
  endfacet
  facet normal 0.660461 -0.75086 0
    outer loop
      vertex 159.056 96.2297 2
      vertex 158.904 96.096 0
      vertex 159.056 96.2297 0
    endloop
  endfacet
  facet normal 0.832961 -0.553331 0
    outer loop
      vertex 158.658 95.775 2
      vertex 158.77 95.9436 0
      vertex 158.77 95.9436 2
    endloop
  endfacet
  facet normal 0.832961 -0.553331 0
    outer loop
      vertex 158.77 95.9436 0
      vertex 158.658 95.775 2
      vertex 158.658 95.775 0
    endloop
  endfacet
  facet normal -0.997942 0.0641287 0
    outer loop
      vertex 161.537 94.7977 0
      vertex 161.55 95 2
      vertex 161.55 95 0
    endloop
  endfacet
  facet normal -0.997942 0.0641287 0
    outer loop
      vertex 161.55 95 2
      vertex 161.537 94.7977 0
      vertex 161.537 94.7977 2
    endloop
  endfacet
  facet normal 0.947193 0.320664 0
    outer loop
      vertex 158.568 94.4068 2
      vertex 158.503 94.5988 0
      vertex 158.503 94.5988 2
    endloop
  endfacet
  facet normal 0.947193 0.320664 0
    outer loop
      vertex 158.503 94.5988 0
      vertex 158.568 94.4068 2
      vertex 158.568 94.4068 0
    endloop
  endfacet
  facet normal -0.554473 -0.832202 0
    outer loop
      vertex 160.775 96.3423 0
      vertex 160.944 96.2297 2
      vertex 160.775 96.3423 2
    endloop
  endfacet
  facet normal -0.554473 -0.832202 -0
    outer loop
      vertex 160.944 96.2297 2
      vertex 160.775 96.3423 0
      vertex 160.944 96.2297 0
    endloop
  endfacet
  facet normal 0.321549 0.946893 -0
    outer loop
      vertex 159.599 93.5028 0
      vertex 159.407 93.568 2
      vertex 159.599 93.5028 2
    endloop
  endfacet
  facet normal 0.321549 0.946893 0
    outer loop
      vertex 159.407 93.568 2
      vertex 159.599 93.5028 0
      vertex 159.407 93.568 0
    endloop
  endfacet
  facet normal -0.750987 -0.660317 0
    outer loop
      vertex 161.23 95.9436 0
      vertex 161.096 96.096 2
      vertex 161.096 96.096 0
    endloop
  endfacet
  facet normal -0.750987 -0.660317 0
    outer loop
      vertex 161.096 96.096 2
      vertex 161.23 95.9436 0
      vertex 161.23 95.9436 2
    endloop
  endfacet
  facet normal 0.194694 -0.980864 0
    outer loop
      vertex 159.599 96.4972 0
      vertex 159.798 96.5367 2
      vertex 159.599 96.4972 2
    endloop
  endfacet
  facet normal 0.194694 -0.980864 0
    outer loop
      vertex 159.798 96.5367 2
      vertex 159.599 96.4972 0
      vertex 159.798 96.5367 0
    endloop
  endfacet
  facet normal -0.896195 -0.443661 0
    outer loop
      vertex 161.432 95.5932 0
      vertex 161.342 95.775 2
      vertex 161.342 95.775 0
    endloop
  endfacet
  facet normal -0.896195 -0.443661 0
    outer loop
      vertex 161.342 95.775 2
      vertex 161.432 95.5932 0
      vertex 161.432 95.5932 2
    endloop
  endfacet
  facet normal 0.832961 0.553331 0
    outer loop
      vertex 158.77 94.0564 2
      vertex 158.658 94.225 0
      vertex 158.658 94.225 2
    endloop
  endfacet
  facet normal 0.832961 0.553331 0
    outer loop
      vertex 158.658 94.225 0
      vertex 158.77 94.0564 2
      vertex 158.77 94.0564 0
    endloop
  endfacet
  facet normal -0.947193 -0.320664 0
    outer loop
      vertex 161.497 95.4012 0
      vertex 161.432 95.5932 2
      vertex 161.432 95.5932 0
    endloop
  endfacet
  facet normal -0.947193 -0.320664 0
    outer loop
      vertex 161.432 95.5932 2
      vertex 161.497 95.4012 0
      vertex 161.497 95.4012 2
    endloop
  endfacet
  facet normal -0.896195 0.443661 0
    outer loop
      vertex 161.342 94.225 0
      vertex 161.432 94.4068 2
      vertex 161.432 94.4068 0
    endloop
  endfacet
  facet normal -0.896195 0.443661 0
    outer loop
      vertex 161.432 94.4068 2
      vertex 161.342 94.225 0
      vertex 161.342 94.225 2
    endloop
  endfacet
  facet normal -0.554473 0.832202 0
    outer loop
      vertex 160.944 93.7703 0
      vertex 160.775 93.6577 2
      vertex 160.944 93.7703 2
    endloop
  endfacet
  facet normal -0.554473 0.832202 0
    outer loop
      vertex 160.775 93.6577 2
      vertex 160.944 93.7703 0
      vertex 160.775 93.6577 0
    endloop
  endfacet
  facet normal 0.997942 -0.0641287 0
    outer loop
      vertex 158.45 95 2
      vertex 158.463 95.2023 0
      vertex 158.463 95.2023 2
    endloop
  endfacet
  facet normal 0.997942 -0.0641287 0
    outer loop
      vertex 158.463 95.2023 0
      vertex 158.45 95 2
      vertex 158.45 95 0
    endloop
  endfacet
  facet normal 0.0656993 -0.997839 0
    outer loop
      vertex 159.798 96.5367 0
      vertex 160 96.55 2
      vertex 159.798 96.5367 2
    endloop
  endfacet
  facet normal 0.0656993 -0.997839 0
    outer loop
      vertex 160 96.55 2
      vertex 159.798 96.5367 0
      vertex 160 96.55 0
    endloop
  endfacet
  facet normal -0.194694 -0.980864 0
    outer loop
      vertex 160.202 96.5367 0
      vertex 160.401 96.4972 2
      vertex 160.202 96.5367 2
    endloop
  endfacet
  facet normal -0.194694 -0.980864 -0
    outer loop
      vertex 160.401 96.4972 2
      vertex 160.202 96.5367 0
      vertex 160.401 96.4972 0
    endloop
  endfacet
  facet normal 0.442081 -0.896975 0
    outer loop
      vertex 159.225 96.3423 0
      vertex 159.407 96.432 2
      vertex 159.225 96.3423 2
    endloop
  endfacet
  facet normal 0.442081 -0.896975 0
    outer loop
      vertex 159.407 96.432 2
      vertex 159.225 96.3423 0
      vertex 159.407 96.432 0
    endloop
  endfacet
  facet normal 0.660461 0.75086 -0
    outer loop
      vertex 159.056 93.7703 0
      vertex 158.904 93.904 2
      vertex 159.056 93.7703 2
    endloop
  endfacet
  facet normal 0.660461 0.75086 0
    outer loop
      vertex 158.904 93.904 2
      vertex 159.056 93.7703 0
      vertex 158.904 93.904 0
    endloop
  endfacet
  facet normal -0.660461 -0.75086 0
    outer loop
      vertex 160.944 96.2297 0
      vertex 161.096 96.096 2
      vertex 160.944 96.2297 2
    endloop
  endfacet
  facet normal -0.660461 -0.75086 -0
    outer loop
      vertex 161.096 96.096 2
      vertex 160.944 96.2297 0
      vertex 161.096 96.096 0
    endloop
  endfacet
  facet normal -0.0656993 -0.997839 0
    outer loop
      vertex 160 96.55 0
      vertex 160.202 96.5367 2
      vertex 160 96.55 2
    endloop
  endfacet
  facet normal -0.0656993 -0.997839 -0
    outer loop
      vertex 160.202 96.5367 2
      vertex 160 96.55 0
      vertex 160.202 96.5367 0
    endloop
  endfacet
  facet normal -0.442081 0.896975 0
    outer loop
      vertex 160.775 93.6577 0
      vertex 160.593 93.568 2
      vertex 160.775 93.6577 2
    endloop
  endfacet
  facet normal -0.442081 0.896975 0
    outer loop
      vertex 160.593 93.568 2
      vertex 160.775 93.6577 0
      vertex 160.593 93.568 0
    endloop
  endfacet
  facet normal -0.321549 0.946893 0
    outer loop
      vertex 160.593 93.568 0
      vertex 160.401 93.5028 2
      vertex 160.593 93.568 2
    endloop
  endfacet
  facet normal -0.321549 0.946893 0
    outer loop
      vertex 160.401 93.5028 2
      vertex 160.593 93.568 0
      vertex 160.401 93.5028 0
    endloop
  endfacet
  facet normal 0.750987 -0.660317 0
    outer loop
      vertex 158.77 95.9436 2
      vertex 158.904 96.096 0
      vertex 158.904 96.096 2
    endloop
  endfacet
  facet normal 0.750987 -0.660317 0
    outer loop
      vertex 158.904 96.096 0
      vertex 158.77 95.9436 2
      vertex 158.77 95.9436 0
    endloop
  endfacet
  facet normal 0.194694 0.980864 -0
    outer loop
      vertex 159.798 93.4633 0
      vertex 159.599 93.5028 2
      vertex 159.798 93.4633 2
    endloop
  endfacet
  facet normal 0.194694 0.980864 0
    outer loop
      vertex 159.599 93.5028 2
      vertex 159.798 93.4633 0
      vertex 159.599 93.5028 0
    endloop
  endfacet
  facet normal 0.554473 0.832202 -0
    outer loop
      vertex 159.225 93.6577 0
      vertex 159.056 93.7703 2
      vertex 159.225 93.6577 2
    endloop
  endfacet
  facet normal 0.554473 0.832202 0
    outer loop
      vertex 159.056 93.7703 2
      vertex 159.225 93.6577 0
      vertex 159.056 93.7703 0
    endloop
  endfacet
  facet normal 0.442081 0.896975 -0
    outer loop
      vertex 159.407 93.568 0
      vertex 159.225 93.6577 2
      vertex 159.407 93.568 2
    endloop
  endfacet
  facet normal 0.442081 0.896975 0
    outer loop
      vertex 159.225 93.6577 2
      vertex 159.407 93.568 0
      vertex 159.225 93.6577 0
    endloop
  endfacet
  facet normal 1 -0 0
    outer loop
      vertex 165 0 2
      vertex 165 100 0
      vertex 165 100 2
    endloop
  endfacet
  facet normal 1 0 0
    outer loop
      vertex 165 100 0
      vertex 165 0 2
      vertex 165 0 0
    endloop
  endfacet
  facet normal 0 0 1
    outer loop
      vertex 156.997 93.7563 2
      vertex 8.00261 93.7563 2
      vertex 157.185 93.375 2
    endloop
  endfacet
  facet normal 0 0 1
    outer loop
      vertex 157.185 6.625 2
      vertex 8.2222 5.42421 2
      vertex 8.25 5 2
    endloop
  endfacet
  facet normal 0 0 1
    outer loop
      vertex 7.81458 93.375 2
      vertex 157.185 93.375 2
      vertex 8.00261 93.7563 2
    endloop
  endfacet
  facet normal 0 0 1
    outer loop
      vertex 157.185 6.625 2
      vertex 8.13926 5.84116 2
      vertex 8.2222 5.42421 2
    endloop
  endfacet
  facet normal 0 0 1
    outer loop
      vertex 157.185 93.375 2
      vertex 7.81458 93.375 2
      vertex 157.185 6.625 2
    endloop
  endfacet
  facet normal 0 0 1
    outer loop
      vertex 157.185 6.625 2
      vertex 8.00261 6.24372 2
      vertex 8.13926 5.84116 2
    endloop
  endfacet
  facet normal 0 0 1
    outer loop
      vertex 7.81458 6.625 2
      vertex 157.185 6.625 2
      vertex 7.81458 93.375 2
    endloop
  endfacet
  facet normal 0 0 1
    outer loop
      vertex 157.185 6.625 2
      vertex 7.81458 6.625 2
      vertex 8.00261 6.24372 2
    endloop
  endfacet
  facet normal -0 0 1
    outer loop
      vertex 7.5784 93.0215 2
      vertex 7.81458 6.625 2
      vertex 7.81458 93.375 2
    endloop
  endfacet
  facet normal 0 0 1
    outer loop
      vertex 7.5784 93.0215 2
      vertex 7.5784 6.97847 2
      vertex 7.81458 6.625 2
    endloop
  endfacet
  facet normal -0 0 1
    outer loop
      vertex 7.2981 92.7019 2
      vertex 7.5784 6.97847 2
      vertex 7.5784 93.0215 2
    endloop
  endfacet
  facet normal 0 0 1
    outer loop
      vertex 7.2981 92.7019 2
      vertex 7.2981 7.2981 2
      vertex 7.5784 6.97847 2
    endloop
  endfacet
  facet normal -0 0 1
    outer loop
      vertex 6.97847 92.4216 2
      vertex 7.2981 7.2981 2
      vertex 7.2981 92.7019 2
    endloop
  endfacet
  facet normal 0 0 1
    outer loop
      vertex 6.97847 92.4216 2
      vertex 6.97847 7.5784 2
      vertex 7.2981 7.2981 2
    endloop
  endfacet
  facet normal -0 0 1
    outer loop
      vertex 6.625 92.1854 2
      vertex 6.97847 7.5784 2
      vertex 6.97847 92.4216 2
    endloop
  endfacet
  facet normal 0 0 1
    outer loop
      vertex 6.625 92.1854 2
      vertex 6.625 7.81458 2
      vertex 6.97847 7.5784 2
    endloop
  endfacet
  facet normal -0 0 1
    outer loop
      vertex 6.24372 91.9974 2
      vertex 6.625 7.81458 2
      vertex 6.625 92.1854 2
    endloop
  endfacet
  facet normal 0 0 1
    outer loop
      vertex 6.24372 91.9974 2
      vertex 6.24372 8.00261 2
      vertex 6.625 7.81458 2
    endloop
  endfacet
  facet normal -0 0 1
    outer loop
      vertex 5.84116 91.8607 2
      vertex 6.24372 8.00261 2
      vertex 6.24372 91.9974 2
    endloop
  endfacet
  facet normal 0 0 1
    outer loop
      vertex 5.84116 91.8607 2
      vertex 5.84116 8.13926 2
      vertex 6.24372 8.00261 2
    endloop
  endfacet
  facet normal -0 0 1
    outer loop
      vertex 5.42421 91.7778 2
      vertex 5.84116 8.13926 2
      vertex 5.84116 91.8607 2
    endloop
  endfacet
  facet normal 0 0 1
    outer loop
      vertex 5.42421 91.7778 2
      vertex 5.42421 8.2222 2
      vertex 5.84116 8.13926 2
    endloop
  endfacet
  facet normal -0 0 1
    outer loop
      vertex 5 91.75 2
      vertex 5.42421 8.2222 2
      vertex 5.42421 91.7778 2
    endloop
  endfacet
  facet normal 0 0 1
    outer loop
      vertex 5 91.75 2
      vertex 5 8.25 2
      vertex 5.42421 8.2222 2
    endloop
  endfacet
  facet normal 0 0 1
    outer loop
      vertex 4.57579 91.7778 2
      vertex 5 8.25 2
      vertex 5 91.75 2
    endloop
  endfacet
  facet normal 0 0 1
    outer loop
      vertex 4.57579 91.7778 2
      vertex 4.57579 8.2222 2
      vertex 5 8.25 2
    endloop
  endfacet
  facet normal 0 0 1
    outer loop
      vertex 4.15884 91.8607 2
      vertex 4.57579 8.2222 2
      vertex 4.57579 91.7778 2
    endloop
  endfacet
  facet normal 0 0 1
    outer loop
      vertex 4.15884 91.8607 2
      vertex 4.15884 8.13926 2
      vertex 4.57579 8.2222 2
    endloop
  endfacet
  facet normal 0 0 1
    outer loop
      vertex 3.75628 91.9974 2
      vertex 4.15884 8.13926 2
      vertex 4.15884 91.8607 2
    endloop
  endfacet
  facet normal 0 0 1
    outer loop
      vertex 3.75628 91.9974 2
      vertex 3.75628 8.00261 2
      vertex 4.15884 8.13926 2
    endloop
  endfacet
  facet normal 0 0 1
    outer loop
      vertex 3.375 92.1854 2
      vertex 3.75628 8.00261 2
      vertex 3.75628 91.9974 2
    endloop
  endfacet
  facet normal 0 0 1
    outer loop
      vertex 3.375 92.1854 2
      vertex 3.375 7.81458 2
      vertex 3.75628 8.00261 2
    endloop
  endfacet
  facet normal 0 0 1
    outer loop
      vertex 3.02152 92.4216 2
      vertex 3.375 7.81458 2
      vertex 3.375 92.1854 2
    endloop
  endfacet
  facet normal 0 0 1
    outer loop
      vertex 3.02152 92.4216 2
      vertex 3.02152 7.5784 2
      vertex 3.375 7.81458 2
    endloop
  endfacet
  facet normal 0 0 1
    outer loop
      vertex 2.7019 92.7019 2
      vertex 3.02152 7.5784 2
      vertex 3.02152 92.4216 2
    endloop
  endfacet
  facet normal 0 0 1
    outer loop
      vertex 2.7019 92.7019 2
      vertex 2.7019 7.2981 2
      vertex 3.02152 7.5784 2
    endloop
  endfacet
  facet normal 0 0 1
    outer loop
      vertex 2.4216 93.0215 2
      vertex 2.7019 7.2981 2
      vertex 2.7019 92.7019 2
    endloop
  endfacet
  facet normal 0 0 1
    outer loop
      vertex 2.4216 93.0215 2
      vertex 2.4216 6.97847 2
      vertex 2.7019 7.2981 2
    endloop
  endfacet
  facet normal 0 0 1
    outer loop
      vertex 2.18542 93.375 2
      vertex 2.4216 6.97847 2
      vertex 2.4216 93.0215 2
    endloop
  endfacet
  facet normal 0 0 1
    outer loop
      vertex 2.18542 93.375 2
      vertex 2.18542 6.625 2
      vertex 2.4216 6.97847 2
    endloop
  endfacet
  facet normal 0 0 1
    outer loop
      vertex 1.99739 93.7563 2
      vertex 2.18542 6.625 2
      vertex 2.18542 93.375 2
    endloop
  endfacet
  facet normal 0 0 1
    outer loop
      vertex 1.99739 93.7563 2
      vertex 1.99739 6.24372 2
      vertex 2.18542 6.625 2
    endloop
  endfacet
  facet normal 0 0 1
    outer loop
      vertex 1.86074 94.1588 2
      vertex 1.99739 6.24372 2
      vertex 1.99739 93.7563 2
    endloop
  endfacet
  facet normal 0 0 1
    outer loop
      vertex 1.86074 94.1588 2
      vertex 1.86074 5.84116 2
      vertex 1.99739 6.24372 2
    endloop
  endfacet
  facet normal 0 0 1
    outer loop
      vertex 0 100 2
      vertex 1.86074 94.1588 2
      vertex 1.7778 94.5758 2
    endloop
  endfacet
  facet normal 0 0 1
    outer loop
      vertex 1.86074 94.1588 2
      vertex 0 100 2
      vertex 1.86074 5.84116 2
    endloop
  endfacet
  facet normal 0 0 1
    outer loop
      vertex 0 100 2
      vertex 1.7778 94.5758 2
      vertex 1.75 95 2
    endloop
  endfacet
  facet normal 0 0 1
    outer loop
      vertex 0 0 2
      vertex 1.86074 5.84116 2
      vertex 0 100 2
    endloop
  endfacet
  facet normal 0 0 1
    outer loop
      vertex 165 100 2
      vertex 163.139 94.1588 2
      vertex 165 0 2
    endloop
  endfacet
  facet normal 0 0 1
    outer loop
      vertex 165 0 2
      vertex 163.222 5.42421 2
      vertex 163.25 5 2
    endloop
  endfacet
  facet normal -0 0 1
    outer loop
      vertex 163.139 5.84116 2
      vertex 165 0 2
      vertex 163.139 94.1588 2
    endloop
  endfacet
  facet normal 0 0 1
    outer loop
      vertex 165 0 2
      vertex 163.139 5.84116 2
      vertex 163.222 5.42421 2
    endloop
  endfacet
  facet normal -0 0 1
    outer loop
      vertex 163.003 93.7563 2
      vertex 163.139 5.84116 2
      vertex 163.139 94.1588 2
    endloop
  endfacet
  facet normal 0 0 1
    outer loop
      vertex 163.003 93.7563 2
      vertex 163.003 6.24372 2
      vertex 163.139 5.84116 2
    endloop
  endfacet
  facet normal -0 0 1
    outer loop
      vertex 162.815 93.375 2
      vertex 163.003 6.24372 2
      vertex 163.003 93.7563 2
    endloop
  endfacet
  facet normal 0 0 1
    outer loop
      vertex 162.815 93.375 2
      vertex 162.815 6.625 2
      vertex 163.003 6.24372 2
    endloop
  endfacet
  facet normal -0 0 1
    outer loop
      vertex 162.578 93.0215 2
      vertex 162.815 6.625 2
      vertex 162.815 93.375 2
    endloop
  endfacet
  facet normal 0 0 1
    outer loop
      vertex 162.578 93.0215 2
      vertex 162.578 6.97847 2
      vertex 162.815 6.625 2
    endloop
  endfacet
  facet normal -0 0 1
    outer loop
      vertex 162.298 92.7019 2
      vertex 162.578 6.97847 2
      vertex 162.578 93.0215 2
    endloop
  endfacet
  facet normal 0 0 1
    outer loop
      vertex 162.298 92.7019 2
      vertex 162.298 7.2981 2
      vertex 162.578 6.97847 2
    endloop
  endfacet
  facet normal -0 0 1
    outer loop
      vertex 161.978 92.4216 2
      vertex 162.298 7.2981 2
      vertex 162.298 92.7019 2
    endloop
  endfacet
  facet normal 0 0 1
    outer loop
      vertex 161.978 92.4216 2
      vertex 161.978 7.5784 2
      vertex 162.298 7.2981 2
    endloop
  endfacet
  facet normal -0 0 1
    outer loop
      vertex 161.625 92.1854 2
      vertex 161.978 7.5784 2
      vertex 161.978 92.4216 2
    endloop
  endfacet
  facet normal 0 0 1
    outer loop
      vertex 161.625 92.1854 2
      vertex 161.625 7.81458 2
      vertex 161.978 7.5784 2
    endloop
  endfacet
  facet normal -0 0 1
    outer loop
      vertex 161.244 91.9974 2
      vertex 161.625 7.81458 2
      vertex 161.625 92.1854 2
    endloop
  endfacet
  facet normal 0 0 1
    outer loop
      vertex 161.244 91.9974 2
      vertex 161.244 8.00261 2
      vertex 161.625 7.81458 2
    endloop
  endfacet
  facet normal -0 0 1
    outer loop
      vertex 160.841 91.8607 2
      vertex 161.244 8.00261 2
      vertex 161.244 91.9974 2
    endloop
  endfacet
  facet normal 0 0 1
    outer loop
      vertex 160.841 91.8607 2
      vertex 160.841 8.13926 2
      vertex 161.244 8.00261 2
    endloop
  endfacet
  facet normal -0 0 1
    outer loop
      vertex 160.424 91.7778 2
      vertex 160.841 8.13926 2
      vertex 160.841 91.8607 2
    endloop
  endfacet
  facet normal 0 0 1
    outer loop
      vertex 160.424 91.7778 2
      vertex 160.424 8.2222 2
      vertex 160.841 8.13926 2
    endloop
  endfacet
  facet normal -0 0 1
    outer loop
      vertex 160 91.75 2
      vertex 160.424 8.2222 2
      vertex 160.424 91.7778 2
    endloop
  endfacet
  facet normal 0 0 1
    outer loop
      vertex 160 91.75 2
      vertex 160 8.25 2
      vertex 160.424 8.2222 2
    endloop
  endfacet
  facet normal 0 0 1
    outer loop
      vertex 159.576 91.7778 2
      vertex 160 8.25 2
      vertex 160 91.75 2
    endloop
  endfacet
  facet normal 0 0 1
    outer loop
      vertex 159.576 91.7778 2
      vertex 159.576 8.2222 2
      vertex 160 8.25 2
    endloop
  endfacet
  facet normal 0 0 1
    outer loop
      vertex 159.159 91.8607 2
      vertex 159.576 8.2222 2
      vertex 159.576 91.7778 2
    endloop
  endfacet
  facet normal 0 0 1
    outer loop
      vertex 159.159 91.8607 2
      vertex 159.159 8.13926 2
      vertex 159.576 8.2222 2
    endloop
  endfacet
  facet normal 0 0 1
    outer loop
      vertex 158.756 91.9974 2
      vertex 159.159 8.13926 2
      vertex 159.159 91.8607 2
    endloop
  endfacet
  facet normal 0 0 1
    outer loop
      vertex 158.756 91.9974 2
      vertex 158.756 8.00261 2
      vertex 159.159 8.13926 2
    endloop
  endfacet
  facet normal 0 0 1
    outer loop
      vertex 158.375 92.1854 2
      vertex 158.756 8.00261 2
      vertex 158.756 91.9974 2
    endloop
  endfacet
  facet normal 0 0 1
    outer loop
      vertex 158.375 92.1854 2
      vertex 158.375 7.81458 2
      vertex 158.756 8.00261 2
    endloop
  endfacet
  facet normal 0 0 1
    outer loop
      vertex 158.022 92.4216 2
      vertex 158.375 7.81458 2
      vertex 158.375 92.1854 2
    endloop
  endfacet
  facet normal 0 0 1
    outer loop
      vertex 158.022 92.4216 2
      vertex 158.022 7.5784 2
      vertex 158.375 7.81458 2
    endloop
  endfacet
  facet normal 0 0 1
    outer loop
      vertex 157.702 92.7019 2
      vertex 158.022 7.5784 2
      vertex 158.022 92.4216 2
    endloop
  endfacet
  facet normal 0 0 1
    outer loop
      vertex 157.702 92.7019 2
      vertex 157.702 7.2981 2
      vertex 158.022 7.5784 2
    endloop
  endfacet
  facet normal 0 0 1
    outer loop
      vertex 157.422 93.0215 2
      vertex 157.702 7.2981 2
      vertex 157.702 92.7019 2
    endloop
  endfacet
  facet normal 0 0 1
    outer loop
      vertex 157.422 93.0215 2
      vertex 157.422 6.97847 2
      vertex 157.702 7.2981 2
    endloop
  endfacet
  facet normal 0 0 1
    outer loop
      vertex 157.185 93.375 2
      vertex 157.422 6.97847 2
      vertex 157.422 93.0215 2
    endloop
  endfacet
  facet normal 0 0 1
    outer loop
      vertex 157.185 93.375 2
      vertex 157.185 6.625 2
      vertex 157.422 6.97847 2
    endloop
  endfacet
  facet normal 0 0 1
    outer loop
      vertex 8.13926 94.1588 2
      vertex 156.861 94.1588 2
      vertex 8.2222 94.5758 2
    endloop
  endfacet
  facet normal 0 0 1
    outer loop
      vertex 156.861 94.1588 2
      vertex 8.13926 94.1588 2
      vertex 156.997 93.7563 2
    endloop
  endfacet
  facet normal 0 0 1
    outer loop
      vertex 156.778 94.5758 2
      vertex 8.2222 94.5758 2
      vertex 156.861 94.1588 2
    endloop
  endfacet
  facet normal 0 0 1
    outer loop
      vertex 8.00261 93.7563 2
      vertex 156.997 93.7563 2
      vertex 8.13926 94.1588 2
    endloop
  endfacet
  facet normal 0 0 1
    outer loop
      vertex 8.2222 94.5758 2
      vertex 156.778 94.5758 2
      vertex 8.25 95 2
    endloop
  endfacet
  facet normal 0 0 1
    outer loop
      vertex 157.185 6.625 2
      vertex 8.25 5 2
      vertex 156.997 6.24372 2
    endloop
  endfacet
  facet normal -0 0 1
    outer loop
      vertex 8.25 95 2
      vertex 156.778 94.5758 2
      vertex 156.75 95 2
    endloop
  endfacet
  facet normal 0 0 1
    outer loop
      vertex 156.997 6.24372 2
      vertex 8.25 5 2
      vertex 156.861 5.84116 2
    endloop
  endfacet
  facet normal 0 0 1
    outer loop
      vertex 163.222 94.5758 2
      vertex 165 100 2
      vertex 163.25 95 2
    endloop
  endfacet
  facet normal 0 0 1
    outer loop
      vertex 165 100 2
      vertex 163.222 95.4242 2
      vertex 163.25 95 2
    endloop
  endfacet
  facet normal 0 0 1
    outer loop
      vertex 165 100 2
      vertex 163.139 95.8412 2
      vertex 163.222 95.4242 2
    endloop
  endfacet
  facet normal 0 0 1
    outer loop
      vertex 165 100 2
      vertex 163.003 96.2437 2
      vertex 163.139 95.8412 2
    endloop
  endfacet
  facet normal 0 0 1
    outer loop
      vertex 165 100 2
      vertex 162.815 96.625 2
      vertex 163.003 96.2437 2
    endloop
  endfacet
  facet normal 0 0 1
    outer loop
      vertex 165 100 2
      vertex 162.578 96.9785 2
      vertex 162.815 96.625 2
    endloop
  endfacet
  facet normal 0 0 1
    outer loop
      vertex 165 100 2
      vertex 162.298 97.2981 2
      vertex 162.578 96.9785 2
    endloop
  endfacet
  facet normal 0 0 1
    outer loop
      vertex 165 100 2
      vertex 161.978 97.5784 2
      vertex 162.298 97.2981 2
    endloop
  endfacet
  facet normal 0 0 1
    outer loop
      vertex 165 100 2
      vertex 161.625 97.8146 2
      vertex 161.978 97.5784 2
    endloop
  endfacet
  facet normal 0 0 1
    outer loop
      vertex 165 100 2
      vertex 161.244 98.0026 2
      vertex 161.625 97.8146 2
    endloop
  endfacet
  facet normal 0 0 1
    outer loop
      vertex 165 100 2
      vertex 160.841 98.1393 2
      vertex 161.244 98.0026 2
    endloop
  endfacet
  facet normal 0 0 1
    outer loop
      vertex 165 100 2
      vertex 160.424 98.2222 2
      vertex 160.841 98.1393 2
    endloop
  endfacet
  facet normal 0 0 1
    outer loop
      vertex 165 100 2
      vertex 160 98.25 2
      vertex 160.424 98.2222 2
    endloop
  endfacet
  facet normal 0 0 1
    outer loop
      vertex 165 100 2
      vertex 159.576 98.2222 2
      vertex 160 98.25 2
    endloop
  endfacet
  facet normal 0 0 1
    outer loop
      vertex 165 100 2
      vertex 159.159 98.1393 2
      vertex 159.576 98.2222 2
    endloop
  endfacet
  facet normal 0 0 1
    outer loop
      vertex 156.861 5.84116 2
      vertex 8.25 5 2
      vertex 156.778 5.42421 2
    endloop
  endfacet
  facet normal 0 0 1
    outer loop
      vertex 156.778 95.4242 2
      vertex 8.25 95 2
      vertex 156.75 95 2
    endloop
  endfacet
  facet normal 0 0 1
    outer loop
      vertex 8.2222 95.4242 2
      vertex 156.778 95.4242 2
      vertex 156.861 95.8412 2
    endloop
  endfacet
  facet normal 0 0 1
    outer loop
      vertex 8.13926 95.8412 2
      vertex 156.861 95.8412 2
      vertex 156.997 96.2437 2
    endloop
  endfacet
  facet normal 0 0 1
    outer loop
      vertex 8.00261 96.2437 2
      vertex 156.997 96.2437 2
      vertex 157.185 96.625 2
    endloop
  endfacet
  facet normal 0 0 1
    outer loop
      vertex 7.81458 96.625 2
      vertex 157.185 96.625 2
      vertex 157.422 96.9785 2
    endloop
  endfacet
  facet normal 0 0 1
    outer loop
      vertex 7.5784 96.9785 2
      vertex 157.422 96.9785 2
      vertex 157.702 97.2981 2
    endloop
  endfacet
  facet normal 0 0 1
    outer loop
      vertex 7.2981 97.2981 2
      vertex 157.702 97.2981 2
      vertex 158.022 97.5784 2
    endloop
  endfacet
  facet normal 0 0 1
    outer loop
      vertex 6.97847 97.5784 2
      vertex 158.022 97.5784 2
      vertex 158.375 97.8146 2
    endloop
  endfacet
  facet normal 0 0 1
    outer loop
      vertex 6.625 97.8146 2
      vertex 158.375 97.8146 2
      vertex 158.756 98.0026 2
    endloop
  endfacet
  facet normal 0 0 1
    outer loop
      vertex 6.24372 98.0026 2
      vertex 158.756 98.0026 2
      vertex 159.159 98.1393 2
    endloop
  endfacet
  facet normal 0 0 1
    outer loop
      vertex 5.84116 98.1393 2
      vertex 159.159 98.1393 2
      vertex 165 100 2
    endloop
  endfacet
  facet normal 0 0 1
    outer loop
      vertex 156.778 95.4242 2
      vertex 8.2222 95.4242 2
      vertex 8.25 95 2
    endloop
  endfacet
  facet normal 0 0 1
    outer loop
      vertex 156.861 95.8412 2
      vertex 8.13926 95.8412 2
      vertex 8.2222 95.4242 2
    endloop
  endfacet
  facet normal 0 0 1
    outer loop
      vertex 156.997 96.2437 2
      vertex 8.00261 96.2437 2
      vertex 8.13926 95.8412 2
    endloop
  endfacet
  facet normal 0 0 1
    outer loop
      vertex 157.185 96.625 2
      vertex 7.81458 96.625 2
      vertex 8.00261 96.2437 2
    endloop
  endfacet
  facet normal 0 0 1
    outer loop
      vertex 157.422 96.9785 2
      vertex 7.5784 96.9785 2
      vertex 7.81458 96.625 2
    endloop
  endfacet
  facet normal 0 0 1
    outer loop
      vertex 157.702 97.2981 2
      vertex 7.2981 97.2981 2
      vertex 7.5784 96.9785 2
    endloop
  endfacet
  facet normal 0 0 1
    outer loop
      vertex 158.022 97.5784 2
      vertex 6.97847 97.5784 2
      vertex 7.2981 97.2981 2
    endloop
  endfacet
  facet normal 0 0 1
    outer loop
      vertex 158.375 97.8146 2
      vertex 6.625 97.8146 2
      vertex 6.97847 97.5784 2
    endloop
  endfacet
  facet normal 0 0 1
    outer loop
      vertex 158.756 98.0026 2
      vertex 6.24372 98.0026 2
      vertex 6.625 97.8146 2
    endloop
  endfacet
  facet normal 0 0 1
    outer loop
      vertex 159.159 98.1393 2
      vertex 5.84116 98.1393 2
      vertex 6.24372 98.0026 2
    endloop
  endfacet
  facet normal -0 0 1
    outer loop
      vertex 0 100 2
      vertex 5.84116 98.1393 2
      vertex 165 100 2
    endloop
  endfacet
  facet normal 0 0 1
    outer loop
      vertex 5.84116 98.1393 2
      vertex 0 100 2
      vertex 5.42421 98.2222 2
    endloop
  endfacet
  facet normal 0 0 1
    outer loop
      vertex 1.86074 5.84116 2
      vertex 0 0 2
      vertex 1.7778 5.42421 2
    endloop
  endfacet
  facet normal 0 0 1
    outer loop
      vertex 1.7778 95.4242 2
      vertex 0 100 2
      vertex 1.75 95 2
    endloop
  endfacet
  facet normal 0 0 1
    outer loop
      vertex 1.86074 95.8412 2
      vertex 0 100 2
      vertex 1.7778 95.4242 2
    endloop
  endfacet
  facet normal 0 0 1
    outer loop
      vertex 1.99739 96.2437 2
      vertex 0 100 2
      vertex 1.86074 95.8412 2
    endloop
  endfacet
  facet normal 0 0 1
    outer loop
      vertex 2.18542 96.625 2
      vertex 0 100 2
      vertex 1.99739 96.2437 2
    endloop
  endfacet
  facet normal 0 0 1
    outer loop
      vertex 2.4216 96.9785 2
      vertex 0 100 2
      vertex 2.18542 96.625 2
    endloop
  endfacet
  facet normal 0 0 1
    outer loop
      vertex 2.7019 97.2981 2
      vertex 0 100 2
      vertex 2.4216 96.9785 2
    endloop
  endfacet
  facet normal 0 0 1
    outer loop
      vertex 3.02152 97.5784 2
      vertex 0 100 2
      vertex 2.7019 97.2981 2
    endloop
  endfacet
  facet normal 0 0 1
    outer loop
      vertex 3.375 97.8146 2
      vertex 0 100 2
      vertex 3.02152 97.5784 2
    endloop
  endfacet
  facet normal 0 0 1
    outer loop
      vertex 3.75628 98.0026 2
      vertex 0 100 2
      vertex 3.375 97.8146 2
    endloop
  endfacet
  facet normal 0 0 1
    outer loop
      vertex 4.15884 98.1393 2
      vertex 0 100 2
      vertex 3.75628 98.0026 2
    endloop
  endfacet
  facet normal 0 0 1
    outer loop
      vertex 4.57579 98.2222 2
      vertex 0 100 2
      vertex 4.15884 98.1393 2
    endloop
  endfacet
  facet normal 0 0 1
    outer loop
      vertex 5 98.25 2
      vertex 0 100 2
      vertex 4.57579 98.2222 2
    endloop
  endfacet
  facet normal 0 0 1
    outer loop
      vertex 5.42421 98.2222 2
      vertex 0 100 2
      vertex 5 98.25 2
    endloop
  endfacet
  facet normal 0 0 1
    outer loop
      vertex 163.139 94.1588 2
      vertex 165 100 2
      vertex 163.222 94.5758 2
    endloop
  endfacet
  facet normal -0 0 1
    outer loop
      vertex 163.222 4.57579 2
      vertex 165 0 2
      vertex 163.25 5 2
    endloop
  endfacet
  facet normal -0 0 1
    outer loop
      vertex 163.139 4.15884 2
      vertex 165 0 2
      vertex 163.222 4.57579 2
    endloop
  endfacet
  facet normal -0 0 1
    outer loop
      vertex 163.003 3.75628 2
      vertex 165 0 2
      vertex 163.139 4.15884 2
    endloop
  endfacet
  facet normal -0 0 1
    outer loop
      vertex 162.815 3.375 2
      vertex 165 0 2
      vertex 163.003 3.75628 2
    endloop
  endfacet
  facet normal -0 0 1
    outer loop
      vertex 162.578 3.02152 2
      vertex 165 0 2
      vertex 162.815 3.375 2
    endloop
  endfacet
  facet normal -0 0 1
    outer loop
      vertex 162.298 2.7019 2
      vertex 165 0 2
      vertex 162.578 3.02152 2
    endloop
  endfacet
  facet normal -0 0 1
    outer loop
      vertex 161.978 2.4216 2
      vertex 165 0 2
      vertex 162.298 2.7019 2
    endloop
  endfacet
  facet normal -0 0 1
    outer loop
      vertex 161.625 2.18542 2
      vertex 165 0 2
      vertex 161.978 2.4216 2
    endloop
  endfacet
  facet normal -0 0 1
    outer loop
      vertex 161.244 1.99739 2
      vertex 165 0 2
      vertex 161.625 2.18542 2
    endloop
  endfacet
  facet normal -0 0 1
    outer loop
      vertex 160.841 1.86074 2
      vertex 165 0 2
      vertex 161.244 1.99739 2
    endloop
  endfacet
  facet normal -0 0 1
    outer loop
      vertex 160.424 1.7778 2
      vertex 165 0 2
      vertex 160.841 1.86074 2
    endloop
  endfacet
  facet normal -0 0 1
    outer loop
      vertex 160 1.75 2
      vertex 165 0 2
      vertex 160.424 1.7778 2
    endloop
  endfacet
  facet normal 0 0 1
    outer loop
      vertex 159.576 1.7778 2
      vertex 165 0 2
      vertex 160 1.75 2
    endloop
  endfacet
  facet normal 0 0 1
    outer loop
      vertex 159.159 1.86074 2
      vertex 165 0 2
      vertex 159.576 1.7778 2
    endloop
  endfacet
  facet normal 0 0 1
    outer loop
      vertex 156.778 5.42421 2
      vertex 8.25 5 2
      vertex 156.75 5 2
    endloop
  endfacet
  facet normal 0 0 1
    outer loop
      vertex 156.75 5 2
      vertex 8.25 5 2
      vertex 156.778 4.57579 2
    endloop
  endfacet
  facet normal 0 0 1
    outer loop
      vertex 8.2222 4.57579 2
      vertex 156.778 4.57579 2
      vertex 8.25 5 2
    endloop
  endfacet
  facet normal 0 0 1
    outer loop
      vertex 156.778 4.57579 2
      vertex 8.2222 4.57579 2
      vertex 156.861 4.15884 2
    endloop
  endfacet
  facet normal 0 0 1
    outer loop
      vertex 8.13926 4.15884 2
      vertex 156.861 4.15884 2
      vertex 8.2222 4.57579 2
    endloop
  endfacet
  facet normal 0 0 1
    outer loop
      vertex 156.861 4.15884 2
      vertex 8.13926 4.15884 2
      vertex 156.997 3.75628 2
    endloop
  endfacet
  facet normal 0 0 1
    outer loop
      vertex 8.00261 3.75628 2
      vertex 156.997 3.75628 2
      vertex 8.13926 4.15884 2
    endloop
  endfacet
  facet normal 0 0 1
    outer loop
      vertex 156.997 3.75628 2
      vertex 8.00261 3.75628 2
      vertex 157.185 3.375 2
    endloop
  endfacet
  facet normal 0 0 1
    outer loop
      vertex 7.81458 3.375 2
      vertex 157.185 3.375 2
      vertex 8.00261 3.75628 2
    endloop
  endfacet
  facet normal 0 0 1
    outer loop
      vertex 157.185 3.375 2
      vertex 7.81458 3.375 2
      vertex 157.422 3.02152 2
    endloop
  endfacet
  facet normal 0 0 1
    outer loop
      vertex 7.5784 3.02152 2
      vertex 157.422 3.02152 2
      vertex 7.81458 3.375 2
    endloop
  endfacet
  facet normal 0 0 1
    outer loop
      vertex 157.422 3.02152 2
      vertex 7.5784 3.02152 2
      vertex 157.702 2.7019 2
    endloop
  endfacet
  facet normal 0 0 1
    outer loop
      vertex 7.2981 2.7019 2
      vertex 157.702 2.7019 2
      vertex 7.5784 3.02152 2
    endloop
  endfacet
  facet normal 0 0 1
    outer loop
      vertex 157.702 2.7019 2
      vertex 7.2981 2.7019 2
      vertex 158.022 2.4216 2
    endloop
  endfacet
  facet normal 0 0 1
    outer loop
      vertex 6.97847 2.4216 2
      vertex 158.022 2.4216 2
      vertex 7.2981 2.7019 2
    endloop
  endfacet
  facet normal 0 0 1
    outer loop
      vertex 158.022 2.4216 2
      vertex 6.97847 2.4216 2
      vertex 158.375 2.18542 2
    endloop
  endfacet
  facet normal 0 0 1
    outer loop
      vertex 6.625 2.18542 2
      vertex 158.375 2.18542 2
      vertex 6.97847 2.4216 2
    endloop
  endfacet
  facet normal 0 0 1
    outer loop
      vertex 158.375 2.18542 2
      vertex 6.625 2.18542 2
      vertex 158.756 1.99739 2
    endloop
  endfacet
  facet normal 0 0 1
    outer loop
      vertex 6.24372 1.99739 2
      vertex 158.756 1.99739 2
      vertex 6.625 2.18542 2
    endloop
  endfacet
  facet normal 0 0 1
    outer loop
      vertex 158.756 1.99739 2
      vertex 6.24372 1.99739 2
      vertex 159.159 1.86074 2
    endloop
  endfacet
  facet normal 0 0 1
    outer loop
      vertex 5.84116 1.86074 2
      vertex 159.159 1.86074 2
      vertex 6.24372 1.99739 2
    endloop
  endfacet
  facet normal 0 0 1
    outer loop
      vertex 159.159 1.86074 2
      vertex 5.84116 1.86074 2
      vertex 165 0 2
    endloop
  endfacet
  facet normal 0 0 1
    outer loop
      vertex 0 0 2
      vertex 5.84116 1.86074 2
      vertex 5.42421 1.7778 2
    endloop
  endfacet
  facet normal 0 0 1
    outer loop
      vertex 0 0 2
      vertex 5.42421 1.7778 2
      vertex 5 1.75 2
    endloop
  endfacet
  facet normal 0 0 1
    outer loop
      vertex 5.84116 1.86074 2
      vertex 0 0 2
      vertex 165 0 2
    endloop
  endfacet
  facet normal 0 0 1
    outer loop
      vertex 4.57579 1.7778 2
      vertex 0 0 2
      vertex 5 1.75 2
    endloop
  endfacet
  facet normal 0 0 1
    outer loop
      vertex 4.15884 1.86074 2
      vertex 0 0 2
      vertex 4.57579 1.7778 2
    endloop
  endfacet
  facet normal 0 0 1
    outer loop
      vertex 3.75628 1.99739 2
      vertex 0 0 2
      vertex 4.15884 1.86074 2
    endloop
  endfacet
  facet normal 0 0 1
    outer loop
      vertex 3.375 2.18542 2
      vertex 0 0 2
      vertex 3.75628 1.99739 2
    endloop
  endfacet
  facet normal 0 0 1
    outer loop
      vertex 3.02152 2.4216 2
      vertex 0 0 2
      vertex 3.375 2.18542 2
    endloop
  endfacet
  facet normal 0 0 1
    outer loop
      vertex 2.7019 2.7019 2
      vertex 0 0 2
      vertex 3.02152 2.4216 2
    endloop
  endfacet
  facet normal 0 0 1
    outer loop
      vertex 2.4216 3.02152 2
      vertex 0 0 2
      vertex 2.7019 2.7019 2
    endloop
  endfacet
  facet normal 0 0 1
    outer loop
      vertex 2.18542 3.375 2
      vertex 0 0 2
      vertex 2.4216 3.02152 2
    endloop
  endfacet
  facet normal 0 0 1
    outer loop
      vertex 1.99739 3.75628 2
      vertex 0 0 2
      vertex 2.18542 3.375 2
    endloop
  endfacet
  facet normal 0 0 1
    outer loop
      vertex 1.86074 4.15884 2
      vertex 0 0 2
      vertex 1.99739 3.75628 2
    endloop
  endfacet
  facet normal 0 0 1
    outer loop
      vertex 1.7778 4.57579 2
      vertex 0 0 2
      vertex 1.86074 4.15884 2
    endloop
  endfacet
  facet normal 0 0 1
    outer loop
      vertex 1.75 5 2
      vertex 0 0 2
      vertex 1.7778 4.57579 2
    endloop
  endfacet
  facet normal 0 0 1
    outer loop
      vertex 1.7778 5.42421 2
      vertex 0 0 2
      vertex 1.75 5 2
    endloop
  endfacet
  facet normal 0 0 -1
    outer loop
      vertex 6.53674 4.79768 2
      vertex 6.53674 5.20232 2
      vertex 6.55 5 2
    endloop
  endfacet
  facet normal 0 0 -1
    outer loop
      vertex 6.49718 4.59883 2
      vertex 6.53674 5.20232 2
      vertex 6.53674 4.79768 2
    endloop
  endfacet
  facet normal 0 0 -1
    outer loop
      vertex 6.49718 4.59883 2
      vertex 6.49718 5.40117 2
      vertex 6.53674 5.20232 2
    endloop
  endfacet
  facet normal 0 0 -1
    outer loop
      vertex 6.43201 4.40684 2
      vertex 6.49718 5.40117 2
      vertex 6.49718 4.59883 2
    endloop
  endfacet
  facet normal 0 0 -1
    outer loop
      vertex 6.43201 4.40684 2
      vertex 6.43201 5.59316 2
      vertex 6.49718 5.40117 2
    endloop
  endfacet
  facet normal 0 0 -1
    outer loop
      vertex 6.34234 4.225 2
      vertex 6.43201 5.59316 2
      vertex 6.43201 4.40684 2
    endloop
  endfacet
  facet normal 0 0 -1
    outer loop
      vertex 6.34234 4.225 2
      vertex 6.34234 5.775 2
      vertex 6.43201 5.59316 2
    endloop
  endfacet
  facet normal 0 0 -1
    outer loop
      vertex 6.2297 4.05642 2
      vertex 6.34234 5.775 2
      vertex 6.34234 4.225 2
    endloop
  endfacet
  facet normal 0 0 -1
    outer loop
      vertex 6.2297 4.05642 2
      vertex 6.2297 5.94358 2
      vertex 6.34234 5.775 2
    endloop
  endfacet
  facet normal 0 0 -1
    outer loop
      vertex 6.09601 3.90398 2
      vertex 6.2297 5.94358 2
      vertex 6.2297 4.05642 2
    endloop
  endfacet
  facet normal 0 0 -1
    outer loop
      vertex 6.09601 3.90398 2
      vertex 6.09601 6.09601 2
      vertex 6.2297 5.94358 2
    endloop
  endfacet
  facet normal 0 0 -1
    outer loop
      vertex 5.94358 3.7703 2
      vertex 6.09601 6.09601 2
      vertex 6.09601 3.90398 2
    endloop
  endfacet
  facet normal 0 0 -1
    outer loop
      vertex 5.94358 3.7703 2
      vertex 5.94358 6.2297 2
      vertex 6.09601 6.09601 2
    endloop
  endfacet
  facet normal 0 0 -1
    outer loop
      vertex 5.775 3.65766 2
      vertex 5.94358 6.2297 2
      vertex 5.94358 3.7703 2
    endloop
  endfacet
  facet normal 0 0 -1
    outer loop
      vertex 5.775 3.65766 2
      vertex 5.775 6.34234 2
      vertex 5.94358 6.2297 2
    endloop
  endfacet
  facet normal 0 0 -1
    outer loop
      vertex 5.59316 3.56799 2
      vertex 5.775 6.34234 2
      vertex 5.775 3.65766 2
    endloop
  endfacet
  facet normal 0 0 -1
    outer loop
      vertex 5.59316 3.56799 2
      vertex 5.59316 6.43201 2
      vertex 5.775 6.34234 2
    endloop
  endfacet
  facet normal 0 0 -1
    outer loop
      vertex 5.40117 3.50281 2
      vertex 5.59316 6.43201 2
      vertex 5.59316 3.56799 2
    endloop
  endfacet
  facet normal 0 0 -1
    outer loop
      vertex 5.40117 3.50281 2
      vertex 5.40117 6.49718 2
      vertex 5.59316 6.43201 2
    endloop
  endfacet
  facet normal 0 0 -1
    outer loop
      vertex 5.20232 3.46326 2
      vertex 5.40117 6.49718 2
      vertex 5.40117 3.50281 2
    endloop
  endfacet
  facet normal 0 0 -1
    outer loop
      vertex 5.20232 3.46326 2
      vertex 5.20232 6.53674 2
      vertex 5.40117 6.49718 2
    endloop
  endfacet
  facet normal 0 0 -1
    outer loop
      vertex 5 3.45 2
      vertex 5.20232 6.53674 2
      vertex 5.20232 3.46326 2
    endloop
  endfacet
  facet normal 0 0 -1
    outer loop
      vertex 5 3.45 2
      vertex 5 6.55 2
      vertex 5.20232 6.53674 2
    endloop
  endfacet
  facet normal 0 0 -1
    outer loop
      vertex 4.79768 3.46326 2
      vertex 5 6.55 2
      vertex 5 3.45 2
    endloop
  endfacet
  facet normal 0 0 -1
    outer loop
      vertex 4.79768 3.46326 2
      vertex 4.79768 6.53674 2
      vertex 5 6.55 2
    endloop
  endfacet
  facet normal 0 0 -1
    outer loop
      vertex 4.59883 3.50281 2
      vertex 4.79768 6.53674 2
      vertex 4.79768 3.46326 2
    endloop
  endfacet
  facet normal 0 0 -1
    outer loop
      vertex 4.59883 3.50281 2
      vertex 4.59883 6.49718 2
      vertex 4.79768 6.53674 2
    endloop
  endfacet
  facet normal 0 0 -1
    outer loop
      vertex 4.40684 3.56799 2
      vertex 4.59883 6.49718 2
      vertex 4.59883 3.50281 2
    endloop
  endfacet
  facet normal 0 0 -1
    outer loop
      vertex 4.40684 3.56799 2
      vertex 4.40684 6.43201 2
      vertex 4.59883 6.49718 2
    endloop
  endfacet
  facet normal 0 0 -1
    outer loop
      vertex 4.225 3.65766 2
      vertex 4.40684 6.43201 2
      vertex 4.40684 3.56799 2
    endloop
  endfacet
  facet normal 0 0 -1
    outer loop
      vertex 4.225 3.65766 2
      vertex 4.225 6.34234 2
      vertex 4.40684 6.43201 2
    endloop
  endfacet
  facet normal 0 0 -1
    outer loop
      vertex 4.05642 3.7703 2
      vertex 4.225 6.34234 2
      vertex 4.225 3.65766 2
    endloop
  endfacet
  facet normal 0 0 -1
    outer loop
      vertex 4.05642 3.7703 2
      vertex 4.05642 6.2297 2
      vertex 4.225 6.34234 2
    endloop
  endfacet
  facet normal 0 0 -1
    outer loop
      vertex 3.90398 3.90398 2
      vertex 4.05642 6.2297 2
      vertex 4.05642 3.7703 2
    endloop
  endfacet
  facet normal 0 0 -1
    outer loop
      vertex 3.90398 3.90398 2
      vertex 3.90398 6.09601 2
      vertex 4.05642 6.2297 2
    endloop
  endfacet
  facet normal 0 0 -1
    outer loop
      vertex 3.7703 4.05642 2
      vertex 3.90398 6.09601 2
      vertex 3.90398 3.90398 2
    endloop
  endfacet
  facet normal 0 0 -1
    outer loop
      vertex 3.7703 4.05642 2
      vertex 3.7703 5.94358 2
      vertex 3.90398 6.09601 2
    endloop
  endfacet
  facet normal 0 0 -1
    outer loop
      vertex 3.65766 4.225 2
      vertex 3.7703 5.94358 2
      vertex 3.7703 4.05642 2
    endloop
  endfacet
  facet normal 0 0 -1
    outer loop
      vertex 3.65766 4.225 2
      vertex 3.65766 5.775 2
      vertex 3.7703 5.94358 2
    endloop
  endfacet
  facet normal 0 0 -1
    outer loop
      vertex 3.56799 4.40684 2
      vertex 3.65766 5.775 2
      vertex 3.65766 4.225 2
    endloop
  endfacet
  facet normal 0 0 -1
    outer loop
      vertex 3.56799 4.40684 2
      vertex 3.56799 5.59316 2
      vertex 3.65766 5.775 2
    endloop
  endfacet
  facet normal 0 0 -1
    outer loop
      vertex 3.50281 4.59883 2
      vertex 3.56799 5.59316 2
      vertex 3.56799 4.40684 2
    endloop
  endfacet
  facet normal 0 0 -1
    outer loop
      vertex 3.50281 4.59883 2
      vertex 3.50281 5.40117 2
      vertex 3.56799 5.59316 2
    endloop
  endfacet
  facet normal 0 0 -1
    outer loop
      vertex 3.46326 4.79768 2
      vertex 3.50281 5.40117 2
      vertex 3.50281 4.59883 2
    endloop
  endfacet
  facet normal 0 0 -1
    outer loop
      vertex 3.46326 4.79768 2
      vertex 3.46326 5.20232 2
      vertex 3.50281 5.40117 2
    endloop
  endfacet
  facet normal 0 -0 -1
    outer loop
      vertex 3.46326 5.20232 2
      vertex 3.46326 4.79768 2
      vertex 3.45 5 2
    endloop
  endfacet
  facet normal 0 0 -1
    outer loop
      vertex 6.53674 94.7977 2
      vertex 6.53674 95.2023 2
      vertex 6.55 95 2
    endloop
  endfacet
  facet normal 0 0 -1
    outer loop
      vertex 6.49718 94.5988 2
      vertex 6.53674 95.2023 2
      vertex 6.53674 94.7977 2
    endloop
  endfacet
  facet normal 0 0 -1
    outer loop
      vertex 6.49718 94.5988 2
      vertex 6.49718 95.4012 2
      vertex 6.53674 95.2023 2
    endloop
  endfacet
  facet normal 0 0 -1
    outer loop
      vertex 6.43201 94.4068 2
      vertex 6.49718 95.4012 2
      vertex 6.49718 94.5988 2
    endloop
  endfacet
  facet normal 0 0 -1
    outer loop
      vertex 6.43201 94.4068 2
      vertex 6.43201 95.5932 2
      vertex 6.49718 95.4012 2
    endloop
  endfacet
  facet normal 0 0 -1
    outer loop
      vertex 6.34234 94.225 2
      vertex 6.43201 95.5932 2
      vertex 6.43201 94.4068 2
    endloop
  endfacet
  facet normal 0 0 -1
    outer loop
      vertex 6.34234 94.225 2
      vertex 6.34234 95.775 2
      vertex 6.43201 95.5932 2
    endloop
  endfacet
  facet normal 0 0 -1
    outer loop
      vertex 6.2297 94.0564 2
      vertex 6.34234 95.775 2
      vertex 6.34234 94.225 2
    endloop
  endfacet
  facet normal 0 0 -1
    outer loop
      vertex 6.2297 94.0564 2
      vertex 6.2297 95.9436 2
      vertex 6.34234 95.775 2
    endloop
  endfacet
  facet normal 0 0 -1
    outer loop
      vertex 6.09601 93.904 2
      vertex 6.2297 95.9436 2
      vertex 6.2297 94.0564 2
    endloop
  endfacet
  facet normal 0 0 -1
    outer loop
      vertex 6.09601 93.904 2
      vertex 6.09601 96.096 2
      vertex 6.2297 95.9436 2
    endloop
  endfacet
  facet normal 0 0 -1
    outer loop
      vertex 5.94358 93.7703 2
      vertex 6.09601 96.096 2
      vertex 6.09601 93.904 2
    endloop
  endfacet
  facet normal 0 0 -1
    outer loop
      vertex 5.94358 93.7703 2
      vertex 5.94358 96.2297 2
      vertex 6.09601 96.096 2
    endloop
  endfacet
  facet normal 0 0 -1
    outer loop
      vertex 5.775 93.6577 2
      vertex 5.94358 96.2297 2
      vertex 5.94358 93.7703 2
    endloop
  endfacet
  facet normal 0 0 -1
    outer loop
      vertex 5.775 93.6577 2
      vertex 5.775 96.3423 2
      vertex 5.94358 96.2297 2
    endloop
  endfacet
  facet normal 0 0 -1
    outer loop
      vertex 5.59316 93.568 2
      vertex 5.775 96.3423 2
      vertex 5.775 93.6577 2
    endloop
  endfacet
  facet normal 0 0 -1
    outer loop
      vertex 5.59316 93.568 2
      vertex 5.59316 96.432 2
      vertex 5.775 96.3423 2
    endloop
  endfacet
  facet normal 0 0 -1
    outer loop
      vertex 5.40117 93.5028 2
      vertex 5.59316 96.432 2
      vertex 5.59316 93.568 2
    endloop
  endfacet
  facet normal 0 0 -1
    outer loop
      vertex 5.40117 93.5028 2
      vertex 5.40117 96.4972 2
      vertex 5.59316 96.432 2
    endloop
  endfacet
  facet normal 0 0 -1
    outer loop
      vertex 5.20232 93.4633 2
      vertex 5.40117 96.4972 2
      vertex 5.40117 93.5028 2
    endloop
  endfacet
  facet normal 0 0 -1
    outer loop
      vertex 5.20232 93.4633 2
      vertex 5.20232 96.5367 2
      vertex 5.40117 96.4972 2
    endloop
  endfacet
  facet normal 0 0 -1
    outer loop
      vertex 5 93.45 2
      vertex 5.20232 96.5367 2
      vertex 5.20232 93.4633 2
    endloop
  endfacet
  facet normal 0 0 -1
    outer loop
      vertex 5 93.45 2
      vertex 5 96.55 2
      vertex 5.20232 96.5367 2
    endloop
  endfacet
  facet normal 0 0 -1
    outer loop
      vertex 4.79768 93.4633 2
      vertex 5 96.55 2
      vertex 5 93.45 2
    endloop
  endfacet
  facet normal 0 0 -1
    outer loop
      vertex 4.79768 93.4633 2
      vertex 4.79768 96.5367 2
      vertex 5 96.55 2
    endloop
  endfacet
  facet normal 0 0 -1
    outer loop
      vertex 4.59883 93.5028 2
      vertex 4.79768 96.5367 2
      vertex 4.79768 93.4633 2
    endloop
  endfacet
  facet normal 0 0 -1
    outer loop
      vertex 4.59883 93.5028 2
      vertex 4.59883 96.4972 2
      vertex 4.79768 96.5367 2
    endloop
  endfacet
  facet normal 0 0 -1
    outer loop
      vertex 4.40684 93.568 2
      vertex 4.59883 96.4972 2
      vertex 4.59883 93.5028 2
    endloop
  endfacet
  facet normal 0 0 -1
    outer loop
      vertex 4.40684 93.568 2
      vertex 4.40684 96.432 2
      vertex 4.59883 96.4972 2
    endloop
  endfacet
  facet normal 0 0 -1
    outer loop
      vertex 4.225 93.6577 2
      vertex 4.40684 96.432 2
      vertex 4.40684 93.568 2
    endloop
  endfacet
  facet normal 0 0 -1
    outer loop
      vertex 4.225 93.6577 2
      vertex 4.225 96.3423 2
      vertex 4.40684 96.432 2
    endloop
  endfacet
  facet normal 0 0 -1
    outer loop
      vertex 4.05642 93.7703 2
      vertex 4.225 96.3423 2
      vertex 4.225 93.6577 2
    endloop
  endfacet
  facet normal 0 0 -1
    outer loop
      vertex 4.05642 93.7703 2
      vertex 4.05642 96.2297 2
      vertex 4.225 96.3423 2
    endloop
  endfacet
  facet normal 0 0 -1
    outer loop
      vertex 3.90398 93.904 2
      vertex 4.05642 96.2297 2
      vertex 4.05642 93.7703 2
    endloop
  endfacet
  facet normal 0 0 -1
    outer loop
      vertex 3.90398 93.904 2
      vertex 3.90398 96.096 2
      vertex 4.05642 96.2297 2
    endloop
  endfacet
  facet normal 0 0 -1
    outer loop
      vertex 3.7703 94.0564 2
      vertex 3.90398 96.096 2
      vertex 3.90398 93.904 2
    endloop
  endfacet
  facet normal 0 0 -1
    outer loop
      vertex 3.7703 94.0564 2
      vertex 3.7703 95.9436 2
      vertex 3.90398 96.096 2
    endloop
  endfacet
  facet normal 0 0 -1
    outer loop
      vertex 3.65766 94.225 2
      vertex 3.7703 95.9436 2
      vertex 3.7703 94.0564 2
    endloop
  endfacet
  facet normal 0 0 -1
    outer loop
      vertex 3.65766 94.225 2
      vertex 3.65766 95.775 2
      vertex 3.7703 95.9436 2
    endloop
  endfacet
  facet normal 0 0 -1
    outer loop
      vertex 3.56799 94.4068 2
      vertex 3.65766 95.775 2
      vertex 3.65766 94.225 2
    endloop
  endfacet
  facet normal 0 0 -1
    outer loop
      vertex 3.56799 94.4068 2
      vertex 3.56799 95.5932 2
      vertex 3.65766 95.775 2
    endloop
  endfacet
  facet normal 0 0 -1
    outer loop
      vertex 3.50281 94.5988 2
      vertex 3.56799 95.5932 2
      vertex 3.56799 94.4068 2
    endloop
  endfacet
  facet normal 0 0 -1
    outer loop
      vertex 3.50281 94.5988 2
      vertex 3.50281 95.4012 2
      vertex 3.56799 95.5932 2
    endloop
  endfacet
  facet normal 0 0 -1
    outer loop
      vertex 3.46326 94.7977 2
      vertex 3.50281 95.4012 2
      vertex 3.50281 94.5988 2
    endloop
  endfacet
  facet normal 0 0 -1
    outer loop
      vertex 3.46326 94.7977 2
      vertex 3.46326 95.2023 2
      vertex 3.50281 95.4012 2
    endloop
  endfacet
  facet normal 0 -0 -1
    outer loop
      vertex 3.46326 95.2023 2
      vertex 3.46326 94.7977 2
      vertex 3.45 95 2
    endloop
  endfacet
  facet normal 0 0 -1
    outer loop
      vertex 161.537 4.79768 2
      vertex 161.537 5.20232 2
      vertex 161.55 5 2
    endloop
  endfacet
  facet normal 0 0 -1
    outer loop
      vertex 161.497 4.59883 2
      vertex 161.537 5.20232 2
      vertex 161.537 4.79768 2
    endloop
  endfacet
  facet normal 0 0 -1
    outer loop
      vertex 161.497 4.59883 2
      vertex 161.497 5.40117 2
      vertex 161.537 5.20232 2
    endloop
  endfacet
  facet normal 0 0 -1
    outer loop
      vertex 161.432 4.40684 2
      vertex 161.497 5.40117 2
      vertex 161.497 4.59883 2
    endloop
  endfacet
  facet normal 0 0 -1
    outer loop
      vertex 161.432 4.40684 2
      vertex 161.432 5.59316 2
      vertex 161.497 5.40117 2
    endloop
  endfacet
  facet normal 0 0 -1
    outer loop
      vertex 161.342 4.225 2
      vertex 161.432 5.59316 2
      vertex 161.432 4.40684 2
    endloop
  endfacet
  facet normal 0 0 -1
    outer loop
      vertex 161.342 4.225 2
      vertex 161.342 5.775 2
      vertex 161.432 5.59316 2
    endloop
  endfacet
  facet normal 0 0 -1
    outer loop
      vertex 161.23 4.05642 2
      vertex 161.342 5.775 2
      vertex 161.342 4.225 2
    endloop
  endfacet
  facet normal 0 0 -1
    outer loop
      vertex 161.23 4.05642 2
      vertex 161.23 5.94358 2
      vertex 161.342 5.775 2
    endloop
  endfacet
  facet normal 0 0 -1
    outer loop
      vertex 161.096 3.90398 2
      vertex 161.23 5.94358 2
      vertex 161.23 4.05642 2
    endloop
  endfacet
  facet normal 0 0 -1
    outer loop
      vertex 161.096 3.90398 2
      vertex 161.096 6.09601 2
      vertex 161.23 5.94358 2
    endloop
  endfacet
  facet normal 0 0 -1
    outer loop
      vertex 160.944 3.7703 2
      vertex 161.096 6.09601 2
      vertex 161.096 3.90398 2
    endloop
  endfacet
  facet normal 0 0 -1
    outer loop
      vertex 160.944 3.7703 2
      vertex 160.944 6.2297 2
      vertex 161.096 6.09601 2
    endloop
  endfacet
  facet normal 0 0 -1
    outer loop
      vertex 160.775 3.65766 2
      vertex 160.944 6.2297 2
      vertex 160.944 3.7703 2
    endloop
  endfacet
  facet normal 0 0 -1
    outer loop
      vertex 160.775 3.65766 2
      vertex 160.775 6.34234 2
      vertex 160.944 6.2297 2
    endloop
  endfacet
  facet normal 0 0 -1
    outer loop
      vertex 160.593 3.56799 2
      vertex 160.775 6.34234 2
      vertex 160.775 3.65766 2
    endloop
  endfacet
  facet normal 0 0 -1
    outer loop
      vertex 160.593 3.56799 2
      vertex 160.593 6.43201 2
      vertex 160.775 6.34234 2
    endloop
  endfacet
  facet normal 0 0 -1
    outer loop
      vertex 160.401 3.50281 2
      vertex 160.593 6.43201 2
      vertex 160.593 3.56799 2
    endloop
  endfacet
  facet normal 0 0 -1
    outer loop
      vertex 160.401 3.50281 2
      vertex 160.401 6.49718 2
      vertex 160.593 6.43201 2
    endloop
  endfacet
  facet normal 0 0 -1
    outer loop
      vertex 160.202 3.46326 2
      vertex 160.401 6.49718 2
      vertex 160.401 3.50281 2
    endloop
  endfacet
  facet normal 0 0 -1
    outer loop
      vertex 160.202 3.46326 2
      vertex 160.202 6.53674 2
      vertex 160.401 6.49718 2
    endloop
  endfacet
  facet normal 0 0 -1
    outer loop
      vertex 160 3.45 2
      vertex 160.202 6.53674 2
      vertex 160.202 3.46326 2
    endloop
  endfacet
  facet normal 0 0 -1
    outer loop
      vertex 160 3.45 2
      vertex 160 6.55 2
      vertex 160.202 6.53674 2
    endloop
  endfacet
  facet normal 0 0 -1
    outer loop
      vertex 159.798 3.46326 2
      vertex 160 6.55 2
      vertex 160 3.45 2
    endloop
  endfacet
  facet normal 0 0 -1
    outer loop
      vertex 159.798 3.46326 2
      vertex 159.798 6.53674 2
      vertex 160 6.55 2
    endloop
  endfacet
  facet normal 0 0 -1
    outer loop
      vertex 159.599 3.50281 2
      vertex 159.798 6.53674 2
      vertex 159.798 3.46326 2
    endloop
  endfacet
  facet normal 0 0 -1
    outer loop
      vertex 159.599 3.50281 2
      vertex 159.599 6.49718 2
      vertex 159.798 6.53674 2
    endloop
  endfacet
  facet normal 0 0 -1
    outer loop
      vertex 159.407 3.56799 2
      vertex 159.599 6.49718 2
      vertex 159.599 3.50281 2
    endloop
  endfacet
  facet normal 0 0 -1
    outer loop
      vertex 159.407 3.56799 2
      vertex 159.407 6.43201 2
      vertex 159.599 6.49718 2
    endloop
  endfacet
  facet normal 0 0 -1
    outer loop
      vertex 159.225 3.65766 2
      vertex 159.407 6.43201 2
      vertex 159.407 3.56799 2
    endloop
  endfacet
  facet normal 0 0 -1
    outer loop
      vertex 159.225 3.65766 2
      vertex 159.225 6.34234 2
      vertex 159.407 6.43201 2
    endloop
  endfacet
  facet normal 0 0 -1
    outer loop
      vertex 159.056 3.7703 2
      vertex 159.225 6.34234 2
      vertex 159.225 3.65766 2
    endloop
  endfacet
  facet normal 0 0 -1
    outer loop
      vertex 159.056 3.7703 2
      vertex 159.056 6.2297 2
      vertex 159.225 6.34234 2
    endloop
  endfacet
  facet normal 0 0 -1
    outer loop
      vertex 158.904 3.90398 2
      vertex 159.056 6.2297 2
      vertex 159.056 3.7703 2
    endloop
  endfacet
  facet normal 0 0 -1
    outer loop
      vertex 158.904 3.90398 2
      vertex 158.904 6.09601 2
      vertex 159.056 6.2297 2
    endloop
  endfacet
  facet normal 0 0 -1
    outer loop
      vertex 158.77 4.05642 2
      vertex 158.904 6.09601 2
      vertex 158.904 3.90398 2
    endloop
  endfacet
  facet normal 0 0 -1
    outer loop
      vertex 158.77 4.05642 2
      vertex 158.77 5.94358 2
      vertex 158.904 6.09601 2
    endloop
  endfacet
  facet normal 0 0 -1
    outer loop
      vertex 158.658 4.225 2
      vertex 158.77 5.94358 2
      vertex 158.77 4.05642 2
    endloop
  endfacet
  facet normal 0 0 -1
    outer loop
      vertex 158.658 4.225 2
      vertex 158.658 5.775 2
      vertex 158.77 5.94358 2
    endloop
  endfacet
  facet normal 0 0 -1
    outer loop
      vertex 158.568 4.40684 2
      vertex 158.658 5.775 2
      vertex 158.658 4.225 2
    endloop
  endfacet
  facet normal 0 0 -1
    outer loop
      vertex 158.568 4.40684 2
      vertex 158.568 5.59316 2
      vertex 158.658 5.775 2
    endloop
  endfacet
  facet normal 0 0 -1
    outer loop
      vertex 158.503 4.59883 2
      vertex 158.568 5.59316 2
      vertex 158.568 4.40684 2
    endloop
  endfacet
  facet normal 0 0 -1
    outer loop
      vertex 158.503 4.59883 2
      vertex 158.503 5.40117 2
      vertex 158.568 5.59316 2
    endloop
  endfacet
  facet normal 0 0 -1
    outer loop
      vertex 158.463 4.79768 2
      vertex 158.503 5.40117 2
      vertex 158.503 4.59883 2
    endloop
  endfacet
  facet normal 0 0 -1
    outer loop
      vertex 158.463 4.79768 2
      vertex 158.463 5.20232 2
      vertex 158.503 5.40117 2
    endloop
  endfacet
  facet normal 0 -0 -1
    outer loop
      vertex 158.463 5.20232 2
      vertex 158.463 4.79768 2
      vertex 158.45 5 2
    endloop
  endfacet
  facet normal 0 0 -1
    outer loop
      vertex 161.537 94.7977 2
      vertex 161.537 95.2023 2
      vertex 161.55 95 2
    endloop
  endfacet
  facet normal 0 0 -1
    outer loop
      vertex 161.497 94.5988 2
      vertex 161.537 95.2023 2
      vertex 161.537 94.7977 2
    endloop
  endfacet
  facet normal 0 0 -1
    outer loop
      vertex 161.497 94.5988 2
      vertex 161.497 95.4012 2
      vertex 161.537 95.2023 2
    endloop
  endfacet
  facet normal 0 0 -1
    outer loop
      vertex 161.432 94.4068 2
      vertex 161.497 95.4012 2
      vertex 161.497 94.5988 2
    endloop
  endfacet
  facet normal 0 0 -1
    outer loop
      vertex 161.432 94.4068 2
      vertex 161.432 95.5932 2
      vertex 161.497 95.4012 2
    endloop
  endfacet
  facet normal 0 0 -1
    outer loop
      vertex 161.342 94.225 2
      vertex 161.432 95.5932 2
      vertex 161.432 94.4068 2
    endloop
  endfacet
  facet normal 0 0 -1
    outer loop
      vertex 161.342 94.225 2
      vertex 161.342 95.775 2
      vertex 161.432 95.5932 2
    endloop
  endfacet
  facet normal 0 0 -1
    outer loop
      vertex 161.23 94.0564 2
      vertex 161.342 95.775 2
      vertex 161.342 94.225 2
    endloop
  endfacet
  facet normal 0 0 -1
    outer loop
      vertex 161.23 94.0564 2
      vertex 161.23 95.9436 2
      vertex 161.342 95.775 2
    endloop
  endfacet
  facet normal 0 0 -1
    outer loop
      vertex 161.096 93.904 2
      vertex 161.23 95.9436 2
      vertex 161.23 94.0564 2
    endloop
  endfacet
  facet normal 0 0 -1
    outer loop
      vertex 161.096 93.904 2
      vertex 161.096 96.096 2
      vertex 161.23 95.9436 2
    endloop
  endfacet
  facet normal 0 0 -1
    outer loop
      vertex 160.944 93.7703 2
      vertex 161.096 96.096 2
      vertex 161.096 93.904 2
    endloop
  endfacet
  facet normal 0 0 -1
    outer loop
      vertex 160.944 93.7703 2
      vertex 160.944 96.2297 2
      vertex 161.096 96.096 2
    endloop
  endfacet
  facet normal 0 0 -1
    outer loop
      vertex 160.775 93.6577 2
      vertex 160.944 96.2297 2
      vertex 160.944 93.7703 2
    endloop
  endfacet
  facet normal 0 0 -1
    outer loop
      vertex 160.775 93.6577 2
      vertex 160.775 96.3423 2
      vertex 160.944 96.2297 2
    endloop
  endfacet
  facet normal 0 0 -1
    outer loop
      vertex 160.593 93.568 2
      vertex 160.775 96.3423 2
      vertex 160.775 93.6577 2
    endloop
  endfacet
  facet normal 0 0 -1
    outer loop
      vertex 160.593 93.568 2
      vertex 160.593 96.432 2
      vertex 160.775 96.3423 2
    endloop
  endfacet
  facet normal 0 0 -1
    outer loop
      vertex 160.401 93.5028 2
      vertex 160.593 96.432 2
      vertex 160.593 93.568 2
    endloop
  endfacet
  facet normal 0 0 -1
    outer loop
      vertex 160.401 93.5028 2
      vertex 160.401 96.4972 2
      vertex 160.593 96.432 2
    endloop
  endfacet
  facet normal 0 0 -1
    outer loop
      vertex 160.202 93.4633 2
      vertex 160.401 96.4972 2
      vertex 160.401 93.5028 2
    endloop
  endfacet
  facet normal 0 0 -1
    outer loop
      vertex 160.202 93.4633 2
      vertex 160.202 96.5367 2
      vertex 160.401 96.4972 2
    endloop
  endfacet
  facet normal 0 0 -1
    outer loop
      vertex 160 93.45 2
      vertex 160.202 96.5367 2
      vertex 160.202 93.4633 2
    endloop
  endfacet
  facet normal 0 0 -1
    outer loop
      vertex 160 93.45 2
      vertex 160 96.55 2
      vertex 160.202 96.5367 2
    endloop
  endfacet
  facet normal 0 0 -1
    outer loop
      vertex 159.798 93.4633 2
      vertex 160 96.55 2
      vertex 160 93.45 2
    endloop
  endfacet
  facet normal 0 0 -1
    outer loop
      vertex 159.798 93.4633 2
      vertex 159.798 96.5367 2
      vertex 160 96.55 2
    endloop
  endfacet
  facet normal 0 0 -1
    outer loop
      vertex 159.599 93.5028 2
      vertex 159.798 96.5367 2
      vertex 159.798 93.4633 2
    endloop
  endfacet
  facet normal 0 0 -1
    outer loop
      vertex 159.599 93.5028 2
      vertex 159.599 96.4972 2
      vertex 159.798 96.5367 2
    endloop
  endfacet
  facet normal 0 0 -1
    outer loop
      vertex 159.407 93.568 2
      vertex 159.599 96.4972 2
      vertex 159.599 93.5028 2
    endloop
  endfacet
  facet normal 0 0 -1
    outer loop
      vertex 159.407 93.568 2
      vertex 159.407 96.432 2
      vertex 159.599 96.4972 2
    endloop
  endfacet
  facet normal 0 0 -1
    outer loop
      vertex 159.225 93.6577 2
      vertex 159.407 96.432 2
      vertex 159.407 93.568 2
    endloop
  endfacet
  facet normal 0 0 -1
    outer loop
      vertex 159.225 93.6577 2
      vertex 159.225 96.3423 2
      vertex 159.407 96.432 2
    endloop
  endfacet
  facet normal 0 0 -1
    outer loop
      vertex 159.056 93.7703 2
      vertex 159.225 96.3423 2
      vertex 159.225 93.6577 2
    endloop
  endfacet
  facet normal 0 0 -1
    outer loop
      vertex 159.056 93.7703 2
      vertex 159.056 96.2297 2
      vertex 159.225 96.3423 2
    endloop
  endfacet
  facet normal 0 0 -1
    outer loop
      vertex 158.904 93.904 2
      vertex 159.056 96.2297 2
      vertex 159.056 93.7703 2
    endloop
  endfacet
  facet normal 0 0 -1
    outer loop
      vertex 158.904 93.904 2
      vertex 158.904 96.096 2
      vertex 159.056 96.2297 2
    endloop
  endfacet
  facet normal 0 0 -1
    outer loop
      vertex 158.77 94.0564 2
      vertex 158.904 96.096 2
      vertex 158.904 93.904 2
    endloop
  endfacet
  facet normal 0 0 -1
    outer loop
      vertex 158.77 94.0564 2
      vertex 158.77 95.9436 2
      vertex 158.904 96.096 2
    endloop
  endfacet
  facet normal 0 0 -1
    outer loop
      vertex 158.658 94.225 2
      vertex 158.77 95.9436 2
      vertex 158.77 94.0564 2
    endloop
  endfacet
  facet normal 0 0 -1
    outer loop
      vertex 158.658 94.225 2
      vertex 158.658 95.775 2
      vertex 158.77 95.9436 2
    endloop
  endfacet
  facet normal 0 0 -1
    outer loop
      vertex 158.568 94.4068 2
      vertex 158.658 95.775 2
      vertex 158.658 94.225 2
    endloop
  endfacet
  facet normal 0 0 -1
    outer loop
      vertex 158.568 94.4068 2
      vertex 158.568 95.5932 2
      vertex 158.658 95.775 2
    endloop
  endfacet
  facet normal 0 0 -1
    outer loop
      vertex 158.503 94.5988 2
      vertex 158.568 95.5932 2
      vertex 158.568 94.4068 2
    endloop
  endfacet
  facet normal 0 0 -1
    outer loop
      vertex 158.503 94.5988 2
      vertex 158.503 95.4012 2
      vertex 158.568 95.5932 2
    endloop
  endfacet
  facet normal 0 0 -1
    outer loop
      vertex 158.463 94.7977 2
      vertex 158.503 95.4012 2
      vertex 158.503 94.5988 2
    endloop
  endfacet
  facet normal 0 0 -1
    outer loop
      vertex 158.463 94.7977 2
      vertex 158.463 95.2023 2
      vertex 158.503 95.4012 2
    endloop
  endfacet
  facet normal 0 -0 -1
    outer loop
      vertex 158.463 95.2023 2
      vertex 158.463 94.7977 2
      vertex 158.45 95 2
    endloop
  endfacet
  facet normal 0 0 -1
    outer loop
      vertex 158.568 5.59316 0
      vertex 6.43201 5.59316 0
      vertex 158.658 5.775 0
    endloop
  endfacet
  facet normal 0 0 -1
    outer loop
      vertex 158.658 94.225 0
      vertex 6.53674 94.7977 0
      vertex 6.55 95 0
    endloop
  endfacet
  facet normal 0 0 -1
    outer loop
      vertex 6.34234 5.775 0
      vertex 158.658 5.775 0
      vertex 6.43201 5.59316 0
    endloop
  endfacet
  facet normal 0 0 -1
    outer loop
      vertex 158.658 94.225 0
      vertex 6.49718 94.5988 0
      vertex 6.53674 94.7977 0
    endloop
  endfacet
  facet normal 0 0 -1
    outer loop
      vertex 158.658 5.775 0
      vertex 6.34234 5.775 0
      vertex 158.658 94.225 0
    endloop
  endfacet
  facet normal 0 0 -1
    outer loop
      vertex 158.658 94.225 0
      vertex 6.43201 94.4068 0
      vertex 6.49718 94.5988 0
    endloop
  endfacet
  facet normal 0 0 -1
    outer loop
      vertex 6.34234 94.225 0
      vertex 158.658 94.225 0
      vertex 6.34234 5.775 0
    endloop
  endfacet
  facet normal 0 0 -1
    outer loop
      vertex 158.658 94.225 0
      vertex 6.34234 94.225 0
      vertex 6.43201 94.4068 0
    endloop
  endfacet
  facet normal 0 0 -1
    outer loop
      vertex 6.2297 5.94358 0
      vertex 6.34234 94.225 0
      vertex 6.34234 5.775 0
    endloop
  endfacet
  facet normal 0 0 -1
    outer loop
      vertex 6.2297 5.94358 0
      vertex 6.2297 94.0564 0
      vertex 6.34234 94.225 0
    endloop
  endfacet
  facet normal 0 0 -1
    outer loop
      vertex 6.09601 6.09601 0
      vertex 6.2297 94.0564 0
      vertex 6.2297 5.94358 0
    endloop
  endfacet
  facet normal 0 0 -1
    outer loop
      vertex 6.09601 6.09601 0
      vertex 6.09601 93.904 0
      vertex 6.2297 94.0564 0
    endloop
  endfacet
  facet normal 0 0 -1
    outer loop
      vertex 5.94358 6.2297 0
      vertex 6.09601 93.904 0
      vertex 6.09601 6.09601 0
    endloop
  endfacet
  facet normal 0 0 -1
    outer loop
      vertex 5.94358 6.2297 0
      vertex 5.94358 93.7703 0
      vertex 6.09601 93.904 0
    endloop
  endfacet
  facet normal 0 0 -1
    outer loop
      vertex 5.775 6.34234 0
      vertex 5.94358 93.7703 0
      vertex 5.94358 6.2297 0
    endloop
  endfacet
  facet normal 0 0 -1
    outer loop
      vertex 5.775 6.34234 0
      vertex 5.775 93.6577 0
      vertex 5.94358 93.7703 0
    endloop
  endfacet
  facet normal 0 0 -1
    outer loop
      vertex 5.59316 6.43201 0
      vertex 5.775 93.6577 0
      vertex 5.775 6.34234 0
    endloop
  endfacet
  facet normal 0 0 -1
    outer loop
      vertex 5.59316 6.43201 0
      vertex 5.59316 93.568 0
      vertex 5.775 93.6577 0
    endloop
  endfacet
  facet normal 0 0 -1
    outer loop
      vertex 5.40117 6.49718 0
      vertex 5.59316 93.568 0
      vertex 5.59316 6.43201 0
    endloop
  endfacet
  facet normal 0 0 -1
    outer loop
      vertex 5.40117 6.49718 0
      vertex 5.40117 93.5028 0
      vertex 5.59316 93.568 0
    endloop
  endfacet
  facet normal 0 0 -1
    outer loop
      vertex 5.20232 6.53674 0
      vertex 5.40117 93.5028 0
      vertex 5.40117 6.49718 0
    endloop
  endfacet
  facet normal 0 0 -1
    outer loop
      vertex 5.20232 6.53674 0
      vertex 5.20232 93.4633 0
      vertex 5.40117 93.5028 0
    endloop
  endfacet
  facet normal 0 0 -1
    outer loop
      vertex 5 6.55 0
      vertex 5.20232 93.4633 0
      vertex 5.20232 6.53674 0
    endloop
  endfacet
  facet normal 0 0 -1
    outer loop
      vertex 5 6.55 0
      vertex 5 93.45 0
      vertex 5.20232 93.4633 0
    endloop
  endfacet
  facet normal 0 0 -1
    outer loop
      vertex 4.79768 6.53674 0
      vertex 5 93.45 0
      vertex 5 6.55 0
    endloop
  endfacet
  facet normal 0 0 -1
    outer loop
      vertex 4.79768 6.53674 0
      vertex 4.79768 93.4633 0
      vertex 5 93.45 0
    endloop
  endfacet
  facet normal 0 0 -1
    outer loop
      vertex 4.59883 6.49718 0
      vertex 4.79768 93.4633 0
      vertex 4.79768 6.53674 0
    endloop
  endfacet
  facet normal 0 0 -1
    outer loop
      vertex 4.59883 6.49718 0
      vertex 4.59883 93.5028 0
      vertex 4.79768 93.4633 0
    endloop
  endfacet
  facet normal 0 0 -1
    outer loop
      vertex 4.40684 6.43201 0
      vertex 4.59883 93.5028 0
      vertex 4.59883 6.49718 0
    endloop
  endfacet
  facet normal 0 0 -1
    outer loop
      vertex 4.40684 6.43201 0
      vertex 4.40684 93.568 0
      vertex 4.59883 93.5028 0
    endloop
  endfacet
  facet normal 0 0 -1
    outer loop
      vertex 4.225 6.34234 0
      vertex 4.40684 93.568 0
      vertex 4.40684 6.43201 0
    endloop
  endfacet
  facet normal 0 0 -1
    outer loop
      vertex 4.225 6.34234 0
      vertex 4.225 93.6577 0
      vertex 4.40684 93.568 0
    endloop
  endfacet
  facet normal 0 0 -1
    outer loop
      vertex 4.05642 6.2297 0
      vertex 4.225 93.6577 0
      vertex 4.225 6.34234 0
    endloop
  endfacet
  facet normal 0 0 -1
    outer loop
      vertex 4.05642 6.2297 0
      vertex 4.05642 93.7703 0
      vertex 4.225 93.6577 0
    endloop
  endfacet
  facet normal 0 0 -1
    outer loop
      vertex 3.90398 6.09601 0
      vertex 4.05642 93.7703 0
      vertex 4.05642 6.2297 0
    endloop
  endfacet
  facet normal 0 0 -1
    outer loop
      vertex 3.90398 6.09601 0
      vertex 3.90398 93.904 0
      vertex 4.05642 93.7703 0
    endloop
  endfacet
  facet normal 0 0 -1
    outer loop
      vertex 3.7703 5.94358 0
      vertex 3.90398 93.904 0
      vertex 3.90398 6.09601 0
    endloop
  endfacet
  facet normal 0 0 -1
    outer loop
      vertex 3.7703 5.94358 0
      vertex 3.7703 94.0564 0
      vertex 3.90398 93.904 0
    endloop
  endfacet
  facet normal 0 0 -1
    outer loop
      vertex 3.65766 5.775 0
      vertex 3.7703 94.0564 0
      vertex 3.7703 5.94358 0
    endloop
  endfacet
  facet normal 0 0 -1
    outer loop
      vertex 3.65766 5.775 0
      vertex 3.65766 94.225 0
      vertex 3.7703 94.0564 0
    endloop
  endfacet
  facet normal 0 0 -1
    outer loop
      vertex 0 0 0
      vertex 3.65766 5.775 0
      vertex 3.56799 5.59316 0
    endloop
  endfacet
  facet normal -0 0 -1
    outer loop
      vertex 3.65766 5.775 0
      vertex 0 0 0
      vertex 3.65766 94.225 0
    endloop
  endfacet
  facet normal 0 0 -1
    outer loop
      vertex 0 0 0
      vertex 3.56799 5.59316 0
      vertex 3.50281 5.40117 0
    endloop
  endfacet
  facet normal 0 0 -1
    outer loop
      vertex 0 100 0
      vertex 3.65766 94.225 0
      vertex 0 0 0
    endloop
  endfacet
  facet normal 0 0 -1
    outer loop
      vertex 0 0 0
      vertex 3.50281 5.40117 0
      vertex 3.46326 5.20232 0
    endloop
  endfacet
  facet normal 0 0 -1
    outer loop
      vertex 3.65766 94.225 0
      vertex 0 100 0
      vertex 3.56799 94.4068 0
    endloop
  endfacet
  facet normal 0 0 -1
    outer loop
      vertex 0 0 0
      vertex 3.46326 5.20232 0
      vertex 3.45 5 0
    endloop
  endfacet
  facet normal 0 0 -1
    outer loop
      vertex 3.56799 94.4068 0
      vertex 0 100 0
      vertex 3.50281 94.5988 0
    endloop
  endfacet
  facet normal 0 0 -1
    outer loop
      vertex 161.432 5.59316 0
      vertex 165 0 0
      vertex 161.497 5.40117 0
    endloop
  endfacet
  facet normal 0 0 -1
    outer loop
      vertex 165 100 0
      vertex 161.537 94.7977 0
      vertex 161.55 95 0
    endloop
  endfacet
  facet normal 0 0 -1
    outer loop
      vertex 161.342 5.775 0
      vertex 165 0 0
      vertex 161.432 5.59316 0
    endloop
  endfacet
  facet normal 0 0 -1
    outer loop
      vertex 165 100 0
      vertex 161.497 94.5988 0
      vertex 161.537 94.7977 0
    endloop
  endfacet
  facet normal 0 0 -1
    outer loop
      vertex 165 0 0
      vertex 161.342 5.775 0
      vertex 165 100 0
    endloop
  endfacet
  facet normal 0 0 -1
    outer loop
      vertex 165 100 0
      vertex 161.432 94.4068 0
      vertex 161.497 94.5988 0
    endloop
  endfacet
  facet normal 0 0 -1
    outer loop
      vertex 161.342 94.225 0
      vertex 165 100 0
      vertex 161.342 5.775 0
    endloop
  endfacet
  facet normal 0 0 -1
    outer loop
      vertex 165 100 0
      vertex 161.342 94.225 0
      vertex 161.432 94.4068 0
    endloop
  endfacet
  facet normal 0 0 -1
    outer loop
      vertex 161.23 5.94358 0
      vertex 161.342 94.225 0
      vertex 161.342 5.775 0
    endloop
  endfacet
  facet normal 0 0 -1
    outer loop
      vertex 161.23 5.94358 0
      vertex 161.23 94.0564 0
      vertex 161.342 94.225 0
    endloop
  endfacet
  facet normal 0 0 -1
    outer loop
      vertex 161.096 6.09601 0
      vertex 161.23 94.0564 0
      vertex 161.23 5.94358 0
    endloop
  endfacet
  facet normal 0 0 -1
    outer loop
      vertex 161.096 6.09601 0
      vertex 161.096 93.904 0
      vertex 161.23 94.0564 0
    endloop
  endfacet
  facet normal 0 0 -1
    outer loop
      vertex 160.944 6.2297 0
      vertex 161.096 93.904 0
      vertex 161.096 6.09601 0
    endloop
  endfacet
  facet normal 0 0 -1
    outer loop
      vertex 160.944 6.2297 0
      vertex 160.944 93.7703 0
      vertex 161.096 93.904 0
    endloop
  endfacet
  facet normal 0 0 -1
    outer loop
      vertex 160.775 6.34234 0
      vertex 160.944 93.7703 0
      vertex 160.944 6.2297 0
    endloop
  endfacet
  facet normal 0 0 -1
    outer loop
      vertex 160.775 6.34234 0
      vertex 160.775 93.6577 0
      vertex 160.944 93.7703 0
    endloop
  endfacet
  facet normal 0 0 -1
    outer loop
      vertex 160.593 6.43201 0
      vertex 160.775 93.6577 0
      vertex 160.775 6.34234 0
    endloop
  endfacet
  facet normal 0 0 -1
    outer loop
      vertex 160.593 6.43201 0
      vertex 160.593 93.568 0
      vertex 160.775 93.6577 0
    endloop
  endfacet
  facet normal 0 0 -1
    outer loop
      vertex 160.401 6.49718 0
      vertex 160.593 93.568 0
      vertex 160.593 6.43201 0
    endloop
  endfacet
  facet normal 0 0 -1
    outer loop
      vertex 160.401 6.49718 0
      vertex 160.401 93.5028 0
      vertex 160.593 93.568 0
    endloop
  endfacet
  facet normal 0 0 -1
    outer loop
      vertex 160.202 6.53674 0
      vertex 160.401 93.5028 0
      vertex 160.401 6.49718 0
    endloop
  endfacet
  facet normal 0 0 -1
    outer loop
      vertex 160.202 6.53674 0
      vertex 160.202 93.4633 0
      vertex 160.401 93.5028 0
    endloop
  endfacet
  facet normal 0 0 -1
    outer loop
      vertex 160 6.55 0
      vertex 160.202 93.4633 0
      vertex 160.202 6.53674 0
    endloop
  endfacet
  facet normal 0 0 -1
    outer loop
      vertex 160 6.55 0
      vertex 160 93.45 0
      vertex 160.202 93.4633 0
    endloop
  endfacet
  facet normal 0 0 -1
    outer loop
      vertex 159.798 6.53674 0
      vertex 160 93.45 0
      vertex 160 6.55 0
    endloop
  endfacet
  facet normal 0 0 -1
    outer loop
      vertex 159.798 6.53674 0
      vertex 159.798 93.4633 0
      vertex 160 93.45 0
    endloop
  endfacet
  facet normal 0 0 -1
    outer loop
      vertex 159.599 6.49718 0
      vertex 159.798 93.4633 0
      vertex 159.798 6.53674 0
    endloop
  endfacet
  facet normal 0 0 -1
    outer loop
      vertex 159.599 6.49718 0
      vertex 159.599 93.5028 0
      vertex 159.798 93.4633 0
    endloop
  endfacet
  facet normal 0 0 -1
    outer loop
      vertex 159.407 6.43201 0
      vertex 159.599 93.5028 0
      vertex 159.599 6.49718 0
    endloop
  endfacet
  facet normal 0 0 -1
    outer loop
      vertex 159.407 6.43201 0
      vertex 159.407 93.568 0
      vertex 159.599 93.5028 0
    endloop
  endfacet
  facet normal 0 0 -1
    outer loop
      vertex 159.225 6.34234 0
      vertex 159.407 93.568 0
      vertex 159.407 6.43201 0
    endloop
  endfacet
  facet normal 0 0 -1
    outer loop
      vertex 159.225 6.34234 0
      vertex 159.225 93.6577 0
      vertex 159.407 93.568 0
    endloop
  endfacet
  facet normal 0 0 -1
    outer loop
      vertex 159.056 6.2297 0
      vertex 159.225 93.6577 0
      vertex 159.225 6.34234 0
    endloop
  endfacet
  facet normal 0 0 -1
    outer loop
      vertex 159.056 6.2297 0
      vertex 159.056 93.7703 0
      vertex 159.225 93.6577 0
    endloop
  endfacet
  facet normal 0 0 -1
    outer loop
      vertex 158.904 6.09601 0
      vertex 159.056 93.7703 0
      vertex 159.056 6.2297 0
    endloop
  endfacet
  facet normal 0 0 -1
    outer loop
      vertex 158.904 6.09601 0
      vertex 158.904 93.904 0
      vertex 159.056 93.7703 0
    endloop
  endfacet
  facet normal 0 0 -1
    outer loop
      vertex 158.77 5.94358 0
      vertex 158.904 93.904 0
      vertex 158.904 6.09601 0
    endloop
  endfacet
  facet normal 0 0 -1
    outer loop
      vertex 158.77 5.94358 0
      vertex 158.77 94.0564 0
      vertex 158.904 93.904 0
    endloop
  endfacet
  facet normal 0 0 -1
    outer loop
      vertex 158.658 5.775 0
      vertex 158.77 94.0564 0
      vertex 158.77 5.94358 0
    endloop
  endfacet
  facet normal 0 0 -1
    outer loop
      vertex 158.658 5.775 0
      vertex 158.658 94.225 0
      vertex 158.77 94.0564 0
    endloop
  endfacet
  facet normal 0 0 -1
    outer loop
      vertex 6.49718 5.40117 0
      vertex 158.503 5.40117 0
      vertex 6.53674 5.20232 0
    endloop
  endfacet
  facet normal 0 0 -1
    outer loop
      vertex 158.503 5.40117 0
      vertex 6.49718 5.40117 0
      vertex 158.568 5.59316 0
    endloop
  endfacet
  facet normal 0 0 -1
    outer loop
      vertex 158.463 5.20232 0
      vertex 6.53674 5.20232 0
      vertex 158.503 5.40117 0
    endloop
  endfacet
  facet normal 0 0 -1
    outer loop
      vertex 6.43201 5.59316 0
      vertex 158.568 5.59316 0
      vertex 6.49718 5.40117 0
    endloop
  endfacet
  facet normal 0 0 -1
    outer loop
      vertex 6.53674 5.20232 0
      vertex 158.463 5.20232 0
      vertex 6.55 5 0
    endloop
  endfacet
  facet normal 0 0 -1
    outer loop
      vertex 158.658 94.225 0
      vertex 6.55 95 0
      vertex 158.568 94.4068 0
    endloop
  endfacet
  facet normal 0 0 -1
    outer loop
      vertex 6.55 5 0
      vertex 158.463 5.20232 0
      vertex 158.45 5 0
    endloop
  endfacet
  facet normal 0 0 -1
    outer loop
      vertex 158.568 94.4068 0
      vertex 6.55 95 0
      vertex 158.503 94.5988 0
    endloop
  endfacet
  facet normal 0 0 -1
    outer loop
      vertex 161.537 5.20232 0
      vertex 165 0 0
      vertex 161.55 5 0
    endloop
  endfacet
  facet normal 0 0 -1
    outer loop
      vertex 165 0 0
      vertex 161.537 4.79768 0
      vertex 161.55 5 0
    endloop
  endfacet
  facet normal 0 0 -1
    outer loop
      vertex 165 0 0
      vertex 161.497 4.59883 0
      vertex 161.537 4.79768 0
    endloop
  endfacet
  facet normal 0 0 -1
    outer loop
      vertex 165 0 0
      vertex 161.432 4.40684 0
      vertex 161.497 4.59883 0
    endloop
  endfacet
  facet normal 0 0 -1
    outer loop
      vertex 165 0 0
      vertex 161.342 4.225 0
      vertex 161.432 4.40684 0
    endloop
  endfacet
  facet normal 0 0 -1
    outer loop
      vertex 165 0 0
      vertex 161.23 4.05642 0
      vertex 161.342 4.225 0
    endloop
  endfacet
  facet normal 0 0 -1
    outer loop
      vertex 165 0 0
      vertex 161.096 3.90398 0
      vertex 161.23 4.05642 0
    endloop
  endfacet
  facet normal 0 0 -1
    outer loop
      vertex 165 0 0
      vertex 160.944 3.7703 0
      vertex 161.096 3.90398 0
    endloop
  endfacet
  facet normal 0 0 -1
    outer loop
      vertex 165 0 0
      vertex 160.775 3.65766 0
      vertex 160.944 3.7703 0
    endloop
  endfacet
  facet normal 0 0 -1
    outer loop
      vertex 165 0 0
      vertex 160.593 3.56799 0
      vertex 160.775 3.65766 0
    endloop
  endfacet
  facet normal 0 0 -1
    outer loop
      vertex 165 0 0
      vertex 160.401 3.50281 0
      vertex 160.593 3.56799 0
    endloop
  endfacet
  facet normal 0 0 -1
    outer loop
      vertex 165 0 0
      vertex 160.202 3.46326 0
      vertex 160.401 3.50281 0
    endloop
  endfacet
  facet normal 0 0 -1
    outer loop
      vertex 165 0 0
      vertex 160 3.45 0
      vertex 160.202 3.46326 0
    endloop
  endfacet
  facet normal 0 0 -1
    outer loop
      vertex 165 0 0
      vertex 159.798 3.46326 0
      vertex 160 3.45 0
    endloop
  endfacet
  facet normal 0 0 -1
    outer loop
      vertex 165 0 0
      vertex 159.599 3.50281 0
      vertex 159.798 3.46326 0
    endloop
  endfacet
  facet normal 0 0 -1
    outer loop
      vertex 165 0 0
      vertex 159.407 3.56799 0
      vertex 159.599 3.50281 0
    endloop
  endfacet
  facet normal 0 0 -1
    outer loop
      vertex 165 0 0
      vertex 159.225 3.65766 0
      vertex 159.407 3.56799 0
    endloop
  endfacet
  facet normal 0 0 -1
    outer loop
      vertex 158.503 94.5988 0
      vertex 6.55 95 0
      vertex 158.463 94.7977 0
    endloop
  endfacet
  facet normal 0 0 -1
    outer loop
      vertex 158.463 4.79768 0
      vertex 6.55 5 0
      vertex 158.45 5 0
    endloop
  endfacet
  facet normal 0 0 -1
    outer loop
      vertex 6.53674 4.79768 0
      vertex 158.463 4.79768 0
      vertex 158.503 4.59883 0
    endloop
  endfacet
  facet normal 0 0 -1
    outer loop
      vertex 6.49718 4.59883 0
      vertex 158.503 4.59883 0
      vertex 158.568 4.40684 0
    endloop
  endfacet
  facet normal 0 0 -1
    outer loop
      vertex 6.43201 4.40684 0
      vertex 158.568 4.40684 0
      vertex 158.658 4.225 0
    endloop
  endfacet
  facet normal 0 0 -1
    outer loop
      vertex 6.34234 4.225 0
      vertex 158.658 4.225 0
      vertex 158.77 4.05642 0
    endloop
  endfacet
  facet normal 0 0 -1
    outer loop
      vertex 6.2297 4.05642 0
      vertex 158.77 4.05642 0
      vertex 158.904 3.90398 0
    endloop
  endfacet
  facet normal 0 0 -1
    outer loop
      vertex 6.09601 3.90398 0
      vertex 158.904 3.90398 0
      vertex 159.056 3.7703 0
    endloop
  endfacet
  facet normal 0 0 -1
    outer loop
      vertex 5.94358 3.7703 0
      vertex 159.056 3.7703 0
      vertex 159.225 3.65766 0
    endloop
  endfacet
  facet normal 0 0 -1
    outer loop
      vertex 5.775 3.65766 0
      vertex 159.225 3.65766 0
      vertex 165 0 0
    endloop
  endfacet
  facet normal 0 0 -1
    outer loop
      vertex 158.463 4.79768 0
      vertex 6.53674 4.79768 0
      vertex 6.55 5 0
    endloop
  endfacet
  facet normal 0 0 -1
    outer loop
      vertex 158.503 4.59883 0
      vertex 6.49718 4.59883 0
      vertex 6.53674 4.79768 0
    endloop
  endfacet
  facet normal 0 0 -1
    outer loop
      vertex 158.568 4.40684 0
      vertex 6.43201 4.40684 0
      vertex 6.49718 4.59883 0
    endloop
  endfacet
  facet normal 0 0 -1
    outer loop
      vertex 158.658 4.225 0
      vertex 6.34234 4.225 0
      vertex 6.43201 4.40684 0
    endloop
  endfacet
  facet normal 0 0 -1
    outer loop
      vertex 158.77 4.05642 0
      vertex 6.2297 4.05642 0
      vertex 6.34234 4.225 0
    endloop
  endfacet
  facet normal 0 0 -1
    outer loop
      vertex 158.904 3.90398 0
      vertex 6.09601 3.90398 0
      vertex 6.2297 4.05642 0
    endloop
  endfacet
  facet normal 0 0 -1
    outer loop
      vertex 159.056 3.7703 0
      vertex 5.94358 3.7703 0
      vertex 6.09601 3.90398 0
    endloop
  endfacet
  facet normal 0 0 -1
    outer loop
      vertex 159.225 3.65766 0
      vertex 5.775 3.65766 0
      vertex 5.94358 3.7703 0
    endloop
  endfacet
  facet normal 0 0 -1
    outer loop
      vertex 0 0 0
      vertex 5.775 3.65766 0
      vertex 165 0 0
    endloop
  endfacet
  facet normal 0 0 -1
    outer loop
      vertex 5.775 3.65766 0
      vertex 0 0 0
      vertex 5.59316 3.56799 0
    endloop
  endfacet
  facet normal 0 0 -1
    outer loop
      vertex 5.59316 3.56799 0
      vertex 0 0 0
      vertex 5.40117 3.50281 0
    endloop
  endfacet
  facet normal 0 0 -1
    outer loop
      vertex 5.40117 3.50281 0
      vertex 0 0 0
      vertex 5.20232 3.46326 0
    endloop
  endfacet
  facet normal 0 0 -1
    outer loop
      vertex 3.50281 94.5988 0
      vertex 0 100 0
      vertex 3.46326 94.7977 0
    endloop
  endfacet
  facet normal -0 0 -1
    outer loop
      vertex 3.46326 4.79768 0
      vertex 0 0 0
      vertex 3.45 5 0
    endloop
  endfacet
  facet normal -0 0 -1
    outer loop
      vertex 3.50281 4.59883 0
      vertex 0 0 0
      vertex 3.46326 4.79768 0
    endloop
  endfacet
  facet normal -0 0 -1
    outer loop
      vertex 3.56799 4.40684 0
      vertex 0 0 0
      vertex 3.50281 4.59883 0
    endloop
  endfacet
  facet normal -0 0 -1
    outer loop
      vertex 3.65766 4.225 0
      vertex 0 0 0
      vertex 3.56799 4.40684 0
    endloop
  endfacet
  facet normal -0 0 -1
    outer loop
      vertex 3.7703 4.05642 0
      vertex 0 0 0
      vertex 3.65766 4.225 0
    endloop
  endfacet
  facet normal -0 0 -1
    outer loop
      vertex 3.90398 3.90398 0
      vertex 0 0 0
      vertex 3.7703 4.05642 0
    endloop
  endfacet
  facet normal -0 0 -1
    outer loop
      vertex 4.05642 3.7703 0
      vertex 0 0 0
      vertex 3.90398 3.90398 0
    endloop
  endfacet
  facet normal -0 0 -1
    outer loop
      vertex 4.225 3.65766 0
      vertex 0 0 0
      vertex 4.05642 3.7703 0
    endloop
  endfacet
  facet normal -0 0 -1
    outer loop
      vertex 4.40684 3.56799 0
      vertex 0 0 0
      vertex 4.225 3.65766 0
    endloop
  endfacet
  facet normal -0 0 -1
    outer loop
      vertex 4.59883 3.50281 0
      vertex 0 0 0
      vertex 4.40684 3.56799 0
    endloop
  endfacet
  facet normal -0 0 -1
    outer loop
      vertex 4.79768 3.46326 0
      vertex 0 0 0
      vertex 4.59883 3.50281 0
    endloop
  endfacet
  facet normal -0 0 -1
    outer loop
      vertex 5 3.45 0
      vertex 0 0 0
      vertex 4.79768 3.46326 0
    endloop
  endfacet
  facet normal 0 0 -1
    outer loop
      vertex 5.20232 3.46326 0
      vertex 0 0 0
      vertex 5 3.45 0
    endloop
  endfacet
  facet normal 0 0 -1
    outer loop
      vertex 161.497 5.40117 0
      vertex 165 0 0
      vertex 161.537 5.20232 0
    endloop
  endfacet
  facet normal 0 0 -1
    outer loop
      vertex 161.537 95.2023 0
      vertex 165 100 0
      vertex 161.55 95 0
    endloop
  endfacet
  facet normal 0 0 -1
    outer loop
      vertex 161.497 95.4012 0
      vertex 165 100 0
      vertex 161.537 95.2023 0
    endloop
  endfacet
  facet normal 0 0 -1
    outer loop
      vertex 161.432 95.5932 0
      vertex 165 100 0
      vertex 161.497 95.4012 0
    endloop
  endfacet
  facet normal 0 0 -1
    outer loop
      vertex 161.342 95.775 0
      vertex 165 100 0
      vertex 161.432 95.5932 0
    endloop
  endfacet
  facet normal 0 0 -1
    outer loop
      vertex 161.23 95.9436 0
      vertex 165 100 0
      vertex 161.342 95.775 0
    endloop
  endfacet
  facet normal 0 0 -1
    outer loop
      vertex 161.096 96.096 0
      vertex 165 100 0
      vertex 161.23 95.9436 0
    endloop
  endfacet
  facet normal 0 0 -1
    outer loop
      vertex 160.944 96.2297 0
      vertex 165 100 0
      vertex 161.096 96.096 0
    endloop
  endfacet
  facet normal 0 0 -1
    outer loop
      vertex 160.775 96.3423 0
      vertex 165 100 0
      vertex 160.944 96.2297 0
    endloop
  endfacet
  facet normal 0 0 -1
    outer loop
      vertex 160.593 96.432 0
      vertex 165 100 0
      vertex 160.775 96.3423 0
    endloop
  endfacet
  facet normal 0 0 -1
    outer loop
      vertex 160.401 96.4972 0
      vertex 165 100 0
      vertex 160.593 96.432 0
    endloop
  endfacet
  facet normal 0 0 -1
    outer loop
      vertex 160.202 96.5367 0
      vertex 165 100 0
      vertex 160.401 96.4972 0
    endloop
  endfacet
  facet normal 0 0 -1
    outer loop
      vertex 160 96.55 0
      vertex 165 100 0
      vertex 160.202 96.5367 0
    endloop
  endfacet
  facet normal 0 0 -1
    outer loop
      vertex 159.798 96.5367 0
      vertex 165 100 0
      vertex 160 96.55 0
    endloop
  endfacet
  facet normal 0 0 -1
    outer loop
      vertex 159.599 96.4972 0
      vertex 165 100 0
      vertex 159.798 96.5367 0
    endloop
  endfacet
  facet normal 0 0 -1
    outer loop
      vertex 159.407 96.432 0
      vertex 165 100 0
      vertex 159.599 96.4972 0
    endloop
  endfacet
  facet normal 0 0 -1
    outer loop
      vertex 159.225 96.3423 0
      vertex 165 100 0
      vertex 159.407 96.432 0
    endloop
  endfacet
  facet normal 0 0 -1
    outer loop
      vertex 158.463 94.7977 0
      vertex 6.55 95 0
      vertex 158.45 95 0
    endloop
  endfacet
  facet normal 0 0 -1
    outer loop
      vertex 158.45 95 0
      vertex 6.55 95 0
      vertex 158.463 95.2023 0
    endloop
  endfacet
  facet normal 0 0 -1
    outer loop
      vertex 6.53674 95.2023 0
      vertex 158.463 95.2023 0
      vertex 6.55 95 0
    endloop
  endfacet
  facet normal 0 0 -1
    outer loop
      vertex 158.463 95.2023 0
      vertex 6.53674 95.2023 0
      vertex 158.503 95.4012 0
    endloop
  endfacet
  facet normal 0 0 -1
    outer loop
      vertex 6.49718 95.4012 0
      vertex 158.503 95.4012 0
      vertex 6.53674 95.2023 0
    endloop
  endfacet
  facet normal 0 0 -1
    outer loop
      vertex 158.503 95.4012 0
      vertex 6.49718 95.4012 0
      vertex 158.568 95.5932 0
    endloop
  endfacet
  facet normal 0 0 -1
    outer loop
      vertex 6.43201 95.5932 0
      vertex 158.568 95.5932 0
      vertex 6.49718 95.4012 0
    endloop
  endfacet
  facet normal 0 0 -1
    outer loop
      vertex 158.568 95.5932 0
      vertex 6.43201 95.5932 0
      vertex 158.658 95.775 0
    endloop
  endfacet
  facet normal 0 0 -1
    outer loop
      vertex 6.34234 95.775 0
      vertex 158.658 95.775 0
      vertex 6.43201 95.5932 0
    endloop
  endfacet
  facet normal 0 0 -1
    outer loop
      vertex 158.658 95.775 0
      vertex 6.34234 95.775 0
      vertex 158.77 95.9436 0
    endloop
  endfacet
  facet normal 0 0 -1
    outer loop
      vertex 6.2297 95.9436 0
      vertex 158.77 95.9436 0
      vertex 6.34234 95.775 0
    endloop
  endfacet
  facet normal 0 0 -1
    outer loop
      vertex 158.77 95.9436 0
      vertex 6.2297 95.9436 0
      vertex 158.904 96.096 0
    endloop
  endfacet
  facet normal 0 0 -1
    outer loop
      vertex 6.09601 96.096 0
      vertex 158.904 96.096 0
      vertex 6.2297 95.9436 0
    endloop
  endfacet
  facet normal 0 0 -1
    outer loop
      vertex 158.904 96.096 0
      vertex 6.09601 96.096 0
      vertex 159.056 96.2297 0
    endloop
  endfacet
  facet normal 0 0 -1
    outer loop
      vertex 5.94358 96.2297 0
      vertex 159.056 96.2297 0
      vertex 6.09601 96.096 0
    endloop
  endfacet
  facet normal 0 0 -1
    outer loop
      vertex 159.056 96.2297 0
      vertex 5.94358 96.2297 0
      vertex 159.225 96.3423 0
    endloop
  endfacet
  facet normal 0 0 -1
    outer loop
      vertex 5.775 96.3423 0
      vertex 159.225 96.3423 0
      vertex 5.94358 96.2297 0
    endloop
  endfacet
  facet normal 0 0 -1
    outer loop
      vertex 159.225 96.3423 0
      vertex 5.775 96.3423 0
      vertex 165 100 0
    endloop
  endfacet
  facet normal 0 0 -1
    outer loop
      vertex 0 100 0
      vertex 5.775 96.3423 0
      vertex 5.59316 96.432 0
    endloop
  endfacet
  facet normal 0 0 -1
    outer loop
      vertex 0 100 0
      vertex 5.59316 96.432 0
      vertex 5.40117 96.4972 0
    endloop
  endfacet
  facet normal 0 0 -1
    outer loop
      vertex 0 100 0
      vertex 5.40117 96.4972 0
      vertex 5.20232 96.5367 0
    endloop
  endfacet
  facet normal 0 0 -1
    outer loop
      vertex 0 100 0
      vertex 5.20232 96.5367 0
      vertex 5 96.55 0
    endloop
  endfacet
  facet normal 0 0 -1
    outer loop
      vertex 5.775 96.3423 0
      vertex 0 100 0
      vertex 165 100 0
    endloop
  endfacet
  facet normal 0 0 -1
    outer loop
      vertex 4.79768 96.5367 0
      vertex 0 100 0
      vertex 5 96.55 0
    endloop
  endfacet
  facet normal 0 0 -1
    outer loop
      vertex 4.59883 96.4972 0
      vertex 0 100 0
      vertex 4.79768 96.5367 0
    endloop
  endfacet
  facet normal 0 0 -1
    outer loop
      vertex 4.40684 96.432 0
      vertex 0 100 0
      vertex 4.59883 96.4972 0
    endloop
  endfacet
  facet normal 0 0 -1
    outer loop
      vertex 4.225 96.3423 0
      vertex 0 100 0
      vertex 4.40684 96.432 0
    endloop
  endfacet
  facet normal 0 0 -1
    outer loop
      vertex 4.05642 96.2297 0
      vertex 0 100 0
      vertex 4.225 96.3423 0
    endloop
  endfacet
  facet normal 0 0 -1
    outer loop
      vertex 3.90398 96.096 0
      vertex 0 100 0
      vertex 4.05642 96.2297 0
    endloop
  endfacet
  facet normal 0 0 -1
    outer loop
      vertex 3.7703 95.9436 0
      vertex 0 100 0
      vertex 3.90398 96.096 0
    endloop
  endfacet
  facet normal 0 0 -1
    outer loop
      vertex 3.65766 95.775 0
      vertex 0 100 0
      vertex 3.7703 95.9436 0
    endloop
  endfacet
  facet normal 0 0 -1
    outer loop
      vertex 3.56799 95.5932 0
      vertex 0 100 0
      vertex 3.65766 95.775 0
    endloop
  endfacet
  facet normal 0 0 -1
    outer loop
      vertex 3.50281 95.4012 0
      vertex 0 100 0
      vertex 3.56799 95.5932 0
    endloop
  endfacet
  facet normal 0 0 -1
    outer loop
      vertex 3.46326 95.2023 0
      vertex 0 100 0
      vertex 3.50281 95.4012 0
    endloop
  endfacet
  facet normal 0 0 -1
    outer loop
      vertex 3.45 95 0
      vertex 0 100 0
      vertex 3.46326 95.2023 0
    endloop
  endfacet
  facet normal 0 0 -1
    outer loop
      vertex 3.46326 94.7977 0
      vertex 0 100 0
      vertex 3.45 95 0
    endloop
  endfacet
  facet normal -1 0 0
    outer loop
      vertex 0 0 0
      vertex 0 100 2
      vertex 0 100 0
    endloop
  endfacet
  facet normal -1 -0 0
    outer loop
      vertex 0 100 2
      vertex 0 0 0
      vertex 0 0 2
    endloop
  endfacet
  facet normal 0 1 -0
    outer loop
      vertex 165 100 0
      vertex 0 100 2
      vertex 165 100 2
    endloop
  endfacet
  facet normal 0 1 0
    outer loop
      vertex 0 100 2
      vertex 165 100 0
      vertex 0 100 0
    endloop
  endfacet
  facet normal 0 -1 0
    outer loop
      vertex 0 0 0
      vertex 165 0 2
      vertex 0 0 2
    endloop
  endfacet
  facet normal 0 -1 -0
    outer loop
      vertex 165 0 2
      vertex 0 0 0
      vertex 165 0 0
    endloop
  endfacet
  facet normal -0.659347 0.751839 0
    outer loop
      vertex 3.02152 7.5784 2
      vertex 2.7019 7.2981 2.01
      vertex 3.02152 7.5784 2.01
    endloop
  endfacet
  facet normal -0.659347 0.751839 0
    outer loop
      vertex 2.7019 7.2981 2.01
      vertex 3.02152 7.5784 2
      vertex 2.7019 7.2981 2
    endloop
  endfacet
  facet normal 0.980784 0.195098 0
    outer loop
      vertex 8.2222 5.42421 2.01
      vertex 8.13926 5.84116 2
      vertex 8.13926 5.84116 2.01
    endloop
  endfacet
  facet normal 0.980784 0.195098 0
    outer loop
      vertex 8.13926 5.84116 2
      vertex 8.2222 5.42421 2.01
      vertex 8.2222 5.42421 2
    endloop
  endfacet
  facet normal 0.99786 0.0653933 0
    outer loop
      vertex 8.25 5 2.01
      vertex 8.2222 5.42421 2
      vertex 8.2222 5.42421 2.01
    endloop
  endfacet
  facet normal 0.99786 0.0653933 0
    outer loop
      vertex 8.2222 5.42421 2
      vertex 8.25 5 2.01
      vertex 8.25 5 2
    endloop
  endfacet
  facet normal 0.946931 0.321438 0
    outer loop
      vertex 8.13926 5.84116 2.01
      vertex 8.00261 6.24372 2
      vertex 8.00261 6.24372 2.01
    endloop
  endfacet
  facet normal 0.946931 0.321438 0
    outer loop
      vertex 8.00261 6.24372 2
      vertex 8.13926 5.84116 2.01
      vertex 8.13926 5.84116 2
    endloop
  endfacet
  facet normal -0.751849 0.659335 0
    outer loop
      vertex 2.4216 6.97847 2
      vertex 2.7019 7.2981 2.01
      vertex 2.7019 7.2981 2
    endloop
  endfacet
  facet normal -0.751849 0.659335 0
    outer loop
      vertex 2.7019 7.2981 2.01
      vertex 2.4216 6.97847 2
      vertex 2.4216 6.97847 2.01
    endloop
  endfacet
  facet normal 0.321438 0.946931 -0
    outer loop
      vertex 6.24372 8.00261 2
      vertex 5.84116 8.13926 2.01
      vertex 6.24372 8.00261 2.01
    endloop
  endfacet
  facet normal 0.321438 0.946931 0
    outer loop
      vertex 5.84116 8.13926 2.01
      vertex 6.24372 8.00261 2
      vertex 5.84116 8.13926 2
    endloop
  endfacet
  facet normal -0.321438 0.946931 0
    outer loop
      vertex 4.15884 8.13926 2
      vertex 3.75628 8.00261 2.01
      vertex 4.15884 8.13926 2.01
    endloop
  endfacet
  facet normal -0.321438 0.946931 0
    outer loop
      vertex 3.75628 8.00261 2.01
      vertex 4.15884 8.13926 2
      vertex 3.75628 8.00261 2
    endloop
  endfacet
  facet normal 0.896869 0.442295 0
    outer loop
      vertex 8.00261 6.24372 2.01
      vertex 7.81458 6.625 2
      vertex 7.81458 6.625 2.01
    endloop
  endfacet
  facet normal 0.896869 0.442295 0
    outer loop
      vertex 7.81458 6.625 2
      vertex 8.00261 6.24372 2.01
      vertex 8.00261 6.24372 2
    endloop
  endfacet
  facet normal 0.831471 0.555568 0
    outer loop
      vertex 7.81458 6.625 2.01
      vertex 7.5784 6.97847 2
      vertex 7.5784 6.97847 2.01
    endloop
  endfacet
  facet normal 0.831471 0.555568 0
    outer loop
      vertex 7.5784 6.97847 2
      vertex 7.81458 6.625 2.01
      vertex 7.81458 6.625 2
    endloop
  endfacet
  facet normal -0.555558 0.831478 0
    outer loop
      vertex 3.375 7.81458 2
      vertex 3.02152 7.5784 2.01
      vertex 3.375 7.81458 2.01
    endloop
  endfacet
  facet normal -0.555558 0.831478 0
    outer loop
      vertex 3.02152 7.5784 2.01
      vertex 3.375 7.81458 2
      vertex 3.02152 7.5784 2
    endloop
  endfacet
  facet normal 0.946931 -0.321438 0
    outer loop
      vertex 8.00261 3.75628 2.01
      vertex 8.13926 4.15884 2
      vertex 8.13926 4.15884 2.01
    endloop
  endfacet
  facet normal 0.946931 -0.321438 0
    outer loop
      vertex 8.13926 4.15884 2
      vertex 8.00261 3.75628 2.01
      vertex 8.00261 3.75628 2
    endloop
  endfacet
  facet normal -0.195098 -0.980784 0
    outer loop
      vertex 4.15884 1.86074 2
      vertex 4.57579 1.7778 2.01
      vertex 4.15884 1.86074 2.01
    endloop
  endfacet
  facet normal -0.195098 -0.980784 -0
    outer loop
      vertex 4.57579 1.7778 2.01
      vertex 4.15884 1.86074 2
      vertex 4.57579 1.7778 2
    endloop
  endfacet
  facet normal -0.442295 -0.896869 0
    outer loop
      vertex 3.375 2.18542 2
      vertex 3.75628 1.99739 2.01
      vertex 3.375 2.18542 2.01
    endloop
  endfacet
  facet normal -0.442295 -0.896869 -0
    outer loop
      vertex 3.75628 1.99739 2.01
      vertex 3.375 2.18542 2
      vertex 3.75628 1.99739 2
    endloop
  endfacet
  facet normal 0.751849 0.659335 0
    outer loop
      vertex 7.5784 6.97847 2.01
      vertex 7.2981 7.2981 2
      vertex 7.2981 7.2981 2.01
    endloop
  endfacet
  facet normal 0.751849 0.659335 0
    outer loop
      vertex 7.2981 7.2981 2
      vertex 7.5784 6.97847 2.01
      vertex 7.5784 6.97847 2
    endloop
  endfacet
  facet normal -0.99786 0.0653933 0
    outer loop
      vertex 1.75 5 2
      vertex 1.7778 5.42421 2.01
      vertex 1.7778 5.42421 2
    endloop
  endfacet
  facet normal -0.99786 0.0653933 0
    outer loop
      vertex 1.7778 5.42421 2.01
      vertex 1.75 5 2
      vertex 1.75 5 2.01
    endloop
  endfacet
  facet normal -0.980784 0.195098 0
    outer loop
      vertex 1.7778 5.42421 2
      vertex 1.86074 5.84116 2.01
      vertex 1.86074 5.84116 2
    endloop
  endfacet
  facet normal -0.980784 0.195098 0
    outer loop
      vertex 1.86074 5.84116 2.01
      vertex 1.7778 5.42421 2
      vertex 1.7778 5.42421 2.01
    endloop
  endfacet
  facet normal -0.946931 0.321438 0
    outer loop
      vertex 1.86074 5.84116 2
      vertex 1.99739 6.24372 2.01
      vertex 1.99739 6.24372 2
    endloop
  endfacet
  facet normal -0.946931 0.321438 0
    outer loop
      vertex 1.99739 6.24372 2.01
      vertex 1.86074 5.84116 2
      vertex 1.86074 5.84116 2.01
    endloop
  endfacet
  facet normal -0.195098 0.980784 0
    outer loop
      vertex 4.57579 8.2222 2
      vertex 4.15884 8.13926 2.01
      vertex 4.57579 8.2222 2.01
    endloop
  endfacet
  facet normal -0.195098 0.980784 0
    outer loop
      vertex 4.15884 8.13926 2.01
      vertex 4.57579 8.2222 2
      vertex 4.15884 8.13926 2
    endloop
  endfacet
  facet normal 0.442295 -0.896869 0
    outer loop
      vertex 6.24372 1.99739 2
      vertex 6.625 2.18542 2.01
      vertex 6.24372 1.99739 2.01
    endloop
  endfacet
  facet normal 0.442295 -0.896869 0
    outer loop
      vertex 6.625 2.18542 2.01
      vertex 6.24372 1.99739 2
      vertex 6.625 2.18542 2
    endloop
  endfacet
  facet normal 0.659335 0.751849 -0
    outer loop
      vertex 7.2981 7.2981 2
      vertex 6.97847 7.5784 2.01
      vertex 7.2981 7.2981 2.01
    endloop
  endfacet
  facet normal 0.659335 0.751849 0
    outer loop
      vertex 6.97847 7.5784 2.01
      vertex 7.2981 7.2981 2
      vertex 6.97847 7.5784 2
    endloop
  endfacet
  facet normal 0.321438 -0.946931 0
    outer loop
      vertex 5.84116 1.86074 2
      vertex 6.24372 1.99739 2.01
      vertex 5.84116 1.86074 2.01
    endloop
  endfacet
  facet normal 0.321438 -0.946931 0
    outer loop
      vertex 6.24372 1.99739 2.01
      vertex 5.84116 1.86074 2
      vertex 6.24372 1.99739 2
    endloop
  endfacet
  facet normal 0.831478 -0.555558 0
    outer loop
      vertex 7.5784 3.02152 2.01
      vertex 7.81458 3.375 2
      vertex 7.81458 3.375 2.01
    endloop
  endfacet
  facet normal 0.831478 -0.555558 0
    outer loop
      vertex 7.81458 3.375 2
      vertex 7.5784 3.02152 2.01
      vertex 7.5784 3.02152 2
    endloop
  endfacet
  facet normal 0.751839 -0.659347 0
    outer loop
      vertex 7.2981 2.7019 2.01
      vertex 7.5784 3.02152 2
      vertex 7.5784 3.02152 2.01
    endloop
  endfacet
  facet normal 0.751839 -0.659347 0
    outer loop
      vertex 7.5784 3.02152 2
      vertex 7.2981 2.7019 2.01
      vertex 7.2981 2.7019 2
    endloop
  endfacet
  facet normal -0.980784 -0.195098 0
    outer loop
      vertex 1.86074 4.15884 2
      vertex 1.7778 4.57579 2.01
      vertex 1.7778 4.57579 2
    endloop
  endfacet
  facet normal -0.980784 -0.195098 0
    outer loop
      vertex 1.7778 4.57579 2.01
      vertex 1.86074 4.15884 2
      vertex 1.86074 4.15884 2.01
    endloop
  endfacet
  facet normal 0.555568 0.831471 -0
    outer loop
      vertex 6.97847 7.5784 2
      vertex 6.625 7.81458 2.01
      vertex 6.97847 7.5784 2.01
    endloop
  endfacet
  facet normal 0.555568 0.831471 0
    outer loop
      vertex 6.625 7.81458 2.01
      vertex 6.97847 7.5784 2
      vertex 6.625 7.81458 2
    endloop
  endfacet
  facet normal -0.99786 -0.0653933 0
    outer loop
      vertex 1.7778 4.57579 2
      vertex 1.75 5 2.01
      vertex 1.75 5 2
    endloop
  endfacet
  facet normal -0.99786 -0.0653933 0
    outer loop
      vertex 1.75 5 2.01
      vertex 1.7778 4.57579 2
      vertex 1.7778 4.57579 2.01
    endloop
  endfacet
  facet normal 0.195098 0.980784 -0
    outer loop
      vertex 5.84116 8.13926 2
      vertex 5.42421 8.2222 2.01
      vertex 5.84116 8.13926 2.01
    endloop
  endfacet
  facet normal 0.195098 0.980784 0
    outer loop
      vertex 5.42421 8.2222 2.01
      vertex 5.84116 8.13926 2
      vertex 5.42421 8.2222 2
    endloop
  endfacet
  facet normal -0.946931 -0.321438 0
    outer loop
      vertex 1.99739 3.75628 2
      vertex 1.86074 4.15884 2.01
      vertex 1.86074 4.15884 2
    endloop
  endfacet
  facet normal -0.946931 -0.321438 0
    outer loop
      vertex 1.86074 4.15884 2.01
      vertex 1.99739 3.75628 2
      vertex 1.99739 3.75628 2.01
    endloop
  endfacet
  facet normal -0.896869 0.442295 0
    outer loop
      vertex 1.99739 6.24372 2
      vertex 2.18542 6.625 2.01
      vertex 2.18542 6.625 2
    endloop
  endfacet
  facet normal -0.896869 0.442295 0
    outer loop
      vertex 2.18542 6.625 2.01
      vertex 1.99739 6.24372 2
      vertex 1.99739 6.24372 2.01
    endloop
  endfacet
  facet normal -0.442295 0.896869 0
    outer loop
      vertex 3.75628 8.00261 2
      vertex 3.375 7.81458 2.01
      vertex 3.75628 8.00261 2.01
    endloop
  endfacet
  facet normal -0.442295 0.896869 0
    outer loop
      vertex 3.375 7.81458 2.01
      vertex 3.75628 8.00261 2
      vertex 3.375 7.81458 2
    endloop
  endfacet
  facet normal 0.195098 -0.980784 0
    outer loop
      vertex 5.42421 1.7778 2
      vertex 5.84116 1.86074 2.01
      vertex 5.42421 1.7778 2.01
    endloop
  endfacet
  facet normal 0.195098 -0.980784 0
    outer loop
      vertex 5.84116 1.86074 2.01
      vertex 5.42421 1.7778 2
      vertex 5.84116 1.86074 2
    endloop
  endfacet
  facet normal -0.831478 -0.555558 0
    outer loop
      vertex 2.4216 3.02152 2
      vertex 2.18542 3.375 2.01
      vertex 2.18542 3.375 2
    endloop
  endfacet
  facet normal -0.831478 -0.555558 0
    outer loop
      vertex 2.18542 3.375 2.01
      vertex 2.4216 3.02152 2
      vertex 2.4216 3.02152 2.01
    endloop
  endfacet
  facet normal 0.980784 -0.195098 0
    outer loop
      vertex 8.13926 4.15884 2.01
      vertex 8.2222 4.57579 2
      vertex 8.2222 4.57579 2.01
    endloop
  endfacet
  facet normal 0.980784 -0.195098 0
    outer loop
      vertex 8.2222 4.57579 2
      vertex 8.13926 4.15884 2.01
      vertex 8.13926 4.15884 2
    endloop
  endfacet
  facet normal -0.659347 -0.751839 0
    outer loop
      vertex 2.7019 2.7019 2
      vertex 3.02152 2.4216 2.01
      vertex 2.7019 2.7019 2.01
    endloop
  endfacet
  facet normal -0.659347 -0.751839 -0
    outer loop
      vertex 3.02152 2.4216 2.01
      vertex 2.7019 2.7019 2
      vertex 3.02152 2.4216 2
    endloop
  endfacet
  facet normal -0.896869 -0.442295 0
    outer loop
      vertex 2.18542 3.375 2
      vertex 1.99739 3.75628 2.01
      vertex 1.99739 3.75628 2
    endloop
  endfacet
  facet normal -0.896869 -0.442295 0
    outer loop
      vertex 1.99739 3.75628 2.01
      vertex 2.18542 3.375 2
      vertex 2.18542 3.375 2.01
    endloop
  endfacet
  facet normal 0.896869 -0.442295 0
    outer loop
      vertex 7.81458 3.375 2.01
      vertex 8.00261 3.75628 2
      vertex 8.00261 3.75628 2.01
    endloop
  endfacet
  facet normal 0.896869 -0.442295 0
    outer loop
      vertex 8.00261 3.75628 2
      vertex 7.81458 3.375 2.01
      vertex 7.81458 3.375 2
    endloop
  endfacet
  facet normal 0.555568 -0.831471 0
    outer loop
      vertex 6.625 2.18542 2
      vertex 6.97847 2.4216 2.01
      vertex 6.625 2.18542 2.01
    endloop
  endfacet
  facet normal 0.555568 -0.831471 0
    outer loop
      vertex 6.97847 2.4216 2.01
      vertex 6.625 2.18542 2
      vertex 6.97847 2.4216 2
    endloop
  endfacet
  facet normal 0.442295 0.896869 -0
    outer loop
      vertex 6.625 7.81458 2
      vertex 6.24372 8.00261 2.01
      vertex 6.625 7.81458 2.01
    endloop
  endfacet
  facet normal 0.442295 0.896869 0
    outer loop
      vertex 6.24372 8.00261 2.01
      vertex 6.625 7.81458 2
      vertex 6.24372 8.00261 2
    endloop
  endfacet
  facet normal -0.751839 -0.659347 0
    outer loop
      vertex 2.7019 2.7019 2
      vertex 2.4216 3.02152 2.01
      vertex 2.4216 3.02152 2
    endloop
  endfacet
  facet normal -0.751839 -0.659347 0
    outer loop
      vertex 2.4216 3.02152 2.01
      vertex 2.7019 2.7019 2
      vertex 2.7019 2.7019 2.01
    endloop
  endfacet
  facet normal 0.99786 -0.0653933 0
    outer loop
      vertex 8.2222 4.57579 2.01
      vertex 8.25 5 2
      vertex 8.25 5 2.01
    endloop
  endfacet
  facet normal 0.99786 -0.0653933 0
    outer loop
      vertex 8.25 5 2
      vertex 8.2222 4.57579 2.01
      vertex 8.2222 4.57579 2
    endloop
  endfacet
  facet normal -0.0653933 0.99786 0
    outer loop
      vertex 5 8.25 2
      vertex 4.57579 8.2222 2.01
      vertex 5 8.25 2.01
    endloop
  endfacet
  facet normal -0.0653933 0.99786 0
    outer loop
      vertex 4.57579 8.2222 2.01
      vertex 5 8.25 2
      vertex 4.57579 8.2222 2
    endloop
  endfacet
  facet normal 0.0653933 -0.99786 0
    outer loop
      vertex 5 1.75 2
      vertex 5.42421 1.7778 2.01
      vertex 5 1.75 2.01
    endloop
  endfacet
  facet normal 0.0653933 -0.99786 0
    outer loop
      vertex 5.42421 1.7778 2.01
      vertex 5 1.75 2
      vertex 5.42421 1.7778 2
    endloop
  endfacet
  facet normal -0.0653933 -0.99786 0
    outer loop
      vertex 4.57579 1.7778 2
      vertex 5 1.75 2.01
      vertex 4.57579 1.7778 2.01
    endloop
  endfacet
  facet normal -0.0653933 -0.99786 -0
    outer loop
      vertex 5 1.75 2.01
      vertex 4.57579 1.7778 2
      vertex 5 1.75 2
    endloop
  endfacet
  facet normal -0.321438 -0.946931 0
    outer loop
      vertex 3.75628 1.99739 2
      vertex 4.15884 1.86074 2.01
      vertex 3.75628 1.99739 2.01
    endloop
  endfacet
  facet normal -0.321438 -0.946931 -0
    outer loop
      vertex 4.15884 1.86074 2.01
      vertex 3.75628 1.99739 2
      vertex 4.15884 1.86074 2
    endloop
  endfacet
  facet normal -0.831471 0.555568 0
    outer loop
      vertex 2.18542 6.625 2
      vertex 2.4216 6.97847 2.01
      vertex 2.4216 6.97847 2
    endloop
  endfacet
  facet normal -0.831471 0.555568 0
    outer loop
      vertex 2.4216 6.97847 2.01
      vertex 2.18542 6.625 2
      vertex 2.18542 6.625 2.01
    endloop
  endfacet
  facet normal 0.659335 -0.751849 0
    outer loop
      vertex 6.97847 2.4216 2
      vertex 7.2981 2.7019 2.01
      vertex 6.97847 2.4216 2.01
    endloop
  endfacet
  facet normal 0.659335 -0.751849 0
    outer loop
      vertex 7.2981 2.7019 2.01
      vertex 6.97847 2.4216 2
      vertex 7.2981 2.7019 2
    endloop
  endfacet
  facet normal 0 0 1
    outer loop
      vertex 8.2222 5.42421 2.01
      vertex 8.2222 4.57579 2.01
      vertex 8.25 5 2.01
    endloop
  endfacet
  facet normal 0 0 1
    outer loop
      vertex 8.13926 5.84116 2.01
      vertex 8.2222 4.57579 2.01
      vertex 8.2222 5.42421 2.01
    endloop
  endfacet
  facet normal 0 0 1
    outer loop
      vertex 8.13926 5.84116 2.01
      vertex 8.13926 4.15884 2.01
      vertex 8.2222 4.57579 2.01
    endloop
  endfacet
  facet normal 0 0 1
    outer loop
      vertex 8.00261 6.24372 2.01
      vertex 8.13926 4.15884 2.01
      vertex 8.13926 5.84116 2.01
    endloop
  endfacet
  facet normal 0 0 1
    outer loop
      vertex 8.00261 6.24372 2.01
      vertex 8.00261 3.75628 2.01
      vertex 8.13926 4.15884 2.01
    endloop
  endfacet
  facet normal 0 0 1
    outer loop
      vertex 7.81458 6.625 2.01
      vertex 8.00261 3.75628 2.01
      vertex 8.00261 6.24372 2.01
    endloop
  endfacet
  facet normal 0 0 1
    outer loop
      vertex 7.81458 6.625 2.01
      vertex 7.81458 3.375 2.01
      vertex 8.00261 3.75628 2.01
    endloop
  endfacet
  facet normal 0 0 1
    outer loop
      vertex 7.5784 6.97847 2.01
      vertex 7.81458 3.375 2.01
      vertex 7.81458 6.625 2.01
    endloop
  endfacet
  facet normal 0 0 1
    outer loop
      vertex 7.5784 6.97847 2.01
      vertex 7.5784 3.02152 2.01
      vertex 7.81458 3.375 2.01
    endloop
  endfacet
  facet normal 0 0 1
    outer loop
      vertex 7.2981 7.2981 2.01
      vertex 7.5784 3.02152 2.01
      vertex 7.5784 6.97847 2.01
    endloop
  endfacet
  facet normal 0 0 1
    outer loop
      vertex 7.2981 7.2981 2.01
      vertex 7.2981 2.7019 2.01
      vertex 7.5784 3.02152 2.01
    endloop
  endfacet
  facet normal 0 0 1
    outer loop
      vertex 6.97847 7.5784 2.01
      vertex 7.2981 2.7019 2.01
      vertex 7.2981 7.2981 2.01
    endloop
  endfacet
  facet normal 0 0 1
    outer loop
      vertex 6.97847 7.5784 2.01
      vertex 6.97847 2.4216 2.01
      vertex 7.2981 2.7019 2.01
    endloop
  endfacet
  facet normal 0 0 1
    outer loop
      vertex 6.625 7.81458 2.01
      vertex 6.97847 2.4216 2.01
      vertex 6.97847 7.5784 2.01
    endloop
  endfacet
  facet normal 0 0 1
    outer loop
      vertex 6.625 7.81458 2.01
      vertex 6.625 2.18542 2.01
      vertex 6.97847 2.4216 2.01
    endloop
  endfacet
  facet normal 0 0 1
    outer loop
      vertex 6.24372 8.00261 2.01
      vertex 6.625 2.18542 2.01
      vertex 6.625 7.81458 2.01
    endloop
  endfacet
  facet normal 0 0 1
    outer loop
      vertex 6.24372 8.00261 2.01
      vertex 6.24372 1.99739 2.01
      vertex 6.625 2.18542 2.01
    endloop
  endfacet
  facet normal 0 0 1
    outer loop
      vertex 5.84116 8.13926 2.01
      vertex 6.24372 1.99739 2.01
      vertex 6.24372 8.00261 2.01
    endloop
  endfacet
  facet normal 0 0 1
    outer loop
      vertex 5.84116 8.13926 2.01
      vertex 5.84116 1.86074 2.01
      vertex 6.24372 1.99739 2.01
    endloop
  endfacet
  facet normal 0 0 1
    outer loop
      vertex 5.42421 8.2222 2.01
      vertex 5.84116 1.86074 2.01
      vertex 5.84116 8.13926 2.01
    endloop
  endfacet
  facet normal 0 0 1
    outer loop
      vertex 5.42421 8.2222 2.01
      vertex 5.42421 1.7778 2.01
      vertex 5.84116 1.86074 2.01
    endloop
  endfacet
  facet normal 0 0 1
    outer loop
      vertex 5 8.25 2.01
      vertex 5.42421 1.7778 2.01
      vertex 5.42421 8.2222 2.01
    endloop
  endfacet
  facet normal 0 0 1
    outer loop
      vertex 5 8.25 2.01
      vertex 5 1.75 2.01
      vertex 5.42421 1.7778 2.01
    endloop
  endfacet
  facet normal -0 0 1
    outer loop
      vertex 4.57579 8.2222 2.01
      vertex 5 1.75 2.01
      vertex 5 8.25 2.01
    endloop
  endfacet
  facet normal 0 0 1
    outer loop
      vertex 4.57579 8.2222 2.01
      vertex 4.57579 1.7778 2.01
      vertex 5 1.75 2.01
    endloop
  endfacet
  facet normal -0 0 1
    outer loop
      vertex 4.15884 8.13926 2.01
      vertex 4.57579 1.7778 2.01
      vertex 4.57579 8.2222 2.01
    endloop
  endfacet
  facet normal 0 0 1
    outer loop
      vertex 4.15884 8.13926 2.01
      vertex 4.15884 1.86074 2.01
      vertex 4.57579 1.7778 2.01
    endloop
  endfacet
  facet normal -0 0 1
    outer loop
      vertex 3.75628 8.00261 2.01
      vertex 4.15884 1.86074 2.01
      vertex 4.15884 8.13926 2.01
    endloop
  endfacet
  facet normal 0 0 1
    outer loop
      vertex 3.75628 8.00261 2.01
      vertex 3.75628 1.99739 2.01
      vertex 4.15884 1.86074 2.01
    endloop
  endfacet
  facet normal -0 0 1
    outer loop
      vertex 3.375 7.81458 2.01
      vertex 3.75628 1.99739 2.01
      vertex 3.75628 8.00261 2.01
    endloop
  endfacet
  facet normal 0 0 1
    outer loop
      vertex 3.375 7.81458 2.01
      vertex 3.375 2.18542 2.01
      vertex 3.75628 1.99739 2.01
    endloop
  endfacet
  facet normal -0 0 1
    outer loop
      vertex 3.02152 7.5784 2.01
      vertex 3.375 2.18542 2.01
      vertex 3.375 7.81458 2.01
    endloop
  endfacet
  facet normal 0 0 1
    outer loop
      vertex 3.02152 7.5784 2.01
      vertex 3.02152 2.4216 2.01
      vertex 3.375 2.18542 2.01
    endloop
  endfacet
  facet normal -0 0 1
    outer loop
      vertex 2.7019 7.2981 2.01
      vertex 3.02152 2.4216 2.01
      vertex 3.02152 7.5784 2.01
    endloop
  endfacet
  facet normal 0 0 1
    outer loop
      vertex 2.7019 7.2981 2.01
      vertex 2.7019 2.7019 2.01
      vertex 3.02152 2.4216 2.01
    endloop
  endfacet
  facet normal -0 0 1
    outer loop
      vertex 2.4216 6.97847 2.01
      vertex 2.7019 2.7019 2.01
      vertex 2.7019 7.2981 2.01
    endloop
  endfacet
  facet normal 0 0 1
    outer loop
      vertex 2.4216 6.97847 2.01
      vertex 2.4216 3.02152 2.01
      vertex 2.7019 2.7019 2.01
    endloop
  endfacet
  facet normal -0 0 1
    outer loop
      vertex 2.18542 6.625 2.01
      vertex 2.4216 3.02152 2.01
      vertex 2.4216 6.97847 2.01
    endloop
  endfacet
  facet normal 0 0 1
    outer loop
      vertex 2.18542 6.625 2.01
      vertex 2.18542 3.375 2.01
      vertex 2.4216 3.02152 2.01
    endloop
  endfacet
  facet normal -0 0 1
    outer loop
      vertex 1.99739 6.24372 2.01
      vertex 2.18542 3.375 2.01
      vertex 2.18542 6.625 2.01
    endloop
  endfacet
  facet normal 0 0 1
    outer loop
      vertex 1.99739 6.24372 2.01
      vertex 1.99739 3.75628 2.01
      vertex 2.18542 3.375 2.01
    endloop
  endfacet
  facet normal -0 0 1
    outer loop
      vertex 1.86074 5.84116 2.01
      vertex 1.99739 3.75628 2.01
      vertex 1.99739 6.24372 2.01
    endloop
  endfacet
  facet normal 0 0 1
    outer loop
      vertex 1.86074 5.84116 2.01
      vertex 1.86074 4.15884 2.01
      vertex 1.99739 3.75628 2.01
    endloop
  endfacet
  facet normal -0 0 1
    outer loop
      vertex 1.7778 5.42421 2.01
      vertex 1.86074 4.15884 2.01
      vertex 1.86074 5.84116 2.01
    endloop
  endfacet
  facet normal 0 0 1
    outer loop
      vertex 1.7778 5.42421 2.01
      vertex 1.7778 4.57579 2.01
      vertex 1.86074 4.15884 2.01
    endloop
  endfacet
  facet normal 0 -0 1
    outer loop
      vertex 1.7778 4.57579 2.01
      vertex 1.7778 5.42421 2.01
      vertex 1.75 5 2.01
    endloop
  endfacet
  facet normal -0.555558 -0.831478 0
    outer loop
      vertex 3.02152 2.4216 2
      vertex 3.375 2.18542 2.01
      vertex 3.02152 2.4216 2.01
    endloop
  endfacet
  facet normal -0.555558 -0.831478 -0
    outer loop
      vertex 3.375 2.18542 2.01
      vertex 3.02152 2.4216 2
      vertex 3.375 2.18542 2
    endloop
  endfacet
  facet normal 0.0653933 0.99786 -0
    outer loop
      vertex 5.42421 8.2222 2
      vertex 5 8.25 2.01
      vertex 5.42421 8.2222 2.01
    endloop
  endfacet
  facet normal 0.0653933 0.99786 0
    outer loop
      vertex 5 8.25 2.01
      vertex 5.42421 8.2222 2
      vertex 5 8.25 2
    endloop
  endfacet
  facet normal -0.658904 0.752227 0
    outer loop
      vertex 158.022 7.5784 2
      vertex 157.702 7.2981 2.01
      vertex 158.022 7.5784 2.01
    endloop
  endfacet
  facet normal -0.658904 0.752227 0
    outer loop
      vertex 157.702 7.2981 2.01
      vertex 158.022 7.5784 2
      vertex 157.702 7.2981 2
    endloop
  endfacet
  facet normal 0.980757 0.195234 0
    outer loop
      vertex 163.222 5.42421 2.01
      vertex 163.139 5.84116 2
      vertex 163.139 5.84116 2.01
    endloop
  endfacet
  facet normal 0.980757 0.195234 0
    outer loop
      vertex 163.139 5.84116 2
      vertex 163.222 5.42421 2.01
      vertex 163.222 5.42421 2
    endloop
  endfacet
  facet normal 0.997829 0.0658617 0
    outer loop
      vertex 163.25 5 2.01
      vertex 163.222 5.42421 2
      vertex 163.222 5.42421 2.01
    endloop
  endfacet
  facet normal 0.997829 0.0658617 0
    outer loop
      vertex 163.222 5.42421 2
      vertex 163.25 5 2.01
      vertex 163.25 5 2
    endloop
  endfacet
  facet normal 0.947395 0.320066 0
    outer loop
      vertex 163.139 5.84116 2.01
      vertex 163.003 6.24372 2
      vertex 163.003 6.24372 2.01
    endloop
  endfacet
  facet normal 0.947395 0.320066 0
    outer loop
      vertex 163.003 6.24372 2
      vertex 163.139 5.84116 2.01
      vertex 163.139 5.84116 2
    endloop
  endfacet
  facet normal -0.752199 0.658936 0
    outer loop
      vertex 157.422 6.97847 2
      vertex 157.702 7.2981 2.01
      vertex 157.702 7.2981 2
    endloop
  endfacet
  facet normal -0.752199 0.658936 0
    outer loop
      vertex 157.702 7.2981 2.01
      vertex 157.422 6.97847 2
      vertex 157.422 6.97847 2.01
    endloop
  endfacet
  facet normal 0.321123 0.947037 -0
    outer loop
      vertex 161.244 8.00261 2
      vertex 160.841 8.13926 2.01
      vertex 161.244 8.00261 2.01
    endloop
  endfacet
  facet normal 0.321123 0.947037 0
    outer loop
      vertex 160.841 8.13926 2.01
      vertex 161.244 8.00261 2
      vertex 160.841 8.13926 2
    endloop
  endfacet
  facet normal -0.321123 0.947037 0
    outer loop
      vertex 159.159 8.13926 2
      vertex 158.756 8.00261 2.01
      vertex 159.159 8.13926 2.01
    endloop
  endfacet
  facet normal -0.321123 0.947037 0
    outer loop
      vertex 158.756 8.00261 2.01
      vertex 159.159 8.13926 2
      vertex 158.756 8.00261 2
    endloop
  endfacet
  facet normal 0.896897 0.442239 0
    outer loop
      vertex 163.003 6.24372 2.01
      vertex 162.815 6.625 2
      vertex 162.815 6.625 2.01
    endloop
  endfacet
  facet normal 0.896897 0.442239 0
    outer loop
      vertex 162.815 6.625 2
      vertex 163.003 6.24372 2.01
      vertex 163.003 6.24372 2
    endloop
  endfacet
  facet normal 0.83058 0.5569 0
    outer loop
      vertex 162.815 6.625 2.01
      vertex 162.578 6.97847 2
      vertex 162.578 6.97847 2.01
    endloop
  endfacet
  facet normal 0.83058 0.5569 0
    outer loop
      vertex 162.578 6.97847 2
      vertex 162.815 6.625 2.01
      vertex 162.815 6.625 2
    endloop
  endfacet
  facet normal 0.947395 -0.320066 0
    outer loop
      vertex 163.003 3.75628 2.01
      vertex 163.139 4.15884 2
      vertex 163.139 4.15884 2.01
    endloop
  endfacet
  facet normal 0.947395 -0.320066 0
    outer loop
      vertex 163.139 4.15884 2
      vertex 163.003 3.75628 2.01
      vertex 163.003 3.75628 2
    endloop
  endfacet
  facet normal 0.658904 -0.752227 0
    outer loop
      vertex 161.978 2.4216 2
      vertex 162.298 2.7019 2.01
      vertex 161.978 2.4216 2.01
    endloop
  endfacet
  facet normal 0.658904 -0.752227 0
    outer loop
      vertex 162.298 2.7019 2.01
      vertex 161.978 2.4216 2
      vertex 162.298 2.7019 2
    endloop
  endfacet
  facet normal -0.0654256 0.997857 0
    outer loop
      vertex 160 8.25 2
      vertex 159.576 8.2222 2.01
      vertex 160 8.25 2.01
    endloop
  endfacet
  facet normal -0.0654256 0.997857 0
    outer loop
      vertex 159.576 8.2222 2.01
      vertex 160 8.25 2
      vertex 159.576 8.2222 2
    endloop
  endfacet
  facet normal -0.195076 -0.980788 0
    outer loop
      vertex 159.159 1.86074 2
      vertex 159.576 1.7778 2.01
      vertex 159.159 1.86074 2.01
    endloop
  endfacet
  facet normal -0.195076 -0.980788 -0
    outer loop
      vertex 159.576 1.7778 2.01
      vertex 159.159 1.86074 2
      vertex 159.576 1.7778 2
    endloop
  endfacet
  facet normal 0.0654256 0.997857 -0
    outer loop
      vertex 160.424 8.2222 2
      vertex 160 8.25 2.01
      vertex 160.424 8.2222 2.01
    endloop
  endfacet
  facet normal 0.0654256 0.997857 0
    outer loop
      vertex 160 8.25 2.01
      vertex 160.424 8.2222 2
      vertex 160 8.25 2
    endloop
  endfacet
  facet normal 0.752199 0.658936 0
    outer loop
      vertex 162.578 6.97847 2.01
      vertex 162.298 7.2981 2
      vertex 162.298 7.2981 2.01
    endloop
  endfacet
  facet normal 0.752199 0.658936 0
    outer loop
      vertex 162.298 7.2981 2
      vertex 162.578 6.97847 2.01
      vertex 162.578 6.97847 2
    endloop
  endfacet
  facet normal -0.997829 0.0658617 0
    outer loop
      vertex 156.75 5 2
      vertex 156.778 5.42421 2.01
      vertex 156.778 5.42421 2
    endloop
  endfacet
  facet normal -0.997829 0.0658617 0
    outer loop
      vertex 156.778 5.42421 2.01
      vertex 156.75 5 2
      vertex 156.75 5 2.01
    endloop
  endfacet
  facet normal -0.980757 0.195234 0
    outer loop
      vertex 156.778 5.42421 2
      vertex 156.861 5.84116 2.01
      vertex 156.861 5.84116 2
    endloop
  endfacet
  facet normal -0.980757 0.195234 0
    outer loop
      vertex 156.861 5.84116 2.01
      vertex 156.778 5.42421 2
      vertex 156.778 5.42421 2.01
    endloop
  endfacet
  facet normal -0.947395 0.320066 0
    outer loop
      vertex 156.861 5.84116 2
      vertex 156.997 6.24372 2.01
      vertex 156.997 6.24372 2
    endloop
  endfacet
  facet normal -0.947395 0.320066 0
    outer loop
      vertex 156.997 6.24372 2.01
      vertex 156.861 5.84116 2
      vertex 156.861 5.84116 2.01
    endloop
  endfacet
  facet normal -0.195076 0.980788 0
    outer loop
      vertex 159.576 8.2222 2
      vertex 159.159 8.13926 2.01
      vertex 159.576 8.2222 2.01
    endloop
  endfacet
  facet normal -0.195076 0.980788 0
    outer loop
      vertex 159.159 8.13926 2.01
      vertex 159.576 8.2222 2
      vertex 159.159 8.13926 2
    endloop
  endfacet
  facet normal 0.442557 -0.896741 0
    outer loop
      vertex 161.244 1.99739 2
      vertex 161.625 2.18542 2.01
      vertex 161.244 1.99739 2.01
    endloop
  endfacet
  facet normal 0.442557 -0.896741 0
    outer loop
      vertex 161.625 2.18542 2.01
      vertex 161.244 1.99739 2
      vertex 161.625 2.18542 2
    endloop
  endfacet
  facet normal 0.658904 0.752227 -0
    outer loop
      vertex 162.298 7.2981 2
      vertex 161.978 7.5784 2.01
      vertex 162.298 7.2981 2.01
    endloop
  endfacet
  facet normal 0.658904 0.752227 0
    outer loop
      vertex 161.978 7.5784 2.01
      vertex 162.298 7.2981 2
      vertex 161.978 7.5784 2
    endloop
  endfacet
  facet normal 0.321123 -0.947037 0
    outer loop
      vertex 160.841 1.86074 2
      vertex 161.244 1.99739 2.01
      vertex 160.841 1.86074 2.01
    endloop
  endfacet
  facet normal 0.321123 -0.947037 0
    outer loop
      vertex 161.244 1.99739 2.01
      vertex 160.841 1.86074 2
      vertex 161.244 1.99739 2
    endloop
  endfacet
  facet normal 0.830587 -0.556889 0
    outer loop
      vertex 162.578 3.02152 2.01
      vertex 162.815 3.375 2
      vertex 162.815 3.375 2.01
    endloop
  endfacet
  facet normal 0.830587 -0.556889 0
    outer loop
      vertex 162.815 3.375 2
      vertex 162.578 3.02152 2.01
      vertex 162.578 3.02152 2
    endloop
  endfacet
  facet normal -0.896897 0.442239 0
    outer loop
      vertex 156.997 6.24372 2
      vertex 157.185 6.625 2.01
      vertex 157.185 6.625 2
    endloop
  endfacet
  facet normal -0.896897 0.442239 0
    outer loop
      vertex 157.185 6.625 2.01
      vertex 156.997 6.24372 2
      vertex 156.997 6.24372 2.01
    endloop
  endfacet
  facet normal -0.55608 0.831129 0
    outer loop
      vertex 158.375 7.81458 2
      vertex 158.022 7.5784 2.01
      vertex 158.375 7.81458 2.01
    endloop
  endfacet
  facet normal -0.55608 0.831129 0
    outer loop
      vertex 158.022 7.5784 2.01
      vertex 158.375 7.81458 2
      vertex 158.022 7.5784 2
    endloop
  endfacet
  facet normal -0.980757 -0.195234 0
    outer loop
      vertex 156.861 4.15884 2
      vertex 156.778 4.57579 2.01
      vertex 156.778 4.57579 2
    endloop
  endfacet
  facet normal -0.980757 -0.195234 0
    outer loop
      vertex 156.778 4.57579 2.01
      vertex 156.861 4.15884 2
      vertex 156.861 4.15884 2.01
    endloop
  endfacet
  facet normal 0.55608 0.831129 -0
    outer loop
      vertex 161.978 7.5784 2
      vertex 161.625 7.81458 2.01
      vertex 161.978 7.5784 2.01
    endloop
  endfacet
  facet normal 0.55608 0.831129 0
    outer loop
      vertex 161.625 7.81458 2.01
      vertex 161.978 7.5784 2
      vertex 161.625 7.81458 2
    endloop
  endfacet
  facet normal -0.997829 -0.0658617 0
    outer loop
      vertex 156.778 4.57579 2
      vertex 156.75 5 2.01
      vertex 156.75 5 2
    endloop
  endfacet
  facet normal -0.997829 -0.0658617 0
    outer loop
      vertex 156.75 5 2.01
      vertex 156.778 4.57579 2
      vertex 156.778 4.57579 2.01
    endloop
  endfacet
  facet normal -0.947395 -0.320066 0
    outer loop
      vertex 156.997 3.75628 2
      vertex 156.861 4.15884 2.01
      vertex 156.861 4.15884 2
    endloop
  endfacet
  facet normal -0.947395 -0.320066 0
    outer loop
      vertex 156.861 4.15884 2.01
      vertex 156.997 3.75628 2
      vertex 156.997 3.75628 2.01
    endloop
  endfacet
  facet normal -0.83058 0.5569 0
    outer loop
      vertex 157.185 6.625 2
      vertex 157.422 6.97847 2.01
      vertex 157.422 6.97847 2
    endloop
  endfacet
  facet normal -0.83058 0.5569 0
    outer loop
      vertex 157.422 6.97847 2.01
      vertex 157.185 6.625 2
      vertex 157.185 6.625 2.01
    endloop
  endfacet
  facet normal -0.442557 0.896741 0
    outer loop
      vertex 158.756 8.00261 2
      vertex 158.375 7.81458 2.01
      vertex 158.756 8.00261 2.01
    endloop
  endfacet
  facet normal -0.442557 0.896741 0
    outer loop
      vertex 158.375 7.81458 2.01
      vertex 158.756 8.00261 2
      vertex 158.375 7.81458 2
    endloop
  endfacet
  facet normal 0.195076 -0.980788 0
    outer loop
      vertex 160.424 1.7778 2
      vertex 160.841 1.86074 2.01
      vertex 160.424 1.7778 2.01
    endloop
  endfacet
  facet normal 0.195076 -0.980788 0
    outer loop
      vertex 160.841 1.86074 2.01
      vertex 160.424 1.7778 2
      vertex 160.841 1.86074 2
    endloop
  endfacet
  facet normal 0.752189 -0.658948 0
    outer loop
      vertex 162.298 2.7019 2.01
      vertex 162.578 3.02152 2
      vertex 162.578 3.02152 2.01
    endloop
  endfacet
  facet normal 0.752189 -0.658948 0
    outer loop
      vertex 162.578 3.02152 2
      vertex 162.298 2.7019 2.01
      vertex 162.298 2.7019 2
    endloop
  endfacet
  facet normal -0.830587 -0.556889 0
    outer loop
      vertex 157.422 3.02152 2
      vertex 157.185 3.375 2.01
      vertex 157.185 3.375 2
    endloop
  endfacet
  facet normal -0.830587 -0.556889 0
    outer loop
      vertex 157.185 3.375 2.01
      vertex 157.422 3.02152 2
      vertex 157.422 3.02152 2.01
    endloop
  endfacet
  facet normal -0.442557 -0.896741 0
    outer loop
      vertex 158.375 2.18542 2
      vertex 158.756 1.99739 2.01
      vertex 158.375 2.18542 2.01
    endloop
  endfacet
  facet normal -0.442557 -0.896741 -0
    outer loop
      vertex 158.756 1.99739 2.01
      vertex 158.375 2.18542 2
      vertex 158.756 1.99739 2
    endloop
  endfacet
  facet normal 0.980757 -0.195234 0
    outer loop
      vertex 163.139 4.15884 2.01
      vertex 163.222 4.57579 2
      vertex 163.222 4.57579 2.01
    endloop
  endfacet
  facet normal 0.980757 -0.195234 0
    outer loop
      vertex 163.222 4.57579 2
      vertex 163.139 4.15884 2.01
      vertex 163.139 4.15884 2
    endloop
  endfacet
  facet normal -0.658904 -0.752227 0
    outer loop
      vertex 157.702 2.7019 2
      vertex 158.022 2.4216 2.01
      vertex 157.702 2.7019 2.01
    endloop
  endfacet
  facet normal -0.658904 -0.752227 -0
    outer loop
      vertex 158.022 2.4216 2.01
      vertex 157.702 2.7019 2
      vertex 158.022 2.4216 2
    endloop
  endfacet
  facet normal -0.896897 -0.442239 0
    outer loop
      vertex 157.185 3.375 2
      vertex 156.997 3.75628 2.01
      vertex 156.997 3.75628 2
    endloop
  endfacet
  facet normal -0.896897 -0.442239 0
    outer loop
      vertex 156.997 3.75628 2.01
      vertex 157.185 3.375 2
      vertex 157.185 3.375 2.01
    endloop
  endfacet
  facet normal 0.896897 -0.442239 0
    outer loop
      vertex 162.815 3.375 2.01
      vertex 163.003 3.75628 2
      vertex 163.003 3.75628 2.01
    endloop
  endfacet
  facet normal 0.896897 -0.442239 0
    outer loop
      vertex 163.003 3.75628 2
      vertex 162.815 3.375 2.01
      vertex 162.815 3.375 2
    endloop
  endfacet
  facet normal 0.55608 -0.831129 0
    outer loop
      vertex 161.625 2.18542 2
      vertex 161.978 2.4216 2.01
      vertex 161.625 2.18542 2.01
    endloop
  endfacet
  facet normal 0.55608 -0.831129 0
    outer loop
      vertex 161.978 2.4216 2.01
      vertex 161.625 2.18542 2
      vertex 161.978 2.4216 2
    endloop
  endfacet
  facet normal 0.442557 0.896741 -0
    outer loop
      vertex 161.625 7.81458 2
      vertex 161.244 8.00261 2.01
      vertex 161.625 7.81458 2.01
    endloop
  endfacet
  facet normal 0.442557 0.896741 0
    outer loop
      vertex 161.244 8.00261 2.01
      vertex 161.625 7.81458 2
      vertex 161.244 8.00261 2
    endloop
  endfacet
  facet normal -0.752189 -0.658948 0
    outer loop
      vertex 157.702 2.7019 2
      vertex 157.422 3.02152 2.01
      vertex 157.422 3.02152 2
    endloop
  endfacet
  facet normal -0.752189 -0.658948 0
    outer loop
      vertex 157.422 3.02152 2.01
      vertex 157.702 2.7019 2
      vertex 157.702 2.7019 2.01
    endloop
  endfacet
  facet normal 0.997829 -0.0658617 0
    outer loop
      vertex 163.222 4.57579 2.01
      vertex 163.25 5 2
      vertex 163.25 5 2.01
    endloop
  endfacet
  facet normal 0.997829 -0.0658617 0
    outer loop
      vertex 163.25 5 2
      vertex 163.222 4.57579 2.01
      vertex 163.222 4.57579 2
    endloop
  endfacet
  facet normal 0.0654256 -0.997857 0
    outer loop
      vertex 160 1.75 2
      vertex 160.424 1.7778 2.01
      vertex 160 1.75 2.01
    endloop
  endfacet
  facet normal 0.0654256 -0.997857 0
    outer loop
      vertex 160.424 1.7778 2.01
      vertex 160 1.75 2
      vertex 160.424 1.7778 2
    endloop
  endfacet
  facet normal -0.0654256 -0.997857 0
    outer loop
      vertex 159.576 1.7778 2
      vertex 160 1.75 2.01
      vertex 159.576 1.7778 2.01
    endloop
  endfacet
  facet normal -0.0654256 -0.997857 -0
    outer loop
      vertex 160 1.75 2.01
      vertex 159.576 1.7778 2
      vertex 160 1.75 2
    endloop
  endfacet
  facet normal -0.321123 -0.947037 0
    outer loop
      vertex 158.756 1.99739 2
      vertex 159.159 1.86074 2.01
      vertex 158.756 1.99739 2.01
    endloop
  endfacet
  facet normal -0.321123 -0.947037 -0
    outer loop
      vertex 159.159 1.86074 2.01
      vertex 158.756 1.99739 2
      vertex 159.159 1.86074 2
    endloop
  endfacet
  facet normal 0.195076 0.980788 -0
    outer loop
      vertex 160.841 8.13926 2
      vertex 160.424 8.2222 2.01
      vertex 160.841 8.13926 2.01
    endloop
  endfacet
  facet normal 0.195076 0.980788 0
    outer loop
      vertex 160.424 8.2222 2.01
      vertex 160.841 8.13926 2
      vertex 160.424 8.2222 2
    endloop
  endfacet
  facet normal -0.55608 -0.831129 0
    outer loop
      vertex 158.022 2.4216 2
      vertex 158.375 2.18542 2.01
      vertex 158.022 2.4216 2.01
    endloop
  endfacet
  facet normal -0.55608 -0.831129 -0
    outer loop
      vertex 158.375 2.18542 2.01
      vertex 158.022 2.4216 2
      vertex 158.375 2.18542 2
    endloop
  endfacet
  facet normal 0 0 1
    outer loop
      vertex 163.222 5.42421 2.01
      vertex 163.222 4.57579 2.01
      vertex 163.25 5 2.01
    endloop
  endfacet
  facet normal 0 0 1
    outer loop
      vertex 163.139 5.84116 2.01
      vertex 163.222 4.57579 2.01
      vertex 163.222 5.42421 2.01
    endloop
  endfacet
  facet normal 0 0 1
    outer loop
      vertex 163.139 5.84116 2.01
      vertex 163.139 4.15884 2.01
      vertex 163.222 4.57579 2.01
    endloop
  endfacet
  facet normal 0 0 1
    outer loop
      vertex 163.003 6.24372 2.01
      vertex 163.139 4.15884 2.01
      vertex 163.139 5.84116 2.01
    endloop
  endfacet
  facet normal 0 0 1
    outer loop
      vertex 163.003 6.24372 2.01
      vertex 163.003 3.75628 2.01
      vertex 163.139 4.15884 2.01
    endloop
  endfacet
  facet normal 0 0 1
    outer loop
      vertex 162.815 6.625 2.01
      vertex 163.003 3.75628 2.01
      vertex 163.003 6.24372 2.01
    endloop
  endfacet
  facet normal 0 0 1
    outer loop
      vertex 162.815 6.625 2.01
      vertex 162.815 3.375 2.01
      vertex 163.003 3.75628 2.01
    endloop
  endfacet
  facet normal 0 0 1
    outer loop
      vertex 162.578 6.97847 2.01
      vertex 162.815 3.375 2.01
      vertex 162.815 6.625 2.01
    endloop
  endfacet
  facet normal 0 0 1
    outer loop
      vertex 162.578 6.97847 2.01
      vertex 162.578 3.02152 2.01
      vertex 162.815 3.375 2.01
    endloop
  endfacet
  facet normal 0 0 1
    outer loop
      vertex 162.298 7.2981 2.01
      vertex 162.578 3.02152 2.01
      vertex 162.578 6.97847 2.01
    endloop
  endfacet
  facet normal 0 0 1
    outer loop
      vertex 162.298 7.2981 2.01
      vertex 162.298 2.7019 2.01
      vertex 162.578 3.02152 2.01
    endloop
  endfacet
  facet normal 0 0 1
    outer loop
      vertex 161.978 7.5784 2.01
      vertex 162.298 2.7019 2.01
      vertex 162.298 7.2981 2.01
    endloop
  endfacet
  facet normal 0 0 1
    outer loop
      vertex 161.978 7.5784 2.01
      vertex 161.978 2.4216 2.01
      vertex 162.298 2.7019 2.01
    endloop
  endfacet
  facet normal 0 0 1
    outer loop
      vertex 161.625 7.81458 2.01
      vertex 161.978 2.4216 2.01
      vertex 161.978 7.5784 2.01
    endloop
  endfacet
  facet normal 0 0 1
    outer loop
      vertex 161.625 7.81458 2.01
      vertex 161.625 2.18542 2.01
      vertex 161.978 2.4216 2.01
    endloop
  endfacet
  facet normal 0 0 1
    outer loop
      vertex 161.244 8.00261 2.01
      vertex 161.625 2.18542 2.01
      vertex 161.625 7.81458 2.01
    endloop
  endfacet
  facet normal 0 0 1
    outer loop
      vertex 161.244 8.00261 2.01
      vertex 161.244 1.99739 2.01
      vertex 161.625 2.18542 2.01
    endloop
  endfacet
  facet normal 0 0 1
    outer loop
      vertex 160.841 8.13926 2.01
      vertex 161.244 1.99739 2.01
      vertex 161.244 8.00261 2.01
    endloop
  endfacet
  facet normal 0 0 1
    outer loop
      vertex 160.841 8.13926 2.01
      vertex 160.841 1.86074 2.01
      vertex 161.244 1.99739 2.01
    endloop
  endfacet
  facet normal 0 0 1
    outer loop
      vertex 160.424 8.2222 2.01
      vertex 160.841 1.86074 2.01
      vertex 160.841 8.13926 2.01
    endloop
  endfacet
  facet normal 0 0 1
    outer loop
      vertex 160.424 8.2222 2.01
      vertex 160.424 1.7778 2.01
      vertex 160.841 1.86074 2.01
    endloop
  endfacet
  facet normal 0 0 1
    outer loop
      vertex 160 8.25 2.01
      vertex 160.424 1.7778 2.01
      vertex 160.424 8.2222 2.01
    endloop
  endfacet
  facet normal 0 0 1
    outer loop
      vertex 160 8.25 2.01
      vertex 160 1.75 2.01
      vertex 160.424 1.7778 2.01
    endloop
  endfacet
  facet normal -0 0 1
    outer loop
      vertex 159.576 8.2222 2.01
      vertex 160 1.75 2.01
      vertex 160 8.25 2.01
    endloop
  endfacet
  facet normal 0 0 1
    outer loop
      vertex 159.576 8.2222 2.01
      vertex 159.576 1.7778 2.01
      vertex 160 1.75 2.01
    endloop
  endfacet
  facet normal -0 0 1
    outer loop
      vertex 159.159 8.13926 2.01
      vertex 159.576 1.7778 2.01
      vertex 159.576 8.2222 2.01
    endloop
  endfacet
  facet normal 0 0 1
    outer loop
      vertex 159.159 8.13926 2.01
      vertex 159.159 1.86074 2.01
      vertex 159.576 1.7778 2.01
    endloop
  endfacet
  facet normal -0 0 1
    outer loop
      vertex 158.756 8.00261 2.01
      vertex 159.159 1.86074 2.01
      vertex 159.159 8.13926 2.01
    endloop
  endfacet
  facet normal 0 0 1
    outer loop
      vertex 158.756 8.00261 2.01
      vertex 158.756 1.99739 2.01
      vertex 159.159 1.86074 2.01
    endloop
  endfacet
  facet normal -0 0 1
    outer loop
      vertex 158.375 7.81458 2.01
      vertex 158.756 1.99739 2.01
      vertex 158.756 8.00261 2.01
    endloop
  endfacet
  facet normal 0 0 1
    outer loop
      vertex 158.375 7.81458 2.01
      vertex 158.375 2.18542 2.01
      vertex 158.756 1.99739 2.01
    endloop
  endfacet
  facet normal -0 0 1
    outer loop
      vertex 158.022 7.5784 2.01
      vertex 158.375 2.18542 2.01
      vertex 158.375 7.81458 2.01
    endloop
  endfacet
  facet normal 0 0 1
    outer loop
      vertex 158.022 7.5784 2.01
      vertex 158.022 2.4216 2.01
      vertex 158.375 2.18542 2.01
    endloop
  endfacet
  facet normal -0 0 1
    outer loop
      vertex 157.702 7.2981 2.01
      vertex 158.022 2.4216 2.01
      vertex 158.022 7.5784 2.01
    endloop
  endfacet
  facet normal 0 0 1
    outer loop
      vertex 157.702 7.2981 2.01
      vertex 157.702 2.7019 2.01
      vertex 158.022 2.4216 2.01
    endloop
  endfacet
  facet normal -0 0 1
    outer loop
      vertex 157.422 6.97847 2.01
      vertex 157.702 2.7019 2.01
      vertex 157.702 7.2981 2.01
    endloop
  endfacet
  facet normal 0 0 1
    outer loop
      vertex 157.422 6.97847 2.01
      vertex 157.422 3.02152 2.01
      vertex 157.702 2.7019 2.01
    endloop
  endfacet
  facet normal -0 0 1
    outer loop
      vertex 157.185 6.625 2.01
      vertex 157.422 3.02152 2.01
      vertex 157.422 6.97847 2.01
    endloop
  endfacet
  facet normal 0 0 1
    outer loop
      vertex 157.185 6.625 2.01
      vertex 157.185 3.375 2.01
      vertex 157.422 3.02152 2.01
    endloop
  endfacet
  facet normal -0 0 1
    outer loop
      vertex 156.997 6.24372 2.01
      vertex 157.185 3.375 2.01
      vertex 157.185 6.625 2.01
    endloop
  endfacet
  facet normal 0 0 1
    outer loop
      vertex 156.997 6.24372 2.01
      vertex 156.997 3.75628 2.01
      vertex 157.185 3.375 2.01
    endloop
  endfacet
  facet normal -0 0 1
    outer loop
      vertex 156.861 5.84116 2.01
      vertex 156.997 3.75628 2.01
      vertex 156.997 6.24372 2.01
    endloop
  endfacet
  facet normal 0 0 1
    outer loop
      vertex 156.861 5.84116 2.01
      vertex 156.861 4.15884 2.01
      vertex 156.997 3.75628 2.01
    endloop
  endfacet
  facet normal -0 0 1
    outer loop
      vertex 156.778 5.42421 2.01
      vertex 156.861 4.15884 2.01
      vertex 156.861 5.84116 2.01
    endloop
  endfacet
  facet normal 0 0 1
    outer loop
      vertex 156.778 5.42421 2.01
      vertex 156.778 4.57579 2.01
      vertex 156.861 4.15884 2.01
    endloop
  endfacet
  facet normal 0 -0 1
    outer loop
      vertex 156.778 4.57579 2.01
      vertex 156.778 5.42421 2.01
      vertex 156.75 5 2.01
    endloop
  endfacet
  facet normal -0.659347 0.751839 0
    outer loop
      vertex 3.02152 97.5784 2
      vertex 2.7019 97.2981 2.01
      vertex 3.02152 97.5784 2.01
    endloop
  endfacet
  facet normal -0.659347 0.751839 0
    outer loop
      vertex 2.7019 97.2981 2.01
      vertex 3.02152 97.5784 2
      vertex 2.7019 97.2981 2
    endloop
  endfacet
  facet normal 0.980788 0.195076 0
    outer loop
      vertex 8.2222 95.4242 2.01
      vertex 8.13926 95.8412 2
      vertex 8.13926 95.8412 2.01
    endloop
  endfacet
  facet normal 0.980788 0.195076 0
    outer loop
      vertex 8.13926 95.8412 2
      vertex 8.2222 95.4242 2.01
      vertex 8.2222 95.4242 2
    endloop
  endfacet
  facet normal 0.997859 0.0653948 0
    outer loop
      vertex 8.25 95 2.01
      vertex 8.2222 95.4242 2
      vertex 8.2222 95.4242 2.01
    endloop
  endfacet
  facet normal 0.997859 0.0653948 0
    outer loop
      vertex 8.2222 95.4242 2
      vertex 8.25 95 2.01
      vertex 8.25 95 2
    endloop
  endfacet
  facet normal 0.946916 0.321481 0
    outer loop
      vertex 8.13926 95.8412 2.01
      vertex 8.00261 96.2437 2
      vertex 8.00261 96.2437 2.01
    endloop
  endfacet
  facet normal 0.946916 0.321481 0
    outer loop
      vertex 8.00261 96.2437 2
      vertex 8.13926 95.8412 2.01
      vertex 8.13926 95.8412 2
    endloop
  endfacet
  facet normal -0.751818 0.65937 0
    outer loop
      vertex 2.4216 96.9785 2
      vertex 2.7019 97.2981 2.01
      vertex 2.7019 97.2981 2
    endloop
  endfacet
  facet normal -0.751818 0.65937 0
    outer loop
      vertex 2.7019 97.2981 2.01
      vertex 2.4216 96.9785 2
      vertex 2.4216 96.9785 2.01
    endloop
  endfacet
  facet normal 0.321543 0.946895 -0
    outer loop
      vertex 6.24372 98.0026 2
      vertex 5.84116 98.1393 2.01
      vertex 6.24372 98.0026 2.01
    endloop
  endfacet
  facet normal 0.321543 0.946895 0
    outer loop
      vertex 5.84116 98.1393 2.01
      vertex 6.24372 98.0026 2
      vertex 5.84116 98.1393 2
    endloop
  endfacet
  facet normal -0.321543 0.946895 0
    outer loop
      vertex 4.15884 98.1393 2
      vertex 3.75628 98.0026 2.01
      vertex 4.15884 98.1393 2.01
    endloop
  endfacet
  facet normal -0.321543 0.946895 0
    outer loop
      vertex 3.75628 98.0026 2.01
      vertex 4.15884 98.1393 2
      vertex 3.75628 98.0026 2
    endloop
  endfacet
  facet normal 0.896879 0.442277 0
    outer loop
      vertex 8.00261 96.2437 2.01
      vertex 7.81458 96.625 2
      vertex 7.81458 96.625 2.01
    endloop
  endfacet
  facet normal 0.896879 0.442277 0
    outer loop
      vertex 7.81458 96.625 2
      vertex 8.00261 96.2437 2.01
      vertex 8.00261 96.2437 2
    endloop
  endfacet
  facet normal 0.831493 0.555536 0
    outer loop
      vertex 7.81458 96.625 2.01
      vertex 7.5784 96.9785 2
      vertex 7.5784 96.9785 2.01
    endloop
  endfacet
  facet normal 0.831493 0.555536 0
    outer loop
      vertex 7.5784 96.9785 2
      vertex 7.81458 96.625 2.01
      vertex 7.81458 96.625 2
    endloop
  endfacet
  facet normal -0.55559 0.831456 0
    outer loop
      vertex 3.375 97.8146 2
      vertex 3.02152 97.5784 2.01
      vertex 3.375 97.8146 2.01
    endloop
  endfacet
  facet normal -0.55559 0.831456 0
    outer loop
      vertex 3.02152 97.5784 2.01
      vertex 3.375 97.8146 2
      vertex 3.02152 97.5784 2
    endloop
  endfacet
  facet normal 0.946916 -0.321481 0
    outer loop
      vertex 8.00261 93.7563 2.01
      vertex 8.13926 94.1588 2
      vertex 8.13926 94.1588 2.01
    endloop
  endfacet
  facet normal 0.946916 -0.321481 0
    outer loop
      vertex 8.13926 94.1588 2
      vertex 8.00261 93.7563 2.01
      vertex 8.00261 93.7563 2
    endloop
  endfacet
  facet normal 0.659335 -0.751849 0
    outer loop
      vertex 6.97847 92.4216 2
      vertex 7.2981 92.7019 2.01
      vertex 6.97847 92.4216 2.01
    endloop
  endfacet
  facet normal 0.659335 -0.751849 0
    outer loop
      vertex 7.2981 92.7019 2.01
      vertex 6.97847 92.4216 2
      vertex 7.2981 92.7019 2
    endloop
  endfacet
  facet normal -0.0653933 0.99786 0
    outer loop
      vertex 5 98.25 2
      vertex 4.57579 98.2222 2.01
      vertex 5 98.25 2.01
    endloop
  endfacet
  facet normal -0.0653933 0.99786 0
    outer loop
      vertex 4.57579 98.2222 2.01
      vertex 5 98.25 2
      vertex 4.57579 98.2222 2
    endloop
  endfacet
  facet normal -0.195008 -0.980802 0
    outer loop
      vertex 4.15884 91.8607 2
      vertex 4.57579 91.7778 2.01
      vertex 4.15884 91.8607 2.01
    endloop
  endfacet
  facet normal -0.195008 -0.980802 -0
    outer loop
      vertex 4.57579 91.7778 2.01
      vertex 4.15884 91.8607 2
      vertex 4.57579 91.7778 2
    endloop
  endfacet
  facet normal 0.0653933 0.99786 -0
    outer loop
      vertex 5.42421 98.2222 2
      vertex 5 98.25 2.01
      vertex 5.42421 98.2222 2.01
    endloop
  endfacet
  facet normal 0.0653933 0.99786 0
    outer loop
      vertex 5 98.25 2.01
      vertex 5.42421 98.2222 2
      vertex 5 98.25 2
    endloop
  endfacet
  facet normal 0.751818 0.65937 0
    outer loop
      vertex 7.5784 96.9785 2.01
      vertex 7.2981 97.2981 2
      vertex 7.2981 97.2981 2.01
    endloop
  endfacet
  facet normal 0.751818 0.65937 0
    outer loop
      vertex 7.2981 97.2981 2
      vertex 7.5784 96.9785 2.01
      vertex 7.5784 96.9785 2
    endloop
  endfacet
  facet normal -0.997859 0.0653948 0
    outer loop
      vertex 1.75 95 2
      vertex 1.7778 95.4242 2.01
      vertex 1.7778 95.4242 2
    endloop
  endfacet
  facet normal -0.997859 0.0653948 0
    outer loop
      vertex 1.7778 95.4242 2.01
      vertex 1.75 95 2
      vertex 1.75 95 2.01
    endloop
  endfacet
  facet normal -0.980788 0.195076 0
    outer loop
      vertex 1.7778 95.4242 2
      vertex 1.86074 95.8412 2.01
      vertex 1.86074 95.8412 2
    endloop
  endfacet
  facet normal -0.980788 0.195076 0
    outer loop
      vertex 1.86074 95.8412 2.01
      vertex 1.7778 95.4242 2
      vertex 1.7778 95.4242 2.01
    endloop
  endfacet
  facet normal -0.946916 0.321481 0
    outer loop
      vertex 1.86074 95.8412 2
      vertex 1.99739 96.2437 2.01
      vertex 1.99739 96.2437 2
    endloop
  endfacet
  facet normal -0.946916 0.321481 0
    outer loop
      vertex 1.99739 96.2437 2.01
      vertex 1.86074 95.8412 2
      vertex 1.86074 95.8412 2.01
    endloop
  endfacet
  facet normal -0.195008 0.980802 0
    outer loop
      vertex 4.57579 98.2222 2
      vertex 4.15884 98.1393 2.01
      vertex 4.57579 98.2222 2.01
    endloop
  endfacet
  facet normal -0.195008 0.980802 0
    outer loop
      vertex 4.15884 98.1393 2.01
      vertex 4.57579 98.2222 2
      vertex 4.15884 98.1393 2
    endloop
  endfacet
  facet normal 0.442239 -0.896897 0
    outer loop
      vertex 6.24372 91.9974 2
      vertex 6.625 92.1854 2.01
      vertex 6.24372 91.9974 2.01
    endloop
  endfacet
  facet normal 0.442239 -0.896897 0
    outer loop
      vertex 6.625 92.1854 2.01
      vertex 6.24372 91.9974 2
      vertex 6.625 92.1854 2
    endloop
  endfacet
  facet normal 0.659335 0.751849 -0
    outer loop
      vertex 7.2981 97.2981 2
      vertex 6.97847 97.5784 2.01
      vertex 7.2981 97.2981 2.01
    endloop
  endfacet
  facet normal 0.659335 0.751849 0
    outer loop
      vertex 6.97847 97.5784 2.01
      vertex 7.2981 97.2981 2
      vertex 6.97847 97.5784 2
    endloop
  endfacet
  facet normal 0.321543 -0.946895 0
    outer loop
      vertex 5.84116 91.8607 2
      vertex 6.24372 91.9974 2.01
      vertex 5.84116 91.8607 2.01
    endloop
  endfacet
  facet normal 0.321543 -0.946895 0
    outer loop
      vertex 6.24372 91.9974 2.01
      vertex 5.84116 91.8607 2
      vertex 6.24372 91.9974 2
    endloop
  endfacet
  facet normal 0.831493 -0.555536 0
    outer loop
      vertex 7.5784 93.0215 2.01
      vertex 7.81458 93.375 2
      vertex 7.81458 93.375 2.01
    endloop
  endfacet
  facet normal 0.831493 -0.555536 0
    outer loop
      vertex 7.81458 93.375 2
      vertex 7.5784 93.0215 2.01
      vertex 7.5784 93.0215 2
    endloop
  endfacet
  facet normal -0.896879 0.442277 0
    outer loop
      vertex 1.99739 96.2437 2
      vertex 2.18542 96.625 2.01
      vertex 2.18542 96.625 2
    endloop
  endfacet
  facet normal -0.896879 0.442277 0
    outer loop
      vertex 2.18542 96.625 2.01
      vertex 1.99739 96.2437 2
      vertex 1.99739 96.2437 2.01
    endloop
  endfacet
  facet normal -0.980788 -0.195076 0
    outer loop
      vertex 1.86074 94.1588 2
      vertex 1.7778 94.5758 2.01
      vertex 1.7778 94.5758 2
    endloop
  endfacet
  facet normal -0.980788 -0.195076 0
    outer loop
      vertex 1.7778 94.5758 2.01
      vertex 1.86074 94.1588 2
      vertex 1.86074 94.1588 2.01
    endloop
  endfacet
  facet normal 0.555601 0.831449 -0
    outer loop
      vertex 6.97847 97.5784 2
      vertex 6.625 97.8146 2.01
      vertex 6.97847 97.5784 2.01
    endloop
  endfacet
  facet normal 0.555601 0.831449 0
    outer loop
      vertex 6.625 97.8146 2.01
      vertex 6.97847 97.5784 2
      vertex 6.625 97.8146 2
    endloop
  endfacet
  facet normal -0.997859 -0.0653948 0
    outer loop
      vertex 1.7778 94.5758 2
      vertex 1.75 95 2.01
      vertex 1.75 95 2
    endloop
  endfacet
  facet normal -0.997859 -0.0653948 0
    outer loop
      vertex 1.75 95 2.01
      vertex 1.7778 94.5758 2
      vertex 1.7778 94.5758 2.01
    endloop
  endfacet
  facet normal -0.946916 -0.321481 0
    outer loop
      vertex 1.99739 93.7563 2
      vertex 1.86074 94.1588 2.01
      vertex 1.86074 94.1588 2
    endloop
  endfacet
  facet normal -0.946916 -0.321481 0
    outer loop
      vertex 1.86074 94.1588 2.01
      vertex 1.99739 93.7563 2
      vertex 1.99739 93.7563 2.01
    endloop
  endfacet
  facet normal -0.831493 0.555536 0
    outer loop
      vertex 2.18542 96.625 2
      vertex 2.4216 96.9785 2.01
      vertex 2.4216 96.9785 2
    endloop
  endfacet
  facet normal -0.831493 0.555536 0
    outer loop
      vertex 2.4216 96.9785 2.01
      vertex 2.18542 96.625 2
      vertex 2.18542 96.625 2.01
    endloop
  endfacet
  facet normal -0.442239 0.896897 0
    outer loop
      vertex 3.75628 98.0026 2
      vertex 3.375 97.8146 2.01
      vertex 3.75628 98.0026 2.01
    endloop
  endfacet
  facet normal -0.442239 0.896897 0
    outer loop
      vertex 3.375 97.8146 2.01
      vertex 3.75628 98.0026 2
      vertex 3.375 97.8146 2
    endloop
  endfacet
  facet normal 0.195008 -0.980802 0
    outer loop
      vertex 5.42421 91.7778 2
      vertex 5.84116 91.8607 2.01
      vertex 5.42421 91.7778 2.01
    endloop
  endfacet
  facet normal 0.195008 -0.980802 0
    outer loop
      vertex 5.84116 91.8607 2.01
      vertex 5.42421 91.7778 2
      vertex 5.84116 91.8607 2
    endloop
  endfacet
  facet normal 0.751818 -0.65937 0
    outer loop
      vertex 7.2981 92.7019 2.01
      vertex 7.5784 93.0215 2
      vertex 7.5784 93.0215 2.01
    endloop
  endfacet
  facet normal 0.751818 -0.65937 0
    outer loop
      vertex 7.5784 93.0215 2
      vertex 7.2981 92.7019 2.01
      vertex 7.2981 92.7019 2
    endloop
  endfacet
  facet normal -0.831493 -0.555536 0
    outer loop
      vertex 2.4216 93.0215 2
      vertex 2.18542 93.375 2.01
      vertex 2.18542 93.375 2
    endloop
  endfacet
  facet normal -0.831493 -0.555536 0
    outer loop
      vertex 2.18542 93.375 2.01
      vertex 2.4216 93.0215 2
      vertex 2.4216 93.0215 2.01
    endloop
  endfacet
  facet normal -0.442239 -0.896897 0
    outer loop
      vertex 3.375 92.1854 2
      vertex 3.75628 91.9974 2.01
      vertex 3.375 92.1854 2.01
    endloop
  endfacet
  facet normal -0.442239 -0.896897 -0
    outer loop
      vertex 3.75628 91.9974 2.01
      vertex 3.375 92.1854 2
      vertex 3.75628 91.9974 2
    endloop
  endfacet
  facet normal 0.980788 -0.195076 0
    outer loop
      vertex 8.13926 94.1588 2.01
      vertex 8.2222 94.5758 2
      vertex 8.2222 94.5758 2.01
    endloop
  endfacet
  facet normal 0.980788 -0.195076 0
    outer loop
      vertex 8.2222 94.5758 2
      vertex 8.13926 94.1588 2.01
      vertex 8.13926 94.1588 2
    endloop
  endfacet
  facet normal -0.659347 -0.751839 0
    outer loop
      vertex 2.7019 92.7019 2
      vertex 3.02152 92.4216 2.01
      vertex 2.7019 92.7019 2.01
    endloop
  endfacet
  facet normal -0.659347 -0.751839 -0
    outer loop
      vertex 3.02152 92.4216 2.01
      vertex 2.7019 92.7019 2
      vertex 3.02152 92.4216 2
    endloop
  endfacet
  facet normal -0.896879 -0.442277 0
    outer loop
      vertex 2.18542 93.375 2
      vertex 1.99739 93.7563 2.01
      vertex 1.99739 93.7563 2
    endloop
  endfacet
  facet normal -0.896879 -0.442277 0
    outer loop
      vertex 1.99739 93.7563 2.01
      vertex 2.18542 93.375 2
      vertex 2.18542 93.375 2.01
    endloop
  endfacet
  facet normal 0.896879 -0.442277 0
    outer loop
      vertex 7.81458 93.375 2.01
      vertex 8.00261 93.7563 2
      vertex 8.00261 93.7563 2.01
    endloop
  endfacet
  facet normal 0.896879 -0.442277 0
    outer loop
      vertex 8.00261 93.7563 2
      vertex 7.81458 93.375 2.01
      vertex 7.81458 93.375 2
    endloop
  endfacet
  facet normal 0.555601 -0.831449 0
    outer loop
      vertex 6.625 92.1854 2
      vertex 6.97847 92.4216 2.01
      vertex 6.625 92.1854 2.01
    endloop
  endfacet
  facet normal 0.555601 -0.831449 0
    outer loop
      vertex 6.97847 92.4216 2.01
      vertex 6.625 92.1854 2
      vertex 6.97847 92.4216 2
    endloop
  endfacet
  facet normal 0.442239 0.896897 -0
    outer loop
      vertex 6.625 97.8146 2
      vertex 6.24372 98.0026 2.01
      vertex 6.625 97.8146 2.01
    endloop
  endfacet
  facet normal 0.442239 0.896897 0
    outer loop
      vertex 6.24372 98.0026 2.01
      vertex 6.625 97.8146 2
      vertex 6.24372 98.0026 2
    endloop
  endfacet
  facet normal -0.751818 -0.65937 0
    outer loop
      vertex 2.7019 92.7019 2
      vertex 2.4216 93.0215 2.01
      vertex 2.4216 93.0215 2
    endloop
  endfacet
  facet normal -0.751818 -0.65937 0
    outer loop
      vertex 2.4216 93.0215 2.01
      vertex 2.7019 92.7019 2
      vertex 2.7019 92.7019 2.01
    endloop
  endfacet
  facet normal 0.997859 -0.0653948 0
    outer loop
      vertex 8.2222 94.5758 2.01
      vertex 8.25 95 2
      vertex 8.25 95 2.01
    endloop
  endfacet
  facet normal 0.997859 -0.0653948 0
    outer loop
      vertex 8.25 95 2
      vertex 8.2222 94.5758 2.01
      vertex 8.2222 94.5758 2
    endloop
  endfacet
  facet normal 0.0653933 -0.99786 0
    outer loop
      vertex 5 91.75 2
      vertex 5.42421 91.7778 2.01
      vertex 5 91.75 2.01
    endloop
  endfacet
  facet normal 0.0653933 -0.99786 0
    outer loop
      vertex 5.42421 91.7778 2.01
      vertex 5 91.75 2
      vertex 5.42421 91.7778 2
    endloop
  endfacet
  facet normal -0.0653933 -0.99786 0
    outer loop
      vertex 4.57579 91.7778 2
      vertex 5 91.75 2.01
      vertex 4.57579 91.7778 2.01
    endloop
  endfacet
  facet normal -0.0653933 -0.99786 -0
    outer loop
      vertex 5 91.75 2.01
      vertex 4.57579 91.7778 2
      vertex 5 91.75 2
    endloop
  endfacet
  facet normal -0.321543 -0.946895 0
    outer loop
      vertex 3.75628 91.9974 2
      vertex 4.15884 91.8607 2.01
      vertex 3.75628 91.9974 2.01
    endloop
  endfacet
  facet normal -0.321543 -0.946895 -0
    outer loop
      vertex 4.15884 91.8607 2.01
      vertex 3.75628 91.9974 2
      vertex 4.15884 91.8607 2
    endloop
  endfacet
  facet normal 0.195008 0.980802 -0
    outer loop
      vertex 5.84116 98.1393 2
      vertex 5.42421 98.2222 2.01
      vertex 5.84116 98.1393 2.01
    endloop
  endfacet
  facet normal 0.195008 0.980802 0
    outer loop
      vertex 5.42421 98.2222 2.01
      vertex 5.84116 98.1393 2
      vertex 5.42421 98.2222 2
    endloop
  endfacet
  facet normal -0.55559 -0.831456 0
    outer loop
      vertex 3.02152 92.4216 2
      vertex 3.375 92.1854 2.01
      vertex 3.02152 92.4216 2.01
    endloop
  endfacet
  facet normal -0.55559 -0.831456 -0
    outer loop
      vertex 3.375 92.1854 2.01
      vertex 3.02152 92.4216 2
      vertex 3.375 92.1854 2
    endloop
  endfacet
  facet normal 0 0 1
    outer loop
      vertex 8.2222 95.4242 2.01
      vertex 8.2222 94.5758 2.01
      vertex 8.25 95 2.01
    endloop
  endfacet
  facet normal 0 0 1
    outer loop
      vertex 8.13926 95.8412 2.01
      vertex 8.2222 94.5758 2.01
      vertex 8.2222 95.4242 2.01
    endloop
  endfacet
  facet normal 0 0 1
    outer loop
      vertex 8.13926 95.8412 2.01
      vertex 8.13926 94.1588 2.01
      vertex 8.2222 94.5758 2.01
    endloop
  endfacet
  facet normal 0 0 1
    outer loop
      vertex 8.00261 96.2437 2.01
      vertex 8.13926 94.1588 2.01
      vertex 8.13926 95.8412 2.01
    endloop
  endfacet
  facet normal 0 0 1
    outer loop
      vertex 8.00261 96.2437 2.01
      vertex 8.00261 93.7563 2.01
      vertex 8.13926 94.1588 2.01
    endloop
  endfacet
  facet normal 0 0 1
    outer loop
      vertex 7.81458 96.625 2.01
      vertex 8.00261 93.7563 2.01
      vertex 8.00261 96.2437 2.01
    endloop
  endfacet
  facet normal 0 0 1
    outer loop
      vertex 7.81458 96.625 2.01
      vertex 7.81458 93.375 2.01
      vertex 8.00261 93.7563 2.01
    endloop
  endfacet
  facet normal 0 0 1
    outer loop
      vertex 7.5784 96.9785 2.01
      vertex 7.81458 93.375 2.01
      vertex 7.81458 96.625 2.01
    endloop
  endfacet
  facet normal 0 0 1
    outer loop
      vertex 7.5784 96.9785 2.01
      vertex 7.5784 93.0215 2.01
      vertex 7.81458 93.375 2.01
    endloop
  endfacet
  facet normal 0 0 1
    outer loop
      vertex 7.2981 97.2981 2.01
      vertex 7.5784 93.0215 2.01
      vertex 7.5784 96.9785 2.01
    endloop
  endfacet
  facet normal 0 0 1
    outer loop
      vertex 7.2981 97.2981 2.01
      vertex 7.2981 92.7019 2.01
      vertex 7.5784 93.0215 2.01
    endloop
  endfacet
  facet normal 0 0 1
    outer loop
      vertex 6.97847 97.5784 2.01
      vertex 7.2981 92.7019 2.01
      vertex 7.2981 97.2981 2.01
    endloop
  endfacet
  facet normal 0 0 1
    outer loop
      vertex 6.97847 97.5784 2.01
      vertex 6.97847 92.4216 2.01
      vertex 7.2981 92.7019 2.01
    endloop
  endfacet
  facet normal 0 0 1
    outer loop
      vertex 6.625 97.8146 2.01
      vertex 6.97847 92.4216 2.01
      vertex 6.97847 97.5784 2.01
    endloop
  endfacet
  facet normal 0 0 1
    outer loop
      vertex 6.625 97.8146 2.01
      vertex 6.625 92.1854 2.01
      vertex 6.97847 92.4216 2.01
    endloop
  endfacet
  facet normal 0 0 1
    outer loop
      vertex 6.24372 98.0026 2.01
      vertex 6.625 92.1854 2.01
      vertex 6.625 97.8146 2.01
    endloop
  endfacet
  facet normal 0 0 1
    outer loop
      vertex 6.24372 98.0026 2.01
      vertex 6.24372 91.9974 2.01
      vertex 6.625 92.1854 2.01
    endloop
  endfacet
  facet normal 0 0 1
    outer loop
      vertex 5.84116 98.1393 2.01
      vertex 6.24372 91.9974 2.01
      vertex 6.24372 98.0026 2.01
    endloop
  endfacet
  facet normal 0 0 1
    outer loop
      vertex 5.84116 98.1393 2.01
      vertex 5.84116 91.8607 2.01
      vertex 6.24372 91.9974 2.01
    endloop
  endfacet
  facet normal 0 0 1
    outer loop
      vertex 5.42421 98.2222 2.01
      vertex 5.84116 91.8607 2.01
      vertex 5.84116 98.1393 2.01
    endloop
  endfacet
  facet normal 0 0 1
    outer loop
      vertex 5.42421 98.2222 2.01
      vertex 5.42421 91.7778 2.01
      vertex 5.84116 91.8607 2.01
    endloop
  endfacet
  facet normal 0 0 1
    outer loop
      vertex 5 98.25 2.01
      vertex 5.42421 91.7778 2.01
      vertex 5.42421 98.2222 2.01
    endloop
  endfacet
  facet normal 0 0 1
    outer loop
      vertex 5 98.25 2.01
      vertex 5 91.75 2.01
      vertex 5.42421 91.7778 2.01
    endloop
  endfacet
  facet normal -0 0 1
    outer loop
      vertex 4.57579 98.2222 2.01
      vertex 5 91.75 2.01
      vertex 5 98.25 2.01
    endloop
  endfacet
  facet normal 0 0 1
    outer loop
      vertex 4.57579 98.2222 2.01
      vertex 4.57579 91.7778 2.01
      vertex 5 91.75 2.01
    endloop
  endfacet
  facet normal -0 0 1
    outer loop
      vertex 4.15884 98.1393 2.01
      vertex 4.57579 91.7778 2.01
      vertex 4.57579 98.2222 2.01
    endloop
  endfacet
  facet normal 0 0 1
    outer loop
      vertex 4.15884 98.1393 2.01
      vertex 4.15884 91.8607 2.01
      vertex 4.57579 91.7778 2.01
    endloop
  endfacet
  facet normal -0 0 1
    outer loop
      vertex 3.75628 98.0026 2.01
      vertex 4.15884 91.8607 2.01
      vertex 4.15884 98.1393 2.01
    endloop
  endfacet
  facet normal 0 0 1
    outer loop
      vertex 3.75628 98.0026 2.01
      vertex 3.75628 91.9974 2.01
      vertex 4.15884 91.8607 2.01
    endloop
  endfacet
  facet normal -0 0 1
    outer loop
      vertex 3.375 97.8146 2.01
      vertex 3.75628 91.9974 2.01
      vertex 3.75628 98.0026 2.01
    endloop
  endfacet
  facet normal 0 0 1
    outer loop
      vertex 3.375 97.8146 2.01
      vertex 3.375 92.1854 2.01
      vertex 3.75628 91.9974 2.01
    endloop
  endfacet
  facet normal -0 0 1
    outer loop
      vertex 3.02152 97.5784 2.01
      vertex 3.375 92.1854 2.01
      vertex 3.375 97.8146 2.01
    endloop
  endfacet
  facet normal 0 0 1
    outer loop
      vertex 3.02152 97.5784 2.01
      vertex 3.02152 92.4216 2.01
      vertex 3.375 92.1854 2.01
    endloop
  endfacet
  facet normal -0 0 1
    outer loop
      vertex 2.7019 97.2981 2.01
      vertex 3.02152 92.4216 2.01
      vertex 3.02152 97.5784 2.01
    endloop
  endfacet
  facet normal 0 0 1
    outer loop
      vertex 2.7019 97.2981 2.01
      vertex 2.7019 92.7019 2.01
      vertex 3.02152 92.4216 2.01
    endloop
  endfacet
  facet normal -0 0 1
    outer loop
      vertex 2.4216 96.9785 2.01
      vertex 2.7019 92.7019 2.01
      vertex 2.7019 97.2981 2.01
    endloop
  endfacet
  facet normal 0 0 1
    outer loop
      vertex 2.4216 96.9785 2.01
      vertex 2.4216 93.0215 2.01
      vertex 2.7019 92.7019 2.01
    endloop
  endfacet
  facet normal -0 0 1
    outer loop
      vertex 2.18542 96.625 2.01
      vertex 2.4216 93.0215 2.01
      vertex 2.4216 96.9785 2.01
    endloop
  endfacet
  facet normal 0 0 1
    outer loop
      vertex 2.18542 96.625 2.01
      vertex 2.18542 93.375 2.01
      vertex 2.4216 93.0215 2.01
    endloop
  endfacet
  facet normal -0 0 1
    outer loop
      vertex 1.99739 96.2437 2.01
      vertex 2.18542 93.375 2.01
      vertex 2.18542 96.625 2.01
    endloop
  endfacet
  facet normal 0 0 1
    outer loop
      vertex 1.99739 96.2437 2.01
      vertex 1.99739 93.7563 2.01
      vertex 2.18542 93.375 2.01
    endloop
  endfacet
  facet normal -0 0 1
    outer loop
      vertex 1.86074 95.8412 2.01
      vertex 1.99739 93.7563 2.01
      vertex 1.99739 96.2437 2.01
    endloop
  endfacet
  facet normal 0 0 1
    outer loop
      vertex 1.86074 95.8412 2.01
      vertex 1.86074 94.1588 2.01
      vertex 1.99739 93.7563 2.01
    endloop
  endfacet
  facet normal -0 0 1
    outer loop
      vertex 1.7778 95.4242 2.01
      vertex 1.86074 94.1588 2.01
      vertex 1.86074 95.8412 2.01
    endloop
  endfacet
  facet normal 0 0 1
    outer loop
      vertex 1.7778 95.4242 2.01
      vertex 1.7778 94.5758 2.01
      vertex 1.86074 94.1588 2.01
    endloop
  endfacet
  facet normal 0 -0 1
    outer loop
      vertex 1.7778 94.5758 2.01
      vertex 1.7778 95.4242 2.01
      vertex 1.75 95 2.01
    endloop
  endfacet
  facet normal 0.997829 0.0658633 0
    outer loop
      vertex 163.25 95 2.01
      vertex 163.222 95.4242 2
      vertex 163.222 95.4242 2.01
    endloop
  endfacet
  facet normal 0.997829 0.0658633 0
    outer loop
      vertex 163.222 95.4242 2
      vertex 163.25 95 2.01
      vertex 163.25 95 2
    endloop
  endfacet
  facet normal -0.0654256 0.997857 0
    outer loop
      vertex 160 98.25 2
      vertex 159.576 98.2222 2.01
      vertex 160 98.25 2.01
    endloop
  endfacet
  facet normal -0.0654256 0.997857 0
    outer loop
      vertex 159.576 98.2222 2.01
      vertex 160 98.25 2
      vertex 159.576 98.2222 2
    endloop
  endfacet
  facet normal 0.896907 0.44222 0
    outer loop
      vertex 163.003 96.2437 2.01
      vertex 162.815 96.625 2
      vertex 162.815 96.625 2.01
    endloop
  endfacet
  facet normal 0.896907 0.44222 0
    outer loop
      vertex 162.815 96.625 2
      vertex 163.003 96.2437 2.01
      vertex 163.003 96.2437 2
    endloop
  endfacet
  facet normal 0.830602 0.556867 0
    outer loop
      vertex 162.815 96.625 2.01
      vertex 162.578 96.9785 2
      vertex 162.578 96.9785 2.01
    endloop
  endfacet
  facet normal 0.830602 0.556867 0
    outer loop
      vertex 162.578 96.9785 2
      vertex 162.815 96.625 2.01
      vertex 162.815 96.625 2
    endloop
  endfacet
  facet normal -0.556112 0.831107 0
    outer loop
      vertex 158.375 97.8146 2
      vertex 158.022 97.5784 2.01
      vertex 158.375 97.8146 2.01
    endloop
  endfacet
  facet normal -0.556112 0.831107 0
    outer loop
      vertex 158.022 97.5784 2.01
      vertex 158.375 97.8146 2
      vertex 158.022 97.5784 2
    endloop
  endfacet
  facet normal -0.896907 -0.44222 0
    outer loop
      vertex 157.185 93.375 2
      vertex 156.997 93.7563 2.01
      vertex 156.997 93.7563 2
    endloop
  endfacet
  facet normal -0.896907 -0.44222 0
    outer loop
      vertex 156.997 93.7563 2.01
      vertex 157.185 93.375 2
      vertex 157.185 93.375 2.01
    endloop
  endfacet
  facet normal 0.321229 0.947002 -0
    outer loop
      vertex 161.244 98.0026 2
      vertex 160.841 98.1393 2.01
      vertex 161.244 98.0026 2.01
    endloop
  endfacet
  facet normal 0.321229 0.947002 0
    outer loop
      vertex 160.841 98.1393 2.01
      vertex 161.244 98.0026 2
      vertex 160.841 98.1393 2
    endloop
  endfacet
  facet normal 0.947381 -0.320109 0
    outer loop
      vertex 163.003 93.7563 2.01
      vertex 163.139 94.1588 2
      vertex 163.139 94.1588 2.01
    endloop
  endfacet
  facet normal 0.947381 -0.320109 0
    outer loop
      vertex 163.139 94.1588 2
      vertex 163.003 93.7563 2.01
      vertex 163.003 93.7563 2
    endloop
  endfacet
  facet normal -0.321229 0.947002 0
    outer loop
      vertex 159.159 98.1393 2
      vertex 158.756 98.0026 2.01
      vertex 159.159 98.1393 2.01
    endloop
  endfacet
  facet normal -0.321229 0.947002 0
    outer loop
      vertex 158.756 98.0026 2.01
      vertex 159.159 98.1393 2
      vertex 158.756 98.0026 2
    endloop
  endfacet
  facet normal -0.980761 0.195211 0
    outer loop
      vertex 156.778 95.4242 2
      vertex 156.861 95.8412 2.01
      vertex 156.861 95.8412 2
    endloop
  endfacet
  facet normal -0.980761 0.195211 0
    outer loop
      vertex 156.861 95.8412 2.01
      vertex 156.778 95.4242 2
      vertex 156.778 95.4242 2.01
    endloop
  endfacet
  facet normal 0.4425 0.896769 -0
    outer loop
      vertex 161.625 97.8146 2
      vertex 161.244 98.0026 2.01
      vertex 161.625 97.8146 2.01
    endloop
  endfacet
  facet normal 0.4425 0.896769 0
    outer loop
      vertex 161.244 98.0026 2.01
      vertex 161.625 97.8146 2
      vertex 161.244 98.0026 2
    endloop
  endfacet
  facet normal 0.658904 0.752227 -0
    outer loop
      vertex 162.298 97.2981 2
      vertex 161.978 97.5784 2.01
      vertex 162.298 97.2981 2.01
    endloop
  endfacet
  facet normal 0.658904 0.752227 0
    outer loop
      vertex 161.978 97.5784 2.01
      vertex 162.298 97.2981 2
      vertex 161.978 97.5784 2
    endloop
  endfacet
  facet normal 0.0654256 -0.997857 0
    outer loop
      vertex 160 91.75 2
      vertex 160.424 91.7778 2.01
      vertex 160 91.75 2.01
    endloop
  endfacet
  facet normal 0.0654256 -0.997857 0
    outer loop
      vertex 160.424 91.7778 2.01
      vertex 160 91.75 2
      vertex 160.424 91.7778 2
    endloop
  endfacet
  facet normal 0.947381 0.320109 0
    outer loop
      vertex 163.139 95.8412 2.01
      vertex 163.003 96.2437 2
      vertex 163.003 96.2437 2.01
    endloop
  endfacet
  facet normal 0.947381 0.320109 0
    outer loop
      vertex 163.003 96.2437 2
      vertex 163.139 95.8412 2.01
      vertex 163.139 95.8412 2
    endloop
  endfacet
  facet normal -0.4425 0.896769 0
    outer loop
      vertex 158.756 98.0026 2
      vertex 158.375 97.8146 2.01
      vertex 158.756 98.0026 2.01
    endloop
  endfacet
  facet normal -0.4425 0.896769 0
    outer loop
      vertex 158.375 97.8146 2.01
      vertex 158.756 98.0026 2
      vertex 158.375 97.8146 2
    endloop
  endfacet
  facet normal -0.830602 -0.556867 0
    outer loop
      vertex 157.422 93.0215 2
      vertex 157.185 93.375 2.01
      vertex 157.185 93.375 2
    endloop
  endfacet
  facet normal -0.830602 -0.556867 0
    outer loop
      vertex 157.185 93.375 2.01
      vertex 157.422 93.0215 2
      vertex 157.422 93.0215 2.01
    endloop
  endfacet
  facet normal 0.4425 -0.896769 0
    outer loop
      vertex 161.244 91.9974 2
      vertex 161.625 92.1854 2.01
      vertex 161.244 91.9974 2.01
    endloop
  endfacet
  facet normal 0.4425 -0.896769 0
    outer loop
      vertex 161.625 92.1854 2.01
      vertex 161.244 91.9974 2
      vertex 161.625 92.1854 2
    endloop
  endfacet
  facet normal -0.830602 0.556867 0
    outer loop
      vertex 157.185 96.625 2
      vertex 157.422 96.9785 2.01
      vertex 157.422 96.9785 2
    endloop
  endfacet
  facet normal -0.830602 0.556867 0
    outer loop
      vertex 157.422 96.9785 2.01
      vertex 157.185 96.625 2
      vertex 157.185 96.625 2.01
    endloop
  endfacet
  facet normal 0.830602 -0.556867 0
    outer loop
      vertex 162.578 93.0215 2.01
      vertex 162.815 93.375 2
      vertex 162.815 93.375 2.01
    endloop
  endfacet
  facet normal 0.830602 -0.556867 0
    outer loop
      vertex 162.815 93.375 2
      vertex 162.578 93.0215 2.01
      vertex 162.578 93.0215 2
    endloop
  endfacet
  facet normal -0.752168 0.658971 0
    outer loop
      vertex 157.422 96.9785 2
      vertex 157.702 97.2981 2.01
      vertex 157.702 97.2981 2
    endloop
  endfacet
  facet normal -0.752168 0.658971 0
    outer loop
      vertex 157.702 97.2981 2.01
      vertex 157.422 96.9785 2
      vertex 157.422 96.9785 2.01
    endloop
  endfacet
  facet normal -0.194985 0.980806 0
    outer loop
      vertex 159.576 98.2222 2
      vertex 159.159 98.1393 2.01
      vertex 159.576 98.2222 2.01
    endloop
  endfacet
  facet normal -0.194985 0.980806 0
    outer loop
      vertex 159.159 98.1393 2.01
      vertex 159.576 98.2222 2
      vertex 159.159 98.1393 2
    endloop
  endfacet
  facet normal 0.980761 0.195211 0
    outer loop
      vertex 163.222 95.4242 2.01
      vertex 163.139 95.8412 2
      vertex 163.139 95.8412 2.01
    endloop
  endfacet
  facet normal 0.980761 0.195211 0
    outer loop
      vertex 163.139 95.8412 2
      vertex 163.222 95.4242 2.01
      vertex 163.222 95.4242 2
    endloop
  endfacet
  facet normal 0.556112 0.831107 -0
    outer loop
      vertex 161.978 97.5784 2
      vertex 161.625 97.8146 2.01
      vertex 161.978 97.5784 2.01
    endloop
  endfacet
  facet normal 0.556112 0.831107 0
    outer loop
      vertex 161.625 97.8146 2.01
      vertex 161.978 97.5784 2
      vertex 161.625 97.8146 2
    endloop
  endfacet
  facet normal 0.556112 -0.831107 0
    outer loop
      vertex 161.625 92.1854 2
      vertex 161.978 92.4216 2.01
      vertex 161.625 92.1854 2.01
    endloop
  endfacet
  facet normal 0.556112 -0.831107 0
    outer loop
      vertex 161.978 92.4216 2.01
      vertex 161.625 92.1854 2
      vertex 161.978 92.4216 2
    endloop
  endfacet
  facet normal 0.752168 -0.658971 0
    outer loop
      vertex 162.298 92.7019 2.01
      vertex 162.578 93.0215 2
      vertex 162.578 93.0215 2.01
    endloop
  endfacet
  facet normal 0.752168 -0.658971 0
    outer loop
      vertex 162.578 93.0215 2
      vertex 162.298 92.7019 2.01
      vertex 162.298 92.7019 2
    endloop
  endfacet
  facet normal -0.4425 -0.896769 0
    outer loop
      vertex 158.375 92.1854 2
      vertex 158.756 91.9974 2.01
      vertex 158.375 92.1854 2.01
    endloop
  endfacet
  facet normal -0.4425 -0.896769 -0
    outer loop
      vertex 158.756 91.9974 2.01
      vertex 158.375 92.1854 2
      vertex 158.756 91.9974 2
    endloop
  endfacet
  facet normal 0 0 1
    outer loop
      vertex 163.222 95.4242 2.01
      vertex 163.222 94.5758 2.01
      vertex 163.25 95 2.01
    endloop
  endfacet
  facet normal 0 0 1
    outer loop
      vertex 163.139 95.8412 2.01
      vertex 163.222 94.5758 2.01
      vertex 163.222 95.4242 2.01
    endloop
  endfacet
  facet normal 0 0 1
    outer loop
      vertex 163.139 95.8412 2.01
      vertex 163.139 94.1588 2.01
      vertex 163.222 94.5758 2.01
    endloop
  endfacet
  facet normal 0 0 1
    outer loop
      vertex 163.003 96.2437 2.01
      vertex 163.139 94.1588 2.01
      vertex 163.139 95.8412 2.01
    endloop
  endfacet
  facet normal 0 0 1
    outer loop
      vertex 163.003 96.2437 2.01
      vertex 163.003 93.7563 2.01
      vertex 163.139 94.1588 2.01
    endloop
  endfacet
  facet normal 0 0 1
    outer loop
      vertex 162.815 96.625 2.01
      vertex 163.003 93.7563 2.01
      vertex 163.003 96.2437 2.01
    endloop
  endfacet
  facet normal 0 0 1
    outer loop
      vertex 162.815 96.625 2.01
      vertex 162.815 93.375 2.01
      vertex 163.003 93.7563 2.01
    endloop
  endfacet
  facet normal 0 0 1
    outer loop
      vertex 162.578 96.9785 2.01
      vertex 162.815 93.375 2.01
      vertex 162.815 96.625 2.01
    endloop
  endfacet
  facet normal 0 0 1
    outer loop
      vertex 162.578 96.9785 2.01
      vertex 162.578 93.0215 2.01
      vertex 162.815 93.375 2.01
    endloop
  endfacet
  facet normal 0 0 1
    outer loop
      vertex 162.298 97.2981 2.01
      vertex 162.578 93.0215 2.01
      vertex 162.578 96.9785 2.01
    endloop
  endfacet
  facet normal 0 0 1
    outer loop
      vertex 162.298 97.2981 2.01
      vertex 162.298 92.7019 2.01
      vertex 162.578 93.0215 2.01
    endloop
  endfacet
  facet normal 0 0 1
    outer loop
      vertex 161.978 97.5784 2.01
      vertex 162.298 92.7019 2.01
      vertex 162.298 97.2981 2.01
    endloop
  endfacet
  facet normal 0 0 1
    outer loop
      vertex 161.978 97.5784 2.01
      vertex 161.978 92.4216 2.01
      vertex 162.298 92.7019 2.01
    endloop
  endfacet
  facet normal 0 0 1
    outer loop
      vertex 161.625 97.8146 2.01
      vertex 161.978 92.4216 2.01
      vertex 161.978 97.5784 2.01
    endloop
  endfacet
  facet normal 0 0 1
    outer loop
      vertex 161.625 97.8146 2.01
      vertex 161.625 92.1854 2.01
      vertex 161.978 92.4216 2.01
    endloop
  endfacet
  facet normal 0 0 1
    outer loop
      vertex 161.244 98.0026 2.01
      vertex 161.625 92.1854 2.01
      vertex 161.625 97.8146 2.01
    endloop
  endfacet
  facet normal 0 0 1
    outer loop
      vertex 161.244 98.0026 2.01
      vertex 161.244 91.9974 2.01
      vertex 161.625 92.1854 2.01
    endloop
  endfacet
  facet normal 0 0 1
    outer loop
      vertex 160.841 98.1393 2.01
      vertex 161.244 91.9974 2.01
      vertex 161.244 98.0026 2.01
    endloop
  endfacet
  facet normal 0 0 1
    outer loop
      vertex 160.841 98.1393 2.01
      vertex 160.841 91.8607 2.01
      vertex 161.244 91.9974 2.01
    endloop
  endfacet
  facet normal 0 0 1
    outer loop
      vertex 160.424 98.2222 2.01
      vertex 160.841 91.8607 2.01
      vertex 160.841 98.1393 2.01
    endloop
  endfacet
  facet normal 0 0 1
    outer loop
      vertex 160.424 98.2222 2.01
      vertex 160.424 91.7778 2.01
      vertex 160.841 91.8607 2.01
    endloop
  endfacet
  facet normal 0 0 1
    outer loop
      vertex 160 98.25 2.01
      vertex 160.424 91.7778 2.01
      vertex 160.424 98.2222 2.01
    endloop
  endfacet
  facet normal 0 0 1
    outer loop
      vertex 160 98.25 2.01
      vertex 160 91.75 2.01
      vertex 160.424 91.7778 2.01
    endloop
  endfacet
  facet normal -0 0 1
    outer loop
      vertex 159.576 98.2222 2.01
      vertex 160 91.75 2.01
      vertex 160 98.25 2.01
    endloop
  endfacet
  facet normal 0 0 1
    outer loop
      vertex 159.576 98.2222 2.01
      vertex 159.576 91.7778 2.01
      vertex 160 91.75 2.01
    endloop
  endfacet
  facet normal -0 0 1
    outer loop
      vertex 159.159 98.1393 2.01
      vertex 159.576 91.7778 2.01
      vertex 159.576 98.2222 2.01
    endloop
  endfacet
  facet normal 0 0 1
    outer loop
      vertex 159.159 98.1393 2.01
      vertex 159.159 91.8607 2.01
      vertex 159.576 91.7778 2.01
    endloop
  endfacet
  facet normal -0 0 1
    outer loop
      vertex 158.756 98.0026 2.01
      vertex 159.159 91.8607 2.01
      vertex 159.159 98.1393 2.01
    endloop
  endfacet
  facet normal 0 0 1
    outer loop
      vertex 158.756 98.0026 2.01
      vertex 158.756 91.9974 2.01
      vertex 159.159 91.8607 2.01
    endloop
  endfacet
  facet normal -0 0 1
    outer loop
      vertex 158.375 97.8146 2.01
      vertex 158.756 91.9974 2.01
      vertex 158.756 98.0026 2.01
    endloop
  endfacet
  facet normal 0 0 1
    outer loop
      vertex 158.375 97.8146 2.01
      vertex 158.375 92.1854 2.01
      vertex 158.756 91.9974 2.01
    endloop
  endfacet
  facet normal -0 0 1
    outer loop
      vertex 158.022 97.5784 2.01
      vertex 158.375 92.1854 2.01
      vertex 158.375 97.8146 2.01
    endloop
  endfacet
  facet normal 0 0 1
    outer loop
      vertex 158.022 97.5784 2.01
      vertex 158.022 92.4216 2.01
      vertex 158.375 92.1854 2.01
    endloop
  endfacet
  facet normal -0 0 1
    outer loop
      vertex 157.702 97.2981 2.01
      vertex 158.022 92.4216 2.01
      vertex 158.022 97.5784 2.01
    endloop
  endfacet
  facet normal 0 0 1
    outer loop
      vertex 157.702 97.2981 2.01
      vertex 157.702 92.7019 2.01
      vertex 158.022 92.4216 2.01
    endloop
  endfacet
  facet normal -0 0 1
    outer loop
      vertex 157.422 96.9785 2.01
      vertex 157.702 92.7019 2.01
      vertex 157.702 97.2981 2.01
    endloop
  endfacet
  facet normal 0 0 1
    outer loop
      vertex 157.422 96.9785 2.01
      vertex 157.422 93.0215 2.01
      vertex 157.702 92.7019 2.01
    endloop
  endfacet
  facet normal -0 0 1
    outer loop
      vertex 157.185 96.625 2.01
      vertex 157.422 93.0215 2.01
      vertex 157.422 96.9785 2.01
    endloop
  endfacet
  facet normal 0 0 1
    outer loop
      vertex 157.185 96.625 2.01
      vertex 157.185 93.375 2.01
      vertex 157.422 93.0215 2.01
    endloop
  endfacet
  facet normal -0 0 1
    outer loop
      vertex 156.997 96.2437 2.01
      vertex 157.185 93.375 2.01
      vertex 157.185 96.625 2.01
    endloop
  endfacet
  facet normal 0 0 1
    outer loop
      vertex 156.997 96.2437 2.01
      vertex 156.997 93.7563 2.01
      vertex 157.185 93.375 2.01
    endloop
  endfacet
  facet normal -0 0 1
    outer loop
      vertex 156.861 95.8412 2.01
      vertex 156.997 93.7563 2.01
      vertex 156.997 96.2437 2.01
    endloop
  endfacet
  facet normal 0 0 1
    outer loop
      vertex 156.861 95.8412 2.01
      vertex 156.861 94.1588 2.01
      vertex 156.997 93.7563 2.01
    endloop
  endfacet
  facet normal -0 0 1
    outer loop
      vertex 156.778 95.4242 2.01
      vertex 156.861 94.1588 2.01
      vertex 156.861 95.8412 2.01
    endloop
  endfacet
  facet normal 0 0 1
    outer loop
      vertex 156.778 95.4242 2.01
      vertex 156.778 94.5758 2.01
      vertex 156.861 94.1588 2.01
    endloop
  endfacet
  facet normal 0 -0 1
    outer loop
      vertex 156.778 94.5758 2.01
      vertex 156.778 95.4242 2.01
      vertex 156.75 95 2.01
    endloop
  endfacet
  facet normal 0.980761 -0.195211 0
    outer loop
      vertex 163.139 94.1588 2.01
      vertex 163.222 94.5758 2
      vertex 163.222 94.5758 2.01
    endloop
  endfacet
  facet normal 0.980761 -0.195211 0
    outer loop
      vertex 163.222 94.5758 2
      vertex 163.139 94.1588 2.01
      vertex 163.139 94.1588 2
    endloop
  endfacet
  facet normal -0.752168 -0.658971 0
    outer loop
      vertex 157.702 92.7019 2
      vertex 157.422 93.0215 2.01
      vertex 157.422 93.0215 2
    endloop
  endfacet
  facet normal -0.752168 -0.658971 0
    outer loop
      vertex 157.422 93.0215 2.01
      vertex 157.702 92.7019 2
      vertex 157.702 92.7019 2.01
    endloop
  endfacet
  facet normal -0.980761 -0.195211 0
    outer loop
      vertex 156.861 94.1588 2
      vertex 156.778 94.5758 2.01
      vertex 156.778 94.5758 2
    endloop
  endfacet
  facet normal -0.980761 -0.195211 0
    outer loop
      vertex 156.778 94.5758 2.01
      vertex 156.861 94.1588 2
      vertex 156.861 94.1588 2.01
    endloop
  endfacet
  facet normal -0.997829 -0.0658633 0
    outer loop
      vertex 156.778 94.5758 2
      vertex 156.75 95 2.01
      vertex 156.75 95 2
    endloop
  endfacet
  facet normal -0.997829 -0.0658633 0
    outer loop
      vertex 156.75 95 2.01
      vertex 156.778 94.5758 2
      vertex 156.778 94.5758 2.01
    endloop
  endfacet
  facet normal 0.997829 -0.0658633 0
    outer loop
      vertex 163.222 94.5758 2.01
      vertex 163.25 95 2
      vertex 163.25 95 2.01
    endloop
  endfacet
  facet normal 0.997829 -0.0658633 0
    outer loop
      vertex 163.25 95 2
      vertex 163.222 94.5758 2.01
      vertex 163.222 94.5758 2
    endloop
  endfacet
  facet normal -0.321229 -0.947002 0
    outer loop
      vertex 158.756 91.9974 2
      vertex 159.159 91.8607 2.01
      vertex 158.756 91.9974 2.01
    endloop
  endfacet
  facet normal -0.321229 -0.947002 -0
    outer loop
      vertex 159.159 91.8607 2.01
      vertex 158.756 91.9974 2
      vertex 159.159 91.8607 2
    endloop
  endfacet
  facet normal -0.658904 0.752227 0
    outer loop
      vertex 158.022 97.5784 2
      vertex 157.702 97.2981 2.01
      vertex 158.022 97.5784 2.01
    endloop
  endfacet
  facet normal -0.658904 0.752227 0
    outer loop
      vertex 157.702 97.2981 2.01
      vertex 158.022 97.5784 2
      vertex 157.702 97.2981 2
    endloop
  endfacet
  facet normal -0.658904 -0.752227 0
    outer loop
      vertex 157.702 92.7019 2
      vertex 158.022 92.4216 2.01
      vertex 157.702 92.7019 2.01
    endloop
  endfacet
  facet normal -0.658904 -0.752227 -0
    outer loop
      vertex 158.022 92.4216 2.01
      vertex 157.702 92.7019 2
      vertex 158.022 92.4216 2
    endloop
  endfacet
  facet normal 0.194985 -0.980806 0
    outer loop
      vertex 160.424 91.7778 2
      vertex 160.841 91.8607 2.01
      vertex 160.424 91.7778 2.01
    endloop
  endfacet
  facet normal 0.194985 -0.980806 0
    outer loop
      vertex 160.841 91.8607 2.01
      vertex 160.424 91.7778 2
      vertex 160.841 91.8607 2
    endloop
  endfacet
  facet normal 0.896907 -0.44222 0
    outer loop
      vertex 162.815 93.375 2.01
      vertex 163.003 93.7563 2
      vertex 163.003 93.7563 2.01
    endloop
  endfacet
  facet normal 0.896907 -0.44222 0
    outer loop
      vertex 163.003 93.7563 2
      vertex 162.815 93.375 2.01
      vertex 162.815 93.375 2
    endloop
  endfacet
  facet normal -0.556112 -0.831107 0
    outer loop
      vertex 158.022 92.4216 2
      vertex 158.375 92.1854 2.01
      vertex 158.022 92.4216 2.01
    endloop
  endfacet
  facet normal -0.556112 -0.831107 -0
    outer loop
      vertex 158.375 92.1854 2.01
      vertex 158.022 92.4216 2
      vertex 158.375 92.1854 2
    endloop
  endfacet
  facet normal 0.321229 -0.947002 0
    outer loop
      vertex 160.841 91.8607 2
      vertex 161.244 91.9974 2.01
      vertex 160.841 91.8607 2.01
    endloop
  endfacet
  facet normal 0.321229 -0.947002 0
    outer loop
      vertex 161.244 91.9974 2.01
      vertex 160.841 91.8607 2
      vertex 161.244 91.9974 2
    endloop
  endfacet
  facet normal -0.194985 -0.980806 0
    outer loop
      vertex 159.159 91.8607 2
      vertex 159.576 91.7778 2.01
      vertex 159.159 91.8607 2.01
    endloop
  endfacet
  facet normal -0.194985 -0.980806 -0
    outer loop
      vertex 159.576 91.7778 2.01
      vertex 159.159 91.8607 2
      vertex 159.576 91.7778 2
    endloop
  endfacet
  facet normal -0.0654256 -0.997857 0
    outer loop
      vertex 159.576 91.7778 2
      vertex 160 91.75 2.01
      vertex 159.576 91.7778 2.01
    endloop
  endfacet
  facet normal -0.0654256 -0.997857 -0
    outer loop
      vertex 160 91.75 2.01
      vertex 159.576 91.7778 2
      vertex 160 91.75 2
    endloop
  endfacet
  facet normal 0.752168 0.658971 0
    outer loop
      vertex 162.578 96.9785 2.01
      vertex 162.298 97.2981 2
      vertex 162.298 97.2981 2.01
    endloop
  endfacet
  facet normal 0.752168 0.658971 0
    outer loop
      vertex 162.298 97.2981 2
      vertex 162.578 96.9785 2.01
      vertex 162.578 96.9785 2
    endloop
  endfacet
  facet normal -0.947381 0.320109 0
    outer loop
      vertex 156.861 95.8412 2
      vertex 156.997 96.2437 2.01
      vertex 156.997 96.2437 2
    endloop
  endfacet
  facet normal -0.947381 0.320109 0
    outer loop
      vertex 156.997 96.2437 2.01
      vertex 156.861 95.8412 2
      vertex 156.861 95.8412 2.01
    endloop
  endfacet
  facet normal 0.194985 0.980806 -0
    outer loop
      vertex 160.841 98.1393 2
      vertex 160.424 98.2222 2.01
      vertex 160.841 98.1393 2.01
    endloop
  endfacet
  facet normal 0.194985 0.980806 0
    outer loop
      vertex 160.424 98.2222 2.01
      vertex 160.841 98.1393 2
      vertex 160.424 98.2222 2
    endloop
  endfacet
  facet normal 0.0654256 0.997857 -0
    outer loop
      vertex 160.424 98.2222 2
      vertex 160 98.25 2.01
      vertex 160.424 98.2222 2.01
    endloop
  endfacet
  facet normal 0.0654256 0.997857 0
    outer loop
      vertex 160 98.25 2.01
      vertex 160.424 98.2222 2
      vertex 160 98.25 2
    endloop
  endfacet
  facet normal -0.997829 0.0658633 0
    outer loop
      vertex 156.75 95 2
      vertex 156.778 95.4242 2.01
      vertex 156.778 95.4242 2
    endloop
  endfacet
  facet normal -0.997829 0.0658633 0
    outer loop
      vertex 156.778 95.4242 2.01
      vertex 156.75 95 2
      vertex 156.75 95 2.01
    endloop
  endfacet
  facet normal -0.947381 -0.320109 0
    outer loop
      vertex 156.997 93.7563 2
      vertex 156.861 94.1588 2.01
      vertex 156.861 94.1588 2
    endloop
  endfacet
  facet normal -0.947381 -0.320109 0
    outer loop
      vertex 156.861 94.1588 2.01
      vertex 156.997 93.7563 2
      vertex 156.997 93.7563 2.01
    endloop
  endfacet
  facet normal 0.658904 -0.752227 0
    outer loop
      vertex 161.978 92.4216 2
      vertex 162.298 92.7019 2.01
      vertex 161.978 92.4216 2.01
    endloop
  endfacet
  facet normal 0.658904 -0.752227 0
    outer loop
      vertex 162.298 92.7019 2.01
      vertex 161.978 92.4216 2
      vertex 162.298 92.7019 2
    endloop
  endfacet
  facet normal -0.896907 0.44222 0
    outer loop
      vertex 156.997 96.2437 2
      vertex 157.185 96.625 2.01
      vertex 157.185 96.625 2
    endloop
  endfacet
  facet normal -0.896907 0.44222 0
    outer loop
      vertex 157.185 96.625 2.01
      vertex 156.997 96.2437 2
      vertex 156.997 96.2437 2.01
    endloop
  endfacet
endsolid OpenSCAD_Model
